source,grade,value_mean,value_std,value_p90,value_p95,saturation_mean,saturation_std,gray_mean,gray_std,hue_sin,hue_cos,chromatic_fraction,yellow_candidate_ratio,lab_L_mean,lab_L_std,lab_a_mean,lab_a_std,lab_b_mean,lab_b_std,highlight_candidate_ratio,highlight_largest_ratio,glcm_contrast,glcm_homogeneity,glcm_energy,glcm_entropy,lbp_entropy,edge_density_proxy,lbp_00,lbp_01,lbp_02,lbp_03,lbp_04,lbp_05,lbp_06,lbp_07,lbp_08,lbp_09,lbp_10,lbp_11,lbp_12,lbp_13,lbp_14,lbp_15,lbp_16,lbp_17
1000094977_jpg,A,151.77671125921634,40.27970705930132,202.0,209.5,18.25123716153128,19.18801657420915,148.4930724588686,42.39962548058804,-0.1455328158013714,-0.28905515960654005,0.09887653337196947,0.033061270485205574,61.08194351196289,16.566819190979004,-1.2945063412189484,1.3977642059326172,1.2199966311454773,4.745931386947632,0.023483330113654655,0.0074463118580765635,1.5747133903350494,0.6450638451620668,0.18454777805581118,5.45762142509032,3.7837274417243303,0.2830610692552883,0.06583478218873756,0.029872178756560095,0.031126243600888632,0.02800134421584726,0.03172067677645771,0.03660331948871502,0.04379447181171319,0.06690733764770276,0.07987720950449145,0.06873873112463377,0.048065576805434815,0.03531585047812229,0.0344610257896262,0.0304726488296468,0.029702541936314757,0.026970845809588202,0.05628702630477478,0.25624818893074475
1000094978_jpg,A,151.50187573677277,37.89571850939477,201.0,212.0,25.986281291172595,29.195307199285576,146.54019875528743,40.94926111632185,-0.04225679482660886,-0.21700825493039616,0.1681246099438319,0.06743767769225435,60.3920955657959,15.943613529205322,-1.2969598770141602,1.6927228569984436,1.331482172012329,7.092747211456299,0.025791163927605575,0.006161370570695514,1.9351659035129307,0.6281330158583666,0.17464862823991614,5.590061762627056,3.669609469591779,0.29498474446987033,0.0695502652381943,0.03789525691699605,0.03314307260245475,0.029202421815408088,0.02776831530407045,0.02811048124263227,0.03954801158033423,0.05068194820054088,0.06032587025865058,0.05416840024963594,0.04171434019832189,0.03043348242146869,0.029011077595173705,0.031448061854240345,0.032611512724499,0.031272319880729496,0.06708814402607309,0.30602701789057624
1000094979_jpg,A,153.3297435523903,35.56439808842511,196.5,204.5,24.121034919807627,28.214289867756875,148.47611752662493,39.2633438195151,-0.1502427513018095,-0.23894096525346814,0.15925334989981973,0.06245471861787913,61.18798637390137,15.375368595123291,-1.2971787452697754,1.8273903727531433,1.244772493839264,7.181666851043701,0.012945496834324038,0.0029427934009636707,1.9673453850939553,0.6119533475103365,0.18395688710821362,5.51390467575396,3.4030818906036475,0.3117273998407233,0.08349958688000525,0.04538530291044121,0.03527310169432996,0.02548759116200934,0.022908245899881934,0.021880332823686288,0.027424948459288036,0.029745188871634014,0.033695995623130685,0.02944113007683125,0.029415766024518154,0.025020109567072665,0.024648464938260714,0.029463761965819117,0.03617708158876255,0.04405895028257047,0.07500398135346414,0.3814704598782942
1000094980_jpg,A,143.78448872953692,38.00406951101107,193.1500000000001,203.5,20.8630552816906,21.576747932643144,139.85229436050972,40.43752602632681,-0.2651488733020815,-0.3148259476218299,0.1304194179192857,0.038431596265589195,57.71986770629883,15.958972454071045,-1.0542413294315338,1.6556679606437683,0.7273914813995361,5.324386119842529,0.02268385864374403,0.0027459407831900667,2.5919065082135657,0.5742152056958615,0.16254485875590266,5.814979641399005,3.4036495208068773,0.32732504390035166,0.07841749600893241,0.04533839780927828,0.0308411220156065,0.026144136967241424,0.021546545877839093,0.02647189347602641,0.02644964871368212,0.03243175010006664,0.03789772196932626,0.03688179277104141,0.029289068529455592,0.021843892706297323,0.02473738190791494,0.025909024442609813,0.033222981683305466,0.04295062321519996,0.0775558652038845,0.3820706566022919
1000094981_jpg,A,143.79596057872806,41.0077729693684,194.5,202.5,29.509222763242015,31.886534170553013,138.3372861087539,45.11844910001963,-0.2831972044613459,-0.4507474631437034,0.24792933645393417,0.06421399170364796,57.13582992553711,17.91666316986084,-1.4668903648853302,1.985391616821289,0.8014289140701294,7.308891534805298,0.011328740977612158,0.0031086495253415765,3.5264065635927784,0.5337715928903755,0.14561508676514828,6.154083906700799,3.3492947970446716,0.33467643037774664,0.09080009138711742,0.04517166621000582,0.03198643307139801,0.026471237804437456,0.02469557873411887,0.021393471425845873,0.0233209255814733,0.028662248262029677,0.03252900973831705,0.029225528718864788,0.023868741975318963,0.021908730864742945,0.021223464855189056,0.029470873535481605,0.03903194259206033,0.04146580556170128,0.08287061834704317,0.3859036313348544
1000094985_jpg,B,147.83229647923622,47.148734291539085,215.0,225.5,40.40579754698646,38.50598045027246,139.35446850349967,50.41416544816515,0.05775323324022358,-0.020624919578599164,0.35357660521655004,0.1552559045841394,57.23141860961914,19.753071784973145,-0.8656162917613983,2.6316046714782715,2.732641577720642,8.615881443023682,0.0773805927361171,0.014871275086377238,6.583071193946308,0.4264519412967725,0.11376176622330088,6.749002346104931,3.0477038700601886,0.3571971841084478,0.09675988976143046,0.05685298069001142,0.031113090910974153,0.019097333830481164,0.01646089922554453,0.01581929286882548,0.015340990648448032,0.018883039050654825,0.023590234135560648,0.017075971673189555,0.015446713502453347,0.015807694773305368,0.01795074229692365,0.017926800273865305,0.03081193111475576,0.05190821059716973,0.0892079419363421,0.4485756163819736
1000094986_jpg,B,152.62793758225231,46.32908536853686,213.0,222.0,43.73298276365761,41.61092952002272,142.2801278435796,49.8181898130201,-0.05482800665111595,-0.13406986798461817,0.4024247735904178,0.16126205083260298,58.349700927734375,20.200101852416992,-0.7087918519973755,2.8698840141296387,0.5942685008049011,9.537873268127441,0.06643587207385426,0.01335428122545169,5.877204767390898,0.4299505698864424,0.1106841762849169,6.740538356233951,3.106123999830955,0.3594127111826227,0.09400263207369806,0.05711255870322678,0.02954341987466428,0.019525547445255476,0.017883211678832115,0.01533135509396637,0.01782062518258837,0.020606660072535442,0.021897810218978103,0.020112100230794593,0.018853102906520033,0.017421602787456445,0.017617121231893514,0.018697049371895997,0.03169734151329243,0.05358150028200789,0.08881098451650599,0.4394160583941606
1000094987-1-_jpg,C,155.9023091380712,60.389461926207765,234.0,241.5,79.53563833498791,65.91857871119575,139.946334553378,65.39259982489017,-0.018892119254008178,0.008235969258878437,0.664808979486545,0.30596599521477813,57.350576400756836,26.135732650756836,-0.2604227364063263,5.415122747421265,2.5566511154174805,18.938023567199707,0.1834690421592042,0.10981802364816667,7.097617924880325,0.4270678969652405,0.10027497784034041,7.029675023860195,3.040705812680452,0.348751404790152,0.09804014493702569,0.06131243213897937,0.027703704523324775,0.018083063787461183,0.016117941546632614,0.014500503030973355,0.01610323037440301,0.019099080886540172,0.019134296893749334,0.018710941918895573,0.014252664486656158,0.016110748128436662,0.015505531385010212,0.019090091418772406,0.029771495358226895,0.057809981955860484,0.10080586118344334,0.4392572682474962
1000094990_jpg,C,169.0451605187215,52.86660514526395,232.9000000000001,243.0,40.2397064555874,38.14110434502848,158.61329677844344,55.10926267335914,0.1795392489264257,0.08684767657126616,0.30715822754249655,0.15489313031707166,64.57282638549805,21.33926296234131,-0.6430673897266388,3.0960100889205933,3.044636607170105,10.668774604797363,0.17119638469177303,0.05433019484270819,6.952702829667018,0.4306648434431073,0.11450558838620353,6.749666948145939,3.012291986935579,0.3610133151652343,0.09424914120014471,0.05686508710052846,0.029835881553295432,0.019591594794859356,0.015572452529265386,0.015493374018484052,0.01649883780966702,0.017744732556213456,0.022149553465171015,0.01956083400268862,0.01450868779920713,0.014885784208663752,0.015422588571012632,0.021083570829589778,0.031655776979143055,0.055688916833440065,0.08522354101185156,0.45211738879046703
WIN_20260823_19_55_42_Pro_jpg,A,156.1716495612078,40.56838460674553,203.0,211.0,29.601922249318605,32.98888571513338,150.2633728846528,48.06061117862418,-0.0674569875703836,-0.19947974535310095,0.21163197821435517,0.08578097646372301,61.8834114074707,19.160837173461914,-1.8224445581436157,2.0287258625030518,2.587337017059326,7.994265079498291,0.020824036888293915,0.0025286909161641702,3.3003390290338483,0.534429490280699,0.157475864044746,5.984421897797901,3.0902089139703826,0.3293172690763052,0.09395059326979187,0.0550476560980354,0.026825419595466936,0.0165337482979965,0.012940651494868362,0.013981853339283059,0.02159113013032484,0.023925306360630227,0.024960550853536077,0.02256370355961875,0.016144718926278934,0.018218333094247596,0.01621300014874312,0.01963409192324855,0.032276574379572515,0.04823964209297802,0.090804762587864,0.4460221746741879
WIN_20260823_20_08_46_Pro_jpg,A,149.78597772774742,38.07132455520947,196.0,204.5,26.16276569948086,29.745479950917215,144.49095907772656,42.054425171236915,-0.24812320434076585,-0.3344243884883734,0.16605809365640636,0.04537931049347923,59.56498718261719,16.641377449035645,-1.3707447946071625,2.0899670124053955,0.5013124942779541,6.680906057357788,0.010619788528916964,0.0009375663474087733,3.1967424081103526,0.5531452786573953,0.1596294966271947,5.925905407612689,3.2345906833016302,0.3261863859697526,0.08619451201177737,0.04869185811542644,0.03315559861663295,0.021430603708880773,0.020194453814659424,0.019323598608011156,0.021936541431498223,0.02646605545323161,0.02928274207576187,0.027926856999981677,0.024278652111639314,0.021739641182436112,0.01825983073260472,0.022881328532430342,0.030027018550870206,0.046331318347934705,0.08382712869430455,0.4180522610119185
WIN_20260823_20_09_56_Pro_jpg,A,135.9427113022476,37.80627612101648,186.0,195.0,21.798262921871096,24.328894884313577,132.59357493773388,40.24860212942079,0.12227183709501792,-0.008203986416788454,0.11243155851449177,0.04961795319870133,54.9260368347168,15.974582195281982,-0.9990151226520538,1.850299894809723,2.051445424556732,5.536235451698303,0.0044525671425776564,0.00039263812809282324,3.210627386007027,0.532029615923812,0.1490540149831085,5.985539894855038,3.1460507223929444,0.3522748179367512,0.09173374590748518,0.05038070969027482,0.03406647231305529,0.023445739129840316,0.01740311575018262,0.01542241951144577,0.021362007427903076,0.02283202527682722,0.023277682873055483,0.022275829818138825,0.018631548802843283,0.017848773346410884,0.016967964026284588,0.02108541143509412,0.030912863289546465,0.05141257234223045,0.08903029340639389,0.4319108256529877
WIN_20260823_20_10_03_Pro_jpg,A,151.45600293739284,44.41506337532698,206.0,215.5,29.12822860764461,36.86057664143265,145.76620495908747,48.80002281138795,-0.22305734125805604,-0.2728544509590569,0.2023495653430338,0.057684878009534625,59.89471435546875,19.221561431884766,-0.9723652005195618,2.1892274022102356,0.5388763248920441,7.740029811859131,0.05213935868291838,0.03779221024442425,3.0219770707825497,0.5771257597483538,0.15137813858594945,6.07292201906419,3.3775538614850014,0.30986727549017434,0.08425598910422655,0.0449522283712083,0.031180018340233498,0.025233419287784865,0.020679762611373408,0.020027879781986016,0.026947110510168813,0.03307070841409522,0.034761905348304346,0.03376708724417878,0.028582872159377777,0.023586903070141954,0.024702976880961704,0.02609561139721547,0.03535804503290816,0.044167411687342534,0.07699388467326226,0.3856361860852303
WIN_20260823_20_10_07_Pro_jpg,A,140.5157494353976,45.52491263750584,198.0,209.0,23.136574349221444,29.721177608561312,137.47652442648283,47.55804677794747,-0.00492785978833722,-0.0828067606534652,0.116248662783787,0.053964103173659815,56.68899154663086,18.890544891357422,-1.2445991039276123,1.5279951095581055,2.6326498985290527,5.423723220825195,0.018067276833472007,0.0030904552478307383,2.7251234561802375,0.5719139025784264,0.1468527525973174,6.120580103400346,3.371258089674932,0.32842030191370497,0.08154047307738024,0.0446927374301676,0.035659099013431596,0.025555687626292643,0.026031142279805065,0.020920004754546535,0.02591227861642696,0.02745750624034233,0.02817068822061096,0.02840841554736717,0.024723641982645907,0.024723641982645907,0.025080232972780222,0.02840841554736717,0.040294781885177704,0.041364554855580646,0.08189706406751456,0.3891596338999168
WIN_20260823_20_10_24_Pro_jpg,A,156.27408362663095,47.2736259289871,217.5,228.5,26.931501748170085,31.744545102439282,151.95729983038535,49.55836694163747,0.2557782882619437,0.2551069456059428,0.170278422891163,0.11037421821278452,62.26675224304199,19.24931240081787,-0.9913796186447144,1.8331927061080933,3.268346667289734,6.86655855178833,0.09246718324616991,0.02373200310774809,5.133962056919412,0.4714642582438961,0.12423462560514223,6.546061911812735,3.1412934902936365,0.3523353173195829,0.09110581345125048,0.05592218618594275,0.02759631947195633,0.022600847554180667,0.017090081279755573,0.019530273975954412,0.021157302520131285,0.020852430323429386,0.023304341744205904,0.022262219664011602,0.02150834937501097,0.018076410697593224,0.020161355098114765,0.02010276147522637,0.031086151532129527,0.04764030196661206,0.08769871270325397,0.4323041409812407
WIN_20260823_20_10_28_Pro_jpg,A,150.84625548617575,38.86093010324022,197.0,206.42500000000018,27.046166365215992,33.20061005766532,145.63502856092492,43.214405184506646,-0.13089334628929028,-0.17670484376858914,0.17867498948380778,0.0605828315431577,60.00252914428711,17.00458335876465,-1.1661929190158844,2.267083764076233,1.2221779525279999,7.126679182052612,0.009373498691473327,0.002061313203935635,3.4286659012798615,0.5261683609379524,0.15403042334349926,5.983311195195984,3.2443679872817723,0.3425620477846053,0.08478700806251907,0.05161702939915973,0.03272602792009656,0.020470860763274368,0.022193272625521208,0.02229687050901431,0.021726255122058495,0.0271973080708276,0.02749366530504519,0.024601431138316934,0.02189643155194333,0.023727966068053108,0.0202771337338293,0.02304822802723435,0.030313312315651576,0.04672260044707657,0.08182073522158809,0.41708386371879025
WIN_20260823_20_10_47_Pro_jpg,A,138.03769004727226,45.97323405887524,196.0,205.0,31.25578126996295,30.8465332659332,133.9729142711128,47.79921895328896,0.21222239898838924,0.09912432819229951,0.21029768749201483,0.10962054426983518,55.3643913269043,19.00759506225586,-1.6510616540908813,2.257333278656006,4.436220169067383,5.800018787384033,0.006899195093905711,0.0007665772326561902,5.143164225688395,0.4935750044500531,0.1286728085748667,6.4374628725284,3.344768439232813,0.34828158937012904,0.08675099016225885,0.04484476811038712,0.03475150121374729,0.028363357608279034,0.019292193688514116,0.020697585281717133,0.02491376006132618,0.026319151654529194,0.02900217196882586,0.028107831864060306,0.02746901750351348,0.021464162514373324,0.024785997189216813,0.02900217196882586,0.03743452152804395,0.04369490226140284,0.07857416634725949,0.3945317490737192
WIN_20260823_20_10_54_Pro_jpg,A,149.5091159506629,45.817290772453696,208.0,216.5,26.167207402925314,30.454304152177247,145.33187086178697,48.711221411141196,-0.015417138945642256,-0.1564117844931145,0.19888289250437002,0.08084333413082052,59.771175384521484,19.092243194580078,-1.5142022967338562,1.848085641860962,2.207680583000183,6.459495782852173,0.041473367669233346,0.006694536738416404,4.199812244814392,0.5008654593717909,0.12795076283776335,6.394175184473,3.33015251429147,0.3456866917546322,0.08765723773233745,0.04949597778114888,0.03400494184528813,0.026874474129989202,0.023211104805800766,0.02024478947826186,0.019755989416880504,0.027400474712150256,0.0304523167469334,0.028499156371024258,0.025227077398782702,0.02332349472354711,0.022179778262033847,0.026430708871247117,0.034052873854049044,0.047252328146552586,0.07758027197354941,0.3963570037504235
WIN_20260823_20_11_03_Pro_jpg,A,149.75642825578126,40.02714173454247,200.0,209.5,27.09420530863425,29.5393987193843,144.72321946055666,43.556287517082794,-0.06582930944227086,-0.22899760658165744,0.19871026940390327,0.07374121773463979,59.68408966064453,17.083316802978516,-1.6388002634048462,2.0922664999961853,1.443167045712471,6.979797840118408,0.02239944150998857,0.003329172463582459,3.933202079264405,0.5139236120272004,0.14205598069823078,6.203242070747663,3.3010077136521123,0.3424186073300821,0.09110533157365286,0.0523446749308094,0.030655689517686678,0.02303852727057868,0.02064523272568746,0.020464339161530128,0.021652927852107394,0.028405205158684055,0.027623458169356338,0.026606617073865864,0.022669768947597868,0.021718598094738736,0.0231919829275244,0.026283737553388725,0.03696671602113603,0.04577329118839008,0.08214380124746648,0.3987101005857988
WIN_20260823_20_11_11_Pro_jpg,A,133.23534306849592,36.28768077366987,179.0,189.0,28.601772459595153,27.905853032271327,128.7735440204784,38.54749360138962,0.06241441124230576,-0.04011227374512895,0.23646032431476277,0.11268655149975862,53.505550384521484,15.424904823303223,-1.2927500009536743,1.9229915738105774,2.378433406352997,6.652192115783691,0.0037772087067861715,0.00044814340588988477,3.0478538351466824,0.5785099573974106,0.16885670946786663,5.7615408678176845,3.577342265162612,0.31003826556345876,0.0792456546464119,0.04123241321673039,0.03274621904156553,0.027180492123228282,0.026774166332621634,0.027943877581172942,0.034246731674173934,0.03754240605760356,0.048898823176496214,0.04032948286568047,0.03614287114611038,0.030535326612489894,0.026839969977723765,0.028813906109671793,0.036483393291614895,0.03954746085355622,0.06964663707506567,0.33585016821808256
WIN_20260823_20_11_17_Pro_jpg,A,147.85220753262877,41.32756713013998,199.5,207.0,32.22152200553472,32.50928910675553,142.00342675876118,44.844944506974386,-0.026234407244247512,-0.13819644849132126,0.2722885667754062,0.11166183855410108,58.576480865478516,17.684885025024414,-1.4286213517189026,2.360543966293335,1.9978521466255188,8.204584836959839,0.02107812153976062,0.0009790147612949117,5.339627471127408,0.4724800168062546,0.13329549935413879,6.37060569747794,3.138247279148386,0.3429475178503481,0.09467491076896908,0.056430343189475735,0.028827780658721887,0.018454966701624574,0.014888141592236141,0.017946371915710017,0.01748361451531935,0.02195807508384652,0.024623650213254293,0.026424873077383997,0.021132035693516883,0.020377375605343424,0.017241380500555292,0.023183155147400332,0.030959219085582815,0.05054348366339012,0.08309872737745541,0.43175189521021407
WIN_20260823_20_11_29_Pro_jpg,A,142.30233667143537,44.99501545302209,199.0,209.0,34.19472261961533,28.097137364619712,137.30154188523287,47.71540600895961,-0.11394240038371883,-0.3756841162770634,0.24018439039898268,0.07534573199809251,56.780242919921875,19.01824378967285,-2.8457021713256836,2.1816630363464355,3.5477218627929688,7.015815258026123,0.016213638531235097,0.0015895724050230488,3.959761804497116,0.4988906847723783,0.13007003217611562,6.4044700794223965,3.385885256410158,0.36321729454776663,0.07868383404864092,0.046415514226673026,0.0392624384040693,0.02543315848036878,0.024002543315848036,0.023843586075345733,0.024002543315848036,0.03179144810046097,0.030837704657447146,0.031473533619456366,0.027340645366396438,0.02145922746781116,0.023207757113336513,0.028135431568907965,0.03544746463201399,0.04403115561913845,0.07741217612462248,0.3872198378636147
WIN_20260823_20_11_31_Pro_jpg,A,151.53305984555985,43.399803125974195,203.5,212.0,30.101047476047476,28.764321051246405,146.94886851136852,46.035898384099625,0.072560755026879,-0.12660019855270366,0.21431252681252683,0.09286071786071787,60.54377555847168,18.1335506439209,-2.475684881210327,2.257713198661804,3.791161894798279,7.021592378616333,0.03319390819390819,0.004611754611754611,4.183151468740229,0.5025112737353863,0.1394767926178533,6.280661903460599,3.267896354967969,0.34818747318747323,0.08456670956670956,0.05056842556842557,0.03326540826540827,0.021405333905333904,0.018724081224081222,0.022477834977834975,0.022978335478335478,0.02969040469040469,0.029931717431717433,0.030771843271843274,0.02187008437008437,0.01967145717145717,0.01942120692120692,0.02453346203346203,0.0338999713999714,0.0460996710996711,0.07870370370370369,0.41142034892034895
WIN_20260823_20_11_34_Pro_jpg,A,156.04420579457332,41.402982248969806,204.5,214.0,31.125840438043973,29.79613312184879,150.5087626792619,44.99146448461086,-0.07536025296771656,-0.25080212468502805,0.22645884910507502,0.08521580645236143,61.89398765563965,17.68465805053711,-2.114502489566803,2.0778942704200745,2.4135111570358276,7.579468011856079,0.031690832558950575,0.0058970102911266005,3.28863000766755,0.5321487061522814,0.1517804409261549,6.0694367474100215,3.39436611962978,0.350547608734913,0.07994198114416898,0.05122101186654911,0.0329490736582464,0.026138283225264985,0.020107422013727956,0.024547607942560806,0.02914644824460319,0.03176655878791851,0.03488803016779019,0.03201371606886242,0.029457304980482386,0.022868429752122242,0.02472314224685381,0.02613314708529575,0.03360351410451952,0.041755473781038346,0.07715382119475275,0.38158503373524266
WIN_20260823_20_11_36_Pro_jpg,A,142.21843629899155,42.55322599629912,197.0,206.5,43.09399975380326,40.372948140263304,135.13881339566052,46.43160964563813,-0.04110039498125925,-0.24984676827135904,0.40664595310111973,0.22439481963690777,55.871986389160156,18.518766403198242,-1.87199068069458,2.8014761209487915,2.2309476137161255,9.255149364471436,0.01151873013639939,0.001553597350027817,4.894861258325036,0.5011191264105059,0.14463148210709276,6.249628977650238,3.406721761940558,0.3310523631689677,0.08249093548366468,0.049538461046559956,0.03300986705376041,0.021420315387615983,0.02127755325203512,0.02289805536549025,0.029053373534809662,0.0303973039858293,0.03851716023251204,0.03647396709276821,0.03145403155155104,0.024177319205264135,0.02233819758407459,0.0218418873378139,0.03463540500962406,0.042487642202597535,0.08106779043221915,0.37692073424180994
WIN_20260823_20_11_39_Pro_jpg,A,154.02548524145095,41.64622296007911,204.0,213.0,33.6821605623271,37.567616551549534,148.00975878412214,46.32468529793942,-0.11620876001203952,-0.2510787631853212,0.23424350542498784,0.08288765025152929,60.86323547363281,18.2476167678833,-1.6418473720550537,2.4158241748809814,1.7815011143684387,7.949201822280884,0.028820830998139556,0.0050139439986328395,3.7916383064009063,0.5130723601169446,0.144314064167338,6.199484855631697,3.2431855387571664,0.35039899164404853,0.0889644276915798,0.05101160221283087,0.03064157319050778,0.02386927491953376,0.01995144786989283,0.02079786388537936,0.021926741955055326,0.027665535077160276,0.027868892830836947,0.023149052651374662,0.021325176137665363,0.020160626506060063,0.023130843736917008,0.025348077578930796,0.030143141470578796,0.04934862086129658,0.08447585565106944,0.41022124577333036
WIN_20260823_20_11_42_Pro_jpg,A,151.20719606231995,40.712656682103045,197.5,205.0,35.98129032940238,40.920379064566085,144.4747450286838,46.04885704037618,-0.15630764156812793,-0.2526532850960326,0.2528648420884442,0.07884457545594023,59.52395820617676,18.263760566711426,-1.3139414191246033,2.630576729774475,1.5621098577976227,8.467395305633545,0.009725590987095613,0.0012631080454584553,3.2499722412519327,0.5502611037149586,0.16363193226241476,5.98280175195401,3.364356907735906,0.33902300863854495,0.08273943209009309,0.04650832756633479,0.03202851287854037,0.02174517293537876,0.02190188818377243,0.02194881847531796,0.026173732338119992,0.035773754466231336,0.038149512680960646,0.03366748467122592,0.025217797417242803,0.023707101754781704,0.021980245807969263,0.02373852908743301,0.03465498739637536,0.04143086589567668,0.07986565089849734,0.3887681854560485
WIN_20260823_20_11_44_Pro_jpg,A,138.31635157483643,41.80019843029519,192.0,201.0,32.57091347106166,34.640806938309474,133.57521028191766,44.70766503428745,0.09168958197767038,0.015504356404095948,0.23411795719221112,0.1238808607091327,55.244985580444336,17.81656551361084,-1.2176933884620667,2.0420896410942078,3.2694826126098633,6.919618129730225,0.0046934303242542694,0.0006639945993603641,2.881983450561953,0.5579071809941234,0.15245704549579356,5.986592749789961,3.5150034452471868,0.33560407443863216,0.07620243937419281,0.04259147907641037,0.030283409279525338,0.024133835782203378,0.024529910069057036,0.027132842316311488,0.03492581062477134,0.04500832273924722,0.050792134035536673,0.040953463388415795,0.034420954475972,0.02714042033776677,0.023079327746265886,0.027636353684324995,0.03233736203003455,0.03879274594713965,0.07044068975187631,0.34959849934094833
WIN_20260823_20_12_08_Pro_jpg,A,143.43817320749315,39.6021287326201,193.0,200.5,31.011654414301688,29.1331165173017,138.6637551910296,42.249961463475756,0.07922100062264004,-0.1009108869139681,0.25333549268409733,0.1362488773858622,57.23309135437012,16.730984687805176,-1.5792484283447266,1.8729493021965027,2.6875985264778137,7.044595241546631,0.006314834354693072,0.0008754186338696651,3.1136661112889366,0.5448969160972341,0.15335681613520186,5.940003354605901,3.488763891961386,0.34552662268724765,0.07843112071317955,0.04195954951342663,0.03250790605091427,0.027233988201291214,0.023886310536932548,0.025719098763394233,0.030655789051189784,0.04319823762120002,0.04558071791978422,0.038930251957019296,0.03122688716971737,0.024404691516325287,0.02441459656265,0.025791144675791876,0.03332693431875118,0.03901379886949729,0.07574639717239554,0.3579725793865397
WIN_20260823_20_12_19_Pro_jpg,A,147.58584877633132,38.38999803565724,196.5,204.5,31.54022361876848,28.447791298346523,142.46646815439368,41.064426145828335,0.19242527529248668,0.0634406294672649,0.2682992361254729,0.15849133665017343,58.8349494934082,16.14222002029419,-1.684754729270935,2.1322463154792786,3.5613995790481567,7.688838958740234,0.0050800393425150855,0.0008194718164209634,2.9174411373491385,0.5512750372735836,0.15545252517310626,5.890984208650085,3.5686674156248976,0.3319062849650197,0.07906516059299841,0.040413040929636504,0.03927876493976985,0.028817209594064135,0.02529536706151493,0.026481629177352528,0.03470167844199283,0.04177240940575912,0.04326918869944935,0.04041693705210195,0.03564570008920229,0.028102958301831273,0.02625957541444341,0.029210188393030044,0.03538670251132958,0.0383549299982794,0.07110668110358664,0.3364218782936578
WIN_20260823_20_12_29_Pro_jpg,A,144.06429927887604,36.991778166997236,190.5,200.5,24.655489766186495,24.226588635000294,140.4508308688214,38.94239519935304,0.23038033676634562,0.10139364741181613,0.1750110262739819,0.10573358714165079,58.1099967956543,15.272889137268066,-1.628359854221344,1.6869384050369263,3.5427767038345337,5.738698244094849,0.013756853992170309,0.0044618274349515746,1.7473441978090956,0.6263295990297745,0.1794046194423883,5.517937080873791,3.7759812565595112,0.3048469560704205,0.07131593448189882,0.029909968730955902,0.035077534197456746,0.03369388276255338,0.03305316302463784,0.03599212172253187,0.04149400645267723,0.05660226167617444,0.0667609816415834,0.05125357718316458,0.04417774127672012,0.03626608367086977,0.03603859026403548,0.03304388814857278,0.035625316852365065,0.02946425679335237,0.05972238648116664,0.2705083046392836
WIN_20260823_20_12_34_Pro_jpg,A,136.42613825129234,36.08832385572571,180.5,187.5,28.487389308661704,26.229252079096366,131.96490036765027,38.43834666377041,0.15211716298621134,0.03353664962272656,0.22981889277504902,0.12808860686559131,54.79158973693848,15.331717014312744,-1.4523434340953827,1.9329249858856201,2.803250789642334,6.386749982833862,0.0009329601492736239,0.0005997600959616154,2.091785725978245,0.625384000071509,0.18522248649193665,5.48093181563532,3.7733446467760867,0.2886429726046169,0.06542720942154928,0.03265558396671528,0.03259924012277324,0.03336907142863371,0.03136061462011404,0.03314832429718936,0.04514040718220345,0.056831452958155775,0.06843295226784307,0.05975690582683216,0.04545405458014748,0.03599788066655572,0.034862686363132986,0.035486627358786396,0.03059309743641547,0.029312012822785664,0.058743420933924706,0.2708284577462422
WIN_20260823_20_12_38_Pro_jpg,A,139.09038006945838,38.9421419047746,190.5,199.0,29.98922388285724,29.382147475907892,134.14581363398307,41.51431599974761,0.07645470344398277,-0.030329786527615893,0.24328292587614236,0.1251990010654573,55.55863380432129,16.453349113464355,-1.2285620830953121,2.0109357237815857,2.5929882526397705,7.0064857006073,0.004262825224165809,0.0013964427458474202,3.4378190473146013,0.5281724017538494,0.15274163803618362,5.966309974008007,3.3976942118077655,0.3374356342838396,0.08260866147923204,0.04918773380648471,0.03424370093409946,0.025754886459470213,0.020625117105961335,0.02316138896572957,0.022885462355263356,0.0335623767350827,0.03557791147592797,0.03086230120855102,0.028737146809026243,0.026539747065389547,0.024808187130945465,0.029335674182972855,0.03397403253619138,0.04403489654690135,0.07570870623419987,0.3783920689685709
WIN_20260823_20_12_43_Pro_jpg,A,134.68603628014824,37.0640674791463,182.0,189.0,28.00046716065316,29.01476818708496,131.11803931499747,38.730833765526484,0.44266126460219724,0.4331202273473965,0.20361897394183726,0.1541298724365816,54.443572998046875,15.441618919372559,-1.2894165515899658,1.643014371395111,4.281360149383545,5.40380072593689,0.0018756698821007502,0.001250446588067167,2.8715028822084676,0.5579779097272786,0.1613983004104199,5.79787961108296,3.435207818724793,0.3345364222358287,0.0812111416004401,0.04404753611710975,0.033133371871286496,0.026399661853030727,0.020882847939607502,0.02641266884869931,0.03282539414834179,0.039653223020042816,0.04079587449523691,0.03633512969545997,0.030285145353322086,0.023218447516423296,0.02592946041453266,0.02857510370241949,0.03406863887639112,0.04076332790764113,0.07627472485839398,0.35918830178162087
WIN_20260823_20_12_46_Pro_jpg,A,144.89579017978312,34.09987680560722,188.0,199.0,23.35100136713798,19.908314858855924,141.87972917069231,35.408401824281626,0.3151226756530302,0.18578693953192246,0.1443006667590006,0.09914546197312413,58.76107215881348,13.83486795425415,-1.907540202140808,1.3290920853614807,4.375744462013245,5.230806827545166,0.008629849067520309,0.0009160676130150643,3.2286675601450816,0.5723260098738697,0.17713439526273211,5.674722667981972,3.348788364130984,0.30779753122134346,0.08540591376531467,0.045705299111695394,0.0335157533611601,0.025274356054555955,0.024624504775488915,0.022411143012238344,0.027821509190763778,0.026343235403512338,0.03152438397812579,0.02980565335010237,0.026529834658958272,0.022869578220062303,0.024583492032288583,0.02642124687674871,0.035117065378012534,0.043602933538552956,0.08124540657276155,0.3871986907196574
WIN_20260823_20_12_49_Pro_jpg,A,154.07422127518396,40.795544824561745,204.5,216.44999999999982,29.667244980757744,32.96201861462565,148.9960456284477,43.99096223290836,0.11430341692333844,0.07305003351964108,0.21063963541365924,0.11426210544662029,61.322731018066406,17.19626808166504,-1.543892502784729,2.238352596759796,3.347550332546234,7.314475774765015,0.04605178640305325,0.011546193920283528,4.435228644433774,0.5029672099539046,0.1402110771015127,6.275437312269347,3.3584302460840387,0.3589008528497246,0.08787228677048492,0.04640894560169062,0.03447973990671975,0.026224032674117707,0.02072350457609394,0.02290101464394733,0.02609423903097203,0.02842748377850371,0.02920631198273977,0.028310649596064004,0.02667186386745559,0.027995874026168956,0.025377056725571986,0.024202323631304583,0.03609906432914854,0.04510763661433337,0.07635846938684568,0.38753950285783756
WIN_20260823_20_12_52_Pro_jpg,A,147.64831993784404,37.79189703397016,193.5,204.5,24.19197234229916,26.724420073369238,143.8561860958256,40.743537385404125,-0.04722844487961897,-0.054274169286198666,0.16561259703889825,0.07939636858169323,59.33337211608887,16.077733039855957,-1.0043653547763824,1.9500481486320496,3.002711594104767,6.486348867416382,0.009690864672475956,0.001463771688701008,3.410830754032628,0.5238418636583275,0.1547816628696218,6.012481548670949,3.2062749985465344,0.34762463489299766,0.08793515328794643,0.054059576465238346,0.03788692831059986,0.025140609321752855,0.018929055936414158,0.019956112686862287,0.020886293923409675,0.02300092802304342,0.02578393325529388,0.024919592107578936,0.01877010957237683,0.019091771539147345,0.021693883711082988,0.022468887822288907,0.0331958979740038,0.047164574992499514,0.08359682034318919,0.4155198707272716
WIN_20260823_20_12_57_Pro_jpg,A,153.81747230794804,44.42306604951084,208.5,219.5,27.637110635709064,29.71374036449107,150.35573531329266,46.032292704016285,0.4260865848697394,0.3644048935128188,0.17629162506313018,0.13726937055386915,61.77613639831543,17.91721534729004,-1.622592270374298,1.5543987154960632,5.292557954788208,5.622276306152344,0.04982042384821905,0.01924538301788451,4.288051787669442,0.505563400357867,0.13550282871590674,6.295632924680744,3.2543164009775793,0.3392144830565095,0.08522978683173825,0.053537082589565785,0.028992841204353408,0.021818177345112714,0.020604953201952266,0.018799544232598827,0.02620861129064626,0.028793636266826367,0.030497597626410612,0.026994114175919612,0.02291390993814033,0.02171084285689684,0.02099689629710074,0.02536332583678902,0.0296266910717317,0.047718755524440035,0.08042709566722232,0.4097661380425549
WIN_20260823_20_13_02_Pro_jpg,A,151.94865927527707,39.501860600329906,199.5,207.5,28.15329208856261,32.401177119609144,147.0265982348656,43.26787516001609,-0.07076921003750146,-0.14748361898290085,0.2067516063925157,0.07759874609116613,60.54863166809082,16.99440622329712,-1.404420793056488,2.0265440344810486,2.107962042093277,7.0644590854644775,0.017012312176607442,0.0018997789825801906,3.7829854372628082,0.5143150028565402,0.14500713846931576,6.129161613531961,3.292296672676792,0.34447154029917676,0.08977396663665577,0.05019703566212574,0.03292050037696626,0.020767527968122947,0.018617934194056916,0.022412233508737257,0.02331907141093252,0.025981643649958027,0.035725094703864785,0.027228040126007283,0.023602306563527773,0.020229219373561817,0.020737748211192026,0.023883519158246085,0.03292454549272014,0.04615211253280878,0.08410885907317538,0.4014186413573405
WIN_20260823_20_13_06_Pro_jpg,A,126.53536835328441,42.44697390440777,178.0,188.0,47.98276704956392,49.07952445015524,119.80062904297219,45.14938481727607,0.1997287150707416,0.16551925570431636,0.4070968974709919,0.26136619067494316,49.81044960021973,18.34673023223877,-0.7723952829837799,3.1463918685913086,5.072728753089905,10.733215808868408,0.003375318286336186,0.0004952518424363138,4.399459767114351,0.5218909819359067,0.14529631698709494,6.196979380021334,3.2498407953248134,0.3331116547472741,0.0908550474792354,0.049134599329265775,0.02977437695095,0.021685009999231234,0.0176520276891707,0.01968060029788828,0.02245459567382158,0.02827692025784221,0.02690601167284898,0.02562947299002347,0.02314151261204305,0.022769883586271585,0.021611117137211498,0.026142276581158058,0.03178247251951959,0.04642203507377644,0.08538018901361161,0.41070185113613056
WIN_20260823_20_13_10_Pro_jpg,A,144.87217099962322,43.92778910462488,197.5,207.0,46.265000521693764,49.15382435996669,136.76915920354753,48.91565395232464,0.08228149017809638,0.031275142053894145,0.37402095469959135,0.1958011187432977,56.46403503417969,19.462292671203613,-0.8700620234012604,2.9840123653411865,3.140406906604767,11.546964645385742,0.014598730545169986,0.002322377764252384,4.807925490233998,0.4858664496625626,0.133992873041764,6.400727858029898,3.1726643939799954,0.3419235138973422,0.08991861577254151,0.05394614961017882,0.029652841781874037,0.021125786163522016,0.017622786424368896,0.018783699968118715,0.019791351476683185,0.023503985160710665,0.026036547546590152,0.025254934353534476,0.021354027186041794,0.018022896559719444,0.022687360519375126,0.02171416978233777,0.02835837463408979,0.04594890299394255,0.08894817841926789,0.42732939164710315
WIN_20260823_20_13_36_Pro_jpg,A,142.1456162237002,45.46385790207667,201.0,211.0,27.871694496364256,31.105077986894543,137.6370265352802,48.27320100072521,-0.03359940808893996,-0.13556285669159926,0.20391959923364172,0.08674501886103292,56.742048263549805,19.097686767578125,-1.0004601180553436,1.9446595311164856,2.17612487077713,6.917939901351929,0.03183796733205768,0.007766781115359518,3.462231154038676,0.5333250806388479,0.13705368655993116,6.243930015131199,3.3919660719554274,0.3271520777217871,0.0800046742291892,0.04722021572935972,0.03088245920795609,0.02574328456203763,0.02107604760117899,0.02379144677932052,0.026981210800920266,0.03752996817504878,0.03914264515545346,0.03942487463098075,0.025949605601851403,0.022442085045266,0.019508417674572488,0.023525893013825724,0.03236472358426051,0.04533240210936917,0.07654450212529787,0.3825355439741115
WIN_20260823_20_13_50_Pro-1-_jpg,A,135.98769483182937,39.2120799662151,186.0,196.0,22.922067268252665,19.846460844568952,133.14063049337864,40.0095225443064,0.2604458190863267,0.12431303016401941,0.10008203445447088,0.06433845072073127,55.224876403808594,15.892189025878906,-1.6882433891296387,1.7327399253845215,4.017401218414307,4.668612003326416,0.0012891128559709363,0.0005859603890776984,2.5787714742743977,0.5718881939669915,0.15605693547258648,5.858478576190337,3.655461517242437,0.3282550099613266,0.07418258525723662,0.03586077581155514,0.03609515996718622,0.033516934255244345,0.02812609867572952,0.031173092698933553,0.03996249853509903,0.04406422125864291,0.04922067268252666,0.04277510840267198,0.04125161139106996,0.03211062932145787,0.02789171452009844,0.029649595687331536,0.03316535802179773,0.034571662955584205,0.07289347240126567,0.3134888081565686
WIN_20260823_20_13_56_Pro_jpg,A,158.2706224959897,44.324212828468575,210.5,219.0,29.03568762215872,35.999751955165266,152.46613341264725,49.29654965584505,-0.5307593557740621,-0.5972397448472762,0.1756701330215934,0.02302348051106145,62.506025314331055,19.326364517211914,-1.636810541152954,2.0120769143104553,0.4417763352394104,7.210886240005493,0.07573274544654607,0.06410299853409542,2.2767062342234388,0.6037700707671856,0.16061071112300035,5.860911852260226,3.5858426233330087,0.3219102970549529,0.07377443417640692,0.03810332899532001,0.031204981350111745,0.028080139523746488,0.026502874623303405,0.0301878032066906,0.03631961708353125,0.04637219034955887,0.05116257013175621,0.04766915331843419,0.038633727777821036,0.028905471299028963,0.02694509160443548,0.028566553868586423,0.0329442221361325,0.036614550076312695,0.06715641888077309,0.3308568715980501
WIN_20260823_20_14_00_Pro_jpg,A,140.9681057623203,40.87846646740975,188.5,197.5,39.893138968628094,48.691049338223905,134.45299035958965,46.786157955311495,-0.028778377636308375,-0.10642020877558364,0.24973142362866643,0.1007221083806409,55.56929969787598,18.79887294769287,-1.0090273469686508,2.586903154850006,1.5629743337631226,8.97072720527649,0.015444015444015444,0.002862468379709759,2.6468203182575345,0.5804407369002595,0.16765339240796207,5.842919061684219,3.4044529470597453,0.31742751727321467,0.08412931708453954,0.04444286826683223,0.029255513935470087,0.02544684060245388,0.020780475666327486,0.025448381765256156,0.027589746970510975,0.03448694506292867,0.03910963988591899,0.0377965346747369,0.028930742627928246,0.025335060294429262,0.022488371581620398,0.025694841300255594,0.02942982634913622,0.04626254449014976,0.07857619697514368,0.3747961524663619
WIN_20260823_20_14_07_Pro-1-_jpg,A,139.0683942707871,43.81061140578733,198.5,210.5,34.00411848891093,39.457147302105014,132.5252611761577,47.730910381597745,-0.11286291411297979,-0.17453643104013356,0.23657278432755924,0.07977704819082831,54.75303649902344,18.971908569335938,-0.4259565472602844,2.3640608191490173,0.8003362417221069,8.708587408065796,0.02387631245025619,0.005810226391821371,3.9871284618592933,0.5052780748759318,0.13086322359040037,6.401923127424211,3.1652665098823674,0.33301302864805526,0.0906636117978085,0.05098155811052552,0.030192357996973267,0.018176950803445904,0.016635017094551362,0.019209083861843695,0.021920552042328074,0.025878805662801565,0.028967391152877886,0.023211860556875866,0.020120179453969732,0.017102653706633053,0.015473296308078574,0.021474734026140113,0.03232606139705106,0.0527241392902347,0.08646254666810532,0.4284792000697558
WIN_20260823_20_14_12_Pro_jpg,A,157.64826883390435,43.82020410388556,211.5,221.5,34.259744614742445,39.97947518941815,151.07704367480721,48.95658478158826,-0.010216323209440534,-0.09697619164686189,0.23462007121127687,0.09240063807650005,61.977638244628906,19.126879692077637,-1.201377809047699,2.286494016647339,1.6032629311084747,8.809149980545044,0.07328503838127508,0.03866706195976569,3.6290660765468417,0.5402406321145,0.14307449315291837,6.19314325986074,3.3154932337900296,0.34178930672040386,0.08207957834631091,0.050664162500639445,0.031317364250951246,0.02160718573016992,0.02013865450447483,0.02123390962720041,0.025988166029403646,0.031790492535394316,0.03550792446268482,0.033032784858531596,0.026355759030432906,0.020338479442427733,0.021484641332603964,0.022700519691136352,0.031115658342907793,0.04644346657578848,0.07748932806700293,0.4007119246719387
WIN_20260823_20_14_22_Pro_jpg,A,141.13119224522825,39.099954907885675,189.0,199.5,30.291840574142505,34.57041436357754,136.75304864924226,42.342255886854645,0.14359949353211413,-0.02610956451491532,0.22603823145565027,0.11805281262633979,56.61902618408203,16.759506225585938,-1.6412403583526611,1.495878279209137,2.8996792435646057,7.069989919662476,0.004145024509788511,0.0007446201386229793,2.19367072711676,0.6267607620273845,0.17409976212599654,5.670815617611324,3.682393513497367,0.29205079726761285,0.07070209975816115,0.03402344070106651,0.034246909528291625,0.026285739555543818,0.029993100498201877,0.0319618896838406,0.04208355523028135,0.052029537077381935,0.06299814161960984,0.05262405323095579,0.041670905500927516,0.03072507224880794,0.028618827466137003,0.02938902731905103,0.03417326174785842,0.03270960118490351,0.06510915443587456,0.30065568321310554
WIN_20260823_20_14_26_Pro_jpg,A,150.5759209402442,41.047873870907935,200.0,208.5,26.475669162047353,33.61267065319796,145.91443613158845,44.744715043008114,-0.2921444290726574,-0.38049950406575733,0.1679714574166143,0.048816397127454905,60.07463836669922,17.63807964324951,-1.3793225288391113,1.717689335346222,1.4963091611862183,6.939013481140137,0.017108009981522756,0.004257157551860106,2.428335058776578,0.5957224018167324,0.16494593019932946,5.790788931521109,3.5431572299217446,0.31144719126807247,0.07181160066289502,0.04071207116597139,0.03297253557346134,0.028239099377107266,0.027137428805455548,0.029559753890698516,0.0355629921709812,0.04856309503400194,0.044064491304265,0.04236926300550507,0.03435024477589195,0.027356412747395087,0.024162615006571804,0.026019909709126238,0.03166442272891784,0.037874103282092314,0.07323092748157037,0.3443490332780921
WIN_20260823_20_14_36_Pro_jpg,A,153.58763762055844,39.453125961693075,202.0,211.0,35.26512428635881,35.64766592958617,147.08808941167243,44.584250939143274,-0.038218996223867485,-0.15208569653446838,0.2791928030050992,0.11549087646850363,60.60964012145996,17.574920654296875,-1.9553738236427307,2.6750560998916626,2.2803130745887756,8.918586730957031,0.032169623576237455,0.008486414249066225,3.1832129327565037,0.5396957121199364,0.15565337922359243,6.016911211794763,3.413961674913069,0.3427189930189304,0.08013887362176073,0.04806738842000555,0.0353060884797229,0.02602640641885458,0.02235544718038334,0.022324915821053174,0.02857140771311306,0.03225159675619821,0.036377136908351274,0.03427464477767225,0.02537648738040624,0.025068253622932968,0.023301371788836255,0.02606001437972271,0.03501315951125629,0.044588690704762846,0.07760917711650892,0.3772889393984587
WIN_20260823_20_14_44_Pro_jpg,A,156.9699918341044,38.02937652283951,202.5,211.5,30.649452241899255,34.87786574625959,151.10889903491275,42.37050742484078,0.05059157043105434,0.03661974557086936,0.20811649240198038,0.09805187238665142,62.14882278442383,16.600582599639893,-1.2659183144569397,2.844674587249756,2.7159804701805115,8.458532571792603,0.02347497224489303,0.0033124339777532248,4.118670505714917,0.514917738215485,0.15121612206825719,6.084196786154734,3.224912329124463,0.33918060313396914,0.08850997209962734,0.05475912700293903,0.028219232226687742,0.019376745402139017,0.0192736278682839,0.018310487894687935,0.022212739116456815,0.026580556322261077,0.028836992239288324,0.026288602567735797,0.022915602983197503,0.022855037376412438,0.01912734357468379,0.021985700680476616,0.03422137562515865,0.04770377523229709,0.08424711692570301,0.4145759648619639
WIN_20260823_20_14_48_Pro_jpg,A,145.74921240032427,41.59174282537303,201.5,213.77499999999964,29.972989512511916,36.596055968855296,141.17602626752097,44.16783276583446,0.24236035106997098,0.17891888711680587,0.20514904607173878,0.1318520428668242,58.24712944030762,17.303702354431152,-1.1676232367753983,2.0799193382263184,3.6094724535942078,7.493666172027588,0.034661502827149276,0.011710080947957256,4.260347718829697,0.5281589614811775,0.1412913398352979,6.234052209647787,3.3406707969745293,0.31750843747352153,0.08781286681961144,0.04800368924478962,0.03193377071676121,0.024251077025663984,0.02025847083729983,0.02105763866576144,0.0250512561098616,0.0319119291250692,0.03427404632072221,0.030205810460950284,0.02641805250838155,0.024543889188435097,0.023008442912851666,0.023995068442860756,0.03253618035531543,0.0471586165347361,0.0793279715328446,0.38825122319808403
WIN_20260823_20_14_53_Pro_jpg,A,148.40642399781024,42.74903661157086,199.5,209.0,34.95025331018233,37.897434830977446,141.3454866997067,48.1906467807952,-0.05760966053003516,-0.13118153664778323,0.23637198080692368,0.08285723485741889,58.218923568725586,19.089388847351074,-0.912675523199141,2.5593812465667725,0.6102006435394287,8.57788610458374,0.0302996088783644,0.007833572539956021,2.823600361292236,0.5875616245545499,0.15697157497520436,5.97311199794854,3.5478953538053135,0.30777476499509726,0.07626551546567747,0.04052659103818816,0.031203319677020218,0.022913344869152284,0.025464882177821085,0.0269444952178103,0.03555580962906067,0.04599312579606368,0.05253020009445913,0.04148955580152737,0.037314972416628414,0.028149766741508125,0.026095367509747038,0.02677528970373183,0.03077928284639264,0.03974397161695823,0.07030843559034103,0.3419460738079123
WIN_20260823_20_14_58_Pro_jpg,A,153.33043227558647,41.075909299927574,203.5,212.5,35.22925717513321,38.17461207506656,146.3481203186223,46.57111935070212,-0.1721855837768522,-0.2761006121796456,0.25765675762152557,0.08907137604293036,60.243064880371094,18.368494987487793,-1.3317242339253426,2.6002262830734253,1.433114379644394,9.115279197692871,0.024642256959826282,0.007080202428454387,2.5684673629386707,0.5854453972382738,0.16109685827529552,5.936698106606002,3.561680128619881,0.3237237072896374,0.07414930796200211,0.04132646641391738,0.032237678072607565,0.025576505261038676,0.023880294143611716,0.02839269186782951,0.036052006009419976,0.04533728688509201,0.05266289526696261,0.04647274130453627,0.033202185185525465,0.02813815833886913,0.02373702915591297,0.027653597922507885,0.033174902322957986,0.04040759717872033,0.07082866801709513,0.3367699886913933
WIN_20260823_20_15_10_Pro_jpg,A,151.50554281365737,39.92497591904775,202.0,212.0,27.082879434074364,31.984317133536052,146.39769868357274,43.25622967244408,-0.05814046028220907,-0.19476112899215073,0.17282987414034298,0.06594537087088831,60.300432205200195,16.935161590576172,-1.2960649728775024,2.0060715675354004,1.3868727684020996,7.026520013809204,0.030671974793487086,0.007575025442982271,4.121086086616225,0.5147140780267232,0.14288295561923797,6.185248201185686,3.2404733102261716,0.3372951826735909,0.08832223734915337,0.05101417387405722,0.030620944739311817,0.020375288960599074,0.017712756056412024,0.02093299702136285,0.02140595602416842,0.02872156939019887,0.03271013281330099,0.027900958630364306,0.021685682710080048,0.020516304005911003,0.01922971548750881,0.02131192231726005,0.031479252188599774,0.050222046184827146,0.08432438927710109,0.41151367296978314
WIN_20260823_20_18_09_Pro_jpg,A,153.455614000696,42.088283831303286,204.5,213.5,28.4229353461398,35.98223392106456,148.5406572216321,46.11891756009245,-0.16884453796320567,-0.25232899914256013,0.17250449431884665,0.060149754908292594,61.06253433227539,18.130030632019043,-1.3874735236167908,2.180408537387848,2.071500599384308,7.448958396911621,0.03392011484383983,0.007428854514757929,3.6975926916401844,0.5258068068620394,0.14471578124990658,6.145407949698669,3.2982685548412163,0.3425912299870476,0.0833131475225653,0.051413366400578676,0.03292744910617635,0.02190230878059974,0.019826052511474505,0.021669338690551265,0.024335506917122683,0.029607949511665475,0.03072303699955272,0.02961213357181463,0.02259879776654261,0.020503383972618215,0.01943079559447846,0.023814515446830775,0.035249886154053445,0.04821718007516112,0.08180214460942609,0.40305300636878794
WIN_20260823_20_18_15_Pro_jpg,A,154.63438207642278,48.31966654748471,216.0,225.0,31.956648455379547,35.942678432812045,149.84846739977115,50.80403355951508,0.26984628763928975,0.2855080171387288,0.24610236664874405,0.1740782232297957,61.447208404541016,19.842480659484863,-1.2023000046610832,2.15849107503891,4.521334171295166,7.26222038269043,0.07752738155554637,0.028301598216009045,6.332595412723784,0.44718354634698654,0.11495581660741115,6.709459373248354,3.141937924537237,0.35658395976369706,0.09574706990859459,0.05461840524788375,0.030998393856674113,0.019492690496870434,0.017426848960487497,0.01740934639272617,0.01795488796633303,0.01997543824275512,0.02262618866669424,0.022417234934651337,0.02044892309123997,0.01839002872790691,0.020062412541015248,0.022142148423497945,0.030093107198003694,0.051350056525215765,0.08744794467077507,0.4313988741486751
WIN_20260823_20_18_24_Pro_jpg,A,149.56797671785029,49.71932673836437,215.5,226.5,28.003423682059967,30.20403896513503,145.23791950064083,51.41037762467572,0.39138641326618934,0.434450578207622,0.21674973838338224,0.1506646149072558,59.56842613220215,20.039533615112305,-0.5254876166582108,1.9771771430969238,4.222148180007935,6.551018714904785,0.09212851428441556,0.06358611658170096,5.267455521300182,0.4661665367003147,0.11562932531030276,6.592907380981872,3.205349261489032,0.34259097538778055,0.0848844020170419,0.05592147845257353,0.027384083333909764,0.020222668104116992,0.01766369196137857,0.021619933061719783,0.02259210189559644,0.030160023399741297,0.0338290791193871,0.02810402311514985,0.02420324276144616,0.020664871830091,0.018757405059601155,0.022225863334838634,0.03504050734354634,0.04430615764982801,0.07841136705676117,0.41400910050327233
WIN_20260823_20_18_52_Pro_jpg,A,160.51392820132253,40.59926676263864,213.5,223.125,28.338483004465886,31.399304240420403,155.15629181961543,44.19497014669008,-0.09700016919134793,-0.1557931739950348,0.1880208982123216,0.09004520215740582,63.66302490234375,17.096487045288086,-1.3816609382629395,2.1466041803359985,2.8363859057426453,7.513745546340942,0.06805100648016857,0.01121901379520547,4.798409034119955,0.47336675933851113,0.1312621976979717,6.3436783807999255,3.1054042026110933,0.3539358476564053,0.09459995229323756,0.05522248578736036,0.030693351532579745,0.021156928744649556,0.019011211089171892,0.015587044963623594,0.017501199295000068,0.018015398682763282,0.020767760830097667,0.019473463113396323,0.019252461536422787,0.019386292256927416,0.01672373808987424,0.02035129404593101,0.03393437669789692,0.054825393249493114,0.0860769669100595,0.437420680881515
WIN_20260823_20_19_10_Pro_jpg,A,144.3267645803669,41.941220907553145,198.0,208.0,38.752649136654895,41.195451361062936,139.02200536926762,44.910247740895954,0.3498912749278924,0.25737079851200095,0.2904714194339555,0.20225605672291552,57.45123481750488,17.734390258789062,-1.7999235391616821,2.3627532720565796,5.684417486190796,8.600635528564453,0.019488958249765168,0.0012034939988830478,4.122344526294239,0.5135737996644214,0.13897094536736013,6.24252467944397,3.333918170268534,0.3455964291699162,0.07862017300057646,0.049660414934190156,0.03054914077968833,0.021834308577824427,0.020356278281350327,0.02342260483470858,0.028033544604149793,0.03316736962270103,0.03824716216647052,0.032483473405663606,0.026615007162557595,0.024465631093873168,0.01898685616264867,0.025700229590719506,0.031615095015671384,0.04507457605440314,0.07995194378479681,0.3912161909280065
WIN_20260823_20_19_15_Pro_jpg,A,144.24986175612997,41.434156792988254,197.5,206.5,35.41778032724362,38.26050398362293,139.5119627791718,44.21615746949317,0.2552184045529253,0.12349474870522288,0.2532607673880751,0.16150342618801475,57.64109420776367,17.462247848510742,-1.881813108921051,2.0869184732437134,4.9496071338653564,8.019102096557617,0.016610405058973276,0.0006642857539269984,4.50798943394254,0.5075557230747053,0.13923716177931456,6.251041049378065,3.3003199977746016,0.3414909660741962,0.08213107652968951,0.05085194554968023,0.03058426422307002,0.024667941514017685,0.020160175798714864,0.02245938662575163,0.023972531221945363,0.030980186656830395,0.03224759615865985,0.03224650908839374,0.02367684810956478,0.023911912751053872,0.020576552317745377,0.023543310109507453,0.029147300366840444,0.04958616665324993,0.07942507256623133,0.3998312237590535
WIN_20260823_20_21_58_Pro-1-_jpg,A,144.96755677564263,44.478181791167835,200.0,207.0,30.151235338158223,36.43024914139878,140.65897179935112,47.84951528535193,-0.02559136865527679,-0.18843449933334544,0.2161217868729723,0.09084102820064886,57.972660064697266,19.015363693237305,-1.6490633487701416,1.5738825798034668,2.541776418685913,6.698699474334717,0.008609932617918642,0.0006239081607187422,2.8905235741244715,0.5502717759418789,0.14564310059116367,6.113323365057382,3.494483043669167,0.3436486149238832,0.08310456700773645,0.04666833042176192,0.03169453456451211,0.030321936610930873,0.022710257050162216,0.026079361118043425,0.03044671824307462,0.03231844272523084,0.040554030446718244,0.03681058148240579,0.029323683553780882,0.023583728475168455,0.02408285500374345,0.02882455702520589,0.03419016720738707,0.04230097329673072,0.08297978537559271,0.35400549039181434
WIN_20260823_20_22_05_Pro_jpg,A,152.39739584161143,42.00358803429764,204.0,212.0,29.01041249831742,33.236463325661106,147.6997003992754,45.604252770935936,-0.0590466647099061,-0.19492511937876297,0.20671219271779162,0.08299195358857685,60.776485443115234,17.932591438293457,-1.7855611443519592,1.7677732110023499,2.774347960948944,7.228661060333252,0.0259651851500737,0.0038738073861988203,3.88299071261698,0.5113302609966615,0.1427284068992509,6.2115332563285754,3.1632783928328925,0.34192597579048545,0.09276059505589766,0.05478303907747273,0.030954943874942936,0.020008756199983616,0.015293847728669575,0.016795988932755843,0.018921252196610165,0.022472843988530673,0.02650065612893912,0.02413846067073261,0.02081433034925826,0.02039022242463941,0.018044612454461408,0.022482314712436703,0.030163587532720297,0.05020790583212335,0.0876073491317198,0.42765929370810585
WIN_20260823_20_22_08_Pro_jpg,A,144.17565949456423,40.70803118243712,196.5,208.0,29.314029710251077,33.19231859310515,139.3958904478394,44.16189679840416,-0.06976139360698315,-0.16807231305068346,0.20371960037314954,0.08245495974251067,57.55015563964844,17.448835372924805,-1.5050316452980042,1.9164515137672424,2.5003790855407715,7.23734450340271,0.019168287233603823,0.0019551434903872875,3.6211180649200703,0.5231893556947389,0.14760976122865233,6.140040314822498,3.2357424919823266,0.32945023834602194,0.08737229277822506,0.05397892167714635,0.03167795036494421,0.02017773186222446,0.017441216282448206,0.01931925052404552,0.021039811060924625,0.02651661140768985,0.030271994584118528,0.027925137088887837,0.023619880896131602,0.01970993656874,0.01900670168828993,0.023073948393708247,0.029958931768288483,0.04771715138047093,0.08705734536878865,0.4141351863049275
WIN_20260823_20_22_16_Pro_jpg,A,152.1720198287631,39.911765446331884,202.0,211.5,31.253909982462332,36.64511298398156,146.8345697108405,44.11541049184149,-0.02866948506679992,-0.14579525981329192,0.23077128211027353,0.09785686862743379,60.48834800720215,17.375996112823486,-1.7086655497550964,2.2024279832839966,2.7707992494106293,7.956915378570557,0.025117390377951666,0.0021908890003243474,3.6833119665977807,0.504609187824717,0.14365534980380779,6.169884729267183,3.0957137826731898,0.3437880108764665,0.09347218348518155,0.05749440531779709,0.03262028678549392,0.019311940408785255,0.014558786249595907,0.01314022414151214,0.017360555151338636,0.018653696461856602,0.022233796621382643,0.021407654065534666,0.017701909482165625,0.01712105140846091,0.01966552709697491,0.019497852114332782,0.03314688194303684,0.054129344186423456,0.08950847480975219,0.4389754302703749
WIN_20260823_20_22_19_Pro_jpg,A,151.0006445375443,42.61391625315431,204.0,214.0,30.08008378988076,30.69265690059853,146.93361263293588,44.94566248573701,0.26843940769634833,0.04800046481436001,0.21575894295842732,0.12568482114083146,60.584503173828125,17.5382022857666,-2.4353699684143066,1.8784188032150269,5.1731743812561035,6.93528938293457,0.02884305510796004,0.0022558814050918467,5.762165669362905,0.4345231174905223,0.12330392449489413,6.483520407826028,2.92418462490316,0.3669029970995811,0.09619722848855945,0.06219787302610377,0.029648727038349983,0.016274572993876895,0.014340960360941025,0.012407347728005157,0.013696422816629068,0.01691911053818885,0.01853045439896874,0.01643570737995488,0.011923944569771189,0.010634869481147276,0.012407347728005157,0.017563648082500806,0.028037383177570093,0.059297454076699965,0.09490815339993555,0.46857879471479214
WIN_20260823_20_22_23_Pro_jpg,A,156.00465446886483,47.82896110006964,217.0,224.5,32.53624217535344,37.41357383573954,151.7459028286921,50.37219582301393,0.3574129359876573,0.25731376346926405,0.2106076049153205,0.14438667045022813,62.234880447387695,19.62464427947998,-1.9878462553024292,2.4416773319244385,5.616178274154663,6.949776649475098,0.08552234303156073,0.03099371404896897,5.4716984716075565,0.4726507219535482,0.12250288735298276,6.575189185910454,3.1726925510743813,0.3473139104785174,0.09003853590269054,0.05430392945379079,0.03251844066440372,0.019181677432521606,0.016304306535376484,0.019701831239648318,0.019603396354324957,0.02240255632122118,0.02672847111770676,0.025750863582831327,0.019716327983441924,0.02082759815604744,0.016867443520345374,0.020173274657651997,0.029254071544323322,0.05320614191790159,0.08649082360274041,0.4269303100130323
WIN_20260823_20_22_33_Pro_jpg,A,153.72910696639377,49.52490266341159,218.0,229.0,31.26431791836694,33.79619589682985,149.25411520255895,52.24108338909879,0.1553656509199568,0.025847760620665537,0.2352025908255025,0.13087650838473133,61.225791931152344,20.38703727722168,-1.8274421691894531,2.028989791870117,4.179640769958496,7.7725231647491455,0.09350391716870383,0.06581252785388829,4.35196197084143,0.49858173008846707,0.12232228838095194,6.537480026506475,3.376428242595267,0.34080337877310374,0.08255584924227644,0.05339967235024254,0.02831893184816938,0.022014278724581553,0.018157869625942975,0.022054707844183855,0.027276693779052542,0.03325329865026877,0.03885926703165419,0.03526486471134152,0.02961522853356845,0.023835668525560877,0.021078511249112714,0.026026224007898023,0.03229947573285568,0.04253452759117147,0.07814186607049897,0.38531306448162006
WIN_20260823_20_22_41_Pro_jpg,A,154.96064325010582,47.339733620506905,214.0,222.0,24.029587439320615,29.811859703449265,151.23550916623782,49.62343599016981,0.047956396145168764,-0.0429811717797913,0.13698126870412702,0.05124181630563668,61.98665809631348,19.359647750854492,-1.3970762072131038,1.519975185394287,2.5706727504730225,5.594019651412964,0.0897433729668918,0.04224704582059137,4.109983475480979,0.49720830643537406,0.13314532433327086,6.349896046365718,3.1925157468437497,0.3430268728180089,0.0894636669094993,0.05488232142611906,0.02900341847082432,0.018299174424570377,0.015925106252182537,0.02179647258392432,0.021986317067038876,0.02893439493828487,0.031100638374400948,0.029215768039016436,0.02090508069561432,0.02036408544057534,0.018087578995031654,0.02050590319892122,0.026725403747973848,0.048762645019870765,0.08575251090464647,0.41828951351150534
WIN_20260823_20_22_48_Pro_jpg,A,156.07671690709458,40.71375323290039,207.0,216.5250000000001,27.586480865925687,34.18169822688806,150.94656282713942,45.26081633361558,-0.15934559255524638,-0.2659849821030296,0.17690276561914642,0.05851234209428934,62.00056838989258,17.674352645874023,-1.1853353083133698,2.0212501883506775,1.5954096466302872,7.385055780410767,0.05011725254416352,0.032052776646182383,3.4816080774501024,0.5243832403800591,0.14342683931676092,6.098025863505712,3.221569450353007,0.33372776655812986,0.09257778153371143,0.05199536382958847,0.029531232995973447,0.020254738977057023,0.019003242622720316,0.018004080003312925,0.02338138520759238,0.026542713633172406,0.0304436961468936,0.026997747402868186,0.022491048358127312,0.020254738977057023,0.02033605734829158,0.021476934233601738,0.030102267331948453,0.04396139766958763,0.09012262882611664,0.41252294490237945
WIN_20260823_20_22_53_Pro_jpg,A,152.90811162530758,41.283506533497444,204.5,215.0,33.25099380117782,42.93496473383971,146.6440118449483,46.59459015772734,-0.08601399225696357,-0.2094657457900366,0.21082250399300717,0.08291444509961314,60.37542152404785,18.304484367370605,-1.3676995125133544,2.875119686126709,1.728579580783844,8.642199039459229,0.03824576217299097,0.015322576987870117,4.0554607137220735,0.5041169140400197,0.13837745910971444,6.253592882166579,3.100863033052585,0.34131934765267724,0.09163064927410879,0.0549410816150111,0.03273491536793222,0.019352925868578563,0.0181376072332168,0.017918067825495092,0.019061452990488087,0.02107399807193212,0.023247633601103386,0.019330443643768472,0.018371378950635887,0.015854575899846225,0.01597745621441983,0.020963106669086642,0.03296943488467439,0.049761365174725,0.08929216017803607,0.43938174653694134
WIN_20260823_20_22_55_Pro_jpg,A,158.9826873399762,38.22553006439764,204.5,212.0,26.75021967090135,33.197102649575925,154.32766206232978,42.321901096549965,-0.1057622037484107,-0.23983064631972698,0.165357936909169,0.06549663780122529,63.410329818725586,16.5499906539917,-1.8114157915115356,2.22840416431427,2.6122238636016846,7.510613918304443,0.02326220257995075,0.0035972808862940794,3.5124941788513557,0.5289335674720728,0.15587719320378512,5.966647126695239,3.1324837005569517,0.33397125415178547,0.09440056643672162,0.0539879700147317,0.0320907603407318,0.02020898905722533,0.017201737362535812,0.01650181835972537,0.017695167892496616,0.022600716471784167,0.02466456835021228,0.022710606282990046,0.01862492321575151,0.01616532667960447,0.017022537875699212,0.02172015742809461,0.03090746750599325,0.05056521360970227,0.09085427572747978,0.43207719738852013
WIN_20260823_20_22_59_Pro_jpg,A,155.77595569302088,37.3945995415464,202.0,212.0,30.241181885930793,36.28913085120294,149.65346705012826,41.9462301933569,-0.027189764813425978,-0.010777437011242397,0.20560174381074114,0.09649215550778886,61.5803165435791,16.442757606506348,-0.8041610643267632,3.048507332801819,2.4533501863479614,8.899007320404053,0.026125701287501694,0.012251793917867855,3.995197345736008,0.5025319600297827,0.14548706408502093,6.112093506395258,3.1399054613940818,0.335402361424893,0.09535458058386397,0.05728002231144186,0.027087893103635213,0.018878850590628368,0.017985674456294676,0.01591934058890624,0.019707651095901536,0.02254491407765331,0.025184124368435756,0.02276535060075212,0.021281554263634244,0.016635459930736122,0.015821151085777783,0.022287316311061733,0.03172590476401971,0.049159508194686924,0.09625583939071128,0.42412486428185914
WIN_20260823_20_23_03_Pro_jpg,A,149.45879183320284,48.3525077047597,212.0,223.0,37.34577309731276,34.15724541757375,143.20839638603502,51.14277991578875,0.21127461746110127,0.18694926817115826,0.3423449771431049,0.2180290213850849,58.84321975708008,20.04011344909668,-0.766837865114212,2.5093910694122314,4.6739342212677,9.502182006835938,0.06807411437657417,0.02385370125910723,6.393607902303724,0.44516157736888307,0.11234930666618737,6.7227537185853095,3.271319795165685,0.3492501484890983,0.0860656473270408,0.05377128501627293,0.030760960086025996,0.020195198072329355,0.021465997465662016,0.02255621841394606,0.022204670743108494,0.02850118256928922,0.02922958861718434,0.027116842365625053,0.021673917372830833,0.020050197563052076,0.02442546682256519,0.023214183325615326,0.03163573938880691,0.048480882271090306,0.0813833028164043,0.40726871976315077
WIN_20260823_20_23_07_Pro_jpg,A,144.79537329609406,41.261219096629226,197.6500000000001,208.0,29.40489692391064,32.27091032859073,140.08925638994796,44.76220866269216,-0.11422699002731229,-0.16324507128798038,0.1921319707430008,0.07541726923985459,57.83235740661621,17.71212673187256,-1.441598802804947,2.0502046942710876,2.580909848213196,7.120384931564331,0.02058536444588385,0.002473067249839937,3.1818238400729015,0.5449495102555583,0.14396188433909712,6.11264215373798,3.3871625399080916,0.33064471857293565,0.08511996417161286,0.047332484653756904,0.03132137486091382,0.0231291478679865,0.022607038909927733,0.021553511171252634,0.028627169931517756,0.033601169766912395,0.037913733965674434,0.03387803811789805,0.028838997788516316,0.023720059728230138,0.02048142791942033,0.02412509579711214,0.033753632808199485,0.04564710748836807,0.07944537613927752,0.3789046689134229
WIN_20260823_20_23_14_Pro_jpg,A,144.60607843082215,44.09211137588014,199.5,210.5,30.23141872549903,36.898004476919034,139.72212618912113,48.077985915611364,-0.1605911596485618,-0.1990189086761332,0.20043119215124156,0.07415741786034344,57.5755729675293,19.0616455078125,-1.012958139181137,1.981130063533783,2.12198406457901,6.912972927093506,0.02626056616586732,0.003859595024495514,4.564161914481766,0.4776339718807344,0.1287463839124353,6.415269934295591,3.0510236593930897,0.3491923506666528,0.09477503593527828,0.059681444261801476,0.030881883941548664,0.016699523242156504,0.015631456197900975,0.01470892580540157,0.016031921469643502,0.0199136822630809,0.019081107021322534,0.02255517360631224,0.017340459260475095,0.014660094282265274,0.015012206989697886,0.02132213309281135,0.029893814159876367,0.055109915926909184,0.08901881965119501,0.4476824028923232
WIN_20260823_20_23_30_Pro_jpg,A,148.59451058970654,46.77311545468973,209.0,220.0,34.96046508491109,43.06641553235943,143.4224942693752,50.44885572350411,0.11245962553697593,-0.023433879884332875,0.24043382004794317,0.1131363113135107,59.02174186706543,19.845656394958496,-1.5707482397556305,2.270778000354767,3.435503602027893,7.642800331115723,0.05349606384514997,0.027723024956331853,3.371004047221632,0.5401138243069267,0.1406289959558622,6.218152515731977,3.2662503206563573,0.3263938347222821,0.08634276999236845,0.05379042307763537,0.02936157740365897,0.021715115286372808,0.015994927782833485,0.019340972525008625,0.02379166056930826,0.029735340567663977,0.030318010738558797,0.029287766806041487,0.024374625126197924,0.023477122514994148,0.022478110260293956,0.025255187161516323,0.030944142987238528,0.0434240484668538,0.08547855976094573,0.4048896389725094
WIN_20260823_20_23_37_Pro_jpg,A,146.60583126886885,50.07708938399006,209.5,221.0,40.198555579545804,50.794061376917966,139.65126721515526,56.25694566263613,-0.28818755721108064,-0.40404732105132135,0.25246365024889994,0.05289980661564388,57.36083793640137,22.34034824371338,-1.1839872300624847,2.947434425354004,0.18529748916625977,8.891831874847412,0.05660646528732914,0.013280081172742186,5.025152027282696,0.46220068208735793,0.11655244581491381,6.671290461834826,3.0013395539186187,0.3451999450035762,0.09872150766192345,0.05502112091530166,0.031087570185275828,0.017027839156137134,0.011983271420384703,0.016378324234049547,0.01638883929579306,0.0172159505180634,0.019815070548774447,0.018852036690143088,0.01666502534505418,0.014745131912995906,0.014430166050939112,0.01727865430537215,0.02691506776979384,0.05566918891187622,0.0992097290476239,0.45259550603049836
WIN_20260823_20_23_45_Pro_jpg,A,142.0909681611436,43.99503534264015,194.0,201.0,37.34593892137752,46.06171681301459,137.43313840155946,47.40855477220364,0.1299314787328524,-0.06509539369165913,0.24158544509421703,0.12189733593242365,56.78742599487305,18.943384170532227,-1.9218628406524658,2.237272262573242,4.154397964477539,7.964471817016602,0.0018193632228719948,0.0002599090318388564,3.4187293190349517,0.5386732214499711,0.15143609491833565,6.100771602762826,3.236808967590308,0.3286549707602339,0.09109811565951917,0.04990253411306043,0.03521767381416504,0.024041585445094216,0.016894087069525665,0.01858349577647823,0.01728395061728395,0.023261858349577648,0.028589993502274202,0.024821312540610787,0.02183235867446394,0.01793372319688109,0.021572449642625082,0.024301494476933073,0.03209876543209877,0.04899285250162443,0.09369720597790773,0.40987654320987654
WIN_20260823_20_23_49_Pro_jpg,A,140.9712595116542,46.24642667106148,195.0,204.0,41.40097045117194,59.35069147540099,133.86145002568432,53.335682752898066,-0.38967663086895965,-0.42148779030071687,0.2355168646404318,0.04724753268653775,55.08598709106445,21.55644989013672,-0.18273460865020752,2.7118743658065796,-0.5563955530524254,8.961203575134277,0.015357761387588334,0.008703543197656653,3.605446637086223,0.5116367090101546,0.14452255037758813,6.181867020871673,2.9182767561451954,0.33186599276980805,0.108347472336531,0.0568346070794874,0.033024449001610855,0.018725065011879146,0.014566441986639839,0.010530578598032005,0.013086146772513739,0.011957096303957793,0.013589714924043012,0.012160522202889733,0.012492057768908124,0.013066437592961978,0.013289572671445676,0.01874927875075181,0.03143392375585666,0.0534887035770165,0.10854104364568705,0.45611688801978767
WIN_20260823_20_23_52_Pro_jpg,A,155.08235730182847,48.460289637492906,215.0,225.5,34.49976205281114,45.18863597712462,148.3557088825434,54.49958432968896,-0.3260035212044075,-0.38658139900888533,0.21478947999696987,0.04092616245956327,60.701332092285156,21.41747283935547,-0.46798716485500336,2.111170768737793,-0.8568939566612244,7.884652376174927,0.07584452445282405,0.03872018624042915,4.132669422082838,0.49330754466141036,0.12835246064879544,6.43549827218914,3.0574913567001794,0.3437877099693901,0.1001956955398251,0.058822887820863534,0.03274315170823268,0.02023633042104702,0.01600994680448122,0.012542786480033444,0.01584011604254519,0.015243665496701935,0.01822433126835961,0.018690563617183048,0.015431934776570403,0.015801415320646092,0.017559124251938018,0.021475902093311003,0.03415687662904262,0.04819967117537968,0.09888736739698278,0.43993823315685665
WIN_20260823_20_23_56_Pro_jpg,A,156.94228278256065,44.35860356306911,211.5,220.5,30.75242451438074,40.200736827913744,150.71965062572795,49.519702247021854,-0.2862691738683956,-0.30990891123769637,0.20413865372730516,0.05915630106730465,61.81614875793457,19.453795433044434,-1.0118692964315414,2.7816652059555054,0.8142889887094498,8.520040512084961,0.055348544006344924,0.008350572440121528,4.664868843738832,0.4892489336781495,0.1298730601875316,6.435127703812477,3.0871677253496603,0.35377580375799655,0.0940805086575553,0.056734518330004625,0.03371902958851539,0.021300793832512366,0.016986305371143547,0.016169551677138273,0.014906085790717206,0.01942270047715886,0.02028980874771646,0.018184411879013956,0.01618683413113224,0.01643892249947437,0.018400050120655535,0.02207548021753054,0.03139685565217348,0.051087434166238864,0.09252850427609155,0.4400922045852274
WIN_20260823_20_24_10_Pro_jpg,A,141.35229314249136,40.97024271967565,192.0,201.0,34.10077824633625,42.4844989764595,134.956304793401,45.975403264118825,-0.25971826521786234,-0.18405064525846415,0.24864564787472276,0.07746477294935444,55.710670471191406,18.418832778930664,-0.24876612424850464,3.009429931640625,0.8895555138587952,8.602262020111084,0.00586064150675017,0.0007439635743600502,3.9085250242538008,0.4975025321712238,0.13692581194716255,6.2426660628002235,3.15224223646561,0.3372612084983597,0.09564969008801608,0.05553404011553791,0.026922613743465433,0.01637373544495424,0.01566309092006596,0.0173868287855072,0.01892843247468798,0.025879413728165563,0.03011392126663786,0.028835769658089774,0.021316422197479465,0.01461260703184345,0.016725789302881815,0.020489534531384752,0.029633409772910506,0.0503734348264451,0.09024759639664191,0.425313669715285
WIN_20260823_20_24_20_Pro_jpg,A,147.69303660719373,49.3763194044345,210.0,220.5,27.583740032133125,35.38451467519472,143.21534921003206,52.265169483859665,-0.0719473758435135,-0.11897253613586542,0.21624297113672927,0.0940342617906552,58.795841217041016,20.59339714050293,-0.955530196428299,1.8350850939750671,1.764352560043335,6.912986993789673,0.057083718166039764,0.007918679957549819,5.216354948968309,0.4792799638343733,0.1172327676111117,6.652746640769851,3.132746633747691,0.34962903368607057,0.09405549567767393,0.05425697241823902,0.03005674574202842,0.022724285989589983,0.01700665990902221,0.01461453540791204,0.019549338853722488,0.01951061621509771,0.02409886063497651,0.026379751178425753,0.020276245585997145,0.01644809873149996,0.015509189847634698,0.020097434267513495,0.030956931987268906,0.05097632313022843,0.09077424854235894,0.43270826588081035
WIN_20260823_20_24_23_Pro_jpg,A,161.0998529502584,42.58494910395032,214.0,222.5,27.887414343752404,32.80332137813137,155.9909896653819,46.26204283193711,0.0009896372169079792,-0.058199972514861406,0.16829264720054615,0.07901669985773928,63.92824172973633,17.99602699279785,-1.5563585460186005,2.0205706357955933,2.659778301138431,7.169758558273315,0.07354144980817112,0.030858030841631242,3.970723859226487,0.5035605991482179,0.13724863356469574,6.2492302527109,3.1294319351768687,0.3475383378100511,0.09475241100494593,0.05545697621019652,0.03130064062280824,0.023622029461616557,0.018280741133568174,0.01641257981402221,0.018385428409247718,0.0195771748475481,0.021202138761042134,0.020534662400209916,0.018785656728818968,0.018075418992880548,0.018556927695242507,0.023923744099890572,0.031983229098436136,0.05007163902240151,0.0885432102851196,0.4305353914120047
WIN_20260823_20_24_27_Pro_jpg,A,157.46919916040292,47.86974726728832,219.0,230.0,30.366255382561697,34.88694310816541,151.999011151706,51.558748899931985,0.0005323636780566396,-0.038001502614135166,0.2184256839396197,0.10422703611082812,62.26551628112793,20.124860763549805,-1.3038825392723083,2.5400314331054688,2.6967483162879944,8.084892749786377,0.10315770905767181,0.06382207482031094,5.488490765692887,0.48086897208054835,0.12224016013530994,6.583699423062239,3.1887378868222336,0.35291580146813173,0.08771183432238913,0.0525284060673977,0.029341577393639275,0.019822834326373044,0.017794022610458475,0.017632558209352767,0.021268846435785173,0.02525003727811695,0.029285686896258132,0.025574637904275485,0.02214901728054145,0.0183309626632625,0.01880842846841576,0.022412471835102102,0.032194669456928976,0.05118939958328188,0.08293550444690942,0.4257691048215118
WIN_20260823_20_24_33_Pro_jpg,A,148.28403547047463,46.02971832423067,209.0,219.0,24.67061826125637,22.459619860701004,145.56304384868866,46.30533572121464,0.7079542548108091,0.5911803773615771,0.16030825649843897,0.15025401796303317,59.91984748840332,17.9793701171875,-1.6750466227531433,1.367519497871399,5.825996398925781,4.109270334243774,0.04935383356936937,0.006277935017104675,6.464885451244701,0.44383827544232357,0.11890914221671425,6.604518617172808,3.059662058401438,0.3549115216854215,0.09938631050521747,0.05782978628707026,0.03148271453889683,0.018562374711820758,0.014277536536372782,0.01501528943849254,0.016065271403152347,0.018091767022943107,0.022002835961370055,0.017410783041285176,0.017867076968105373,0.017221634327707083,0.015152440485627958,0.01833529902997345,0.029905599028781538,0.05289711984421441,0.09845225200849089,0.44004390886047795
WIN_20260823_20_24_37_Pro_jpg,A,158.4160509264522,42.56456657056324,214.0,224.0,34.72888484710697,37.387075079663965,152.83051040127316,46.303956806499755,0.20334693390382905,0.014077168046497486,0.24565192679322495,0.13129475957712858,62.86064147949219,17.90364646911621,-2.4236671924591064,2.590029716491699,4.808961868286133,8.652795791625977,0.06900079572581562,0.015573490962828236,5.404110690376463,0.44237299656020246,0.11922843785461076,6.552995109095352,2.965657239005499,0.36012276912583835,0.10048880300102307,0.05956576105490508,0.03171535750824145,0.015800841195862225,0.014777765147209276,0.012731613049903376,0.014323064681141298,0.01614186654541321,0.01921109469137206,0.018642719108787086,0.015346140729794249,0.013527338865522338,0.011594861884733432,0.01568716607934523,0.029100829828350574,0.05967943617142207,0.09150846879618052,0.46015687166079344
WIN_20260823_20_24_38_Pro_jpg,A,147.63706603547067,53.90629593696306,214.0,224.0,29.12109275516884,35.83044072309633,143.75833753370534,55.84057437143271,0.13490075168992316,-0.11371782755108804,0.1732626128113397,0.08995501376303601,59.00372886657715,21.993541717529297,-2.0977238416671753,1.9590935707092285,3.4111958742141724,6.378166913986206,0.0696726565255287,0.006890701144811785,7.245764138101572,0.420267848770586,0.10588060074465475,6.935704135520465,2.9694982454925256,0.3536691688604847,0.10157507880801696,0.05907096169996069,0.027781393530498903,0.01704435628861762,0.013327803932593727,0.01392643898913614,0.013373435022356273,0.016484759744587178,0.01642594350032349,0.016439128654824633,0.015832867119048737,0.013120977068507077,0.014370987799596478,0.020490223812014964,0.028065263517626594,0.055502936914751215,0.10133839076362619,0.4558290528339131
WIN_20260823_20_24_41_Pro_jpg,A,150.04752630241222,51.19256195241229,214.5,223.5,30.371111774707423,36.18010041008675,145.41705685830033,54.31454643025013,-0.020267780647203804,-0.1383440170323888,0.187007287855743,0.0773519640411377,59.63956832885742,21.387849807739258,-1.463171124458313,1.8731998801231384,2.6424511671066284,7.017829418182373,0.07028709813445697,0.013863502500947322,4.580232301695874,0.49379468731984344,0.12123025903637955,6.588231459049091,3.1397405078835297,0.32983596768249346,0.09996276385632297,0.053877473484074914,0.030694571574081248,0.020403563781885646,0.019495484839762718,0.017494806892724597,0.01586384332241396,0.021095695066274643,0.025277188390713856,0.021595190301891203,0.016688452470263904,0.0152714138042583,0.017852696902185588,0.02176010713700828,0.03290782592313847,0.05056350414412233,0.09309860003986573,0.4260968180690117
WIN_20260823_20_24_45_Pro_jpg,A,151.32080308791336,38.66988489394495,199.0,206.5,23.60981633363244,30.41134538846469,146.04064728399328,43.042933038095356,-0.46804705031218,-0.34007400885101,0.15250151008878973,0.028838040504131066,60.08069038391113,17.051779747009277,-0.3415225148200989,2.5332196950912476,-0.0923837423324585,6.677918195724487,0.023455839650101663,0.008093086644763105,2.7080185884100105,0.5753275293230264,0.17257998882880382,5.752838163139679,3.3102865661592427,0.3146798088035558,0.0831139485650374,0.04830538359746794,0.0345574654250769,0.019159506110767777,0.02200045157183076,0.02090760118758736,0.023938253371367787,0.03044356457768141,0.03464679052304355,0.03198042180067759,0.024728213113971845,0.02636312427186952,0.01888134717377718,0.019857813065555893,0.032295241852794566,0.04609495112433239,0.08240603988962095,0.40031988277753916
WIN_20260823_20_25_03_Pro-1-_jpg,A,149.02489149019954,49.54251018247085,208.5,216.5,42.589740527875804,48.89416432905085,141.6904162875697,55.13576013895489,-0.05830738955875642,-0.24607565693778932,0.29779087535170795,0.10532629328413146,58.21639823913574,21.868727684020996,-1.2153208078816533,2.6692649126052856,1.183785319328308,9.264123916625977,0.039546709916485324,0.00666802218405305,4.947192564103824,0.4816453284987027,0.12634720806301825,6.525395682776786,3.103872528446577,0.35083593743316566,0.09136809927226344,0.057296250917156136,0.029160981112308304,0.01815675789506066,0.016373592919809513,0.01646345283460548,0.01874720294920949,0.021499246011456342,0.02395599309636666,0.021662746294931146,0.01835255037024549,0.017162604276689038,0.01749939533151862,0.01872776887397378,0.030735789296948784,0.05332211647016705,0.09157338843427977,0.4379420636430103
WIN_20260823_20_25_05_Pro_jpg,A,151.29520527096142,42.68404413520457,203.5,212.0,35.8405238817175,36.170521787032584,145.37517910679335,46.51524894453182,0.10186309750964273,-0.009341032936331858,0.29098595532784005,0.15130998259896708,59.86117935180664,18.254518508911133,-1.5835521817207336,1.9154664278030396,3.7239946126937866,8.949869155883789,0.05474346869866573,0.025347898900068253,2.1530221223852495,0.6270725428132513,0.1685450820013079,5.736047917783618,3.73558935998408,0.28891653000721507,0.06885970008439606,0.03231594807103184,0.03605835294805225,0.02966331679968496,0.029576537758015015,0.03256275260545854,0.04234015366621883,0.05759679281081995,0.06686336466818019,0.060177621339329884,0.04302556720340145,0.03252972125646451,0.033160360850528536,0.029041496001797854,0.033866908189200226,0.029576537758015015,0.06220288310276907,0.2805819848866359
WIN_20260823_20_25_08_Pro_jpg,A,133.50933583067007,40.16209078808856,179.0,186.5,24.20734723696929,22.84064575768359,130.3448253719434,41.94668545415077,-0.17874391474190182,-0.440139517239875,0.14696589055959658,0.036553425485472316,54.03280448913574,16.94346332550049,-1.6363076567649841,1.5246021151542664,2.818272352218628,4.96054482460022,0.0028479064039408867,0.0006927339901477833,2.2704716937739073,0.6171353290026842,0.181714008331848,5.5853983294743195,3.5340509900604515,0.30537826759196,0.07896780817788983,0.03850346456226589,0.03001301986941265,0.027446787612603562,0.025206746114000596,0.029419299811543044,0.03242279953763534,0.04039067804317801,0.04695686165228739,0.042013303559531034,0.034237636345754004,0.027191321091738985,0.026004740242434755,0.02722793906135321,0.03516752787195926,0.040109863162481205,0.07329655056082338,0.3454236527231079
WIN_20260823_20_25_09_Pro-1-_jpg,A,146.99808745353963,46.85065686714429,212.5,223.0,26.033814936468147,26.952944698975905,142.44467553375398,50.18879684639458,-0.17814627889501655,-0.32075575260403033,0.19825028092315672,0.051733511971648376,58.58859825134277,19.58841037750244,-1.2387032024562359,1.8841431736946106,1.439814805984497,5.853696584701538,0.06390710087302273,0.039771587864119634,2.600360045661967,0.5754544318567605,0.13903424892017954,6.148573676078206,3.5471015038891167,0.31345827210649146,0.07233890137436252,0.03966354049615352,0.030718298902238744,0.022612045120580862,0.02477050739043997,0.02750334946840695,0.035252506698936814,0.046977050739044,0.0527225775780102,0.04870083844757542,0.035392103898349035,0.02918067680871294,0.0234811781485003,0.02629224652087475,0.03394826692021782,0.03981891261128879,0.06766466418878037,0.342962334687527
WIN_20260823_20_25_11_Pro_jpg,A,147.68966802994356,57.856291142583174,220.5,229.5,45.13377605381143,50.57196007314745,139.17986599910222,64.522419771903,-0.38254169971335594,-0.3867502499139096,0.3270638774570559,0.053869265901986076,56.823896408081055,25.613778114318848,-0.3531138449907303,3.348315715789795,-0.9864756762981415,9.39669418334961,0.1078485870861248,0.06468791922265196,3.8944867383528328,0.5237412854023451,0.12271515448540668,6.568883134909791,3.2296705426960504,0.32846944160057634,0.0870991300653504,0.05161158800462091,0.028712253953705604,0.01843698667035645,0.01797642071830372,0.020753347157812484,0.022113361101962083,0.030357900574233383,0.03283680353050192,0.02380661316855289,0.025794791016668414,0.018370795014000338,0.01868544692614847,0.01962516504054701,0.03077200100055342,0.047816360987495435,0.09079409070724911,0.4144369443619379
WIN_20260823_20_25_12_Pro_jpg,A,156.7966160668211,53.29954134260487,220.0,228.5,34.681299279658106,40.623862993112795,149.5863016117147,59.13910467481481,-0.4450928769889902,-0.4238393013339423,0.2583813832484903,0.04112608410708793,61.047603607177734,23.35589027404785,-0.6032586917281151,3.1362459659576416,-0.517007902264595,8.63204288482666,0.10789267012010091,0.04737075746248032,4.036289244540637,0.5198365391850708,0.12934153795732514,6.48759058968327,3.241384790716705,0.3339173225407797,0.08607782035282914,0.04972164268239231,0.031815055536973516,0.01877712411154224,0.017087795207233625,0.019049499986349264,0.023997521618259007,0.03329856430578884,0.031609235401480223,0.02771827155602376,0.024294189749521786,0.020612374667086812,0.017201271145694766,0.019719041645770284,0.03188477179131402,0.0485511089574779,0.0833216999482348,0.4152630113360277
WIN_20260823_20_25_14_Pro_jpg,A,154.1734613730598,43.55150667832321,205.5,213.5,32.371145202815455,37.00761891640256,149.0088553680401,47.18778859463158,-0.0497307817185622,-0.1923843092610508,0.21985015993469414,0.08734601647489092,61.29449653625488,18.57179355621338,-2.1052857637405396,2.1057345271110535,3.3287144899368286,7.646196603775024,0.025698546411506925,0.004085299137817847,3.478910930203134,0.5251191748585264,0.14440607685738382,6.155953101642126,3.23380207069688,0.35352130337737164,0.08880919534105765,0.050060434573294996,0.03405374985490755,0.021311407406279792,0.02055029522745739,0.019874973122218267,0.02063608530104067,0.025340705615505957,0.027422406460562446,0.023878325947096914,0.020985277635592464,0.01994058345242014,0.02184974321014905,0.02357360325920457,0.03362645496806063,0.05003641106926951,0.08089500634601077,0.4171553412098712
WIN_20260823_20_25_16_Pro_jpg,A,148.58691251182844,46.9708837033112,202.5,211.5999999999999,40.30786164124768,47.986434762945066,141.89643959402264,52.38223645148444,-0.3023355853312888,-0.5140706293887742,0.2845443751046654,0.05851132336750554,58.40505027770996,20.835723876953125,-1.8706807494163513,2.1041754484176636,0.9481489062309265,8.627240657806396,0.02916348046682956,0.009475161428520508,3.6342754573642946,0.5308448881021957,0.14645278925941874,6.207995338985674,3.198969293675998,0.3368452569506235,0.08836673042429084,0.05325442991066534,0.0329084842700929,0.021490581626908943,0.016805480734503973,0.018026619144369996,0.021075745133605175,0.02334824542111978,0.029026953064838407,0.02281865529252173,0.020900125833876418,0.019009296978036574,0.017738600130070933,0.02259112363396936,0.031678770863303785,0.05333131064288266,0.08704101067940205,0.4205878362155411
WIN_20260823_20_25_18_Pro_jpg,A,139.95021785138346,44.654083354949606,192.5,200.0,50.75518921886564,55.719624655894926,128.67182935505346,53.59512722775381,-0.45418657429415515,-0.4333005323696276,0.3907702334056558,0.06427978034350136,52.98849678039551,21.60741424560547,0.6894237995147705,4.025571823120117,-2.8962493240833282,11.370925903320312,0.017264519277696438,0.001159102000976086,3.380601851326246,0.5396584366302746,0.14810710893796103,6.163769382844764,3.1360245594914287,0.33014311408391495,0.08898294270404805,0.050271415524915444,0.032245377440883384,0.020200200058623177,0.017377429641079453,0.017547843485723677,0.01856131684377376,0.021151081432635884,0.024094275971559508,0.0231071744307926,0.020704766474214733,0.0170113974302449,0.01731091645000298,0.020545368274778604,0.035798625664531264,0.04748603256986299,0.09313406167147502,0.43446977393085456
WIN_20260823_20_25_20_Pro_jpg,A,145.6306849140779,47.594169264708555,198.5,206.5,52.06871155874591,59.903835686899995,135.49783424857685,55.62710418325059,-0.315185553752981,-0.38762391137718855,0.3600576439251224,0.08679157893872794,55.766862869262695,22.462507247924805,-0.46581411361694336,3.674877166748047,-0.7833313941955566,11.460309028625488,0.01268641417437236,0.0027817041588173246,3.9073624262323206,0.5068339310586214,0.14256425076273707,6.295090603845628,3.0304948461031547,0.3422481028191963,0.09701743477350802,0.05696972308753094,0.029385370878838996,0.01514294010695626,0.013777954943751513,0.015198480613664626,0.015074635441676823,0.01905358484061219,0.02104048413509487,0.018890995727495474,0.016110635704347613,0.015402276206541323,0.015293883464463514,0.018755504799898216,0.032121836150887956,0.057266458992575445,0.09526523593172201,0.4482325642004342
WIN_20260823_20_34_04_Pro_jpg,B,160.05735364112329,49.312047744723,224.0,233.0,49.72608281770585,53.92156704867775,146.63618714812657,51.36655306821936,0.5521591830345197,0.723905491146699,0.44088526499708797,0.33275092215103863,60.29983139038086,20.035926818847656,1.217240333557129,3.989922046661377,7.7773823738098145,9.912557601928711,0.11875297477391718,0.016658733936220846,4.904751740655372,0.45531872043313837,0.11802207510305188,6.6719572792328385,3.1911847897652805,0.35313531353135313,0.09138505473584008,0.05402189433603046,0.030699666825321277,0.0188005711565921,0.016179540709812108,0.016896715849595432,0.01832460732984293,0.028795811518324606,0.028081865778200855,0.02570204664445502,0.020704426463588766,0.017134697762970014,0.017610661589719183,0.01951451689671585,0.03236554021894336,0.05201809324982603,0.0894811994288434,0.4186101856258924
WIN_20260823_20_34_06_Pro_jpg,B,152.85424304374905,52.699473009518925,214.0,226.5,40.14492927519787,41.244504035720766,144.7487436471527,56.605470779110654,0.014320912735977173,-0.051647852537185214,0.3672301255103241,0.1415510409197405,59.54778289794922,22.205498695373535,-0.7990929186344147,3.1259963512420654,1.793921709060669,9.487150192260742,0.07455510288441072,0.01694573358500941,6.3123424253817255,0.4346393374248168,0.11017756367867891,6.826438649833703,3.088258147405023,0.3576254715242271,0.09441080863012899,0.05875941973856741,0.030124042788254157,0.01844354089933274,0.01666802549322253,0.015036326544330188,0.016327281691477277,0.019672046900278694,0.022217707681114543,0.01962880603857957,0.01751803555358914,0.015851157968558353,0.01565653696462333,0.01899732843730334,0.0301358028355369,0.05346792116971594,0.09037404392114731,0.4432600851707763
WIN_20260823_20_34_09_Pro_jpg,B,154.65589660743134,48.04694525987766,215.0,224.25,44.760147177187534,49.281990307443444,138.8769520732364,52.59897654545028,-0.10907007733802364,0.1066763288328963,0.41313096470047145,0.13698308270676693,57.01042556762695,20.878080368041992,0.9509506821632385,3.447585105895996,-1.2540782690048218,10.002622604370117,0.07215939687668282,0.016917293233082706,6.947531159381725,0.4227177449036382,0.11258750724257867,6.859669204762293,3.03836201484069,0.3562197092084006,0.09417040358744394,0.05532197388802833,0.02851558008508681,0.01943198804185351,0.01884760366182014,0.016375304270856383,0.01792431953972118,0.018167184086466597,0.022350077450763443,0.020358486390794423,0.017039167957512723,0.01586754053121766,0.015177647464642981,0.018972059330803724,0.030355294929285962,0.051221804511278196,0.08911118776589629,0.4536046912728527
WIN_20260823_20_34_11_Pro_jpg,B,145.65769285985533,50.7266405039961,207.5,222.5,46.65378811735685,53.199170238029026,136.54308955514185,55.54532871724163,-0.05404719272140619,0.08576362672900813,0.4158041345966823,0.20140345157189676,56.08940124511719,22.024163246154785,0.4891297207213938,3.7113893032073975,-0.0367865189909935,10.059521675109863,0.05908967085084908,0.015350507379741134,5.894922207221063,0.43813681876460653,0.11187697451193311,6.802456637617878,3.0592546300274517,0.3666085470560449,0.09122656305476057,0.05619363766948113,0.030944207040864594,0.019660098649427513,0.015872154166278057,0.014779207980527677,0.018836420239469732,0.021921821791226332,0.023563702596858485,0.022305812578534798,0.017598063713241418,0.017477264654260083,0.01560161095922627,0.01754612670733943,0.0304833679416976,0.052281900035990356,0.09126414675641689,0.4479677273662634
WIN_20260823_20_34_12_Pro-1-_jpg,B,152.91178335493964,51.727407350110056,215.5,227.0,47.9307579275911,48.54550481999985,141.8781944644503,57.325368654736444,0.006563002856443524,0.07883302135356077,0.4101278115288334,0.19728453428754394,58.07693672180176,23.03644847869873,0.21521667763590813,3.974320411682129,1.8729591369628906,11.929568767547607,0.08080035744668801,0.01865258028136216,6.296085327301636,0.41803373079978245,0.1040496307613749,6.901400115313988,3.1207848842836885,0.36360968746203726,0.0961030614511163,0.05730637663791219,0.03203045108736903,0.01755832851326857,0.015158828590124613,0.014022953374111016,0.017518468842299968,0.018762723586137613,0.021189940880146564,0.02253980364051667,0.018875470967548248,0.014779130868370082,0.016948444385680245,0.019314655670999957,0.03327450419223879,0.053754018033336105,0.08768819167173714,0.435188921171488
WIN_20260823_20_34_14_Pro_jpg,B,145.00463141644153,50.16315797450476,213.0,223.0,46.91711040113596,52.831867794164644,136.26619110193354,57.46243481872057,0.012998201851202111,0.1944644961154495,0.42631875351980475,0.1714910587932587,55.75761413574219,22.858665466308594,1.1481759548187256,3.9175844192504883,2.2805886268615723,11.521154403686523,0.06377551020408163,0.009229676961306355,6.679894334442233,0.4079699078377692,0.1049683297570486,6.870993773625783,3.0180732983365886,0.36427732079905994,0.09502551020408163,0.05899234693877551,0.029075003216261417,0.017857142857142856,0.01526446574369897,0.014079219072648771,0.01721938775510204,0.018396846254927726,0.01896001501783368,0.017059948979591837,0.014266941993617421,0.01445466491458607,0.017458231650084477,0.017270508729115824,0.030747459153479994,0.05532525510204082,0.09029472498592078,0.4529754082973531
WIN_20260823_20_34_43_Pro_jpg,B,145.57687866568915,47.154661386276175,201.5,215.0,50.507627917262354,51.4537235383677,137.35144749329214,52.16467892182996,0.25549279106945155,0.19611850346081422,0.42814283344392834,0.2559147553365264,56.697893142700195,20.748101234436035,0.8792112767696381,3.97536301612854,4.941948652267456,11.228530406951904,0.04087041833451063,0.006930024482191651,4.752248671943805,0.4752681219026714,0.12284843591097952,6.572608126480885,3.1961949190157783,0.33922265581268896,0.09150632965606731,0.05284048130802503,0.030881529465443702,0.020163145225996257,0.01763382218881443,0.02077303150493532,0.018291874084484364,0.023896617425713966,0.02882015306376145,0.023855930130133502,0.022636023858714698,0.018399362546181332,0.018207788300226117,0.02069673900874822,0.03219183966568922,0.04884370742444938,0.08163857922633666,0.42563567629693067
WIN_20260823_20_34_57_Pro_jpg,B,144.1780855399653,55.84314354484505,215.5,227.5,75.56758530972922,64.02244778884047,128.8366376318461,58.37440623717739,-0.016381035685622547,0.012015020763825598,0.5621002091054901,0.2321113156261121,52.90024375915527,23.338549613952637,1.4687212407588959,5.340553522109985,1.0717242918908596,16.653737545013428,0.08209273942824796,0.01677809227310214,6.8713983785442645,0.42113432124457983,0.10570096304518549,6.923186042373504,3.0257515170821203,0.3600124604458863,0.09584532741465496,0.05742451785939233,0.028867154283108043,0.01579384532787404,0.01289570090429406,0.01465736759367641,0.017328359859102707,0.018464439191883623,0.02098676670331935,0.020536469168493967,0.015783096326426396,0.014498085519043741,0.01503792494254214,0.018342324778432943,0.029560841056361503,0.0570342771432817,0.09091056157039012,0.44450298789182097
WIN_20260823_20_35_00_Pro_jpg,B,144.49650270758121,55.20589408763648,216.0,227.0,71.81980715146645,67.44227017890756,131.2588147036759,59.03453647036869,0.1431412194802664,0.21105851170861195,0.5308259721336854,0.25890173936799926,53.775333404541016,23.249183654785156,-0.06486554443836212,5.343593597412109,3.856757164001465,16.913829803466797,0.08280957106626971,0.022273679567758296,8.315947811334862,0.38990477434876913,0.10075778517299247,6.991498494406895,3.120827915813198,0.3555231763955924,0.0928437534458044,0.05783509183274717,0.026864584281941536,0.018414378652552653,0.014553249097472925,0.016429595324732607,0.018304112912118205,0.023704298915227,0.02638159539884971,0.02388097024256064,0.018501805054151624,0.01775278420994597,0.016429595324732607,0.019484160358844968,0.028882220555138786,0.05163790947736934,0.08314036828757305,0.4369831293417135
WIN_20260823_20_35_07_Pro_jpg,B,152.65681098204857,58.259851311175225,227.0,236.0,50.18397152675503,57.23002768811075,140.73988032382962,61.53572481946748,0.2310264696757961,0.09608568404427179,0.4488217967599411,0.2316488380671339,57.89923095703125,23.96534538269043,-0.5469518899917603,4.132096767425537,3.4029181003570557,13.903853416442871,0.13727560718057022,0.04798694232861806,7.930575699939439,0.3952518796167065,0.09448059207179751,7.156748375343191,3.1024931643812943,0.3577801958650707,0.09075081610446137,0.05772777572851347,0.027111766875691626,0.01899668019181114,0.016568483063328424,0.016213275299238303,0.018607181719260065,0.023394994559303592,0.02706581915111749,0.02337502563051056,0.01883139739528335,0.01643090315560392,0.017410228509249184,0.01824892351855649,0.030314187530682376,0.04961268904463298,0.08835690968443961,0.4424498416050686
WIN_20260823_20_35_12_Pro_jpg,B,148.47416701117555,53.440922935554255,212.5,223.0,52.726187198729036,54.213909614226175,134.61097834304218,58.765532222265904,0.11519502644073051,0.17642017116208464,0.48553802505647303,0.24785205218215686,55.4524040222168,23.495765686035156,-0.0005346834659576416,4.367678761482239,2.6129552125930786,11.862485885620117,0.06313506935312471,0.015470737005713456,7.177740884339363,0.4056339745729638,0.10799549497163802,6.855217949772419,3.126715796199864,0.36152592288627894,0.09421641478205336,0.0546767721246177,0.03071693492597683,0.019146800451804225,0.014932089674357715,0.017753159950730985,0.017629356304499764,0.021437712763976238,0.021915951650622482,0.023540237201656274,0.019373301244058096,0.01646036645428172,0.017848509492132236,0.02058140879255304,0.03200945116962215,0.05311899746766505,0.08760412807492537,0.435482197237289
WIN_20260823_20_35_18_Pro_jpg,B,152.89206087059102,52.93803992963551,219.0,227.0,78.69187212457237,65.26504538863026,136.9467972159962,55.73593433828281,0.18117045868347392,-0.032445382212137164,0.6108967433245871,0.30305532617671344,56.57535934448242,22.328096389770508,-1.6621686220169067,6.014716625213623,4.260708332061768,17.636577606201172,0.09322268326417704,0.026897511207296335,7.228270228809539,0.4160511209542982,0.10478130365687731,6.95750618204637,3.127182796591755,0.34820188300663685,0.09496284062758051,0.05355668278872242,0.02946058091286307,0.018325434439178515,0.015481832543443918,0.015639810426540283,0.021300138312586446,0.022885454759938657,0.02901970036569541,0.023121387283236993,0.022177657190043647,0.019447445593455782,0.017440963111591296,0.01990521327014218,0.0305532617671346,0.05131532381738823,0.08357030015797788,0.4342338091305887
WIN_20260823_20_35_22_Pro_jpg,B,146.96026782548972,55.52854744840511,218.0,228.5,53.619772205905576,53.25289245584021,136.06507105940673,57.87456726265617,0.12555415962412889,0.14969758112678916,0.510547452621744,0.2616385495958926,55.7764949798584,23.024348258972168,0.40609126538038254,4.168362021446228,3.422056555747986,13.568438529968262,0.09496550467405906,0.018093987180660617,8.181647354931464,0.4000440177207123,0.09903402309394317,7.064752708004523,3.100089894975395,0.3528536555008118,0.09429601536997806,0.05275237591006049,0.028820438114124745,0.017318122293213542,0.015049280740028587,0.016081726344809956,0.019435929465689793,0.021196634467596946,0.025227291796281963,0.021922138433876706,0.019880599811389087,0.017510106099674287,0.020268935173996312,0.019739888716510893,0.030747184624317976,0.051132404616322,0.0852254721768171,0.4422941304048821
WIN_20260823_20_35_24_Pro_jpg,B,157.57534530481837,53.25438276352469,223.0,232.0,45.790845247722906,46.50151655741985,147.96229575079417,55.160694055864994,0.14415603992931822,0.21278909782993405,0.421734484258656,0.24189081621078526,60.5654411315918,21.567999839782715,0.6989995539188385,3.121194839477539,2.885993719100952,12.122441291809082,0.1241564733231137,0.03598445496086336,6.963452675662856,0.4148612295310967,0.10633481995527758,6.918378771311044,3.1022870105008664,0.3590891357881649,0.09712164327350611,0.055325216036714406,0.027786880049352654,0.01881365333730939,0.01395789652622504,0.0161613867711086,0.01708984005346728,0.02216819298165179,0.020476370570927552,0.01956074406200846,0.01855974306100746,0.017927755795273993,0.019317808793541523,0.021606895044312204,0.033202942787607326,0.04820963034390398,0.08793988006312359,0.44155671747691977
WIN_20260823_20_35_26_Pro_jpg,B,141.8734602463606,55.92705694307654,219.0,231.0,57.24806879463635,57.379034910663385,130.68561434193268,61.016391085281995,-0.0607531577942768,-0.06378168429427768,0.4808336977117038,0.180002915026964,53.69658279418945,24.50321388244629,0.6389219164848328,4.644768238067627,1.0021908283233643,12.489006042480469,0.09418937414458131,0.0339678984695782,8.081786899164587,0.39896494874412247,0.09614479442312837,7.130764598826991,3.0443148797914112,0.3617548462323277,0.09213051823416507,0.05742603119078851,0.029879026380994024,0.0174901617839965,0.012971869989797406,0.01571497120921305,0.016469902346596708,0.019553742802303264,0.019239177962396152,0.020988194140795804,0.016032648301996792,0.016674664107485606,0.0174901617839965,0.016032648301996792,0.027838507506194432,0.053742802303262956,0.09109459262498178,0.45022591458970995
WIN_20260823_20_35_30_Pro_jpg,B,155.26483051773045,53.80113062372473,223.0,233.0,48.835241978455244,48.59414313106333,145.18176127686488,57.05563022367679,0.18077298924554874,0.31013806173088376,0.4376478011298527,0.2412947419022201,59.386789321899414,22.48883056640625,0.6913715302944183,3.8015297651290894,3.7230077981948853,11.44262170791626,0.12231200176848024,0.04366909483198637,7.7742871883680245,0.3996591726826735,0.10063020369438974,7.04932049190484,3.092449783664736,0.3628858957438371,0.09304077028498832,0.05397725659259117,0.028910607284525082,0.01889992271636469,0.017394206101052977,0.016446764361220244,0.019168875446652668,0.020760984593805105,0.022727588801547363,0.019397890289275545,0.019251190454866694,0.017489154151217583,0.021205161620658365,0.018151751740556492,0.030291631771073843,0.05279020572999833,0.08452846643025767,0.44556757162934785
WIN_20260823_20_35_32_Pro_jpg,B,161.1141770982747,53.4210675326367,225.5,236.0,57.58616215239725,52.01337846817211,151.19346558057276,57.655538923766485,0.3105299024239945,0.2736473608698834,0.5132213139033246,0.3433285072487069,62.0863037109375,22.66168975830078,-0.5770707279443741,4.316612005233765,6.845202445983887,11.047431468963623,0.1392683170378102,0.063666155593772,7.269498476421799,0.4203286504646716,0.10954925360285572,6.905834231806113,3.037552283999833,0.3536205005433043,0.09408123497001004,0.057140578180488344,0.027931063946970033,0.019337920189502915,0.015672388508460186,0.014408697018903512,0.019085506549071415,0.018294177030986868,0.018290599390397004,0.01923269963662714,0.016828403756516938,0.015428456230891376,0.017013941656421255,0.01812065889618108,0.03386709387516655,0.05424104777392774,0.09239139554254003,0.45003203774113953
WIN_20260823_20_35_55_Pro_jpg,B,153.9993578979607,53.18683700808366,226.0,236.0,49.03488715181807,51.77881740982473,142.84070608865585,56.30581637982287,0.34324789518158827,0.28928247709458477,0.40269754537695224,0.25551859975985514,58.67706108093262,22.01905345916748,-1.20335653424263,2.996394157409668,5.144015073776245,11.146305561065674,0.13135272540593354,0.06872362526391815,5.640512457718481,0.46594202844928495,0.11177219919470835,6.76252015294568,3.4103178110595036,0.3406294124556902,0.0838607448541607,0.04662756394243038,0.036594217497960435,0.026131628085459643,0.021155548245470227,0.021654768264094258,0.025583257168141547,0.034181880036363965,0.037232123102800926,0.03162096133965289,0.02684398784991275,0.020900067248167068,0.02417018421339507,0.027690231907171674,0.03526659297348805,0.04533856450207099,0.08122877590645398,0.3775781953095785
WIN_20260823_20_37_18_Pro_jpg,B,156.24835353631764,52.90383326024588,220.0,230.0,56.14689319461678,58.023071787379635,143.45280137443925,59.82468254829572,0.17362309238842147,0.1717974428340624,0.42636250835162737,0.22833770955362553,58.7360725402832,23.543428421020508,0.17695526778697968,4.182932376861572,3.0873656272888184,14.09805965423584,0.10451465114059368,0.049155292545576025,7.261834341553726,0.42778537981288345,0.10861969768468274,6.863308192576652,3.1356438612915154,0.34776758409785935,0.09371844071904666,0.05493839628357908,0.028252362317457286,0.020499729248858976,0.016360331246212886,0.016360331246212886,0.019995960412037973,0.020904867703494243,0.026373973468098548,0.022318723490203998,0.019880869497950027,0.015552413653807311,0.014412522668702873,0.01994750656167979,0.030574125049154542,0.05196850393700787,0.08543728539688952,0.4338517471217936
WIN_20260823_20_37_25_Pro_jpg,B,149.60523654343186,55.09123227360979,218.0,228.0,63.95860854249229,62.88951668270933,134.2642993594786,59.28520893553095,0.020679986912157288,0.09386462740402832,0.49117878413304866,0.2653418124006359,55.276161193847656,23.34857177734375,0.13365678489208221,4.668195724487305,2.87488055229187,14.918936729431152,0.09153776160145587,0.01001589825119237,8.000712200476432,0.40477300906841357,0.0992529399365903,7.049994452196586,3.1306784723795333,0.35341219290263876,0.08871224165341812,0.057683839718185824,0.030771495877502945,0.01856232939035487,0.015499779832672832,0.016014558689717927,0.016560509554140127,0.022811551859759523,0.026205641492265695,0.02501100836635843,0.020002247443532982,0.017011128775834657,0.018878525677042363,0.018744313011828936,0.03020695728753853,0.052814923025058996,0.09084216725559481,0.4363957597173145
WIN_20260823_20_38_36_Pro_jpg,B,154.1120930159155,52.40753475656332,220.5,228.5,52.39005203037317,51.9462168719558,140.69175777428666,57.60335394541633,-0.03017616249179838,0.09908625453242019,0.4415589866368077,0.2191294758661914,57.751827239990234,22.70655632019043,1.2511910200119019,3.4900251626968384,1.0545262396335602,14.058181762695312,0.10156512083669057,0.028845709540531908,6.752801441890272,0.44143613268007703,0.10964015378527271,6.874651559703706,3.319788813964899,0.33993115523514345,0.08671437713860611,0.04797970172314435,0.03351851385155535,0.019898049264891714,0.01741392633545876,0.020939398505540253,0.023943614891570007,0.03313786604404993,0.03603408295534884,0.03056473924758688,0.0267173035997997,0.02109895928857828,0.020069654372133622,0.023446170020406137,0.03126792918858494,0.04578939293383229,0.07915898014056075,0.3982395803642307
WIN_20260823_20_38_40_Pro_jpg,B,152.13491922615475,56.78467362653894,223.5,235.0,67.24754970116948,60.003586147474564,137.61494966081762,60.386484570256556,-0.10942053317757477,-0.016260447108482616,0.5463952529004354,0.21365014466153792,56.6018009185791,23.790279388427734,0.9577243700623512,4.7432568073272705,0.7781519144773483,15.62470006942749,0.12200293895091677,0.04006916116371175,7.667286864120836,0.40660323702664714,0.09962695096413945,7.0792304999663465,3.070434122194121,0.35006741037338324,0.09287735976339384,0.055499782140977796,0.029274780492614595,0.016776604775271865,0.01621576800653685,0.01613625061775461,0.018322561855648005,0.020932345342853757,0.024847696943509315,0.021982723923130665,0.01826130898920953,0.015962553700686617,0.015525645108191516,0.019532924868181693,0.02982396299775896,0.05219379648935307,0.09072078637657377,0.44523628982938657
WIN_20260823_20_38_49_Pro_jpg,B,154.26411075612353,52.79067320285187,222.0,232.0,54.50284090909091,50.111384692179676,145.33741830065358,59.12892764109989,-0.1649502850095325,0.02563934508356438,0.4791666666666667,0.1799354491662184,59.299217224121094,23.326440811157227,0.4736979305744171,3.7852492332458496,-0.5689508318901062,11.765437126159668,0.11244019138755981,0.02764486975013291,6.51885282574122,0.4226427036698395,0.10877014015783457,6.906299519667831,3.092755756058697,0.35126412049488975,0.0915032679738562,0.05980861244019139,0.0298202614379085,0.01541733120680489,0.013290802764486975,0.014752791068580542,0.0164760348583878,0.022448368751870697,0.025204117855875046,0.022448368751870697,0.017676767676767676,0.017958695001496557,0.014619883040935672,0.018872939925571503,0.030364923747276687,0.057133838383838384,0.08626198083067092,0.4411217437533227
WIN_20260823_20_38_51_Pro_jpg,B,157.56483899042647,53.06862504694609,229.0,238.0,50.79610721123165,57.55053954710461,141.3045843045843,63.274184325968,-0.06796497274383442,0.2689021521270071,0.47796647796647795,0.192242355605889,58.160682678222656,25.276643753051758,1.0657011270523071,4.03837776184082,2.489896059036255,12.649489402770996,0.14680329694809535,0.04418942092072286,6.522129472218776,0.41614809887686566,0.10481601537695248,6.904021630907353,3.0273705933562085,0.3647096362476069,0.09555492638731597,0.05783105783105783,0.029637029637029636,0.01701622477245746,0.016206016206016208,0.015315890236119975,0.015855039637599093,0.019269325016707507,0.021059349074664963,0.019731737057975835,0.017280042210790134,0.014580973952434882,0.014509959108297058,0.016273133375877474,0.028736912452662064,0.05368684870069912,0.09075319878643978,0.4500283125707814
WIN_20260823_20_38_53_Pro_jpg,B,154.7835051546392,54.64164559663771,224.0,233.0,52.503381119826884,48.71736273434724,142.04335031126203,63.45139684827553,-0.20986988048429822,-0.105265859239646,0.48080438756855576,0.1288058856819468,57.874603271484375,25.110004425048828,0.6264925003051758,3.7319836616516113,-0.325876384973526,11.46873664855957,0.13065432358510415,0.04397222806648433,6.835943932489487,0.40934659238232646,0.10279639956427555,6.963395966434626,3.048662837660678,0.35728542914171657,0.09530277306168647,0.05928440846173936,0.027617430673457836,0.016499864755206924,0.012308715901530274,0.014304723885562209,0.016525183927560836,0.021909656478225587,0.023619427811044577,0.021639166892074655,0.016072439162422184,0.014970059880239521,0.013972316531731522,0.01802037085400888,0.03081744580830504,0.05491268672417421,0.0898379970544919,0.44799290308272344
WIN_20260823_20_38_54_Pro_jpg,B,154.19448909244022,56.03549796469622,225.0,234.5,61.5589906300732,58.90950549177997,141.34778544656865,61.73670425824699,-0.036187799446315255,0.027709899422274975,0.5071454740951644,0.19830526562694123,57.80541229248047,24.53837299346924,0.5608926117420197,4.991385221481323,1.284030869603157,14.097142219543457,0.12938319402146914,0.030405127351765412,7.234795658854034,0.4081890599892777,0.09994557700721558,7.046459884632219,2.9973954523237074,0.35723721472451553,0.09472479655273815,0.061430443655842826,0.027581250812320456,0.016333362248279713,0.014491626295941386,0.01424737375820041,0.014947677292299056,0.0173228746619826,0.01914362320162083,0.01790967407503402,0.015900628433953158,0.015316144378116299,0.015330427317842128,0.017718898151938445,0.027322418511378642,0.053356443983671356,0.09214240131684531,0.45519779784719083
WIN_20260823_20_38_57_Pro_jpg,B,149.3585082219092,57.20760268750232,221.5,231.0,55.31111271345666,56.92624320872387,138.60989280040084,62.34503290944576,-0.05774684671325049,0.09508191626113192,0.4410257659300547,0.1637943007682277,56.737043380737305,24.67878532409668,-0.4218914657831192,3.789684295654297,1.8768810033798218,12.88650131225586,0.11003444034764315,0.031733794804410013,7.3614811927417465,0.4146115251357292,0.10216410618175073,7.012126552591687,3.138751240831194,0.34714571474177935,0.09547535792162079,0.058133432223970646,0.028133192645550496,0.016745036900630332,0.015527386335246552,0.01677244848812466,0.0187986304425617,0.022115136095609486,0.025438167752375156,0.022869912862521574,0.018207892143023797,0.016836641808256787,0.016130292088514804,0.02012870391585137,0.02827171839558839,0.05598159598467494,0.08753355585266398,0.43004334621795803
WIN_20260823_20_39_00_Pro_jpg,B,145.98886620894416,60.21922009658905,227.0,237.0,50.70698400312134,50.62992438101036,136.28062128635463,63.327661500814536,-0.030161840065827963,0.3687666899619187,0.4404994147483418,0.17043784895680283,55.78476333618164,25.225223541259766,-0.17515280842781067,3.5672290325164795,1.3517094850540161,12.51734733581543,0.13113728760554572,0.03364678225095504,9.077584427737158,0.3810596156140303,0.09126915431010031,7.236195526501573,3.0964010693147395,0.3545947166403251,0.09715417491921192,0.055392300910960916,0.026790367976649642,0.01740852705097467,0.015219430834983842,0.01542791618888773,0.017043784895680283,0.022829146252475764,0.02553945585322631,0.02356652440155873,0.018953864237437557,0.016647158278059567,0.01404603979711276,0.019806108620869383,0.028979464192640466,0.054639873560623164,0.08882819612433346,0.43828974434322654
WIN_20260823_20_39_10_Pro_jpg,B,152.43611697708891,55.91833523506061,225.0,236.0,51.4098876611959,51.9159363350082,141.35515541003275,59.76512265597064,-0.01628002658718685,0.2907027892390049,0.44344455445518405,0.20062767914805774,57.66786575317383,23.603150367736816,1.0229970514774323,3.791132926940918,2.2651570215821266,12.141451358795166,0.13056866090025904,0.037465145456593824,8.226262612172903,0.3969985599871573,0.09734026181191757,7.151290568262883,3.054219478230228,0.3595731471721427,0.09729746928690845,0.059814263043846294,0.029044786711663884,0.017624578077968172,0.014799556483659687,0.014033514518535368,0.01575233869832268,0.020328312669566945,0.02413074585081513,0.02100073016396896,0.01871112426711806,0.01500095356746645,0.01477313979989213,0.018706617243317243,0.030306660998959234,0.053174302890119034,0.08924652294690524,0.44573425527095156
WIN_20260823_20_39_15_Pro_jpg,B,154.0991410041174,54.79520759787779,223.0,233.0,62.99662530260903,61.510763788724276,140.80732855148523,61.71342586374611,0.0462673969917025,0.006907007288162344,0.49928296796468163,0.25380192524321965,57.845314025878906,24.422945022583008,0.6010596007108688,4.961582183837891,3.027960956096649,15.210073471069336,0.11485530273708017,0.02297564181765754,7.319582315414733,0.406116697699781,0.09869136899987875,7.064055981906195,3.113720960445383,0.35582186403805693,0.09290338703913066,0.05789873720948144,0.028210288679266584,0.016692924872150287,0.0154857366759363,0.015570696834490362,0.0181443230312138,0.020065665514004877,0.025381266655984364,0.023211679411911046,0.017984179037533188,0.014395589914741422,0.016160902802005814,0.01866085467646008,0.029853281399434876,0.05203093600804823,0.09365819457192573,0.4362201952280753
WIN_20260823_20_39_26_Pro_jpg,B,149.86301709919078,52.91961852813172,214.5,226.0,51.540714346346704,47.00636439815125,139.06268997944062,57.709197939963275,-0.05452455404272352,0.18451337237433796,0.40377570945665886,0.1731443412420614,57.14102363586426,23.098322868347168,0.5055544823408127,3.205171585083008,1.3351349532604218,11.780900478363037,0.07779513511122377,0.01927987657325244,7.20447228201398,0.4149552366949223,0.1045040426103981,6.939928626141765,3.1128669978488928,0.3536295920894822,0.09360425269780087,0.056264757586696856,0.029929489101527873,0.01790150442293936,0.016856949217987985,0.014805293045104473,0.018904547886833024,0.02247312861761485,0.024758336809719977,0.0229927638028172,0.019483851942461883,0.015254881794543255,0.014798114746362424,0.019236826923338855,0.029219706708964937,0.05406868472758792,0.09118646322301406,0.4347908556252117
WIN_20260823_20_39_41_Pro_jpg,B,152.87465627864344,51.185038510113024,218.0,231.0,53.13565022421525,57.96666204747093,142.54508678063422,57.65408173242203,-0.0529200668116866,0.09834085640382086,0.44346235903687903,0.18028040231636697,58.61741638183594,22.662837982177734,1.7654987573623657,4.138444423675537,2.4440271854400635,12.628705978393555,0.09395797990343208,0.024078024992380372,6.912500660101161,0.430577177846828,0.10591262184743258,6.9688284987630755,3.0983257139805227,0.35344588984223635,0.09360104001155568,0.054600606673407485,0.029216315307057743,0.018756011542160948,0.017873510540788267,0.015391648887534288,0.01882092443952394,0.02280018331805683,0.023249377248823692,0.020519397242705996,0.020115818348064616,0.017477971977466415,0.017954472587367747,0.022456461961503207,0.030044843049327353,0.05338249438922732,0.08681207568972989,0.44243824931388126
WIN_20260823_20_39_51_Pro_jpg,B,159.48719868243748,54.67783978231132,224.0,234.0,47.18415930528522,48.55285850987187,146.1329540350352,54.771982558890436,-0.14439816213113735,0.15874609680316534,0.4075460398263213,0.15981825365468194,60.086334228515625,21.705778121948242,1.6579415798187256,4.029745578765869,-0.5801579356193542,12.513842582702637,0.1248868778280543,0.04583168708020545,8.069339368649892,0.3998704780321568,0.11048641273077765,6.911951972431675,3.1762635564522266,0.35559215451414883,0.09087317265902806,0.06033837400808504,0.03076216712580349,0.01904002833864683,0.01560647965231134,0.016918700404252134,0.019913160652792333,0.022850567154364624,0.025752358137445724,0.024619199433227063,0.023057343913759545,0.01943679216406489,0.019217144881331916,0.020149047750483026,0.032058094226000707,0.04591368227731864,0.08316870802054524,0.43260715550832446
WIN_20260823_20_40_59_Pro_jpg,B,155.5026264445445,53.563906972160915,224.0,235.0,52.59222572414828,57.55381175316733,145.64039284814908,58.82638665943801,0.00766289279093523,0.006954540295717517,0.3881449389523434,0.19090499774876182,59.709075927734375,23.33336067199707,-0.0015360011020675302,4.424623966217041,1.9370038509368896,12.455540657043457,0.1327683615819209,0.03895331549212013,8.105679972427987,0.41336477109174774,0.10191973125258028,7.02033209542725,3.1483411290288315,0.3573465405973285,0.09309542280837858,0.055401662049861494,0.029221618825963278,0.018101887768295837,0.01548728280030219,0.01590841510556051,0.02017067494181536,0.0240132072639952,0.028959959707882146,0.02111210228962236,0.01965347814843548,0.016651798988997917,0.0156452029997414,0.020261143628995948,0.031549004396172746,0.053226286054118346,0.08786797502230152,0.43427348274993705
WIN_20260823_20_41_01_Pro_jpg,B,150.65474676673165,56.776581382537955,223.0,232.0,61.284411725685956,63.59285416884374,135.63407564934522,65.00576006850396,0.0348848779503137,0.019550621689369947,0.4596459445846359,0.25069077124856587,55.458885192871094,25.843379974365234,0.4096735566854477,4.142614364624023,3.1511428207159042,13.714140892028809,0.12185976378989508,0.02762290854010344,7.368454246229315,0.4263041808111078,0.10680960833165483,6.904134093003144,3.0684616208177857,0.35371801706959305,0.0925305474132403,0.05912021165286506,0.028831740325361302,0.017823541222844616,0.015509247097857021,0.013736112327985054,0.017716232219116446,0.022399586133997815,0.02528797924218256,0.020994214491274518,0.017716110396363484,0.014672539465455403,0.01680718193815017,0.020275118263781984,0.02762813341521122,0.05376442658694516,0.09003349940375284,0.4431700916418412
WIN_20260823_20_41_07_Pro_jpg,B,152.55482260652522,55.90181265852844,223.0,235.0,57.281378679274056,53.29475740467065,138.63683366018898,61.760134443197984,-0.1569990867889278,0.22950799722514487,0.41120146904512067,0.14069186875891584,57.15241241455078,24.091632843017578,1.802245855331421,4.308408737182617,-0.37469351291656494,13.646672248840332,0.11713011542497377,0.048080849326255615,7.296119597274048,0.40173923768021813,0.10168115649562885,6.975079209068822,3.017376763210759,0.3532453637660485,0.09488926746166951,0.05535152151101784,0.0270199370409234,0.01613326337880378,0.014597795018374847,0.014501160092807424,0.017118402282453638,0.019250425894378195,0.020722743977133525,0.019674711437565582,0.01856899488926746,0.015739769150052464,0.014428121720881428,0.019701919150673746,0.030501753850846424,0.05298126064735945,0.09155299055613851,0.45697796432318993
WIN_20260823_20_41_12_Pro_jpg,B,156.6261230131306,54.934370335927085,225.0,235.0,56.22589325758708,55.478788864307084,142.1039391845197,60.422636956593,-0.02088654498863438,0.09609995177493509,0.4459234608985025,0.19406702898550723,58.22187423706055,23.877981185913086,0.25878456234931946,4.922654628753662,1.8535544872283936,14.601282119750977,0.13349560007489233,0.05356125356125356,7.513833785765439,0.3959708609653848,0.09775191124814928,7.044168002916439,3.0480278558672156,0.3606951377334073,0.09357290946786455,0.06023550724637681,0.028679962013295347,0.01959696801626918,0.013683483068417416,0.015586454361964566,0.01728395061728395,0.018043684710351376,0.021079384063387652,0.021753756447634,0.016530797101449276,0.01741534208707671,0.0157644824311491,0.018935729094678645,0.031095828972940647,0.0552536231884058,0.09057971014492754,0.45256784032294234
WIN_20260823_20_41_18_Pro_jpg,B,159.8708973151123,51.78629342873997,225.5,235.5,57.70606023019634,57.5923688645641,149.0097922017214,58.07147953311414,0.009316712243258491,0.050734238159222664,0.4609317264725795,0.21230977917981073,61.026058197021484,22.579505920410156,0.032633934170007706,4.643524169921875,2.4014912247657776,14.567092418670654,0.13053900553881226,0.04722535607469465,6.412644533665576,0.4370516630879975,0.10929070754723977,6.855046154251011,3.1459707629,0.35491685446944055,0.08936487890575982,0.05315432176656151,0.03149126766279057,0.021368178740690587,0.016675078864353314,0.01692416403785489,0.019474212573723178,0.023081456075068757,0.025366762174051136,0.022886520114727773,0.020111175644095036,0.018317438536976795,0.01860049692558665,0.021122145110410093,0.03131070780112476,0.053065236593059936,0.08536857015645219,0.43210322719925776
WIN_20260823_20_41_26_Pro_jpg,B,152.7269141115295,55.11649209907583,222.0,233.0,55.35035960663438,57.0794403444341,142.52465483234715,59.80575043873885,0.04156850905525845,0.049312822959830256,0.5079994128871276,0.18729096989966554,58.57633972167969,23.788551330566406,-0.45116686820983887,4.209009170532227,2.963655710220337,12.856289863586426,0.11628849270664506,0.054509592971131435,6.304643853668996,0.44532339782995267,0.11126117615545514,6.820982524812765,3.123586319765851,0.3606158833063209,0.0959297113143267,0.05576474807244038,0.02951240376390077,0.02042343883661249,0.01506186121570737,0.015290846877673224,0.017026451809060504,0.019306780176345392,0.021875818705789887,0.020674977196716328,0.016815235008103727,0.017213555675094135,0.017572171418325264,0.019006634391249777,0.03122326775021386,0.05680317040951123,0.09035500427715996,0.4352894943673042
WIN_20260823_20_42_06_Pro_jpg,B,146.8590078328982,56.16315286085139,216.0,228.0,60.10254015689204,68.13714955658597,134.5102377353305,61.73801796357519,0.13382513155681822,0.24827184902776855,0.5234299848838807,0.2797856259447575,55.223907470703125,24.658370971679688,1.1065192222595215,4.65395975112915,6.178497314453125,14.466135025024414,0.08535674262233844,0.03324617108703773,6.096919324079013,0.43349451416837326,0.11010693293826317,6.829906867538437,3.0623011369334248,0.3517228393899454,0.09525543016624197,0.05751729159082636,0.030821502244873195,0.018323019051086034,0.015653440116490717,0.014383561643835616,0.016138818104598957,0.019431376559623646,0.022602739726027398,0.02177948273728499,0.018493150684931507,0.013821441912588718,0.017370190511766904,0.01779505011249744,0.029184710977217098,0.05399830117704162,0.09464870768110666,0.4473307424831254
WIN_20260823_20_43_58_Pro_jpg,B,149.28111418411694,54.143178241476676,224.0,234.0,56.50849466613987,58.51492335078259,141.1084551560648,59.305439484281834,0.1352568002252633,0.20273512435024815,0.4843935203476887,0.30403002765705256,57.81653594970703,23.27817153930664,1.0315418243408203,4.177367210388184,4.575313568115234,14.676053047180176,0.12821019359936783,0.03516396681153694,6.941405259786598,0.41386038420903837,0.10322478216960441,6.988223671223358,3.0972180604622,0.3516396681153694,0.0947155645394167,0.056499407348873966,0.0311868322263933,0.015804030027657054,0.01616363896438278,0.016141670584547876,0.017037250938492638,0.020502454519203003,0.022566995768688293,0.018569735282497037,0.018288574453749158,0.0150138285262742,0.016555972663393974,0.019755037534571317,0.02989558003146903,0.05343989970224103,0.09365675233419964,0.44053733702094033
WIN_20260823_20_44_27_Pro_jpg,B,156.7315496092885,56.22057096442951,228.5,239.0,68.71616282753587,62.658259508710046,140.2039768372121,58.542341364908054,0.011135359079334647,0.04350823277610973,0.5131972228517627,0.23401896712414605,57.6099796295166,22.865520477294922,0.47142054326832294,5.662745237350464,2.2192417681217194,15.327730655670166,0.1403066865545995,0.02153763423165439,8.38390131850625,0.4034873160484814,0.10356667131312641,7.0662427170296604,3.049334110243045,0.35292048623784444,0.09717307680174922,0.056000834079353204,0.029694033868043444,0.017845570813450083,0.015738476890968838,0.015936410078119793,0.01574974796471723,0.01899259429605913,0.020258153731407935,0.021208003371107384,0.01708746491188722,0.014807908599166126,0.015697289424964116,0.01922845488342718,0.03252090600232724,0.05619351999220761,0.08640853454071792,0.44265230148414236
WIN_20260823_20_44_29_Pro_jpg,B,160.16957807041118,49.74821972101252,230.0,238.0,39.001315789473686,48.14557145678382,154.9217952163397,54.46113084735198,0.02754768042498666,-0.034998815873401305,0.3026315789473684,0.20800859983875303,63.773826599121094,21.20817756652832,-0.29708272218704224,4.193039894104004,2.305025577545166,11.205819129943848,0.1584843492586491,0.053377265238879736,6.446322488539881,0.42575722500935803,0.12095717811674467,6.711585882284847,3.1364679573887053,0.3532125205930807,0.08641665621472469,0.057236842105263155,0.02733520774757888,0.020723684210526314,0.013796563401479995,0.017737167428110722,0.01944061206572181,0.023112066648750335,0.02553077129803816,0.02096210696049449,0.020067728583970903,0.01961838215533459,0.018900343642611683,0.01874414245548266,0.03061543267728835,0.05170259293970634,0.09030477862786906,0.4251644736842105
WIN_20260823_20_44_30_Pro_jpg,B,161.19062220078223,57.057208479502805,228.5,238.5,50.135457126233916,55.375268666777544,151.5001756496748,59.849909891613386,0.10317388246652939,0.02518816091174483,0.43109946031154867,0.21085973467802607,61.83672904968262,23.537922859191895,-0.30994798988103867,4.085800409317017,2.5261975526809692,12.431459426879883,0.1455564635130784,0.05406483249452898,7.891160610241183,0.4149835763859047,0.1053266180440996,7.007655984212088,3.070526053165806,0.3516364667438142,0.0956119348081581,0.05636121725846223,0.02794590420681421,0.018277175397555686,0.016591336980286014,0.015646937806863482,0.01683094551411865,0.02246951666140204,0.02414404398746812,0.02032847270862804,0.016853273862608653,0.01846600221863631,0.016250702893138912,0.01849068608520877,0.031737914266224306,0.05189155049659727,0.09145988697073325,0.44495905062675756
WIN_20260823_20_44_34_Pro_jpg,B,149.26923076923077,57.19991217591149,226.0,234.0,51.24215648610578,60.91173415355924,137.61179361179362,59.90798201947111,0.002468351882016291,-0.04795800317302359,0.4221061792863359,0.197911227154047,56.651611328125,23.817298889160156,0.47501087188720703,3.921923875808716,0.7322274446487427,12.315850257873535,0.13945447560507107,0.02095292766934558,6.322352587444725,0.4297279054649318,0.1089042385417937,6.882033888720325,3.040609807260154,0.34529276693455796,0.0952088452088452,0.05608912792931233,0.027020105007043157,0.018632268632268634,0.014223194748358862,0.014969538729329853,0.014127764127764128,0.021897810218978103,0.020745293891663467,0.019720834934050455,0.018102697998259355,0.01678951678951679,0.016647458061211422,0.019556892778993435,0.030098280098280097,0.05263157894736842,0.08947583947583948,0.444487130234345
WIN_20260823_20_44_36_Pro_jpg,B,147.15896494238407,53.42253843447669,209.5,220.0,54.321645633319505,64.20212201437747,133.812550989756,59.95015228849395,-0.14833128967912465,-0.029970392549489175,0.44719241399815,0.16678367506468603,54.955135345458984,24.1655330657959,0.6235040025785565,4.138179302215576,0.4969979152083397,11.793045043945312,0.052234039472084555,0.018449546867906584,7.676525198351467,0.419391259968432,0.10732155280509167,6.874694812196561,3.0621062049913634,0.3528494995154825,0.09242802855783563,0.05868988208744096,0.027580204163368566,0.018707156807750466,0.015128094304717437,0.01458470729670166,0.016210544208369683,0.019563779336486814,0.019900660155045588,0.01979431122311856,0.018478504407708943,0.015887262453917594,0.01701515967966029,0.017254916311034495,0.02877689047877698,0.05295878260763619,0.0998060256267019,0.44083667973094787
WIN_20260823_20_44_39_Pro_jpg,B,137.0792792792793,52.93396580528274,213.0,226.0,70.52926486655221,66.89310540717862,119.84144144144145,57.514512981749675,0.1841408120412241,0.0036650923771336915,0.5263581488933602,0.24748490945674045,49.448455810546875,23.473628997802734,-0.574558436870575,4.387097358703613,4.271712303161621,13.259620666503906,0.06756180733162831,0.011295822676896846,9.438981501281539,0.40500244028783416,0.10200631712861373,7.105814304877471,3.016606512899599,0.35925755483969934,0.09817456665132689,0.06406406406406406,0.031120053655264924,0.017706237424547282,0.01577152600170503,0.013422818791946308,0.015425888665325285,0.01676727028839705,0.01961961961961962,0.018018018018018018,0.014352783366867874,0.014492753623188406,0.016544404557515217,0.017689684569479967,0.030690537084398978,0.057971014492753624,0.09484228473998295,0.44815560026827633
WIN_20260823_20_44_45_Pro_jpg,B,149.84231909103028,53.15401027791113,216.5,227.5,59.66751172764303,57.49638814757299,138.89382835034453,57.42704652042299,0.15821982942917978,0.058923723931189304,0.47469456938876453,0.232474265038615,57.0611515045166,22.97017002105713,-0.24257266521453857,3.5869944095611572,3.0029278993606567,12.61653995513916,0.08287174726648336,0.030093643734825294,8.461056364516102,0.4182886401531912,0.10586160417783702,6.966081996165968,3.1413342993484803,0.36184223695215867,0.09349956383252836,0.053703086333801726,0.03161916414805845,0.020596769797517823,0.01811961059565713,0.016702095406321095,0.01981551139097624,0.020388871579484383,0.021224733131335403,0.022502044536819955,0.018243795083384248,0.018724443956776863,0.01776955592692194,0.021719883360816636,0.031672376285945616,0.05404589736002696,0.08543005940357068,0.4331930015030111
WIN_20260823_20_44_47_Pro_jpg,B,158.5605220811729,54.093682010744125,227.0,236.0,68.96352583586626,55.503405551025246,148.4147391070468,56.802907037784,0.14632557585946512,-0.05169301269034311,0.6068299660289648,0.3097579425113464,60.69207000732422,22.521577835083008,-0.5284647345542908,3.8293685913085938,3.4643502235412598,13.527301788330078,0.14034549729121945,0.029679957089218667,8.920064149576236,0.39371662004511787,0.10589622389392336,7.095567636875469,3.0458999586604776,0.35294117647058826,0.09184885931558935,0.05754880915874476,0.030180608365019013,0.01966744144466297,0.015431063401543106,0.01479813414830304,0.017466730038022814,0.019724334600760455,0.023817510902381753,0.02054584483287335,0.017108352901710835,0.01511983271674441,0.01666155575999182,0.02029520295202952,0.03297410326524047,0.05675094136632598,0.08576101400388429,0.4532352039251763
WIN_20260823_20_44_49_Pro_jpg,B,152.4173479716577,56.57776017639839,227.0,238.0,76.52639452874546,60.67095110571888,140.06610604998832,58.80227411555606,0.15307554292623562,-0.06649289167458683,0.6396665954263732,0.315238298781791,57.6705207824707,23.438396453857422,-0.6405045986175537,3.6822543144226074,3.9019289016723633,14.184814453125,0.13626099820914117,0.023175659614927503,9.56971544361857,0.38867393443858356,0.0945848378012039,7.2141408323702425,3.095078873543562,0.35714285714285715,0.09489207095533234,0.05863116094370474,0.028077515965646335,0.01805769654261176,0.015164080085297951,0.016242786920282113,0.0185314957564432,0.02030348365035264,0.023175659614927503,0.02201325069459286,0.019253624910862847,0.017525112203462277,0.015572685509616133,0.02222486332303304,0.031512853927259804,0.05288804373662943,0.092327420388972,0.43791408420602695
WIN_20260823_20_44_51_Pro_jpg,B,165.72487672164598,55.113169154339865,227.0,235.0,57.034007821799015,56.88505336025766,157.49158306410473,56.91921986789396,0.17762630378067765,-0.03200422282414876,0.4449923482400952,0.2747832001360313,64.46147155761719,22.23261260986328,-1.5071998834609985,3.447544813156128,4.606410026550293,10.449431419372559,0.1512667660208644,0.022606644387654806,7.906280313050529,0.4350670277895814,0.1219560125502664,6.801330485326947,3.014398091062314,0.3583644584234323,0.09454174460125829,0.05926544240400668,0.02570789865871833,0.0180241455534773,0.014623363373575922,0.014882655981682884,0.016416249304396217,0.020574732188403333,0.022259321090706732,0.01965795164143896,0.019264792608610182,0.015473558918551266,0.01669449081803005,0.018874341098452645,0.031163049526989426,0.05268331039905642,0.08393945350894437,0.4549248747913189
WIN_20260823_20_44_53_Pro_jpg,B,156.32320916678162,55.42110819227928,224.0,233.5,67.00319133704373,59.6744442988644,143.31952068398536,57.9110686430497,0.1759075966556066,0.1087757130385115,0.5550787903329768,0.2613678905522395,58.77590751647949,22.64753818511963,-0.799020528793335,4.49430251121521,3.6446019411087036,14.995285034179688,0.12834055392546576,0.03523973218189873,8.77988564130348,0.4030843879687372,0.10111845093290747,7.075726332926914,3.082939453119758,0.35887944715297226,0.0925394752525017,0.05661345578567942,0.029798346437289465,0.01739897477985348,0.016355455696161342,0.01739174999430563,0.018608152652998367,0.02087523009795391,0.024079143755891444,0.020072935836127806,0.016582938996745508,0.015424237452661225,0.01806559511957577,0.017835019320807437,0.02899053286650186,0.056149971397335546,0.09273593955610263,0.43941205459293314
WIN_20260823_20_44_55_Pro_jpg,B,151.27659859246944,56.841005709006765,222.5,233.5,74.74952209673893,61.445579448779455,137.78279377017307,59.65240448411464,0.1630046520727018,-0.0028227607490177997,0.6137095622537391,0.30842556591984627,56.817718505859375,23.731237411499023,-1.5494293868541718,4.825620412826538,5.355427265167236,14.902461528778076,0.11893336781498609,0.018526081513423286,9.183864787082026,0.38895400263320085,0.09739078596284925,7.160634320418648,3.0154147744610444,0.35783654158636324,0.09386483065991127,0.0616239261553666,0.028118290742082025,0.01761664114529242,0.014271373010700696,0.014651475351999822,0.015107704267362805,0.019551001562782166,0.020987190549516838,0.01898635401701438,0.016975885164096614,0.01615556182654477,0.01588186786388418,0.01758422715521736,0.028961601455705692,0.056357481638823634,0.09057799735110475,0.4556782057408481
WIN_20260823_20_45_02_Pro_jpg,B,156.2165137614679,59.6184903336067,228.0,236.0,48.731702344546385,56.45352573524194,146.5215176979883,62.82055111206958,0.03892854590371676,0.046720827734344696,0.4020387359836901,0.21386340468909276,59.767330169677734,24.811140060424805,0.44304248690605164,3.771211624145508,3.372559070587158,12.528654098510742,0.13856552760045063,0.042183001627237454,8.429858552084712,0.40680944109158274,0.09829128464407723,7.129280562904201,3.0135420874721217,0.3523844641101278,0.09337410805300714,0.057796684758691506,0.028038553010389284,0.019026160971335585,0.014642220524573465,0.014522517236320961,0.017188693659281894,0.01980343259498313,0.019363356315094615,0.019216664221798446,0.017456359102244388,0.014815901422913304,0.01696165191740413,0.019542772861356934,0.02625788470001467,0.05530973451327434,0.09625735386155965,0.45993117010816126
WIN_20260823_20_45_04_Pro_jpg,B,152.38396914348922,57.39641974152076,222.5,232.5,56.417684248404484,58.03633303896531,142.65374185906,61.0961540033049,0.1977733990760514,0.03949834135973873,0.43985213142101015,0.22324020086318397,58.527517318725586,24.08531665802002,-0.7686677575111389,3.622721314430237,4.191633582115173,10.725830554962158,0.11654999268302546,0.032910587734888704,7.31934370119572,0.4096002524845336,0.10321144724313797,7.001669264886724,3.0160246457118474,0.35354308008623947,0.09401134884878853,0.05940619604341811,0.02826730551758067,0.017217395344311527,0.01375921936909074,0.015727037284882214,0.016321180746340917,0.019613504471586968,0.020518950080175763,0.01964716707501559,0.01672473490575712,0.015940885649099075,0.015373090572961053,0.018134343143703928,0.028870615242416735,0.054632858971031345,0.09276923437676005,0.4552773600974359
WIN_20260823_20_45_06_Pro_jpg,B,151.71062530275267,58.50080654565002,224.5,235.5,54.252914866511574,54.76047107069445,142.82065387558532,61.80679432446593,0.23825627991752588,0.025134017462672343,0.44889558930917,0.25915211400943317,58.48861885070801,24.40635108947754,-0.4683249741792679,3.833776354789734,4.968462944030762,11.350740432739258,0.12821058247860548,0.027756323299365664,8.904849852656907,0.39328906195690316,0.09793486889371547,7.151343899369454,3.0527276528979916,0.35823286482761146,0.0955146246304232,0.05679354334866653,0.028024449290128036,0.018209894426113527,0.01625615379387868,0.01443395833892205,0.016728953838388953,0.021033931057410603,0.021869544583045998,0.02014612022722386,0.01697583571703027,0.016041377306240435,0.016793365173692225,0.01849600313456361,0.028993789909699898,0.05391113624291026,0.09063111417626818,0.4465372946128733
WIN_20260823_20_45_07_Pro_jpg,B,156.65747080144985,55.7386969505399,225.0,236.0,52.98364735158194,54.83383428746399,143.74979863068867,58.934967175687405,0.27767529749290876,0.21791156862615357,0.4435655883398507,0.26822392267418443,58.89762878417969,23.354021072387695,-0.24085301160812378,3.774716854095459,5.094391345977783,12.755899429321289,0.1361929235026685,0.047440205574224154,8.821037462402582,0.38595207451501307,0.09574070250927959,7.183925011438405,3.0427921508819797,0.36274787535410763,0.09802701741912549,0.05679886685552408,0.02936670071501532,0.017720499395892066,0.014447592067988669,0.015706806282722512,0.016801739474204387,0.01769124332872109,0.020656256177110102,0.019152196118488254,0.017747701736465782,0.016726251276813073,0.016572237960339943,0.018877248468076695,0.028345250255362615,0.05495157145680964,0.09233913970849626,0.444031007751938
WIN_20260823_20_45_14_Pro_jpg,B,156.49416598192275,58.147254549551576,228.0,237.0,47.86250521340192,52.528182025600096,145.13812924577599,61.82187732109028,0.016899347589899513,-0.07441118042886943,0.4141526484081746,0.179657269209508,59.31862258911133,24.423095703125,-0.3169884979724884,3.537588357925415,1.6692705154418945,12.564352989196777,0.1688522542775072,0.04923036093418259,8.219047791068299,0.39564740054817293,0.09856749381494093,7.1551720118761235,3.0757398017668134,0.3526694045174538,0.10024650780608052,0.06047658175842235,0.02736318407960199,0.017584223500410848,0.014297452752670501,0.015119145439605587,0.016404838036980396,0.019741415264840818,0.023077992492701236,0.019884963023829087,0.016860143725815367,0.017250530785562632,0.015850897056261977,0.01922760887428102,0.02852972399150743,0.05456039441248973,0.09099075975359343,0.43778673710551924
WIN_20260823_20_45_19_Pro_jpg,B,156.88843222810397,55.15349854622135,223.5,234.0,53.68814836778493,61.666625937204714,143.41385415868461,57.953457620109745,0.008094625132081645,0.10358743516148358,0.40674415452389023,0.20146057686955743,58.71967315673828,22.901844024658203,1.0443816184997559,4.059849858283997,2.3910375237464905,12.713333129882812,0.1229136188978133,0.038670999998971875,7.307477918455393,0.4130496377643773,0.10384902691978079,7.006914353185052,3.078002047477506,0.35905072468750854,0.09488627248863295,0.056696783735968787,0.030043103003230154,0.018697324406021593,0.015626501719070637,0.015092001344410941,0.016056743983164597,0.018825894000688317,0.022776631572625865,0.02147327959670011,0.017190272206920952,0.015353819650118682,0.01583059695962021,0.019736788668500732,0.030332180106583416,0.05551353785336828,0.08891875475238786,0.44116906592028904
WIN_20260823_20_45_23_Pro_jpg,B,152.32568568151007,57.36297032350983,223.0,233.0,57.59447687888055,61.88144769794488,140.7255188236521,61.45946792205288,0.06149362105812,0.17126307875504598,0.42025762209248446,0.24332264957264957,57.87092590332031,24.29122543334961,0.5391950011253357,4.97486686706543,2.8185007572174072,15.422871589660645,0.11639329070521731,0.031384798453071544,7.42875899147503,0.40642806513775803,0.09618427128765225,7.0715974159303485,3.0997027576941476,0.35728438836166443,0.09455649533723705,0.05996454270518302,0.02900490852298081,0.01682508467169234,0.014808634894149547,0.016894358118677653,0.01647721347377203,0.023271058669288757,0.022889444907793533,0.023445463812436288,0.018354364375847323,0.016372927312545624,0.017207216602356867,0.0178491744756805,0.030347272916883928,0.05375286791215995,0.08775831711611529,0.437099358974359
WIN_20260823_20_45_25_Pro_jpg,B,147.66143410852715,59.96629241993211,223.5,233.67499999999973,56.43037786152337,59.84736752014379,133.19810793467275,61.73202107457414,-0.066496336064455,0.0667246675961944,0.4350769886541481,0.18798435149352533,54.49574279785156,24.5531644821167,1.2701441943645477,3.8887475728988647,1.843487709760666,11.162718772888184,0.12461263447695475,0.03227803609420152,7.724155609997716,0.4024271790413121,0.0955053096351014,7.116682298428925,3.11774844817028,0.35727201536582687,0.09317886257589744,0.05942371324390953,0.02784385172689926,0.01591654841608465,0.016406275860074915,0.016216266884133367,0.018093541291971903,0.02060114232508147,0.02423472497144433,0.02054230461575724,0.020246927590998342,0.018221832470445384,0.015330743997682496,0.020178086581108656,0.0293874974143198,0.05634371611846936,0.08933606929831728,0.439478388451355
WIN_20260823_20_45_27_Pro_jpg,B,151.71114306948328,54.589891824470186,220.0,232.0,57.677705542284684,62.02792354084417,139.9564532787993,58.13692641901545,0.21588948047451867,0.3755667492952476,0.4781867912183774,0.2889827369366106,57.398298263549805,22.970086097717285,1.5718051195144653,4.374539375305176,3.5957252979278564,14.722280025482178,0.09503360482013334,0.02722441609071971,8.045768255455531,0.39694327724846523,0.09984349074791776,7.08885070762482,3.129804401010598,0.35931117295031156,0.09722968875946156,0.05832605315488493,0.029201047529823658,0.017664625161095363,0.015797695861391018,0.015307272197581025,0.018447743302031486,0.01967130098063338,0.02299611350881453,0.022501047945292597,0.017461985131286523,0.016572872823633865,0.017748769252652067,0.019747559120460396,0.030741022045192464,0.05172827999814755,0.09002564000371979,0.4314137966178039
WIN_20260823_20_45_28_Pro_jpg,B,148.13914114206557,54.082076438272395,219.0,230.0,65.1591691092137,57.833042945756304,135.22161335542245,57.62178833022846,0.09915868884674561,0.0905026313112473,0.574996814069071,0.24196597353497165,55.700584411621094,22.717098236083984,0.8691126704216003,3.7555854320526123,3.3406338691711426,14.022784233093262,0.09573649376635371,0.024164999230414038,8.667447842179993,0.38287180543807375,0.09869838027767211,7.084603717970501,3.092462665390385,0.3552408804063414,0.09567399970470988,0.056964445010832164,0.029950567025298053,0.018470063106048946,0.016566840830890786,0.013060663344217219,0.015810276679841896,0.020753440108278818,0.023180274619813968,0.02113765251761471,0.015502731433633544,0.017820888788630723,0.017238725565645683,0.019399954883825853,0.029947750732764112,0.05278592375366569,0.09108094174256745,0.43873517786561267
WIN_20260823_20_45_34_Pro_jpg,B,152.87621251999258,60.19279069558231,228.5,238.5,70.41726038390749,65.4006429769587,136.79613805724915,62.70332955617498,0.06297998809262156,0.042643332995372776,0.5176514964121107,0.24177095818145966,56.215675354003906,24.788469314575195,0.6143829673528671,4.582914352416992,2.7319902777671814,14.986559867858887,0.1428282287015774,0.04563963148887454,9.590263007832029,0.3937242431216783,0.09620576593393476,7.169425757825731,3.1052241361167083,0.3577109113242808,0.09174369587034022,0.05765785788369347,0.03068056970495995,0.01731436671329951,0.015249323397471546,0.016470335306773637,0.018343808768736244,0.019957191720675237,0.025218423282023113,0.021056835982958405,0.017695712230490913,0.016927280312596292,0.01651987048012961,0.018228514272101867,0.0331772357589625,0.053951189763460375,0.08818215008148059,0.440739067884506
WIN_20260823_20_45_37_Pro_jpg,B,149.21872072698164,57.165545331800146,222.5,233.0,71.9666517111026,68.14197873884218,135.60024573859357,61.19079027610559,0.08334796847664855,0.10412226911299727,0.5810586597549889,0.3263546470350436,55.64800453186035,24.155692100524902,0.3220851197838783,5.123065948486328,3.6153262853622437,15.503435611724854,0.11077712550796008,0.037434798690494084,7.498008741871576,0.4088796421448427,0.10229452885189519,7.025641060315307,3.1260964532710913,0.35341919858289483,0.10001352344025953,0.05673814481374374,0.029146249050541893,0.01701176179989907,0.015349268369169937,0.014795833640228212,0.017084976487628273,0.01982685831137124,0.025276147182630042,0.022137806910820457,0.017649593685877048,0.018310006864464955,0.017255993077775797,0.021130694252164114,0.029266261265831033,0.05602194165481289,0.09066567233550157,0.4312037622044481
WIN_20260823_20_45_40_Pro_jpg,B,145.2259757852849,52.853058189078475,218.0,230.0,55.29401178010471,63.15922111190002,135.0962203144163,58.774449972575425,-0.03284363868427875,0.08757135002140817,0.47976363028208274,0.2253316980711339,55.414772033691406,23.173965454101562,1.4798524379730225,4.113560199737549,2.2169830799102783,14.660370826721191,0.08771484209635086,0.025911232333250683,7.549043965445371,0.403197938710536,0.10787011376798804,7.017360015657899,3.096088505759227,0.3589659685863874,0.09228685124036914,0.05541308953060542,0.02999219533950273,0.017356701380069426,0.01630375314585841,0.01569758129104597,0.017695368724070782,0.02345271357209381,0.026661163846471318,0.02225130890052356,0.01890218737102765,0.016850858956122115,0.01650846058605035,0.019960732984293194,0.029385059843169626,0.05394463289200131,0.09136667031403874,0.4420811518324607
WIN_20260823_20_45_44_Pro_jpg,B,150.7999891891655,55.04586977031455,221.0,232.0,57.54997874536953,59.45551511823062,139.97539511433789,60.07914715799501,0.027124968133841826,0.01894765254015289,0.4394480779062022,0.237818865726261,57.4265251159668,23.89732074737549,0.08856002986431122,3.761122226715088,3.1573294401168823,14.04924726486206,0.1090210004769437,0.028300327148509573,7.647210693607082,0.41670448103895086,0.10400321888471922,7.022476745145925,3.1276595379708514,0.35095135753239026,0.09382803999806469,0.05648012179195351,0.0286000639641741,0.018676985550338407,0.01629821600075448,0.01613093453369284,0.018412428403466578,0.022198398605152082,0.024114921086382125,0.0225363628635135,0.01815399116850615,0.01830823360689469,0.016844785428199366,0.02075227080319927,0.031060392087816063,0.0533596503215202,0.08912937646148075,0.4335467308814335
WIN_20260823_20_45_47_Pro_jpg,B,148.2438463748683,56.79461552161291,220.0,231.0,57.98583923365265,61.91086258252694,137.3176898764486,59.552312223176216,-0.2473496395675466,-0.18678658005465087,0.36165486602804386,0.11231431348049424,56.346656799316406,23.402097702026367,-0.08547407388687134,3.540645122528076,-1.2861064672470093,11.648118019104004,0.10103655210038189,0.021316911416390336,6.667170582798887,0.41076463450210454,0.10874836317491827,6.94401917667494,3.091047434858751,0.35178622737285703,0.09192518248175183,0.05921364282330649,0.030127901468498343,0.01800593812853175,0.01513265012929796,0.014993752603082049,0.01804803554074691,0.01841914430746918,0.02510658455708195,0.01980104216011369,0.018129079042784626,0.01618618906235035,0.01595358955765047,0.020937944102321176,0.02815822239249114,0.0542422044960116,0.09130295250320924,0.441241260415669
WIN_20260823_20_45_49_Pro_jpg,B,153.6721103979228,52.34902089834836,223.0,232.5,60.98777527980995,60.91873254263129,141.5175649742731,58.21125084683801,0.18732225400658786,-0.019883632816669057,0.48354386965714813,0.22659396121863945,58.055585861206055,22.990662574768066,-0.1717665120959282,4.052085876464844,4.3916497230529785,14.354821681976318,0.11738989145205106,0.03210459422269257,6.769035710649352,0.43185770272453905,0.11072845778699827,6.829615695454515,3.107361116271071,0.3518154613922221,0.09413456438099996,0.057038786277937716,0.027850260020086944,0.019439540193362734,0.015983945163974507,0.016239645298569375,0.017449171924896964,0.020132921119083207,0.02248295487760113,0.020387931919064985,0.018897661845430833,0.017256216840163773,0.01811664614910318,0.018783167756136435,0.02982582683863024,0.05128704944509832,0.08748510573963936,0.4412405882338307
WIN_20260823_20_46_33_Pro_jpg,B,149.7607709987663,58.53807483475589,225.5,237.0,72.67321689661225,67.59113634386678,137.971387306971,63.830299576282705,0.07136137575910251,0.13932215694720698,0.5566662858085722,0.32116096614570755,56.70266151428223,25.144169807434082,2.852756381034851,5.758032560348511,4.157870590686798,17.150329113006592,0.1230111065077069,0.0558887590538515,6.844424786877183,0.4275596608682249,0.099585568908961,7.062371843841468,3.0901008394476484,0.35087340856361543,0.09269634043888994,0.057188760804316854,0.030611825909029604,0.01965997729203254,0.014802891314270388,0.015874689186556816,0.01573880976116541,0.02182573485591538,0.02441058478769025,0.022139895650712532,0.017386311986035834,0.015449194654199753,0.014917143601120227,0.01889273068946156,0.030127275956503306,0.055823165040251144,0.08694879551435566,0.44295312875984005
WIN_20260823_20_46_35_Pro_jpg,B,145.3486193937947,55.283125201274046,212.0,223.5,66.0200691200527,63.09563064727155,131.82439237370943,58.79378876717734,0.05010802418805174,0.018386890614774522,0.5182705916567942,0.30821158293041834,54.539873123168945,23.599162101745605,0.2572631388902664,3.903747320175171,3.5095505714416504,15.22829532623291,0.06402076753159003,0.013733598576215412,7.843236149576101,0.40839802900525507,0.10213706932161803,7.000661126681113,3.079652557464663,0.35763954090188466,0.09579771118183976,0.0555769516129547,0.028770722835208158,0.01759703334353711,0.014681127121531376,0.015233616372773755,0.017250086558973653,0.02063839944174618,0.021806807417057907,0.02040435955694405,0.016516807344684033,0.01569066411763958,0.016088324648797198,0.019900579643055995,0.03228854226912897,0.05584798277171647,0.09130987207527089,0.44293845058277254
WIN_20260823_20_46_43_Pro_jpg,B,151.5736327255413,57.52422340781142,223.0,234.0,65.02458507752183,63.84898340571931,141.06288412200368,60.71199246514735,0.02558692767309452,0.03775625730344161,0.5273215507871308,0.25306655838237074,57.87387275695801,23.91963005065918,-0.8689848482608795,4.828786611557007,3.1531251668930054,15.708579540252686,0.11517450860643552,0.03319479387556149,7.836953379600608,0.41351313431084025,0.10115620425394392,7.035947004841484,3.0527821974740927,0.35540094850514936,0.09406299737989562,0.05719774147694754,0.029193218842858255,0.016816299385351514,0.014934507161725674,0.01364173958343464,0.01662713170435547,0.017905810471577216,0.022899941720459702,0.019806410785045546,0.016166079665411837,0.014913380553830964,0.015749371164966088,0.019467881845825784,0.031907371193794457,0.056148523752636625,0.09165103209751344,0.4484007139341034
WIN_20260823_20_46_52_Pro_jpg,B,151.93937052328442,56.216191955139834,228.0,238.0,58.73285659178593,62.69519175943103,138.08194166292776,59.34889114657645,0.06426111304015249,0.05785686189350373,0.48210510964945164,0.21825601641899278,56.55207633972168,23.297558784484863,0.48755648732185364,4.706653833389282,2.1977204084396362,14.58948040008545,0.14037354439768618,0.05196119774160422,7.928066133209724,0.41548013036435477,0.10072723971352045,7.037772841757317,3.08683394505516,0.3551605242146362,0.09330019625316327,0.0577439916985053,0.03128891786962532,0.01779258776941483,0.017170672230613776,0.014953143698193588,0.01691565467824099,0.019908447615447453,0.021289153399067028,0.02089204015814681,0.017338769770421508,0.014922719954750904,0.016542533154577883,0.01930923970827215,0.03038609893728625,0.05503004732642932,0.08869170539223342,0.442738690418199
WIN_20260823_20_46_57_Pro_jpg,B,148.44201046610686,54.54354229720301,222.0,232.0,63.71802360958988,63.76273944148607,136.22920203735146,60.60026260113164,0.19738393568267065,0.08794791897102458,0.5219666544967749,0.23539399552365517,55.54449462890625,23.95522117614746,1.1321094036102295,5.250110626220703,5.419054985046387,15.78641414642334,0.11018957345971564,0.03864342656397784,7.497142372764089,0.4199187997846776,0.1085223956761352,6.930665745761698,3.11577000095789,0.35631193451098664,0.09528862478777589,0.05602716468590832,0.02824727946283862,0.01740294511378849,0.015212364609954971,0.015725980180956483,0.01761460101867572,0.020788453252908227,0.022834984920292976,0.02132701421800948,0.01981904351572598,0.017956526304735904,0.01740294511378849,0.02046531667384748,0.030546428136789584,0.05603148877054874,0.09042229524157235,0.4352716468590832
WIN_20260823_20_47_00_Pro_jpg,B,157.16126269805352,51.98374788109143,222.5,232.0,69.0966910563016,59.80492033670359,144.05525799492995,55.85269675854144,0.16915194670326633,0.22043204747739092,0.5310493484628842,0.31205433984128816,59.005659103393555,21.99810028076172,0.7694470435380936,4.716068506240845,5.811705827713013,15.725042819976807,0.11581206243896397,0.034237104089164846,6.674982096288582,0.4272431029989707,0.11052157184437052,6.8616054188012345,3.1212235363498353,0.35807563905476003,0.09140950864681499,0.05552568760740696,0.02976545650074608,0.02055628660783307,0.01626519373783054,0.017557473596051032,0.020087303534356133,0.02200217190272977,0.023420634789032342,0.019527071440621213,0.018540580323601008,0.017838252875673668,0.01817745704473432,0.020641885860528505,0.031835160130215465,0.05313775044334687,0.0896425288379991,0.4362700617956731
WIN_20260823_20_47_04_Pro_jpg,B,153.89975247393542,55.10157442423427,223.0,232.0,65.69754523526684,62.2893719178344,138.69785525848522,58.52178996502779,0.07312680423439888,0.11987407723314794,0.5509874545078629,0.23382953873649642,56.89178276062012,22.94017791748047,0.9121360201388597,4.629323720932007,2.9183855056762695,15.68388319015503,0.11906218500339061,0.038935664818678196,7.823207872073439,0.40802699686106136,0.10158338611953706,7.060523673533789,3.1081154750821516,0.3596995201419683,0.09062120470879856,0.05738115202870094,0.029920857699266116,0.01855793112973231,0.015754853424909433,0.016472735938058494,0.019433763781085703,0.021561231407494528,0.024273200148379012,0.022007768034783506,0.01787708112183069,0.01701896539923796,0.01551416036243993,0.018485550704448486,0.03033157577279715,0.055375242794987206,0.085406724890696,0.44098189820032363
WIN_20260823_20_47_07_Pro_jpg,B,154.29747979777838,56.52395556086594,222.0,231.0,75.12164881861432,64.9168914741038,141.32083566447446,59.55147056618496,0.1896290619708309,0.23205544813117393,0.5892435049180736,0.28951322399967055,58.07712364196777,23.736249923706055,-0.8386235237121582,4.799476623535156,4.473550081253052,15.537315368652344,0.1115597016897476,0.03096648477942077,7.431676962889942,0.41336378393393025,0.1057857386484949,6.974499528717212,3.069234278422936,0.3645629165131731,0.09642523830522612,0.057711963279753635,0.02931525002315604,0.016466916797648508,0.0156268585232072,0.015875401756297876,0.017240191604155852,0.019973924789747275,0.019229545839953177,0.019211086736290506,0.017411703013440638,0.017511529463729417,0.015058767052974223,0.020635811568460158,0.030357257568518002,0.05359822428721027,0.08999426477464259,0.44223424827601776
WIN_20260823_20_47_10_Pro_jpg,B,155.60935687426615,57.52694385609907,225.0,234.5,59.63781831492847,58.28897820387284,143.52478889109634,60.319245187425054,0.2555750283453668,0.19138404058858904,0.509967773746964,0.3164868419428603,58.72905921936035,23.87878131866455,0.30316171050071716,4.225250959396362,5.518786191940308,13.617115020751953,0.130867499230851,0.04370514570792947,8.796295892465604,0.3975817195502809,0.09630840250244913,7.169051959328554,3.084114951239593,0.3571695870498989,0.0945409397496105,0.05693274833571528,0.029847698297082385,0.019850595894359814,0.015506289705114881,0.016294264295295655,0.01707139283686421,0.020067572124931703,0.02306133753356073,0.020423869654835527,0.017626103694018118,0.01570476202780695,0.015578944778906315,0.020193562719499077,0.032851211156576805,0.051281522816861574,0.09089775913113178,0.4412780831126401
WIN_20260823_21_45_01_Pro_jpg,C,147.26113721043254,56.73726632737839,229.0,239.0,58.684557128745475,64.40882810001617,135.20055078567958,60.59184047242553,-0.06531192740624021,-0.13079708438973486,0.4583470530128416,0.13690021231422506,55.16349411010742,23.805538177490234,0.25751355290412903,3.453951358795166,1.6590092182159424,11.90011215209961,0.13783851241732184,0.04742641930534244,7.651159787173933,0.40711783147914504,0.10314142235373354,6.963621238108949,3.036914775864832,0.341456121991329,0.0967741935483871,0.05816710838331706,0.027657347884586635,0.016241822693435597,0.015113918339724792,0.01466275659824047,0.016016241822693435,0.020085610800131708,0.018768521567336188,0.018439249259137307,0.01894879314234153,0.01691856530566208,0.01466275659824047,0.017369727047146403,0.027657347884586635,0.05828119855120185,0.0897811865553801,0.43848108835401406
WIN_20260823_21_45_02_Pro_jpg,C,157.63221282109916,60.40699811606783,231.0,242.0,48.72244374821988,56.39813011476729,144.6467718576111,65.01904462567863,-0.004838853812590665,-0.16023708428958633,0.3585160922814013,0.13520749665327977,58.80082321166992,25.7031307220459,-0.07766129821538925,3.5151236057281494,1.0313621759414673,10.72431755065918,0.1587985916504994,0.04138823022203061,7.957679103477323,0.3984903276760583,0.09966080584378258,7.026245453268875,3.057307017714595,0.35108141122368325,0.09708265802269044,0.06114440639269406,0.028363047001620744,0.01620745542949757,0.015833886413198064,0.01564425903100408,0.014696122120034133,0.017730160235137953,0.01962643405707784,0.01896273821939888,0.016307954868683038,0.016023513795392054,0.016497582250877028,0.01914769410391127,0.02826829962973512,0.0592585569356215,0.0907861008259755,0.4413527397260274
WIN_20260823_21_45_03_Pro_jpg,C,146.90830446756178,61.52348059476083,228.0,238.5,50.38754995060776,59.149968388944075,136.6334012699984,66.05917791727106,-0.07930657688838538,-0.07388929846489677,0.3833886678976324,0.13385579520682073,55.859575271606445,26.33954906463623,0.05056998133659363,2.9439886808395386,1.3914589881896973,9.660783290863037,0.14975680790572526,0.047624012033289045,8.12764578271363,0.39477485108509225,0.09739685240720786,7.071631918300708,3.0096191751738672,0.3543492504700616,0.09909582983431608,0.05884909132610584,0.027706740786285176,0.015241203785026386,0.01339902936842901,0.013287197304030704,0.01580094426009005,0.020171245761273965,0.01814880367507546,0.01966652595268937,0.015672538989372327,0.015270878523889336,0.015267615360343018,0.017783075066635103,0.028711075033694522,0.05773315206239384,0.10148366355142972,0.44472540012181605
WIN_20260823_21_45_04_Pro_jpg,C,148.62683933687447,60.65573502996273,228.0,239.0,50.49789709899527,64.55780990604634,136.88074544324525,64.29514914330642,0.004622839705947377,0.10638653702285927,0.35964991844470173,0.1529052525815711,56.224571228027344,25.505062103271484,-0.10476423799991608,3.857059121131897,1.3623687028884888,11.442790985107422,0.14903922908384226,0.06246892011464727,7.303732179299869,0.40749487511197,0.09858557112245331,7.06390224573401,3.069306198727776,0.3525061387439792,0.09723974997037564,0.05597755700714101,0.028379447621982693,0.01812742245780525,0.01383054348063216,0.014096755977271128,0.015832001156356787,0.018417269520690574,0.02351212457488832,0.020831943067171423,0.01692704117123585,0.015969025909364,0.015478580780456233,0.019901842011712537,0.030838737289647623,0.05410283136149415,0.09395664292559815,0.43848238375258963
WIN_20260823_21_45_08_Pro_jpg,C,147.33127126507887,62.860347885607524,228.0,239.0,71.55499930468642,66.96402226820362,128.453125,67.45424183199714,-0.14578285683240427,0.039346858697262774,0.5401859847226835,0.1645149828260097,52.72100830078125,26.821544647216797,0.8843666911125183,5.228910446166992,0.2516785264015198,15.566890716552734,0.14778391485922135,0.04281256095182368,8.524525266043355,0.4145564835084563,0.10100961380568216,7.090474452462856,3.0279000056669965,0.351138353765324,0.10031962057944117,0.05944868814347393,0.029523262492820217,0.01721826992473451,0.012991030003093103,0.013906271728549576,0.015053098257552326,0.015981028972058976,0.019795855242808538,0.01659964944839674,0.01464068460666048,0.01360965047943087,0.015160487978206799,0.01835240746468708,0.02895101024079712,0.05778301886792453,0.10971491835040133,0.4356119187545108
WIN_20260823_21_45_09_Pro_jpg,C,143.8751366935083,61.65443980733599,228.0,238.0,64.72618237495747,65.54610501173589,131.95566159658017,64.6726775979994,-0.14243032940080658,-0.06321193628838047,0.4589145968016332,0.15501998304468936,54.71790313720703,25.878021240234375,0.47322720289230347,5.266463756561279,0.2536640465259552,14.416215896606445,0.1441816944538959,0.04826889057366692,7.205320202795966,0.431104611059278,0.10752100738530833,6.870037122302474,3.0375292696449496,0.34894420195823994,0.09374689332935679,0.058191403081914034,0.02800503461296413,0.017138079977706562,0.013794064372300404,0.014395782643957826,0.016047828823159218,0.01908957415565345,0.020003704389701796,0.01907760696425264,0.017560857454281216,0.015004055150040552,0.015651582170806397,0.017416747944823743,0.028496087104457297,0.05656685947601225,0.1010052077025554,0.43694241686942414
WIN_20260823_21_45_10_Pro_jpg,C,149.8771016471793,63.82164884958024,229.0,238.0,69.40291883587949,73.5919824241517,134.32107194674404,70.4015295495789,-0.2676648676662505,-0.15594223406524302,0.487829209896249,0.1429418039587531,54.74980926513672,28.052316665649414,1.0555394887924194,5.041064739227295,-2.766873598098755,14.542444229125977,0.14462062360327765,0.04698089956869994,7.53233896142768,0.4073487482884395,0.0997318178738507,7.0453073512345465,3.012555320462078,0.34785257386536705,0.09851828499369483,0.060372005044136194,0.028881700554528652,0.017023959646910468,0.01416387450502589,0.013667198723064645,0.014791954879216772,0.017971367651538228,0.018078589571193786,0.015688032272523533,0.014685537937639673,0.014795392827043731,0.013670999551770506,0.017557861133280128,0.02894540810897095,0.060551239757369375,0.11292897047086992,0.44524848355858254
WIN_20260823_21_45_11_Pro_jpg,C,156.03601019757807,57.27134637454365,229.0,240.0,42.61502659574468,56.498294200848896,141.64924580412153,60.317011699713134,-0.07162464469669501,-0.001989036747451384,0.3000517330574237,0.15179519864032293,57.35087966918945,24.129714965820312,0.1879769116640091,4.297522068023682,2.155829668045044,10.64146614074707,0.15649249870667356,0.0398378283095364,6.688108757004182,0.4282333404429105,0.10893090326237775,6.953895095485544,3.062721053260352,0.35290788170369325,0.09735389840101882,0.05970763845995471,0.028997003349197956,0.01701040014101886,0.01445443328045126,0.015140795245507287,0.017071908949818936,0.01938587802462148,0.022074430451393803,0.019868231418571136,0.018068041600564074,0.01520789516259505,0.014793882978723404,0.017121010638297872,0.029768645850186053,0.05334654025753502,0.10123005319148937,0.4397705544933078
WIN_20260823_21_45_13_Pro_jpg,C,156.28375936850472,60.18667095083673,229.5,239.5,56.277506317413966,63.3661569089395,143.0407551195041,65.50703800819478,-0.13167535310075484,0.02638617477213241,0.41074610016023416,0.14928116604412914,58.11166763305664,25.91374111175537,0.6541453115642071,4.552873373031616,0.9774895906448364,13.112175464630127,0.15993762665592604,0.08124375413336501,7.297111276957223,0.4104810697447292,0.1007605340062862,7.05860054956176,3.008306810885845,0.34793529622337027,0.09812675241931568,0.05689256835432993,0.02862770542736187,0.016402798999966654,0.012412782030613748,0.013929486752533436,0.01479373574890001,0.016399426775848783,0.021448803362769817,0.018454732816854467,0.017579599479167964,0.015501692558172318,0.016057029377765458,0.01854758200194863,0.029096500979787037,0.057420332943679375,0.09798954707299166,0.44781363440880245
WIN_20260823_21_45_14_Pro_jpg,C,150.00869946232592,58.65160536861305,227.5,238.5,64.60845527174914,65.97299832050257,136.6471692651341,64.24673405050788,-0.05124260333997356,-0.041767761744862596,0.44882656243478036,0.20156407235021317,55.91127395629883,25.82111358642578,0.7234311103820801,5.481247186660767,2.027579575777054,14.513396739959717,0.14073546758898925,0.05010729141239209,6.937066011193202,0.4167567738435052,0.10110697456188716,7.009430448935155,3.101217770210293,0.3514412668803359,0.09569809753024214,0.056358686514196996,0.027989674771645046,0.017107546289442985,0.016738879196276105,0.014913538020698312,0.01708280669937324,0.021378968814925244,0.02270952554342718,0.02097823409398851,0.017918157777662085,0.01593753740160222,0.0167108109977947,0.018862560624530546,0.03016677331474739,0.05645157304747949,0.10406317277887026,0.4404945137924188
WIN_20260823_21_45_15_Pro_jpg,C,147.6167167690498,53.93433586695392,228.0,239.0,65.80564345991561,64.67420375366528,136.00731981981983,58.57902521227719,0.1252947877462561,-0.005406208497217217,0.5267428571428572,0.2615427927927928,55.83443832397461,23.321834564208984,0.578925609588623,4.228202819824219,3.8048171997070312,13.16516399383545,0.14955882352941177,0.025588235294117648,7.439005913409964,0.4231034539900814,0.10300768708340417,6.9921146182032565,3.1344496530779984,0.35255233198677927,0.09337128167462358,0.05814873417721519,0.030968468468468468,0.018545721630554537,0.015975027543150937,0.013587954461990452,0.017941176470588235,0.023529411764705882,0.022285714285714287,0.023687109805361733,0.0189873417721519,0.016218354430379747,0.01608649789029536,0.019251054852320676,0.02956081081081081,0.05511603375527426,0.09737142857142857,0.43169298567756154
WIN_20260823_21_45_17_Pro_jpg,C,144.8917685149255,59.21277161644525,226.0,236.5,61.59016395811075,63.97193124938701,132.61737075347477,63.72943841558978,-0.05177769155292546,-0.05849579320842831,0.462983261000074,0.19788910735206813,54.329824447631836,25.436793327331543,0.7527140229940414,4.121177673339844,1.855117380619049,13.011789798736572,0.1343765043200041,0.039954664222058484,7.778351965003146,0.40736268755190286,0.10061893406512347,7.086987274261798,3.024693256403668,0.35417988729862837,0.09921016670079527,0.05920068367325751,0.029242940362132708,0.017489527326472187,0.013856950987752675,0.01472176050235122,0.014452943815987527,0.01639310194388878,0.019372448309631994,0.018194331063529377,0.014483426484595312,0.013491025102652762,0.014877788910479695,0.018142554740466887,0.030200700723487447,0.058522516533961455,0.1061502726059688,0.4442759691726298
WIN_20260823_21_45_18_Pro_jpg,C,145.33420605987789,60.51322005654049,227.0,238.5,62.865288031153995,61.09824265387671,132.4992586497193,62.9619357609003,0.08793466255075412,-0.011721982477205049,0.49962516027894077,0.20776761101480876,54.143625259399414,24.986544609069824,0.3444192707538605,3.8533542156219482,2.926285743713379,13.095909595489502,0.1366291991734145,0.04102717008564484,8.903833636424885,0.3956284904948659,0.09724779180199294,7.104234253684549,2.998305653699016,0.3545899419791161,0.09857261312485194,0.05872512608989186,0.02653919443813981,0.01718403433617685,0.01305005602257958,0.014261386370856806,0.01536129564125423,0.01780055133087658,0.01941661086256031,0.01836430974771066,0.016004046562461384,0.0146618182408823,0.013584730263312084,0.017593948573370828,0.026955574079005416,0.057593633700213795,0.10007600681842507,0.44391885877521287
WIN_20260823_21_45_21_Pro_jpg,C,155.47317171025134,60.79003532096499,233.0,242.5,54.47033635690073,60.26695273549933,142.22856421523232,65.45829983092015,-0.18585162644465694,-0.11495018792520212,0.4053228444682132,0.12312881395912287,57.9693660736084,26.006240844726562,0.17323734238743782,4.014286279678345,-0.14792335033416748,11.278564453125,0.1757021579352258,0.06259540650642516,7.27097599598331,0.41296625493150074,0.0988288370723745,7.055565163444097,3.079672100378837,0.3550713066386372,0.09524521227301301,0.05758935695461795,0.02886154226473955,0.017555096853294726,0.015527069245383626,0.01431865852205855,0.01664596008682893,0.018234347955745384,0.021332012669652775,0.020435320443704982,0.0163874974943787,0.015392369873016155,0.016654210169696995,0.018426118788677816,0.03031157348735614,0.05634328710556147,0.09743104660982381,0.44092538911888074
WIN_20260823_21_45_22_Pro_jpg,C,158.84633378317588,58.149856345699256,232.0,242.0,51.99084330231871,60.06499142465111,144.0199281560041,63.07806295890175,0.13142438730822462,0.14187062030266534,0.3914275593340418,0.14325801211047112,59.150962829589844,25.1297550201416,0.030534110963344574,3.7122385501861572,2.2214114665985107,11.144801139831543,0.15788573383510093,0.030092839611567602,8.451448103330172,0.38705751753199696,0.09432133446269753,7.154169187942134,3.036487128353789,0.3578047683310841,0.09493446687920652,0.058271342543393556,0.030464045341834927,0.017796485009599763,0.014700673042862203,0.013992206872121856,0.016477995847009177,0.01882242615044544,0.019224328488177372,0.020028133163641236,0.015540223725634671,0.014669435327215487,0.015294646873594242,0.01824300389656394,0.029849469722887444,0.056534262174291645,0.09444690592231576,0.44563013552449043
WIN_20260823_21_45_29_Pro_jpg,C,152.0719244512835,58.93720832454219,229.0,238.5,52.117801878836445,54.10458484380644,143.35706162408377,61.04143738417657,0.10734435773081802,0.17221332852276916,0.4090439054394106,0.19463356412749938,58.60435104370117,23.882258415222168,-0.6562958657741547,3.503144383430481,2.4576369524002075,10.793004035949707,0.15014567001442908,0.03976366849141211,8.029022616226065,0.4013405576550103,0.10269561942528241,7.001356322338911,3.027401948194666,0.36089981197596377,0.09514560366773037,0.05942897758052762,0.029633129342231765,0.018381324972259708,0.015803220190727434,0.013147575128293822,0.016069234424325035,0.018476713145985098,0.018457014100671024,0.01757352738275144,0.016307689397164128,0.01360778119716497,0.014793958767605116,0.020079644078018398,0.031622899241224085,0.055567089836758614,0.09316254966065719,0.4480333450745568
WIN_20260823_21_45_31_Pro_jpg,C,151.64863018896563,56.593184145685505,228.0,238.0,48.39591277989635,56.57649139891807,144.84230097897853,61.38895628667951,0.14464417126347154,-0.15912312739679765,0.35083602229392785,0.1646049935493663,59.166046142578125,24.204099655151367,-0.5702692270278931,3.6048381328582764,2.7665393352508545,11.141420364379883,0.14418388669607615,0.029445245503528877,8.956536554846302,0.3934410885716574,0.09562383232459806,7.139946071247628,3.0249103944566516,0.35789633452227365,0.09582477754962354,0.05741250491545419,0.030507702815511878,0.018362470129543455,0.015398933919959388,0.014613180515759312,0.01421204879889322,0.017574021012416428,0.01811092944283738,0.019197707736389683,0.015467295844802727,0.014178155861934097,0.015568152974024875,0.01822614348734618,0.030703040969981422,0.05583955957530476,0.09426029138554806,0.4535278581310527
WIN_20260823_21_45_32_Pro_jpg,C,146.93753093389938,57.07380362965032,222.5,237.0,50.40257404938097,56.56412965682553,138.30540619411275,59.84583170634444,-0.052423099196489326,-0.13906046677293626,0.37535917063399793,0.1643162412865398,56.70732116699219,23.365044593811035,-0.2615714371204376,3.4654250144958496,0.7273122668266296,11.30093240737915,0.11477509597251698,0.040962104088887175,8.622046154972427,0.3885691322045081,0.09512593730434436,7.138763604569306,3.0248226647488945,0.3637047913205156,0.09618127947562807,0.05838114240486174,0.03002020912468941,0.01836196865628527,0.015415193786786565,0.014473468418237493,0.01614525506498493,0.017334156751587684,0.019832240357660583,0.01775036273101708,0.016770433751976052,0.014982485783039408,0.01575202116960453,0.017790660551014126,0.030288079083100647,0.0574240724712731,0.09624188698434052,0.44741244278204495
WIN_20260823_21_45_34_Pro_jpg,C,150.07804232804233,58.46692751670113,229.0,240.0,58.75545263157895,70.45370668785485,136.6539527421237,60.80123246372953,0.17139243569466606,0.017391803762499637,0.37726315789473686,0.19661610268378063,55.84168243408203,24.504426956176758,-0.2283697873353958,4.915611743927002,2.890986204147339,12.634284019470215,0.14743589743589744,0.05016673916195447,8.229112213746763,0.4019089094870977,0.10138149227263767,7.097918710102864,3.0482022163728835,0.3581907090464548,0.09625263157894737,0.056957409568261376,0.02730236348818256,0.01706534422403734,0.015091443918659676,0.014644048136871103,0.013812507993349533,0.018948655256723717,0.02135189335849947,0.018823768823768825,0.016242486251438804,0.013854930725346373,0.015079019863708859,0.019311932472183144,0.029171528588098017,0.06046107003044802,0.0908720456397718,0.4508964955175224
WIN_20260823_21_45_36_Pro_jpg,C,147.60628210085173,60.51479093578051,228.5,239.5,51.47972275791335,60.10306529572905,137.30837852921087,63.40496027395876,-0.10209819880290753,-0.010409051787879944,0.3709185365984524,0.12716885424592123,55.938636779785156,25.239203453063965,0.1041226785746403,3.285203218460083,0.6650215238332748,10.661482810974121,0.14225815418152488,0.06626986584837426,8.077580363678166,0.41218663174916165,0.09835065551036454,7.112569569623459,3.0197235094223314,0.3502124778494369,0.09663687429769172,0.057468358410959416,0.029192617161583362,0.018465667225272323,0.014392855212256209,0.014889044867012742,0.01624567025613233,0.018012222016982642,0.020525458949555812,0.01859402320775711,0.015391422656555798,0.013732847930755515,0.01607087607936858,0.01886075306835447,0.030103256847068806,0.05747014745912794,0.0990294640190112,0.44481754906032744
WIN_20260823_21_45_37_Pro_jpg,C,145.92264363922087,60.46790773247075,227.0,239.0,55.55153733095971,60.315615125695,136.5137767109424,63.6448207467998,-0.13534129666175665,-0.07362544075515337,0.37690551348943724,0.13929362761929479,55.775529861450195,25.503317832946777,-0.05125921592116356,2.7905319929122925,0.7204795479774475,10.898359775543213,0.13447210004219282,0.05179658096270088,8.126614048842779,0.40331682393466606,0.09786287820554464,7.152495768841235,2.997843039765912,0.3578829593928044,0.09643050497940064,0.05983220162553735,0.028083517510589736,0.018633042827141556,0.014692264288590292,0.01480599575206933,0.015209243895052692,0.017019927981646064,0.018962925614267573,0.017811266869023266,0.014081686092646862,0.014333420970903857,0.014305325577418794,0.017235798500431936,0.03006230840299535,0.05847956648505567,0.10161986732272363,0.45023821365233385
WIN_20260823_21_45_41_Pro_jpg,C,145.69231598906737,56.1884263981797,226.0,237.0,52.561278224786065,63.10328483507976,135.20061318195394,60.10193711491456,-0.07074406615115622,-0.04991092310127597,0.40499520415452656,0.16830673132637225,55.136558532714844,23.884774208068848,0.26488056033849716,4.298685789108276,0.033783018589019775,11.54524040222168,0.13222024428873763,0.05238973223542572,7.463098611896109,0.42591819104107703,0.10283352920109096,7.007419256401246,3.0416708366138976,0.35053240128885366,0.09598049536671399,0.05673017620240177,0.027942520189042787,0.017886218840418022,0.014698786702283948,0.014289087330578864,0.016758319041007632,0.017853404687515187,0.021196404489509275,0.020142572695812225,0.016452041848061115,0.014076012979455026,0.013877693602887646,0.018899253851061337,0.028294953851856895,0.05827585802425693,0.09579992737330292,0.4409186432999481
WIN_20260823_21_45_43_Pro_jpg,C,143.34421106185042,56.20566699475969,226.0,238.0,53.58107606679035,66.64204811725492,130.99986765484383,60.26020786774852,-0.33203643172966113,-0.1874330482304846,0.3719886862381742,0.13197278911564625,53.89457702636719,24.365530014038086,0.5218901038169861,3.947756290435791,-1.393869400024414,11.853680610656738,0.12968633617479103,0.05379458743689481,7.911140589914571,0.4195542881593406,0.10592736784894868,7.022166993764224,3.0464962199648644,0.34904143475572047,0.0975103734439834,0.05404683465408245,0.028221468178432508,0.017337258750408896,0.013478532535927876,0.015087347803070408,0.015620815852896545,0.01883424082834955,0.02074688796680498,0.019116356188432652,0.017362656931706882,0.01533704390847248,0.015708101422387138,0.019418676561533704,0.029380624669137108,0.057544133424363604,0.10186092066601371,0.4403589193406808
WIN_20260823_21_45_44_Pro_jpg,C,151.41929674970203,57.04828688068303,228.0,239.0,45.78155991354018,58.836339565320856,138.79946423037265,61.55796451872826,-0.029159730165269064,-0.00042075596816187194,0.3448525412235248,0.19532745721064357,56.7109432220459,24.486248016357422,0.38663217425346375,3.22053599357605,1.5890039205551147,10.616836547851562,0.1418708496325065,0.042231617868302644,7.800709433777716,0.4125190491751267,0.10183191769456254,7.065695289430323,3.0407888644243264,0.3517004970447437,0.0957475702363412,0.05841231161989212,0.03016487220573386,0.017044530684814096,0.014713856173382674,0.01398472277739279,0.015705968031510028,0.020585614767366697,0.020212252099357036,0.019051241311488866,0.017256220012732457,0.01659026656931159,0.014350110022867499,0.01711194401744339,0.030039076109125987,0.05554636133549527,0.09822175691928997,0.44553321049444383
WIN_20260823_21_45_47_Pro_jpg,C,145.61957335329342,54.072708634852695,226.0,237.0,53.215845656644795,67.65532644351013,132.57871821664926,59.90709240735464,-0.1510950310765056,-0.08354057543377366,0.37495646116335773,0.17677862044059228,54.70436096191406,23.644140243530273,0.31708255410194397,5.1204752922058105,0.3846643269062042,12.654684066772461,0.12790935075541038,0.05588660166124955,8.267235478556913,0.4101890910493988,0.10464232459455085,6.995871573369463,3.064597907460981,0.35624582498329993,0.09714698447092814,0.05563495304205798,0.0300656155126824,0.018634622082897945,0.015529071867100036,0.014252568776930727,0.016075571760026518,0.020110249081257657,0.02049476345250993,0.019701919150673746,0.014977359804946012,0.016026949775418537,0.014086841233012926,0.01706993702353331,0.03042057982850143,0.056347364932051704,0.09744779582366589,0.4413145539906103
WIN_20260823_21_45_48_Pro_jpg,C,148.78664495114006,63.17892988887571,229.0,239.0,58.895887890155,68.55892404554547,135.16073764059638,67.29130134503362,0.072460311616303,-0.0690362836192797,0.4479247478665632,0.1981931112365895,55.436405181884766,26.63227081298828,0.2944398522377014,4.142437934875488,3.3249282836914062,12.70113468170166,0.14884183858125227,0.04208688906128782,8.749969262727333,0.39399034788754467,0.09210751785780008,7.230340839162686,3.035309754286537,0.35423596857527073,0.09463301937089034,0.0592652913499819,0.02859211002533478,0.018189755529685683,0.014155283459551277,0.014042491268917346,0.01599431313310823,0.01738940628637951,0.02203660920561578,0.01847264491471442,0.016582622187742434,0.014721494797933329,0.016291698991466253,0.019644935972060535,0.03074088440651668,0.05711583236321304,0.10511818020259463,0.4393910007757952
WIN_20260823_21_45_49_Pro_jpg,C,144.72231825114386,59.53478658590849,222.0,237.0,68.13706151499746,66.91139343432471,132.05378749364513,61.94643023659629,0.07556808078760346,0.09749457010235323,0.472089476359939,0.3002338932596215,53.56351089477539,24.778902053833008,0.5361637473106384,4.5698089599609375,2.275805711746216,13.103979110717773,0.10677634793940381,0.03954922389963853,8.561655396893556,0.40447937956541813,0.10029458712559107,7.0876688148876585,3.0541925961285465,0.35852744746701415,0.09628876461616676,0.057600492838441396,0.028913503827985014,0.01878946557831511,0.014211189062781076,0.015401201293700909,0.016859423358853234,0.018019405513630064,0.019774611949819266,0.017967254943652988,0.016691473527535614,0.014750854470228458,0.014416028669164358,0.0186184565569347,0.030623880110767224,0.05711458895484799,0.1012772081309588,0.44107778342653786
WIN_20260823_21_45_52_Pro_jpg,C,146.55860051220117,59.31409148910065,227.0,238.5,56.08647582509349,57.43036914865347,135.82866791638304,65.77817611185438,-0.09606033307528485,-0.07143180550314604,0.397742183605508,0.17253601484182718,55.23269462585449,26.06491184234619,-0.35438383370637894,3.1949023008346558,0.40434434125199914,11.760307312011719,0.13281493835911923,0.05166338963487959,7.1676056695096975,0.4121097327954145,0.10175947157171265,7.035066437508964,3.0632303330034616,0.3515546541375575,0.09727564844666081,0.056473708270538825,0.028967023265432337,0.017546111076332967,0.013589036699225393,0.014950415933277497,0.01495874363639008,0.019284891805194337,0.021587283570324262,0.01933756488495074,0.016303519611395343,0.01591232563623115,0.01435970372605546,0.019008277395463652,0.028857700890789657,0.05701133519549596,0.1012798974604219,0.4391270031625092
WIN_20260823_21_45_53_Pro_jpg,C,148.96337023724084,58.52383619126826,227.0,239.5,55.15936023036806,57.51101407695504,137.44767470259322,64.66326432976817,-0.11772816320173829,-0.1218949093119863,0.4107858171297455,0.1690652177038953,55.93108940124512,25.594493865966797,-0.474746435880661,3.456681489944458,0.7697242274880409,12.767268657684326,0.1386256433076077,0.0557312024854185,6.97584782661934,0.4185332583807354,0.10454511993547712,6.974376738406496,3.0707570201991823,0.3502757597778937,0.09293632380495745,0.0569973758560129,0.028899363620066287,0.016585898033698872,0.015014499702435402,0.015613939902466106,0.018063187420197635,0.01975778528518493,0.022221507145846635,0.021844316405894886,0.0170040074369184,0.015294078009823124,0.01606787048895226,0.018619851241493263,0.03038530308558285,0.055997195101283204,0.09875243276904956,0.4430271804941465
WIN_20260823_21_45_55_Pro_jpg,C,150.87345059344713,58.88599615941257,228.5,240.5,54.46473881707277,53.82925676876209,138.5023584349442,62.26873116804937,-0.007791983461062387,-0.04604235457940217,0.4258231259905688,0.17971038430464636,56.48734664916992,24.45928955078125,-0.8989966809749603,3.6125214099884033,2.150016963481903,11.884751319885254,0.14250828590584103,0.05917971377948569,7.373665014743796,0.41683469824322955,0.1030455070920229,6.960545521308921,3.015021642315123,0.3581674273851262,0.0999723376258439,0.05665066095891293,0.03038937531193559,0.01926951033219526,0.01510394246484713,0.013603393521912081,0.014918202747356394,0.01619963997104115,0.018847369244917526,0.01639728733005976,0.015662518455844505,0.015898721784043682,0.01643742540160839,0.019323295275115983,0.030779811578451364,0.05522547686550523,0.10093774730118629,0.44446971818116277
WIN_20260823_21_46_00_Pro_jpg,C,153.491736008207,58.790052964568176,229.0,240.0,49.4796277665996,57.16468127090025,141.21254116355652,63.009763904896374,-0.10755417125241626,-0.09911726852743873,0.34802461782807226,0.11495739500912965,57.78139114379883,24.853626251220703,-0.8160261511802673,3.3595733642578125,0.7456414103507996,10.682901382446289,0.15687299335473756,0.047414354565585515,7.517183115682316,0.4173683093491978,0.10180474697589503,7.053427820510818,3.02097962614582,0.36033353186420486,0.0991158014831717,0.05575694804073882,0.03020631482959079,0.018009802804057905,0.014475850713501647,0.013548203080433542,0.016739846322722282,0.015651073134242476,0.018470567926808217,0.01795270153633696,0.015956753940341278,0.014134275618374558,0.015565976292822718,0.018108651911468814,0.030666849615806804,0.05747468731387731,0.09906695938529089,0.44573271130625686
WIN_20260823_21_46_03_Pro_jpg,C,149.42928360947002,62.41787592622106,228.5,238.5,50.88978145698282,58.73810796940283,138.70561440227482,65.83575405370135,-0.1509082258047692,-0.2511529095093687,0.37698799631609575,0.11385728729527178,56.485572814941406,26.359619140625,-0.4402719959616661,3.6941871643066406,1.3689278662204742,11.344382286071777,0.14327554742542123,0.038094950838773345,7.702542208674164,0.40329773455342327,0.09839790355656794,7.102255447166529,2.9983778020551064,0.3551719413618304,0.10023721040431698,0.05928345547502434,0.027622555771985812,0.016803684870348043,0.013596709752397093,0.013132265678973482,0.013971999352950026,0.016951891079081717,0.018984519274199238,0.017413112547565116,0.015824903745022025,0.013470427868736862,0.013949465900529284,0.018085010586659095,0.03050598314140825,0.055653001197797765,0.10530749964693528,0.4473629418535937
WIN_20260823_21_46_05_Pro_jpg,C,151.0484239692414,60.1501143608229,228.5,239.0,52.16534919501043,59.733370632027686,138.49607957140842,63.54968718501957,-0.06372677336831932,-0.19339230240562116,0.37842256105281546,0.13128280675312223,56.40741157531738,25.399502754211426,-0.7046814858913422,3.7275813817977905,1.9913949966430664,11.846490383148193,0.14526174973439246,0.052517852229066214,7.091281848769902,0.4157161175514753,0.10015049302262294,7.05125858453715,3.0100578185316023,0.3521611680351226,0.09751460518525965,0.058439401690184745,0.02831542135055886,0.016920613924365044,0.014142016891227729,0.01431792411558204,0.014696124922314362,0.01834470545463756,0.018832436842759932,0.01854507243819377,0.016103379538687797,0.014979056232430569,0.01477169989842305,0.018560866295139998,0.02944942886836915,0.05765987850763178,0.09986371569737114,0.4457953018847485
WIN_20260823_21_46_20_Pro_jpg,C,149.40994066228546,62.90793231090783,228.0,238.0,53.057601914366295,62.08192257316934,140.19609638830062,64.58129967766254,-0.010439411449227632,-0.1668491596694806,0.3902230578583027,0.15939369764658956,57.250267028808594,26.12287139892578,-0.1647869348526001,4.442378520965576,1.8740962743759155,11.75299072265625,0.1388374912269508,0.04492707335249654,7.689425744810741,0.4064250797942118,0.09661630114800104,7.090689641044885,2.967435946888812,0.3582508156373419,0.10291339934749012,0.061702249441932346,0.02771705866923144,0.016288725646758224,0.013930433296299461,0.01356533684391277,0.014101358858217247,0.016182263387629084,0.017972640375479364,0.015740369755594986,0.013733631427658896,0.013622574552114934,0.014200239329876347,0.01780131436227908,0.02885372038121885,0.05683308559937046,0.10291339934749012,0.45355159979394427
WIN_20260823_21_46_26_Pro_jpg,C,147.67967374177402,61.49015070940837,227.0,238.0,61.94327067043753,68.69907987734466,135.58256104440326,66.74203814511397,-0.3422500227396835,-0.22805542247389402,0.44385293628348027,0.0954952050930776,55.1681022644043,26.66438102722168,0.5785485506057739,4.327901840209961,1.2351986169815063,12.069661140441895,0.14070432750423081,0.031977013624988414,8.252735226314911,0.4135309205422081,0.09506502322749298,7.182568549919322,2.992895122161902,0.3487772417235069,0.10139743803027783,0.06218782975729863,0.029091788218228706,0.01632168558498405,0.012560306105473299,0.01315511783327471,0.013225752786557977,0.016053901181167857,0.018412752536015684,0.014556646148727334,0.014421385860007034,0.012908969508123747,0.014556646148727334,0.016600854218712224,0.029153524848691503,0.058476127100316085,0.11660891288580869,0.4456568067513426
WIN_20260823_21_46_27_Pro_jpg,C,148.57402087858193,65.3443505917419,228.0,239.0,70.21116786626422,73.74975834100451,136.81798432039292,69.43007312504045,-0.03154662315820949,-0.07794934645301235,0.539470114838593,0.1707419603447068,55.714717864990234,27.789997100830078,0.8405067324638367,5.287137985229492,1.7904638051986694,15.389082908630371,0.1579708834433493,0.030333749220212102,7.858900370356019,0.4197014963251525,0.10389091852089351,7.04591964002736,2.991112440134682,0.35802785610527216,0.10299664710813076,0.05836127409891031,0.027087071691019395,0.015295223446979407,0.013244467230624626,0.013880224578914534,0.01350713138755077,0.016484792198746226,0.018135449135732503,0.015611902766135792,0.015551567974023755,0.01372426699937617,0.01414501257334451,0.017345979663334187,0.0285402370555209,0.060018574413745064,0.11095976529756915,0.44110701804099367
WIN_20260823_21_46_28_Pro_jpg,C,143.3388265660677,62.65667545308641,230.0,241.0,62.30358383108765,67.95540188038746,133.49117933046256,70.30395647359542,-0.13580103203980534,-0.11347886687971565,0.46944020002778164,0.1722488038277512,54.55906677246094,28.023347854614258,0.5531098246574402,4.775938034057617,0.675904393196106,12.775975227355957,0.15134046395332684,0.05327128767884429,7.593022683702564,0.4137455060624336,0.1013456062359675,7.037229136528399,2.9980936322676066,0.3474595579858738,0.09876965140123035,0.05896652312821225,0.02832203547218869,0.017373175816539264,0.01367053998632946,0.014467988152198678,0.014467988152198678,0.017770276978060162,0.01750243089317961,0.016236074899265228,0.014863175441033476,0.015037593984962405,0.014102867978193885,0.015696624531184887,0.02902133113613476,0.059415911379657606,0.1055007639949993,0.4464890597821111
WIN_20260823_21_46_30_Pro_jpg,C,147.3909452112087,64.46514339054765,228.0,240.0,58.53444120258785,67.34644038397792,135.53296393688956,66.92540509496624,0.022046403676106677,0.030983991999159015,0.4224896265560166,0.18026471750296325,55.80454635620117,26.623315811157227,1.3765504360198975,4.0020012855529785,2.2514262199401855,11.026596069335938,0.1510063254744106,0.06342762907522517,7.569725113002553,0.41295827549316433,0.10180977325991793,7.055752886065549,3.014422223554009,0.3567634854771784,0.09902242668200115,0.05968947671075331,0.027257044278320874,0.016998604592160346,0.01354689020282913,0.012948132624803533,0.01522263097805404,0.01767043078209954,0.0194088544970189,0.018037572038021105,0.01734439834024896,0.013827223138399087,0.013573512622098187,0.01784232365145228,0.02879668049792531,0.058229174462989294,0.10570890840652447,0.4434548312252077
WIN_20260823_21_46_31_Pro_jpg,C,152.69616259932872,57.38255097753781,232.0,242.5,52.48166001068971,58.13299522386677,140.50452442165943,61.26011618121438,0.20398677771784204,0.2420296530342067,0.39452211174726404,0.26448481007796354,57.525400161743164,24.025239944458008,-0.07271523587405682,3.7090481519699097,4.572121262550354,11.746727466583252,0.16648556045330615,0.0475772919945625,7.348659689653159,0.41944112729189076,0.10711991050957614,6.952118028230951,2.986806461854627,0.35384442251107984,0.09637936497386884,0.059407915145245384,0.030082151389641237,0.018155749314977078,0.013295419112245969,0.014774662636438902,0.013021702821687166,0.017014602363629804,0.019015681848455694,0.017299594375510742,0.014608320771173867,0.01453993645150847,0.01506074988967956,0.018464703373443487,0.030956332333868842,0.05902559989356654,0.09693435661786819,0.4450805410248392
WIN_20260823_21_46_36_Pro_jpg,C,152.06632798803645,59.09099073994567,228.5,239.0,40.58754748995824,50.844110630750016,142.9626174630465,61.02419650499536,0.02286341052804036,-0.018270801092650855,0.31636336347308897,0.18005967086962954,58.46377182006836,23.95604133605957,-0.6924048364162445,2.6783671379089355,1.8685295581817627,8.883927822113037,0.15343035684090178,0.04028509561360549,8.62786641084734,0.390038129397238,0.09460956507397428,7.148371755199417,3.037992576133659,0.3611426918187969,0.09555961816581751,0.05943845232339372,0.02846824466776686,0.018820628115418056,0.013936498924662397,0.014105260723748573,0.014923252292978383,0.01642618698207403,0.01938247859065085,0.018263716836794154,0.01560158463585298,0.015183057194708806,0.015482789280133882,0.019296365508377142,0.030327218163082967,0.055549889437173344,0.0942452789630378,0.4493833038115215
WIN_20260823_21_46_37_Pro_jpg,C,148.1383918944797,61.09572982647769,229.0,240.04999999999973,49.02387371560262,53.35419961905801,140.63024020890185,65.08881007742015,-0.043125361448157665,-0.09678419022971836,0.36647354857723974,0.13785122196114152,57.54619598388672,25.637234687805176,-0.6345318555831909,3.2880120277404785,1.1845314800739288,11.036534786224365,0.14754932406451743,0.04705354719906958,8.391833359791493,0.3948592589908053,0.09557292210028018,7.179448995648782,3.041007050135782,0.35735097611974287,0.09622364695103203,0.05776533699908949,0.028396067085558717,0.01686337229915253,0.014710947589809738,0.013779531667494136,0.015961151694948408,0.017259068016997448,0.020152711728208032,0.0184380679518181,0.01695543813228735,0.015625126544505034,0.015629380215770525,0.018743840946071615,0.02936850639704449,0.056111741697484334,0.09616567746294721,0.4430810302019439
WIN_20260823_21_46_39_Pro_jpg,C,147.76413932190152,61.04983875866205,226.5,238.0,54.59369681983989,57.22585884360069,139.3235971275907,64.16079566028802,-0.030331647663646884,-0.05065164577895541,0.3873559855529797,0.16513621153498886,57.137990951538086,25.405563354492188,-0.6080197244882584,3.6000865697860718,1.288431391119957,11.294819831848145,0.13662003790356742,0.0455781031920173,8.92173735829643,0.3871654087820019,0.09424345651985067,7.221925513394975,3.015003081461245,0.35926718763273124,0.09955369012604431,0.05852362959966449,0.029077642952982766,0.016380080067395022,0.013490056133768708,0.01246772184553478,0.015392943677132356,0.016608061812225586,0.02077841821602163,0.017535695618749576,0.01634693907584243,0.01445690122199672,0.013605488255970334,0.01780026517852098,0.030572929776929672,0.061342291216655215,0.09440300001168053,0.45065179016489504
WIN_20260823_21_46_40_Pro_jpg,C,150.73931833007177,58.83621527909219,228.0,240.0,55.40023228803717,59.36836230621583,138.9754181449569,60.48834812871795,0.19252259031772034,0.22402024366681075,0.37630662020905925,0.2391451258658557,57.124229431152344,23.673065185546875,-0.016926614567637444,4.195166110992432,2.2727444171905518,11.524328231811523,0.1367995615837786,0.06004645760743322,8.071545397469777,0.4122626601655913,0.09879812618847722,7.125713900530605,3.0650531990198524,0.359262883235486,0.0924089433826181,0.0567976920302921,0.02928832931511742,0.01981409001956947,0.016509110837100972,0.014595564253098499,0.016098095629538293,0.01822167420194547,0.020955642530984996,0.018835616438356163,0.015655577299412915,0.015146051208077894,0.014695275874504147,0.019112874143526866,0.030197444831591175,0.055487053020961775,0.09763793725207356,0.43959282078757034
WIN_20260823_21_46_42_Pro_jpg,C,146.9444751000138,62.825989639493216,226.0,239.0,52.23619233268356,59.811721654483264,141.31659539246792,66.7753442851594,-0.1347277743173365,-0.21844815161897554,0.3575915096382933,0.0995752427184466,57.895172119140625,26.29813575744629,-0.4214729964733124,3.7181804180145264,1.3038500547409058,11.25389575958252,0.12710800633084102,0.05241831192344168,7.497480631679177,0.405151999505948,0.09451486472763662,7.130688211731821,3.0479785233336827,0.3558915024832178,0.09562486463071258,0.06086731614794379,0.02888180015518579,0.0170742118421855,0.014311578584360721,0.012805658881639124,0.01457022157082507,0.02017415294421933,0.019757302274528935,0.02014294996751137,0.01405293559789637,0.01439779291318217,0.016342225426580148,0.018735109378384233,0.030521509252583512,0.058154645873944116,0.09802569186998879,0.44288300715578927
WIN_20260823_21_46_43_Pro_jpg,C,147.39278802138645,62.34729534320712,229.0,240.0,57.12223484261483,66.07112444838657,138.89966522625457,68.39147177032304,-0.1448909788908004,-0.27226897766300073,0.40373142617963287,0.13890180097526955,56.698299407958984,27.00857448577881,-0.046862825751304626,3.9251370429992676,0.6660796478390694,11.74037790298462,0.1530896937262498,0.06431512025462945,7.520933996306924,0.40664422236292086,0.09426173872438812,7.145590543861118,2.966233988042954,0.3567681722771181,0.10321375098902583,0.05905419693436121,0.027988850870147894,0.015705124447925538,0.012746685274357138,0.014259519958588825,0.013490631575708373,0.015036939215249349,0.017023916150448962,0.016685189144769463,0.014745148100070073,0.013465563014967373,0.014220231151275999,0.0189069155131183,0.031240158201193836,0.05790207231716568,0.10279456879866697,0.4549066455717664
WIN_20260823_21_46_44_Pro_jpg,C,150.20594190133968,63.61186792932788,231.0,242.0,57.625282122011285,63.878886119703935,138.7015621218882,67.89650236316814,-0.1606354368626417,-0.21023159613681724,0.42097275572916226,0.14838713012895055,56.6583251953125,26.97127914428711,-0.022365452721714973,4.34643292427063,0.17207413911819458,12.374608039855957,0.16010369753627948,0.08515913109211215,7.405329606361874,0.40955104125008046,0.09581202147998796,7.124558309245305,2.966416705210017,0.3563629842473789,0.10182187136382831,0.05857108068776701,0.02686196510745188,0.016751438110338204,0.013874199359664285,0.012835532779084313,0.013567200099739319,0.015650478794840248,0.018494409062954825,0.017065397665246215,0.014253051546724061,0.01417763386786924,0.014757277743387344,0.01833533898204273,0.029845308952835742,0.059878014214036504,0.09944201103466166,0.44838870856144175
WIN_20260823_21_46_45_Pro_jpg,C,148.15730703819992,63.668265033564225,229.0,240.0,67.99752976336993,72.97071022012273,132.8589883143493,70.83627829483927,-0.36241303875846154,-0.2386138299012554,0.4353091205960058,0.13058503914072106,53.93207931518555,28.229018211364746,1.1836284548044205,4.652181148529053,-2.387982130050659,14.2045578956604,0.15284639460695798,0.07122053090417485,7.112066549592073,0.44210754473259267,0.10555223351164965,6.9084670521435,3.0350543726946846,0.34631093314323125,0.09627042901499758,0.059283217643873384,0.02913280412093007,0.018756887334124353,0.01347051683319289,0.013959467317939813,0.016084998933359587,0.017343491032015622,0.02074023520362242,0.019866424207099723,0.01615994584853666,0.015223807230849484,0.014687617945814666,0.01729818712905791,0.02905020974834164,0.0573524228221602,0.10667672604728845,0.4378160711110285
WIN_20260823_21_46_49_Pro_jpg,C,149.14199796126402,61.026528184387416,227.0,239.0,58.8989501312336,63.47751247533724,140.64619217852888,64.94096067321736,-0.1544420456482804,-0.10835194328994474,0.38274413720686035,0.11753312945973496,57.566829681396484,26.29315948486328,0.4646095037460327,3.3994717597961426,0.4005991518497467,9.788759231567383,0.13624431221561079,0.03640182009100455,7.410273458445554,0.4301098674640973,0.1030708660710471,7.006075167262652,3.0667907766888964,0.35347840793776075,0.09533095005958184,0.05714035701785089,0.02818807080843387,0.018042813455657492,0.01615182717544922,0.013079264855113315,0.016188309415470774,0.017150857542877145,0.020591824283099452,0.01951347567378369,0.01688834441722086,0.014525726286314315,0.014678899082568808,0.019164118246687054,0.02981715893108298,0.05728848114169215,0.10089076418190342,0.4419845992299615
WIN_20260823_21_46_50_Pro_jpg,C,152.25804794507883,60.50948169164328,226.5,238.0,56.62139667839774,62.895392457969805,141.7159666416922,64.22713484365072,-0.1379197469995549,-0.18146488179460135,0.3702909670066158,0.11517535927913003,57.83728218078613,25.683622360229492,0.5726755857467651,3.767743468284607,0.17695549130439758,10.902845859527588,0.13381874155245513,0.04182896433745156,7.443423773478968,0.42155713893860614,0.09916725246615665,7.067478345755038,3.0328545240032696,0.351650765122842,0.09592886673351073,0.058583898968970996,0.030024486381337645,0.017314494318305743,0.0147469696306669,0.014127246545678387,0.015344149531787782,0.016493833729241136,0.020673216371974258,0.017886582022495545,0.015483454385754016,0.01481612907217005,0.015592388217749588,0.018924197289305618,0.031588178292153574,0.05920274665966509,0.10209858448384915,0.44927527785688737
WIN_20260823_21_46_51_Pro_jpg,C,153.64398070469798,60.45157404918984,227.0,239.0,67.65855636658556,72.19635372471633,141.49779219608902,65.49713833752415,-0.169609899994245,-0.22559491811626806,0.42588086870325315,0.13255834910336126,57.78612518310547,26.280195236206055,1.0741950273513794,4.886299133300781,0.01242767833173275,15.045551300048828,0.13583156571608138,0.03865189724251709,7.427154928965036,0.4347137892588409,0.10507592352385403,7.001994060912942,3.0447345387532403,0.35155943122004873,0.09626677852348993,0.057132558349103364,0.029514963880288958,0.01764705882352941,0.014376620315814282,0.01500510644983895,0.014860681114551083,0.018563575741191312,0.022045371386754484,0.018383346850500134,0.01613048571686041,0.0163739480424442,0.01631071460755159,0.019392608854738383,0.029927760577915376,0.05491397596040537,0.10615481661710373,0.4412904388573488
WIN_20260823_21_46_53_Pro_jpg,C,151.28641486707392,60.331299766369604,226.0,238.39999999999964,63.72834645669291,69.1218269249976,141.00798337707786,65.24515212320601,-0.16228907462034564,-0.180970930772058,0.4267279090113736,0.10947069116360456,57.879669189453125,26.409053802490234,0.8049984574317932,3.570558786392212,0.71306312084198,12.327094078063965,0.13101487314085739,0.078645622554971,7.294174474086477,0.4252387385689451,0.10006172825253119,7.052978169530511,3.073613599386992,0.3514096856873061,0.09552825552825553,0.054852920278527784,0.027914467209447975,0.017395577395577396,0.015400499010582465,0.014973694860380412,0.015631661219269576,0.019326417507460565,0.022932685822204237,0.019752735540713374,0.01698166832457013,0.016174825776477674,0.01410995440075712,0.019100060225415126,0.030082287872656144,0.058074507442140585,0.10065312695714414,0.44489410495076215
WIN_20260823_21_46_54_Pro_jpg,C,148.22745223273233,62.54409498873697,232.0,241.5,65.27071413726763,69.55391984019744,136.07203134390306,70.07347742147739,-0.3068650357161322,-0.17466037347425145,0.4713163332530471,0.08327761413946635,55.450368881225586,27.85539722442627,0.4598007798194885,3.8668936491012573,-2.1336894631385803,12.25451374053955,0.16818355473856417,0.0961690831093786,6.869304857726627,0.41562294705310737,0.0995321407297827,7.029622798915533,2.980586914005082,0.3505302797417768,0.10402345642380321,0.06102964582299576,0.028963046391260783,0.016932888466543707,0.01428612645883524,0.013258634516659248,0.013271163550570633,0.01717338756898394,0.01751229948704392,0.016084602709458762,0.014006758578462251,0.013217858798687719,0.013949361351718417,0.016711922286111687,0.029565454132511913,0.05807310213447609,0.10687996788720264,0.4485983977244449
WIN_20260823_21_46_55_Pro_jpg,C,148.36705245379335,64.42133209372327,230.5,241.55000000000018,56.23591114229754,64.30552073998962,137.44890298276079,69.60039044712623,-0.27776334134657166,-0.16104037987873326,0.41843837436341313,0.07432414710426266,56.034759521484375,27.70683479309082,0.13020533323287964,3.2066227197647095,-0.9604701399803162,9.489405155181885,0.1537819652023817,0.07606833410189905,7.273815832317555,0.4223203660274212,0.09929455215703997,7.074383489845988,3.0096056532841717,0.3517153885478407,0.099317708455639,0.061198163723133414,0.029255805506894918,0.01610039975663877,0.013654628346845086,0.012779847121453511,0.014899209508976954,0.0158451243680606,0.019693777763803145,0.017585649131200178,0.015193300348777647,0.01421039057285425,0.014202910579773019,0.018171345129576928,0.030185969685356223,0.05968700758490883,0.10400739865492457,0.4470793265732582
WIN_20260823_21_46_57_Pro_jpg,C,148.01770998860871,58.52200855385939,224.5,237.5,63.929889091308475,63.23133561693606,138.28117449712363,63.20921758159946,-0.1618806396429727,-0.15798226489860195,0.49273399166070003,0.07793789004753664,56.572391510009766,25.049498558044434,-0.5926673114299774,3.4265652894973755,0.35874661803245544,11.029279708862305,0.12160458254711119,0.04548819539421295,7.9731059474819075,0.41558660121654467,0.09913177249368751,7.111843176248639,2.9897565747497685,0.35577673130323945,0.09906902526846251,0.05964184944206531,0.02873806082015063,0.016439950639461406,0.013368852195587044,0.014687659459701352,0.012978444802578565,0.015458303857434682,0.01946661588235972,0.017552287359974862,0.014188425540728255,0.013089984787833124,0.0163183330707663,0.017038558598242846,0.03081198419150872,0.058394923013934716,0.09548422139215997,0.449147817773361
WIN_20260823_21_46_58_Pro_jpg,C,151.8119432637026,58.15148519134959,227.5,239.5,68.0175315073621,67.74273885411824,141.72291951491215,62.423438857138606,-0.12606429748376338,-0.07975733042649936,0.4805944689444368,0.09129564164772344,57.906471252441406,24.896329879760742,-0.3512704223394394,3.754817485809326,0.7685195114463568,11.32689094543457,0.14412244793808637,0.06418966720282812,7.850066318394308,0.4161216814254032,0.10181905102247485,7.024911950933113,2.983286703478659,0.35557471654531103,0.09995788051232483,0.058030413051602614,0.02915524343114995,0.018282985238120143,0.014165339330296107,0.013977180492822048,0.01325266798035311,0.015359280658163957,0.016793890151911052,0.017636204149603606,0.014674602821656842,0.014172963601189116,0.01462694498294816,0.019535742082631036,0.029562850378660632,0.05806221563394598,0.10198589010050878,0.44548209281512974
WIN_20260823_21_46_59_Pro_jpg,C,148.04197750194618,58.78446332464992,228.0,239.5,66.91564429333641,67.69374484701956,138.0806501211623,63.06579391296317,-0.20031382600604916,-0.11362715523476918,0.4916707014602908,0.0815181330191344,56.40799140930176,25.191147804260254,-0.4155217856168747,3.598034977912903,0.5820480808615685,10.95024061203003,0.14354769318400384,0.05483753324497656,7.828406314750904,0.4160399100658144,0.09989989112516595,7.067619517482656,2.967063556242282,0.3571361770640478,0.1011352797604089,0.058715723989108716,0.028091715187352276,0.017239540263461424,0.014337213083114071,0.013009619893362197,0.012943763122575806,0.01467021664663418,0.018106015275188844,0.016500130796123356,0.013942244593757185,0.013666442726777356,0.01462451484306368,0.01936437908145768,0.030486183033071095,0.05934169868537337,0.10324490260297683,0.4469008826301373
WIN_20260823_21_47_00_Pro_jpg,C,149.42768644594292,58.82340690733972,226.5,238.5,64.01441602330134,60.77791063303544,139.21285487053711,62.359614371598916,-0.19231910881995085,-0.1217753546514664,0.49801831385232476,0.09163975188391055,56.93122100830078,24.65277671813965,-0.5036612004041672,3.5240445137023926,0.3095945715904236,11.426943302154541,0.13359293075641243,0.04924717358071507,7.439524422862802,0.4220341051583598,0.10482263730042381,7.006786871444044,2.9959188397050815,0.35395292198980743,0.09769145398322758,0.05795102482199588,0.028877722334385306,0.019181659611084645,0.015099215303917689,0.01317362864640114,0.01437214718513461,0.018667474962035538,0.019284860124352134,0.01575549297817602,0.014205951672145098,0.014623486673795878,0.01362502618267342,0.019586041703787423,0.03279176329150385,0.05831666633700017,0.09421521656233353,0.44634863119940904
WIN_20260823_21_47_02_Pro_jpg,C,147.5035035035035,56.164258780135164,224.0,235.0,69.00293281194455,67.31890400657831,136.3921921921922,60.95433137162779,-0.15319466067053697,-0.09741857483471594,0.5357444521231667,0.12024879060124395,56.38325881958008,24.05408477783203,-0.42200323939323425,3.558891534805298,-0.10499383509159088,12.408422470092773,0.12226010716025329,0.05679448098828815,7.484261229079069,0.4210780101202136,0.10201422215394328,7.040623087060984,3.0234497063741976,0.35067328136073705,0.0991496871490454,0.0593672236046925,0.0279950231070032,0.017063633131887666,0.014664059722715962,0.013316220118722926,0.01459971121450345,0.01732712979303706,0.019657528987176535,0.01881881881881882,0.018289748114872453,0.013797529279640623,0.017487566180009625,0.02117760308037863,0.03083083083083083,0.056634044601315575,0.09321354083106048,0.4430622744375336
WIN_20260823_21_47_04_Pro_jpg,C,152.61787401574804,59.98933967284114,229.0,240.0,48.76944226237235,61.4443640480609,142.74376264329064,63.86044684836144,-0.17456923522405693,-0.07115367879909025,0.3431505303543218,0.15154592642744302,58.5084342956543,25.23137855529785,-0.1023191437125206,3.759239912033081,0.49389272928237915,11.596110343933105,0.1470383275261324,0.037606677295320266,7.249571950100703,0.42220559722780127,0.1029986749109836,7.008021898340237,3.007028232133515,0.3587226359738208,0.09878240377062059,0.05608214849921011,0.029677273753103136,0.017478397486252947,0.013775166168962528,0.013197187168866198,0.014931124169155187,0.015817023213472916,0.018731663281426315,0.017603249830737983,0.015346422929361317,0.014782216204017151,0.01599075233599846,0.019183028661701646,0.030729216838454868,0.05914651767652442,0.0978334461746784,0.4503498081697134
WIN_20260823_21_47_05_Pro_jpg,C,150.4490888237543,61.977155144286094,229.0,240.0,53.34817364272233,56.366374875984164,143.0201350834714,64.65569161209443,-0.1962089769965521,-0.10917196696129337,0.4212279338292439,0.14515101312603543,58.3638916015625,25.479751586914062,0.7549439668655396,4.320759296417236,-0.46490350365638733,13.20576286315918,0.14988342400355278,0.06713048627044631,8.765208830788529,0.3962883937276128,0.09416112258167669,7.185769819634789,3.0683311620877856,0.3584486714528902,0.0922645597043456,0.057954923948040415,0.028755412456977904,0.01784121320249777,0.015165031222123104,0.013767070056622626,0.016764738536693684,0.020007646234229643,0.021282018605836627,0.02120572887753969,0.016694278068051484,0.014400407799158915,0.015292468459283802,0.016764738536693684,0.031349560341531794,0.05606750305318086,0.09213712246718492,0.4436513899323817
WIN_20260823_21_47_07_Pro_jpg,C,150.75578650604865,60.678261440519016,228.0,238.5,63.86700773923579,66.9672414726144,139.67377474181149,65.18634029678448,-0.15012344718492848,-0.13230965284389126,0.46164909339106497,0.1331285773793821,56.99549865722656,25.764989852905273,0.7284248992800713,4.622881174087524,1.042219266295433,14.531362056732178,0.13652707508414635,0.055824504920453134,7.588281295802036,0.4096557036605021,0.09940138611895133,7.094476419307885,3.014560716566254,0.3568798181146926,0.09551712720973723,0.056681320058956534,0.027736197787070573,0.016654827511828764,0.013383271466775693,0.01505126998250644,0.014200579378845783,0.01870822309783518,0.02115209299309026,0.01882619902696077,0.015496427620445032,0.01599855255817113,0.014007830114782866,0.018515917626040497,0.02961115036639177,0.057142826912267894,0.100172049774189,0.45095285399131924
WIN_20260823_21_47_08_Pro_jpg,C,149.15942469360883,61.82211390211125,230.0,242.0,63.290185353995746,67.84068810022889,137.3395117998582,68.32458896944321,-0.10118811185330041,-0.1392519037790231,0.46105540362605085,0.17370606705155475,56.24493408203125,27.342737197875977,-0.10138604044914246,4.756956100463867,1.7065117359161377,14.526588439941406,0.1387621503669907,0.07511647808310355,8.443529114383894,0.39979316651585817,0.09722358085552707,7.12857566976812,2.996932809960005,0.35318578135479545,0.1014331431751774,0.0570242074344171,0.02690881430065608,0.016905523862529567,0.013950368879946344,0.014540141922916376,0.01378720167348103,0.017169684775318578,0.01885348545985808,0.016557673577292334,0.014122721580631697,0.011896479755113399,0.0129400306108251,0.01759056765237235,0.02757440334696206,0.061176947229818694,0.10894670933630166,0.44490051481842213
WIN_20260823_21_47_09_Pro_jpg,C,147.99228637900865,59.48201234859238,224.0,236.0,57.978520702843554,61.48040999899868,138.6056356219142,65.30587185515184,-0.02769243832644069,-0.07893397625344187,0.4369721016584387,0.18618564072401844,56.435354232788086,26.028225898742676,-0.1721894033253193,4.092839598655701,1.9400115609169006,13.207183837890625,0.11064184729283079,0.03780373786796949,7.310509175868942,0.41707813535803606,0.09726393072740061,7.114920925127315,3.019368416113018,0.355681868509642,0.09813483505497222,0.0580529168353945,0.028520462482316364,0.018619673859181098,0.014131201082998533,0.01398854728497447,0.014974991107200526,0.018001910312610975,0.01701861004844407,0.01799763414295933,0.015633971487007292,0.014797165662507479,0.014426328431742843,0.018731859920035766,0.028587069816366793,0.058778079701471475,0.10001904491022695,0.44866741254036546
WIN_20260823_21_47_10_Pro_jpg,C,150.22697357718243,57.8271857210226,222.5,236.0,57.104674522107544,60.86884105938729,140.85480103440534,60.61576407586761,0.06726781889775091,0.03707685736794824,0.4356685512228589,0.1905532407768254,57.423282623291016,24.138736724853516,0.08301699161529541,3.963545322418213,3.382818341255188,12.817864894866943,0.11266304549370226,0.04006253570497568,7.340335087445373,0.41718151915725593,0.10229583659162139,7.051155488701001,3.0978140736611297,0.3584071043608987,0.09519345844107203,0.05763906778719559,0.02985976418290839,0.01808565866320571,0.01578462306362194,0.016520718541524582,0.017493061361966773,0.019495492556011858,0.023030862726651807,0.021342683084276864,0.018151160879442227,0.015853832827413927,0.015792054221645396,0.01880870040043684,0.030272605218756986,0.05471478197369038,0.09328262969941106,0.4392571541808159
WIN_20260823_21_47_12_Pro_jpg,C,147.3825544425066,60.34382103419916,224.0,236.5,59.37245530944446,67.42785494240212,139.2984578003296,63.62231550620311,0.03282908197992091,-0.04854244440072843,0.429297101858475,0.17412803559337592,56.99945640563965,25.717113494873047,0.55777208507061,4.742094278335571,2.8346121311187744,13.882736206054688,0.11990199787442388,0.045514050605120676,7.4868191898048435,0.4192764434030286,0.10213858682803945,7.036354434314468,3.009058105949533,0.3561545724030233,0.1011042385122418,0.05938925299911847,0.02722699239220775,0.01753713109366125,0.013153095664621693,0.012904913542472165,0.013198029231411935,0.017165812966233776,0.01951461868194145,0.018391733028688826,0.01645493407116891,0.014171407907036162,0.014860858806146416,0.018395857436292972,0.03115896374639098,0.057000280478264456,0.10318657738903836,0.44308514591179843
WIN_20260823_21_47_14_Pro_jpg,C,152.67490939476716,59.19631242748939,222.5,234.5,57.29573271901164,63.64873957708281,142.34319852243465,62.60260852851564,0.1255811227237265,0.07916193626384496,0.42906055287707257,0.17812155032835902,58.12590789794922,25.042469024658203,0.06929057836532593,4.649303197860718,3.743323564529419,13.928677082061768,0.11225319575974295,0.029199809418158626,7.60925498848415,0.4156890969874583,0.10215208810609439,7.035861718712378,2.9887269162514665,0.359053616719544,0.09868433613649578,0.05728528426497459,0.027931766633637264,0.017338865784971215,0.013076568842262036,0.014784729273520963,0.014786099787710685,0.01611554771816811,0.018321226795803065,0.01782869978704163,0.014885581262707802,0.015409240289458323,0.015294106206909963,0.018220582086214104,0.030833453425292364,0.05697277016291707,0.09895250245168233,0.4499620759065317
WIN_20260823_21_47_15_Pro_jpg,C,149.62481070856234,58.83517682499214,221.5,234.5,62.12168509458429,66.90801096014923,140.86605384073118,61.64649063933933,0.19479446829583558,0.15404084506442278,0.45809443148105655,0.1853327913617513,57.76473617553711,24.66396141052246,0.37416864931583405,4.002118825912476,3.694093942642212,13.46424913406372,0.10244631664442742,0.01611787818680717,7.241367865267725,0.41946231991198096,0.10426881713404865,6.998129813048353,3.011430029510718,0.35542076377165743,0.09805204938658904,0.05838614014532294,0.030821793182340795,0.018598814390058185,0.014976402961336444,0.013718888787508533,0.014123420881307025,0.015635464255177024,0.018970937918233347,0.018257840291937513,0.015508329761406571,0.014686848146705038,0.015396808533447246,0.019957824823391247,0.03026573873507931,0.05690310416475444,0.09655800092701088,0.4458979911565867
WIN_20260823_21_47_16_Pro_jpg,C,145.5381923263384,58.169434080514435,224.5,238.0,71.18883535432747,68.8981351636663,134.05342305468292,64.04610826965873,-0.02517833500878598,0.0017303650914001836,0.5159095234839508,0.23639629915916055,54.894874572753906,25.625874519348145,0.653642363846302,4.233342885971069,2.165463447570801,14.80813455581665,0.11953517142500834,0.034050429584437575,8.125068293661828,0.40161906689944366,0.10214436713093877,7.059528672245797,3.028814512552506,0.35128461873789313,0.09848141764656548,0.05890764434968182,0.028022976569091973,0.017294248746135645,0.01478951340589757,0.014603363060082055,0.013485100304900945,0.018620979543859394,0.020833647661566507,0.016654265784605916,0.016074713605759978,0.01363028540966728,0.015162931244286184,0.017823687709801115,0.02987118292257321,0.058214091326658154,0.10178302235806781,0.44220259561339825
WIN_20260823_21_47_21_Pro_jpg,C,153.23542569551236,62.20985053047252,228.0,239.0,65.08036839554048,67.52888852201048,141.2122571001495,68.90262236883831,-0.2600731326443973,-0.2935524719160221,0.42094037809015994,0.1315855810436098,57.9455680847168,27.37841033935547,0.7919731736183167,4.1654534339904785,-1.2191665172576904,13.271382331848145,0.14376970300315248,0.05407108646332241,6.480851288123698,0.42327608864898986,0.10027698866779709,7.0004301930995005,3.0393618425702913,0.3454494617642947,0.10127055306427504,0.057574249211879876,0.030249558860599948,0.01688933703050164,0.012941762070681932,0.012990790111488125,0.015250819258885807,0.016763297201915807,0.018275775144945803,0.01833416293346607,0.01634312261489962,0.013378574890935531,0.013779196773651487,0.018002322880371662,0.03005731860757724,0.058309527810452025,0.1062219730941704,0.4391227627930426
WIN_20260823_21_47_22_Pro_jpg,C,151.20357082470304,56.89255732797928,224.5,237.0,53.895380186148984,59.918417113289564,142.12125535925594,58.57605752461779,0.10049263960484157,0.132747646437331,0.3979040631746827,0.1643436336427918,58.05725288391113,23.201040267944336,0.5461471378803253,3.8268027305603027,1.9585366249084473,12.102416038513184,0.1213990855228883,0.02908502823814938,6.501882506935002,0.4256412638552506,0.10174614892486122,6.98507712913085,3.1042390744778348,0.34946825973434914,0.09247265992375864,0.05598255996132258,0.03143126848261629,0.01831878337128255,0.016291078860792584,0.016127397647793303,0.017879242542547056,0.020078509286020077,0.02094250138105301,0.0200366731143628,0.017436421795476796,0.01614992410809924,0.015346663617471886,0.020050681589338225,0.03142762766371769,0.05351681456022666,0.09504301451204794,0.4400520186243776
WIN_20260823_21_47_23_Pro_jpg,C,152.3599512531816,53.109397619742666,226.0,238.5,48.8487975642979,53.52326646323441,145.26052150309476,56.46753522716271,0.1484804866204444,0.14413206256274655,0.3667824614483063,0.16269206757460117,59.17713165283203,22.208321571350098,-0.5036858059465885,3.3418794870376587,3.0602461099624634,11.384693145751953,0.13070037948510496,0.03199398026193955,7.62765624165918,0.4202596925758135,0.10350347561387617,6.966621593633772,3.191132011953791,0.3584772965860484,0.09296342162335869,0.05761580664990866,0.030341938550917005,0.019980944424048123,0.016896337017495003,0.01727642712628586,0.021413694450210345,0.02209617458754725,0.024559093100025076,0.024633131344950387,0.018679587312305054,0.01705228448256753,0.01769196900984206,0.021733212767491454,0.03054259771285679,0.05368275867252696,0.09113285317483535,0.423652326159488
WIN_20260823_21_47_25_Pro_jpg,C,150.8540448591338,55.47537096372432,225.5,238.0,49.46584874238512,53.53088361054803,144.10857967480692,57.03185186336958,0.14097417527563966,0.135772248149381,0.38713358536331166,0.16255396129769312,58.83695411682129,22.40620231628418,-0.8844979107379913,3.162221312522888,2.913610577583313,10.831267833709717,0.12626575185694525,0.04768470462404167,7.991890303787274,0.4137976355523406,0.09947227644194016,7.066565845026924,3.088624268905553,0.35863528121038657,0.09439081979896943,0.058293886571245304,0.030685199397402007,0.020053755840099097,0.015756686848014553,0.014783720848089998,0.017497120316647033,0.018203221257329476,0.021839314149695446,0.01927014181798059,0.01641661776939996,0.015751589624908968,0.016278102664067574,0.020884692939536813,0.03217868745938921,0.05288812816128323,0.09157078832154608,0.4396156338426005
WIN_20260823_21_47_26_Pro_jpg,C,154.71520423895305,53.90078069078973,230.0,240.5,50.57589123657509,55.2403671348028,147.4868733073762,56.311373380458676,0.12577569572512248,0.18748268512878385,0.3787780227323912,0.184352311227612,60.05219841003418,22.07967758178711,-0.6888094842433929,3.251288652420044,2.8769243955612183,11.367557525634766,0.1506827820547892,0.032952071030343776,8.027053960017078,0.4024311495771988,0.10049441788323143,7.042535876931106,3.0999689881002688,0.3551493333569568,0.09239136986562843,0.05655830970400026,0.030709182183800393,0.02038016266037284,0.017197486052613502,0.014420723913821949,0.01737172089253505,0.02141445553935384,0.022544463789499786,0.019518755916305648,0.015232430884006649,0.016944737498187333,0.018107153650742037,0.02041387466462584,0.02972469995540824,0.0536939480300099,0.09327039927121367,0.4377499303035582
WIN_20260823_21_47_30_Pro_jpg,C,144.09738474327003,66.7262190131743,232.0,242.0,73.9418472063854,71.87059098391576,130.84340554922082,72.71970856449379,-0.27360801658058626,-0.3400335683486865,0.5146109086258712,0.13660610101683615,53.08034133911133,29.04426383972168,0.06574012339115143,4.676276206970215,-1.7850840091705322,14.722786903381348,0.1630558722919042,0.05884314052342057,7.77256537163645,0.4039134471651601,0.09675885196644084,7.10946974031924,2.957778158192117,0.34991353042905377,0.10209045990117827,0.059466717820832536,0.027011446924153835,0.01581147852527556,0.013588075434406655,0.01315089319650323,0.013563049853372434,0.014082187268385078,0.015151515151515152,0.014835805967661276,0.012829912023460411,0.012352795849460595,0.012952101661779082,0.01638804249361772,0.030171695282547092,0.062438905180840665,0.1121020170028338,0.44947706497570616
WIN_20260823_21_47_32_Pro_jpg,C,155.82291097167544,62.47932768140967,232.0,243.0,59.853203519322044,65.51962587186827,146.97753500402212,65.94789138795704,0.11918658506529543,-0.016293782563237554,0.4693533478402938,0.25620415140372843,60.205806732177734,26.22352886199951,-0.5459812507033348,4.19519579410553,3.3543015718460083,13.146748542785645,0.16762589092171978,0.0587812676729965,7.806074361000484,0.41836695678419006,0.09960525215418192,7.093273738076322,3.0955106092339095,0.34691384502363565,0.09353848566554263,0.057392299670895264,0.02921792881814581,0.017365691338582068,0.015545109668340131,0.014553074893610223,0.017280397082209416,0.021716954789676578,0.026253933576656986,0.02362451488837293,0.01765806595352851,0.015856095498195805,0.01570339785740816,0.019907951671608793,0.030707028468175405,0.05528774812777452,0.09585301054820927,0.4321096779332656
WIN_20260823_21_47_34_Pro_jpg,C,155.21627683434795,63.71168790274709,233.0,243.0,61.714479241373816,65.64973848184174,147.76804054955315,67.9463192440764,0.11957040117324191,-0.040367075795861254,0.4433022551597737,0.21651127579886845,60.51386260986328,26.5902099609375,-0.4195862412452698,4.341303825378418,3.645097494125366,12.701580047607422,0.16928334935383957,0.06739292961657588,7.548702974376696,0.4268775378469474,0.10314426429619776,7.0358810012352295,3.1112920137934514,0.3485212791536427,0.0958642122878317,0.054907407407407405,0.030084704507837602,0.01888888888888889,0.01616200954142732,0.014506863985979944,0.01611111111111111,0.023563356576100022,0.029723483942943663,0.02342816160650251,0.01880627938481154,0.014506863985979944,0.016256275400430314,0.018248466013228146,0.03067973543708662,0.05282112845138055,0.09833452864770101,0.429197545621165
WIN_20260823_21_47_35_Pro_jpg,C,158.91823842613482,59.586158820050855,237.0,246.0,57.57579499845632,63.79811457448327,146.83413049363776,60.865850162693405,0.34507348903945806,0.061296933372316176,0.4896573016363075,0.38670114517916515,59.59946060180664,24.32815933227539,-2.048901081085205,3.7172131538391113,5.599086761474609,12.275751113891602,0.20144976399190828,0.06582939986513824,7.272460981427577,0.4210723922581736,0.10061574999710075,7.04006987361678,3.056150908028897,0.356155004792551,0.09895482130815914,0.05615072035463613,0.03095388502842704,0.019135574436645732,0.014554857776135945,0.015973287609421533,0.015702553921126253,0.019131847306199802,0.022109917877447885,0.01920945696342815,0.016475803472478758,0.014800108293475318,0.014702622829700775,0.01920945696342815,0.030512474713418745,0.05315404746864001,0.09722032041626728,0.4389495532894143
WIN_20260823_21_47_36_Pro_jpg,C,148.93150883466103,57.59861421826328,222.5,236.5,37.75241643035237,42.3472897460242,142.6644832325613,58.28835852386678,0.40272091934728116,0.17053015413325756,0.31002290566347507,0.223236715761846,58.58906364440918,22.77438259124756,-1.1160935759544373,2.154341220855713,3.7662655115127563,8.529158592224121,0.11151918744154665,0.02839645280383578,7.943929080878686,0.41902558811975954,0.098064961978784,7.067188238723703,3.1245418546406905,0.35524675574529163,0.08908524789307706,0.05448000109921818,0.030979971328219634,0.020210310008140858,0.018418646251317283,0.017518481486453016,0.018766023659262096,0.020603602898976565,0.026293246843444126,0.022446510880674585,0.018466028697345423,0.017938872962500928,0.016981335486673566,0.021201785446243883,0.03141185776557065,0.051770842251269295,0.08847795454482887,0.43782529547654103
WIN_20260823_21_47_38_Pro_jpg,C,153.6759088108441,55.3247227767467,228.0,241.0,54.75642068564788,60.70683419890188,146.92453909726638,56.221477345823445,-0.008940012790999418,0.018291664821202633,0.3934921557234166,0.18830260648442468,59.962547302246094,21.782333374023438,-0.36034828424453735,3.349381923675537,1.9864044189453125,11.940319061279297,0.14066525447987635,0.06314764985401042,6.76002115086944,0.4225529089298748,0.10355941950002764,6.907956694689972,3.1346681691938656,0.3498410680228862,0.09726902963393376,0.053777949113338476,0.029561347743165926,0.01744410177332305,0.01599845797995374,0.012269548633184997,0.020220801859384078,0.024288204532248694,0.02591516560139454,0.01994988434849653,0.021395528141865846,0.01686584425597533,0.017347725520431765,0.020569436374201045,0.02920517560073937,0.05425983037779491,0.09517722254503196,0.4357170393215112
WIN_20260823_21_47_39_Pro_jpg,C,153.9257121045801,57.99030113713726,229.0,240.0,45.43082992884763,51.78940404920884,148.013142972784,61.008658185490376,-0.01970882681258781,-0.04930549720874147,0.36921076924766394,0.1722157107021228,60.36378288269043,23.899288177490234,-0.42657871544361115,3.1334228515625,1.3994601964950562,11.433487892150879,0.1481199733009061,0.06450904587667741,8.111544103863373,0.4093491955083992,0.09753965722906452,7.104790249506175,3.0723109267111006,0.3551537570018264,0.09799199033380819,0.05661387991322736,0.027683716977082096,0.017887428320415597,0.01515870486699392,0.014814929465434088,0.01738104921531898,0.018007451320662435,0.022130502828245156,0.019583296647512037,0.018562674278397154,0.015785485787161366,0.016842671475752545,0.02094754801028572,0.030784877530013195,0.05437683769686455,0.09157986476326933,0.4384020126270586
WIN_20260823_21_47_40_Pro_jpg,C,156.21095896954006,56.66762213677471,229.0,240.5,44.63752152918216,49.15038589594276,150.62669078160073,59.24440645388334,0.1225061661543944,0.03869181166480065,0.37138137358720036,0.1735929243709892,61.56936073303223,23.138622283935547,-0.26946501433849335,3.2997665405273438,2.832447648048401,12.181656837463379,0.14531345930490316,0.04438222071399074,7.168460305410598,0.42281929626567316,0.10182278340495984,7.003810593037278,3.122122407322586,0.3567271405639582,0.09530744530956342,0.0559582140166818,0.030549816367184655,0.02036738875595443,0.015116618240166987,0.016146522187689822,0.018891498401572494,0.02232412810083362,0.024086005800642154,0.0216871000045418,0.01907938752991552,0.017411120697004387,0.016937911617783002,0.02067580692316562,0.030590065196446563,0.05416486549085334,0.08588691659749473,0.4351946457956234
WIN_20260823_21_47_42_Pro_jpg,C,154.86108488359923,60.83826783971298,228.0,239.0,46.73343532073697,52.78123458387503,145.20504019684728,63.2475190229105,0.0662598596243298,0.04389427551936447,0.34750880149366586,0.14853079347973733,59.44230079650879,24.786261558532715,-0.2461560070514679,3.3780477046966553,1.6118680834770203,10.55114221572876,0.1453914849861977,0.052378430605766566,7.501605049631805,0.42328760153835643,0.10058216836135073,7.005878904505126,3.1194219205004483,0.35029890425216537,0.09331552517538896,0.05380279628029816,0.030286116999235405,0.02017857025971093,0.016402753947422098,0.015066974553691118,0.01738984215312496,0.021196986308199092,0.02354681344885287,0.0214315839531788,0.020362092074452512,0.015110244279048599,0.017100595340842815,0.021313096028461907,0.03226513608805295,0.05348622935717145,0.09132160077653043,0.43410977300560805
WIN_20260823_21_47_43_Pro_jpg,C,153.34880074982829,60.27254250100121,228.0,238.5,41.56367961370086,48.91084306458451,143.85250216480767,62.71113853151394,0.09177265708906596,0.0625883468272531,0.3124806161830743,0.17290235536363513,58.97525215148926,24.63007164001465,-0.7142589092254639,2.812236785888672,2.05482941865921,9.526304721832275,0.1339115354100962,0.05544814069724936,8.237908272711165,0.40831610125174145,0.1018583488265309,7.083851227315785,3.109555790025703,0.3563117309233893,0.09041185298944904,0.055210037889262285,0.0312448167032697,0.02098018243373561,0.016954488339783903,0.01691379705507268,0.017920712606653844,0.02018464023854399,0.024438484737454295,0.018737990166576117,0.016111104387003812,0.018210198846760072,0.018574973815556194,0.020940927072387577,0.03181017403541507,0.05443017135836367,0.08874348603133805,0.43781946497026325
WIN_20260823_21_47_44_Pro_jpg,C,155.3867626587391,59.041689223550634,232.5,243.0,56.081148053576186,58.523318230324286,146.64606608827887,61.871450317355354,0.18478045067518087,-0.013411924727345535,0.4234704443260142,0.22837301469743967,59.806753158569336,24.361572265625,-0.7330499291419983,3.5395452976226807,3.306983470916748,12.115334033966064,0.15572247983323667,0.06146526626067755,7.1351826458279906,0.4208108042940411,0.09944550457333273,7.071257083337786,3.104896078181088,0.3542752971568861,0.09259740817128945,0.0574837540953876,0.029271583114207786,0.018497507024248013,0.015947891468154944,0.016146673639099718,0.018486319410921194,0.022022163606982226,0.02376026262509142,0.020605616114431555,0.018060654041142127,0.01638308337346962,0.017144529002414498,0.020034128415085468,0.031190451276028243,0.05175846124498114,0.09086440811650591,0.44001533743118104
WIN_20260823_21_47_46_Pro_jpg,C,156.02888677862563,56.40058429875718,230.5,241.5,56.348978829872436,53.898676442914436,149.8888827564797,58.17457812593916,0.2430687784993153,0.06959833308210843,0.463381865688004,0.24434470505949496,61.1893253326416,22.641441345214844,-0.6695614755153656,3.6469342708587646,3.171020269393921,12.003048419952393,0.15789304063247722,0.0424902420203643,8.080768214835572,0.40300268758037905,0.09919235885986159,7.0788229710540715,3.0824835895114644,0.35740930942018045,0.09636362914788876,0.05617043031185298,0.03059082704934872,0.018771498904304212,0.015001633765520536,0.014659788272844112,0.018144718930910714,0.020867220502784015,0.025667215626174206,0.020255167773668033,0.02015682670442525,0.01571480057146417,0.015343048867889002,0.01736040004191646,0.030817669090317253,0.051908009457508585,0.08973038531103672,0.4412486012831627
WIN_20260823_21_47_47_Pro_jpg,C,148.8669921875,57.61836659762043,220.0,236.0,55.5234375,57.114948847463246,138.2439453125,58.642224986535226,0.32636325593156523,0.06035451623103113,0.4662109375,0.22026580885465166,57.036285400390625,22.774707794189453,-0.5097290277481079,3.21787428855896,4.1094489097595215,12.570560455322266,0.10272232304900182,0.03521544061627021,6.845654631292922,0.43764377670982424,0.10122153559503246,6.995735285047472,3.1809791387950757,0.35019867549668876,0.0873046875,0.0541015625,0.03137546468401487,0.019915700737618548,0.01786167781257936,0.019300770337763482,0.0193359375,0.024609375,0.02476290832455216,0.0248046875,0.0197265625,0.0189453125,0.019704952581664912,0.0208984375,0.03152416356877323,0.05,0.08166969147005444,0.430859375
WIN_20260823_21_47_50_Pro_jpg,C,151.62767710049422,61.937482266716444,230.0,241.0,49.43448779470061,61.56246759473798,141.99641438123848,66.7877506052365,-0.10519380351471111,-0.17059445333394685,0.34790319215522636,0.17802490257580078,58.085365295410156,26.315786361694336,-0.4739826023578644,3.333798408508301,1.5616134405136108,11.270363807678223,0.15466304694985628,0.047547547547547545,7.740625728383227,0.4145139779010013,0.09642188074681841,7.128387632684861,3.045765436594727,0.35471913316224696,0.09759759759759759,0.05788074439802507,0.027902902902902902,0.01637805132484874,0.01420432966198253,0.014764764764764765,0.017003964114333404,0.02006008334140905,0.02013352806175673,0.019820571667014397,0.01564781973711663,0.013888888888888888,0.01575213853536407,0.019611934070519508,0.028951747088186357,0.05528896307114542,0.09878990194032965,0.4445023993323597
WIN_20260823_21_47_51_Pro_jpg,C,151.3660255644487,61.466769165017084,229.0,241.0,63.23227903487936,62.514024056584745,141.79858915105814,67.62473100351288,0.03679659633842656,-0.15907871458116404,0.4637595408555707,0.1957744718089761,57.8881721496582,26.807735443115234,-0.6344821453094482,4.028799533843994,2.4370110034942627,12.010009765625,0.13678583946722747,0.04968454258675079,7.277780583889777,0.41874469244613344,0.1008629743728591,7.049858229134567,2.9929886177142535,0.35457715073380364,0.09787942516649141,0.05932351910269891,0.02781156247466148,0.017002125265658207,0.012626578322290286,0.015623015368982598,0.0166270783847981,0.019190325972660356,0.021973566853158193,0.018839817735716788,0.015334735366281108,0.014370837714686295,0.014814351793974247,0.019252406550818852,0.029442691903259727,0.05570420822184383,0.09888736092011502,0.4477841547837406
WIN_20260823_21_47_52_Pro_jpg,C,147.16141730911465,54.36028591061224,219.0,233.5,46.41379064571102,53.6929529215971,136.60013268043252,58.91016673045975,0.08991764262312116,0.10276371448883566,0.3341426362146772,0.16918245047022054,56.12777137756348,23.198043823242188,-0.3266587406396866,2.1853830814361572,2.9823741912841797,8.637901782989502,0.09808103124713785,0.019779851651269796,7.39322178328392,0.4199493363233434,0.09952447903913617,7.0490318175839874,3.09045637619119,0.358768554820313,0.09616657571157959,0.05860002791959928,0.03008583519765766,0.01860463180562776,0.015706504815969927,0.013652778130219097,0.017465254477168485,0.019669756853339833,0.021391678464134166,0.018788662960407078,0.015185049193972008,0.016325441636632416,0.017823395305409044,0.02176582909327849,0.03349808992293522,0.05121471337428804,0.08901877355199406,0.4341825455311085
WIN_20260823_21_47_56_Pro_jpg,C,150.803694127318,55.95625626000427,224.0,236.0,58.788040059257014,63.25479184832932,137.59889881055926,60.787673702787885,-0.02987380812142567,-0.020356882129661434,0.4563634650275297,0.19983054930904745,56.396249771118164,24.018288612365723,0.03880356904119253,3.7463937997817993,1.4837215542793274,13.022745132446289,0.12290089581847047,0.034679212147488495,7.068604728554259,0.42665009246094443,0.10242097817602133,7.017673845425299,3.046312238456216,0.35323824175190915,0.09572046129095776,0.05422039246296731,0.029945343786177886,0.01855295805453968,0.015650569127616924,0.015889797220131185,0.01705603623912253,0.017046981518351496,0.020051216749565573,0.018034049132746904,0.01734171352638878,0.015981227889460707,0.01606577832771129,0.019125040393880403,0.031179463780830252,0.054216248344882464,0.09950844355846417,0.44358964760127995
WIN_20260823_21_48_01_Pro_jpg,C,152.32296977271898,59.087212344581026,227.5,238.5,60.507410146039575,63.77113559655442,138.46087037162926,64.20549608925184,-0.03904907593835173,-0.052373048540131674,0.4847499332983761,0.19858566247014103,56.52938270568848,25.36185359954834,1.024509608745575,3.8873037099838257,-0.6025397181510925,12.920594692230225,0.14533610121570692,0.02499763653739398,7.9679709470521445,0.40993892244164326,0.09786662943845117,7.125113453056324,3.068617162281889,0.3552555730457085,0.09709980511537339,0.05687000061796195,0.030991141132520328,0.01896971183134421,0.014525836526214829,0.016207765238725864,0.01561841829477838,0.01696082324798357,0.020078064036218594,0.01762051187495164,0.015510162447802282,0.015988561081983252,0.015625213297965755,0.019997383293475335,0.02971175575795689,0.05636043304992934,0.10420902716207367,0.43610867687858423
WIN_20260823_21_48_03_Pro_jpg,C,154.24815773577797,58.59915443982394,230.0,239.0,61.92442104209532,63.9957391941534,142.8127824319967,63.39477142604776,-0.03961951519485521,-0.015444814124294328,0.4577156628995414,0.21109687918512543,58.217275619506836,25.325675010681152,0.4069137591868639,3.4502192735671997,1.0472199022769928,12.328857898712158,0.16029300277265893,0.03856294989786174,7.822105981385419,0.4097666707108292,0.0988902976278863,7.085170240057911,3.04432011832051,0.3558588460200972,0.0963056214779933,0.05803314321161997,0.028009699697632784,0.018484902165873972,0.014452824718698009,0.015450801934361148,0.015546323763624383,0.018408704157889685,0.018595257361068016,0.01938803807277003,0.015966474796014915,0.015038708619680857,0.015072005097323088,0.019499191598950846,0.02898305565754443,0.05564119723951077,0.10199160321185127,0.43997939266982555
WIN_20260823_21_48_04_Pro_jpg,C,153.50223285791083,59.256556282304075,226.0,235.5,49.16949113620455,57.38321493163825,143.89089372873042,64.7202561942602,-0.10139196572553152,-0.0631928554152293,0.39778327352601595,0.17428447844081368,58.90514945983887,25.44053840637207,-0.0901506319642067,3.354293704032898,0.5791594684123993,11.141382694244385,0.13711873676465725,0.0307575492044612,7.979635030560311,0.41537097895394137,0.10461218407574654,7.001570396562261,3.0883452835444536,0.35429303833810366,0.09438304033712157,0.05843050201121344,0.0287016998002119,0.01826537986821093,0.01554834063289521,0.015219513852030546,0.01725937814179577,0.02099893530957303,0.021903135472580038,0.019892391982910557,0.016237438011170596,0.015654321542137254,0.016586678705755784,0.020121528037142632,0.03100377299088127,0.05600768538309317,0.09861497183561949,0.43144297501015916
WIN_20260823_21_48_05_Pro_jpg,C,152.9490898748578,59.25505805209036,228.0,238.0,53.59582989751443,56.62454261024193,142.79408418657565,62.688578309107676,0.03889188131686021,-0.006227216881372259,0.43691836494286723,0.20991871834138295,58.374244689941406,24.84166145324707,0.22659330070018768,3.3902623653411865,1.2021292448043823,11.77055835723877,0.14512229806598406,0.024855695606078455,7.7775590044194,0.404827242939946,0.10112799818841273,7.075712076021441,3.1076983164609002,0.3561491849449518,0.09443215693816713,0.057721757568618214,0.028803475304561336,0.018273606370875994,0.015386094816809309,0.014842737660501825,0.017669925786311696,0.023088703027447286,0.02615149016374131,0.020143715396395336,0.01685878962536023,0.016020732712922606,0.016963128754859228,0.020614913417363646,0.03192366592060313,0.054187772411355875,0.09588879726705148,0.43161738720697373
WIN_20260823_21_48_07_Pro_jpg,C,149.54868503894514,58.304070945274105,230.5,241.0,63.047762638163206,64.53593287625193,138.17086404277927,63.44184110766402,-0.08898312318070214,-0.019636890613272093,0.5077963074137133,0.20883720364889422,56.425893783569336,25.23240089416504,0.5706111490726471,4.1685402393341064,0.09828502684831619,14.085488319396973,0.15673637354090697,0.05716806870766572,7.832359977819563,0.40352639024368214,0.09873176064314446,7.066948580595354,3.0491326021889726,0.3561028604673562,0.09649426351637011,0.057156436273689666,0.027177972584661925,0.01739125993333636,0.014369775944072172,0.014774884444096253,0.016720161056953866,0.020365909169409002,0.02141820474429379,0.020292566115326958,0.0167197029543096,0.014892377172129923,0.014666945219504323,0.018399888043186402,0.029716699711336232,0.05372939200596324,0.10071372468667827,0.4387539175421384
WIN_20260823_21_48_08_Pro_jpg,C,150.64581917063222,60.82058583631242,229.0,240.0,63.53419442556084,65.26291037888177,138.41495581237254,65.83877692629062,-0.07331203159695734,-0.0017945431350819086,0.4963761205416746,0.22658783139423994,56.3795051574707,26.202444076538086,1.0435782670974731,4.414363861083984,0.9360279440879822,14.256921768188477,0.15071380013596192,0.05601631543167913,7.654375028420025,0.41346166232364817,0.09863041029457391,7.094257021842944,3.0474539562232508,0.3581622678396872,0.09498378790768644,0.05943304007820137,0.027470864234902376,0.016315431679129844,0.01573526606904444,0.015665203571969124,0.01573526606904444,0.020234604105571846,0.022189638318670577,0.02072336265884653,0.01630745756246424,0.014208021753908905,0.014760508308895406,0.01794697484704283,0.02906008778568185,0.055064581917063225,0.09917985885943162,0.4397526331046478
WIN_20260823_21_48_09_Pro_jpg,C,151.90110608943863,61.09822925194789,230.0,242.0,65.38538558451032,66.39394020342094,137.4158212320138,66.20806012158656,-0.0736030981017667,-0.03057996539097542,0.48710558252427183,0.2047071702244116,56.01175308227539,26.45728874206543,1.2679953575134277,4.486301422119141,-1.0050615072250366,14.38680362701416,0.1482660301041045,0.05576553278960281,7.340109072892858,0.4118614519951903,0.09711433891440711,7.1088251279704515,3.051329379875757,0.3539690464303545,0.10254618072890664,0.05875356803044719,0.028663177925784968,0.016459344660194174,0.013459065580797257,0.014777833250124812,0.016602809706257982,0.02034300310162379,0.022623608830505383,0.0199700449326011,0.01687468796804793,0.015576635047428856,0.014178731902146779,0.018088298328332617,0.029584664536741214,0.05589369909987141,0.1027592768791627,0.43554667998002994
WIN_20260823_21_48_11_Pro_jpg,C,155.84713122499653,61.81468659925523,233.5,243.5,58.366057665599484,61.28085883668569,144.8343228733273,65.46587760709343,-0.1246604624654815,-0.11722588748570861,0.46025856785237,0.19286940633865723,59.12822914123535,25.74120044708252,0.7249160259962082,4.292978048324585,-0.531687781214714,12.99610948562622,0.17934768247804905,0.0916049226071163,7.847948537682818,0.4005361718326107,0.09551133715142596,7.150596260885569,3.0071216863342762,0.35887707445649214,0.10012492212880184,0.06021392503047349,0.028922064004811017,0.01656229718245186,0.013919410592872591,0.014773281102914294,0.015324828716764615,0.017962034381000955,0.020089260625554863,0.017884559019877476,0.014900328011514082,0.014384987616501673,0.01638240974469297,0.017249205160666657,0.02871381122575354,0.05829182073995445,0.09812569143611247,0.4438657084813039
WIN_20260823_21_48_14_Pro_jpg,C,146.51641973422943,60.913089914846324,230.0,241.0,59.25332213227433,64.26787623117447,136.41018787230792,68.8779603961668,-0.20181842470150513,-0.04468491807748912,0.45387200244386744,0.12607408477146365,55.663246154785156,27.42700958251953,0.4371006190776825,3.6981935501098633,-0.4920233190059662,12.822565078735352,0.15060332976936,0.07183538489803418,7.626070538177801,0.42968065110507686,0.09728730643644022,7.097939822982282,3.0577528747312384,0.3512295707957843,0.09770618105410611,0.056361692378188485,0.027935069837674593,0.01794715136703834,0.015603372341764187,0.015321309753108038,0.016634564874803012,0.018560672386622307,0.01864822272806864,0.016897215899142008,0.01645946419191035,0.01597708945662823,0.017861180194438164,0.018252634794562395,0.030777455323048725,0.05659808576381038,0.0984941341271231,0.4446681842059184
WIN_20260823_21_48_15_Pro_jpg,C,148.408164941679,61.51662135815943,228.0,238.0,64.12919690075022,59.09741665037177,136.55977124584922,66.06222421115761,-0.031154205574482292,-0.057877379639469644,0.46968392571639406,0.1975087519335667,55.51154708862305,26.228796005249023,-0.37394291162490845,3.634834051132202,2.141338586807251,12.119071960449219,0.14410160384270942,0.053859632942912475,8.022433810328454,0.4075798496144726,0.0943365801924219,7.1975867142319085,2.9875268776976163,0.35683464951559063,0.10091009715902104,0.059799572860193856,0.028169014084507043,0.018155173817471303,0.013958922641741483,0.014210612781337275,0.013635616888450797,0.015549947081331922,0.015309416213225123,0.01486775094463611,0.013635616888450797,0.014177072575345038,0.014266387898167508,0.018168403578345475,0.030526607027575394,0.06026319025950068,0.10355835132851375,0.4549478926496357
WIN_20260823_21_48_17_Pro_jpg,C,149.10726355548667,64.41354797421062,230.5,242.5,47.672500106701165,51.67569321898388,139.45205158892975,67.47351380835559,0.17718722613332163,0.3722372697726546,0.38942768414405415,0.19680815366209847,56.89666938781738,26.67892837524414,-0.46817442402243614,3.13613760471344,3.469218611717224,10.828232765197754,0.159531216294791,0.06481263068025023,8.743194567264293,0.4070887711001994,0.09583190452245052,7.169453392785022,3.1680866420720886,0.3523496257254183,0.09329627527625087,0.05584187200818881,0.03047048768873369,0.019771715012996575,0.016688483074715856,0.016370414212498755,0.01882205059798204,0.02160205825259771,0.0274086825223145,0.022995339365697143,0.02005414409454499,0.017528441169158894,0.018184367468760967,0.019948899326678263,0.031972828571592046,0.05355413541691605,0.09085841252614146,0.42407061818108727
WIN_20260823_21_48_18_Pro_jpg,C,156.71303152912435,58.19900561672422,230.0,241.0,56.58513840957486,57.228537607610065,143.43644553019314,62.577679768165574,-0.07914646541523873,-0.060476778993268365,0.4249942743720895,0.16459271700129782,58.34043502807617,24.5074520111084,-0.5220963954925537,3.4419405460357666,1.313310146331787,12.496713638305664,0.14796102490075785,0.06807017543859649,6.894690980352331,0.4248973324512863,0.10268708464279082,6.980756457578843,3.143403219268807,0.35943859649122806,0.09367127261623025,0.05366814377154111,0.030428360413589366,0.01769586606946178,0.016642048252092565,0.015263417035942885,0.01654357459379616,0.01999015263417036,0.025269104511794795,0.022291777998320484,0.01792220580994584,0.016871516909687762,0.01910388970950271,0.020001526834109475,0.03190546528803545,0.0542026108863272,0.09542713184212535,0.43052683407188574
WIN_20260823_21_48_21_Pro_jpg,C,154.50900706153624,60.32928012598636,231.0,240.0,55.944641396236705,59.08083425707666,144.16897247441995,64.72994734652912,0.006441477008525087,-0.11895678235432158,0.4333242432506136,0.1870418538661622,58.982635498046875,25.791950225830078,-0.6956366896629333,3.2155110836029053,2.656102180480957,12.154727935791016,0.1691886438968151,0.08024844720496895,7.036751173923999,0.42037119162986913,0.10618534075996512,6.967484486485609,3.0577499305290674,0.3552795031055901,0.09726388510135442,0.05714285714285714,0.02846231445453235,0.016510627530364374,0.014483354950281021,0.01563494227797473,0.01490773566039451,0.019089173711480775,0.019907281156258522,0.018634669575493135,0.01490773566039451,0.016453049722752477,0.01632085020242915,0.01904099190283401,0.03152833609206274,0.056631215344059634,0.09626397600218162,0.44344635627530365
WIN_20260823_21_48_22_Pro_jpg,C,151.3049030990444,60.27921921420223,229.0,240.0,48.520967741935486,54.5915283484521,143.4667321604001,62.81131227774004,-0.003449728698356083,-0.10020225076440295,0.380568356374808,0.2050549254264535,58.588741302490234,24.71355628967285,-0.3869312107563019,3.582019329071045,2.286524772644043,12.415995597839355,0.14593194605697954,0.04983477717245691,7.297062814057926,0.42959706057605224,0.09820651040446532,7.094567714689172,3.090751900737801,0.34982092132888726,0.0927927123336608,0.055299539170506916,0.029082943042755702,0.01911226221309279,0.017223145490255325,0.015108022359873092,0.01652228275430919,0.01972887920600339,0.02250602840046441,0.019826739305171027,0.01597676107480029,0.016543284484061036,0.018308475484504778,0.01888162672476398,0.03142468650853603,0.052802538147756456,0.09573993033848352,0.4402071983567027
WIN_20260823_21_48_23_Pro_jpg,C,149.57104171955658,58.67368421592386,226.0,239.0,55.48412159613789,60.8945552478753,138.20516814808028,67.85765134518194,-0.052441263177107324,-0.026024563729872104,0.4291317794372784,0.18225328572513866,56.626895904541016,26.73249053955078,0.19534419476985931,4.384645462036133,1.4176613092422485,14.361214637756348,0.1276973851231277,0.0503884740137286,6.882163505255828,0.44408078932710104,0.10596329766224626,6.978439057962934,3.1524654418294262,0.3434881949733435,0.09427941958520095,0.05333130745270835,0.03137964848759146,0.01979290754146431,0.017410427929991753,0.01530079981453576,0.01780191596892208,0.021560217920482207,0.02107578117841107,0.019976175203885276,0.016952258773939338,0.017777102484236116,0.019884541372674792,0.020617612022358654,0.03297120717161741,0.05561042315581554,0.0939880817681225,0.42637221662237695
WIN_20260823_21_48_25_Pro_jpg,C,164.1607661680835,60.07228515824644,233.0,243.0,52.55826689216397,60.10789344424629,145.66706122888195,67.12483967936717,-0.05397876099712902,0.13379801817148457,0.40984134654103244,0.2042361278891842,59.402286529541016,26.465953826904297,0.20904281735420227,4.015771865844727,2.4306418895721436,13.550009727478027,0.1858388034004089,0.044294112909720545,6.641259735680167,0.4459696040457898,0.11238778446932438,6.864569866537288,3.139894744692058,0.3497624224853024,0.09273716583865625,0.05630923620144954,0.03201640249191704,0.021100104695175967,0.016912297656438754,0.015219619903793077,0.016087059380175066,0.01955681728570302,0.023611423431526873,0.021905452202625433,0.019001574094895436,0.017798179914633165,0.01763711041314327,0.02062813603419439,0.030833530478668873,0.055194201821222824,0.09374244986711766,0.4308609164854635
WIN_20260823_21_48_28_Pro_jpg,C,155.7421398046398,59.329427822677665,231.0,242.0,66.01743066255779,68.91114106283442,148.26266788766787,65.50805513846545,-0.09365287089040472,-0.08337460364343861,0.4524268104776579,0.1907621247113164,60.706932067871094,26.307979583740234,0.991686999797821,4.205183029174805,1.6948152780532837,13.424347877502441,0.16456577217539248,0.11345250521920668,7.142321268491086,0.4321661066193023,0.10298926687079121,7.003048017402632,3.063633654135846,0.3534035409035409,0.09983759956693218,0.06148016394710386,0.02776274070064187,0.015981524249422632,0.015023112480739599,0.015215716486902928,0.015793528505392913,0.02157164869029276,0.0211864406779661,0.020319722650231124,0.017334360554699536,0.014226327944572749,0.014926810477657934,0.018937644341801386,0.02892274379398345,0.05939215837908901,0.10285053929121726,0.43335901386748843
WIN_20260823_21_48_30_Pro_jpg,C,152.12296125985023,61.25592579405932,231.5,241.5,65.20712023362265,60.868605308170075,139.4044746856615,67.5059902042241,-0.0587785406317766,-0.011130226989928651,0.48173714815399726,0.2011704315981228,56.95170783996582,26.791850090026855,0.5798591822385788,4.473901033401489,0.7407917529344559,14.841711044311523,0.16672565566220052,0.05374998411267218,7.876291925421796,0.4078797453148827,0.09774574006591188,7.12259372965914,3.014004005227423,0.3512640986016161,0.09959160007468096,0.06169021163716304,0.027512314396190292,0.016669692958549844,0.01508434987359307,0.014006197470593795,0.014759918967688895,0.01828343894756229,0.022229633839376723,0.018837182141094193,0.016635307174597,0.013796366391233092,0.015497741341063019,0.016540618988969122,0.02880530507953156,0.05735222812357736,0.09870173555719808,0.44404055954429555
WIN_20260823_21_48_31_Pro_jpg,C,154.71939156401643,59.1403415781981,231.0,243.0,56.592989073159906,54.2190964700058,143.5658493870403,62.671704529314056,-0.03605378831756579,0.06385180288495099,0.43174884907648786,0.22064700285442435,58.505279541015625,24.755273818969727,0.6409655809402466,3.6190836429595947,2.4366607666015625,12.497191429138184,0.16523642732049038,0.078929701735878,7.822076901780161,0.42060830515438097,0.09928036249962707,7.057772473495009,3.082291216674224,0.3525462740960967,0.09524262607040913,0.058801141769743104,0.03049774623573415,0.018605543301045364,0.01486988847583643,0.015586690017513135,0.016016112016879257,0.01830122591943958,0.020744356314826115,0.020134228187919462,0.017550589814903615,0.015920207154502732,0.01564146652615231,0.018605543301045364,0.03039547395862222,0.056104344490265655,0.09695981586266424,0.43809341133595475
WIN_20260823_21_48_38_Pro_jpg,C,149.40428954423592,63.002946519338906,231.0,241.0,61.28843403646764,68.9086202612873,140.00440852314475,69.04975133349154,-0.03791043759386926,-0.13594297086200607,0.4624597783339292,0.1633962956170915,57.15958023071289,27.40083122253418,0.6761360168457031,4.1849236488342285,2.793379068374634,13.893819808959961,0.15210008936550493,0.07485304922850845,7.652266617883263,0.4169968347300499,0.10028513002331656,7.064159793015649,3.0734541041594863,0.3524575513851653,0.09823024669288523,0.058168156496955566,0.030400440852314473,0.017608151590990346,0.015552377547372185,0.014878765613519472,0.015220979277461948,0.01894887379335002,0.021639464514945903,0.020172382174949568,0.015016088666428316,0.015246142542248348,0.014695077149155033,0.018937304651590367,0.029585269932070075,0.060341660543717854,0.10627457990704325,0.43537718984626383
WIN_20260823_21_48_43_Pro_jpg,C,145.2653425574682,61.03242673862973,226.0,237.5,66.7064283140171,67.92454455130976,137.0453585795447,67.52245143663015,-0.05083747605036866,-0.12869857180110048,0.5006645396608308,0.2012563766698876,56.30696105957031,26.817601203918457,0.7429920136928558,5.082431316375732,1.3789646327495575,15.338002681732178,0.12350729563628537,0.06321708511947474,7.787630830444151,0.42442446661002475,0.10289051414918067,7.055118443268105,3.092643408327686,0.34278164699698477,0.09623468027648141,0.05467806511329055,0.0288777278067068,0.019558213152994185,0.01581276984400397,0.016887586056693403,0.01680238511519288,0.01963676871960663,0.022886396209277758,0.01976066354650127,0.016532700914213813,0.01575176151692341,0.017381612771487864,0.019857921750777927,0.02957066493503247,0.059215498005799894,0.0983255393017092,0.4308445444506508
WIN_20260823_21_48_45_Pro_jpg,C,150.53828137619124,60.80646374070933,231.0,240.0,62.529728670780685,62.29270622582809,137.17000484574382,62.709233821496916,0.21500353186727442,0.3058641771027114,0.45224801645606816,0.2556857339765679,56.405757904052734,24.813899993896484,0.24979202449321747,4.527414798736572,4.730656147003174,14.20370864868164,0.15651752544015507,0.04433851965104776,8.029032502760874,0.4184720485035779,0.09967912299817819,7.114766057887335,3.063555038796397,0.3519178369314609,0.09648349495543149,0.057204427465961404,0.028509758071769045,0.01960607968342477,0.01665197374865315,0.014030038672542496,0.015102568244225489,0.01723969046919385,0.021169566128694195,0.02066803800568126,0.018904887844059165,0.014692918013517485,0.016260162601626018,0.018252301728315296,0.030931998061702472,0.05573513566460966,0.0968612285277453,0.4364776177882261
WIN_20260823_21_48_46_Pro_jpg,C,150.05768358286343,59.19075171407835,226.0,238.0,50.47255168837903,53.62310227149605,140.09514550521746,61.49399953780879,0.22617724175045192,0.2825736382482207,0.40462764923196576,0.23338902454697338,57.33374786376953,24.28566551208496,0.04101547598838806,4.2509918212890625,4.2312445640563965,11.846915245056152,0.13135625524128994,0.035526416101242665,7.602284192157542,0.4317612630283375,0.0966885048825849,7.120313768418838,3.130894671815075,0.35701761073416177,0.09465936323176995,0.05449171057704665,0.03046901745977405,0.020177355095746047,0.016578845906695797,0.017887709688462854,0.0200445434298441,0.018121064130574478,0.020112975008558714,0.0199203187250996,0.015144766146993319,0.01632180953604935,0.015320095857583019,0.02107698239300861,0.03175837708211809,0.05359208327978409,0.08700681146382214,0.43554813006040355
WIN_20260823_21_48_50_Pro_jpg,C,152.2154648132059,64.51050043254284,233.0,243.0,58.284699848773755,63.88197598404313,140.39278887923544,68.92552080844226,-0.07578629232426382,-0.024899792870887234,0.4361890985600631,0.16550825369244135,57.035980224609375,27.240507125854492,0.050864361226558685,3.8511571884155273,1.3419077396392822,12.389978408813477,0.16993918331885316,0.06909907816252227,8.59177140094927,0.4145167288179498,0.1008194340534353,7.1142798097668125,3.0650885473667393,0.3497437490293524,0.09944576405384006,0.05684112439819848,0.028929317029525798,0.016152019002375298,0.014598540145985401,0.013598434119707428,0.015570532186846387,0.02050390964378801,0.022328410078192876,0.02018947041466066,0.016594265855777585,0.015570532186846387,0.01568566547600559,0.019160728424386382,0.029365768896611643,0.05604203152364273,0.10085505305449675,0.4380538662033015
WIN_20260823_21_48_51_Pro_jpg,C,150.52876712328768,60.200761725440415,228.0,241.0,65.76451319381256,63.201455269143594,137.07029611609764,62.49591683334023,0.18946384051253917,0.18938031899623572,0.4872611464968153,0.2641935912777556,56.467430114746094,24.362184524536133,-0.6881124973297119,4.674815654754639,5.367811679840088,14.66075325012207,0.14067333939945406,0.0558810274898603,7.25104471080903,0.4014109905178203,0.10017097243016936,7.074355815382916,3.1187661519504406,0.36125515224039356,0.0958904109589041,0.05477707006369427,0.032176572264326554,0.0181073703366697,0.0164638511095204,0.01602214579313816,0.019199272065514104,0.019811195319771307,0.021383075523202913,0.02207153304081904,0.01689950428120775,0.01529051987767584,0.016196542311191994,0.01992720655141037,0.032371939312002405,0.051956323930846225,0.0947068198976596,0.43172450472011703
WIN_20260823_21_48_52_Pro_jpg,C,149.03814195615178,60.96809139360219,225.0,237.0,62.09333231497747,64.54096334641112,136.29452359750667,62.77325321679588,0.15528998234472988,0.16479785954631343,0.4642957416939635,0.2641689157009049,56.32073974609375,24.923507690429688,0.14407770335674286,4.669421672821045,4.6267266273498535,13.690408706665039,0.12844128541395536,0.0717789568525378,7.038228858429333,0.43140593642152003,0.10353000982249591,6.964169137958836,3.0254371422053925,0.3518015910154422,0.09382441657405938,0.0553728557461559,0.030276046304541407,0.01830948360145765,0.016028495102404273,0.014764248293379901,0.016918967052537846,0.018931650519953783,0.021148708815672306,0.018437061300889096,0.017420673717891744,0.016171825647504738,0.01603429115732656,0.01958307012002527,0.029939662415030932,0.054770598507699636,0.09550311665182547,0.4451099672437997
WIN_20260823_21_48_53_Pro_jpg,C,145.86556787506112,61.26864988467186,228.0,239.0,59.2234946228169,61.153226562225356,137.19195979079728,65.46838187688013,-0.03221603975048458,0.06456033634814867,0.46276882534272584,0.23778793169318974,56.11642646789551,26.137471199035645,0.14085591211915016,3.855871081352234,1.9455024600028992,12.659869194030762,0.14113483553183917,0.07004847713070612,7.344466998967286,0.4148865250862118,0.09791718014162426,7.10387323591984,3.047227312463373,0.3540891610500061,0.09539068167740411,0.059592495468112336,0.029198504755051254,0.01709357736442377,0.016264113801647988,0.014640046563917748,0.016930673517932142,0.019650380812405704,0.02025190855540599,0.019423142515178012,0.016695395902935756,0.014649753536476122,0.015555679584255796,0.020262299940469644,0.02990276707165688,0.05413554493459917,0.09555361331378864,0.4452399113726345
WIN_20260823_21_48_56_Pro_jpg,C,155.943509767011,60.36393286655075,229.5,240.5,67.24198617299731,66.06009948126072,144.0406286199599,64.67537267493694,0.18526134058122898,0.18564249637418984,0.5159510061521497,0.25170192041469686,58.973215103149414,25.30789852142334,0.3015639930963516,4.695610046386719,4.056803941726685,13.619132041931152,0.13883464554719177,0.04906460118167807,7.526147793022401,0.416805847075402,0.09849522617503158,7.083930070013272,3.044958255762474,0.3550035332976022,0.09932530669331491,0.05675151347754777,0.028367411829154712,0.017549191412821172,0.01639216808620198,0.014624980517866593,0.01569507447491202,0.018395118441574133,0.021218309890973827,0.020682649555095446,0.01598449530010662,0.016655688548057542,0.015274438270892447,0.019030392966586554,0.029996262214514027,0.05273651051115559,0.0946190052849005,0.436957797476273
WIN_20260823_21_48_57_Pro_jpg,C,149.60852199727466,61.492416626449284,229.5,239.5,59.27669302770748,61.6196698073563,141.9205065835476,64.97288930739153,0.007600336456098415,0.04017797812158634,0.45565958439255333,0.19243590319385367,58.18532180786133,25.82510471343994,-0.5682293176651001,3.643263578414917,2.434020519256592,12.251363277435303,0.15120431318841504,0.04503856036554345,6.61614744006839,0.43046341349707773,0.09860144997992457,7.051371646817345,3.064397712412114,0.3481538330422925,0.09653291480111609,0.0569513587927737,0.029267395703611455,0.018298617870352345,0.01529996756171148,0.015092628641879177,0.01570364491116674,0.021642331132554593,0.02231243767425769,0.021802816614770945,0.015662447362552893,0.01532122905027933,0.017242067354487058,0.018896495916063533,0.03156535388127854,0.054340612832232946,0.09567044318717313,0.43540593137554184
WIN_20260823_21_48_58_Pro_jpg,C,150.15029344220466,60.66642026319007,230.0,241.0,61.30887981627966,62.367989306572014,140.9349044731724,65.68674894883112,-0.1432993547938435,-0.0003332884273548586,0.44526664965552437,0.15504845264145045,57.504493713378906,25.993438720703125,0.0631917417049408,3.9007339477539062,0.4206937849521637,12.712105751037598,0.15329497340136794,0.053840265373819855,6.5218741539271825,0.4267129239555875,0.10018231757569798,7.038873525009722,3.0913037964952093,0.3502168920643021,0.09716643144066876,0.055151449354033225,0.028059085338321615,0.019398258115597783,0.015850021303792074,0.014827439284192586,0.01798040051129101,0.018832552194290583,0.02155943757988922,0.02063144732728978,0.01763953983809118,0.015525685109930187,0.016150880483484422,0.02000625195373554,0.02985560742590381,0.05406579090218217,0.09462684641682255,0.4349275815358966
WIN_20260823_21_48_59_Pro_jpg,C,151.5915270335152,59.076768437562336,229.5,240.0,63.86164413554043,62.74167676986012,141.14279708042807,64.13983167510601,0.1410955011265085,0.10144130070450658,0.5049076460887294,0.22154622991879097,58.06728553771973,25.248270988464355,-1.2795875072479248,3.9178779125213623,3.994318723678589,13.74630880355835,0.14801356097195603,0.057956995907274884,7.016153308475988,0.42937294512783764,0.1000445304315711,7.050000528631518,3.0955179867112177,0.35221651971765056,0.0924687632309209,0.05531527663111684,0.030143864213638752,0.02012808537112306,0.016571535100329046,0.015758819420914547,0.016737156374919855,0.019331218315297334,0.022782117967411225,0.022597558577623522,0.017175716180518334,0.01706338764969005,0.01427002662653647,0.019539808281457606,0.03042826901617843,0.0534529843844065,0.09733846352831663,0.43645289790406805
WIN_20260823_21_49_00_Pro_jpg,C,147.86266394377571,58.57639861705303,224.5,234.5,57.51963438170796,58.95182052402163,134.4380225332522,62.38554270988426,0.10004613259026499,0.12268018936869922,0.42672496846659946,0.19649170510797603,54.93467712402344,24.616525650024414,-0.9771544635295868,3.689716339111328,3.0693414211273193,11.571860313415527,0.11952809671958645,0.02917423088363268,6.867269882742991,0.43205484341275663,0.10316507102395545,7.0141478931098895,3.145802073862348,0.352613787594525,0.09159294824971102,0.054282046411032944,0.0312281235968413,0.019298548214779276,0.016153525431526324,0.017004409510760474,0.018390459970448594,0.020179684329831006,0.022913859856529724,0.020654471830551215,0.01795159388286495,0.018609382892053748,0.017199282938955285,0.02103728366677805,0.03351097657592905,0.05330188117076772,0.09263107385859906,0.43167774811682624
WIN_20260823_21_49_01_Pro_jpg,C,149.6108037383712,55.45464784992868,221.0,232.0,66.30720802244329,68.31768705652908,135.30694790513056,60.602418211297234,0.01317451779912722,-0.0011456500199364256,0.4859627094712783,0.2370187995466002,55.853553771972656,23.889044761657715,0.40505078434944153,4.167188048362732,4.621436715126038,13.27956771850586,0.10870481870653986,0.02522951773422448,7.438145182831802,0.41706206741855045,0.09895691954208428,7.066556878076918,3.0654392852121304,0.35948113160347417,0.09446967689327669,0.05836415632194112,0.028838770383674023,0.01870105838136149,0.015962370922480713,0.014149674368740775,0.01658643724434655,0.020445619384325365,0.020036788640253413,0.01846119767437682,0.01725259664701611,0.01530572704347806,0.01615810427767519,0.019579983739057186,0.03187764096083802,0.05427625591682615,0.09727463919972096,0.44711110127777487
WIN_20260823_21_49_03_Pro_jpg,C,151.75188407049598,61.29564024983986,231.0,241.0,69.67434461942348,63.07500547545706,137.9268985742691,62.59565415831081,0.10232104486914723,0.1376617917827499,0.5249989766345897,0.26481986188866813,56.50242233276367,24.84918975830078,-0.2588462829589844,3.7555876970291138,4.088177561759949,13.958188533782959,0.15351177450998482,0.05103122053888742,8.263358409783471,0.4189335239933485,0.10273906792929516,7.0717689769069,3.0921338497490343,0.35388034351414493,0.09142311564316566,0.05800193412056474,0.030469566222476374,0.019786748470295136,0.015679493255476566,0.01586535421932754,0.017056065279784274,0.02083802057372605,0.024251779833089564,0.021700446203454016,0.017004340813388325,0.015264551467324826,0.017100827458957024,0.01979880919528234,0.031491447956292606,0.05442777707956155,0.09713520940632159,0.43695743303196843
WIN_20260823_21_49_04_Pro_jpg,C,142.99491436691346,62.372287576942824,223.0,235.0,70.9085333931643,64.42504587648585,128.72986313663898,65.24062807738434,0.027270905670742855,0.00472728898089846,0.590926444387885,0.24897165507441477,52.90819549560547,26.170658111572266,-0.743628740310669,3.7062172889709473,3.77933931350708,13.363198280334473,0.1157419190633749,0.03715958259099007,7.233145648615178,0.41102955491973614,0.0941110101267375,7.126893864629221,3.087629735366086,0.35191037058316577,0.09432104168946275,0.057980371900826444,0.028745163073521283,0.01860159754896597,0.016194331983805668,0.015237603305785124,0.0176168070904913,0.021337126600284494,0.020821816841717338,0.019716233646581906,0.01982189026141913,0.015428383849436482,0.018057858853878755,0.017906731782054965,0.030403537866224434,0.05335489086499596,0.09684917355371901,0.4403107561002298
WIN_20260823_21_49_06_Pro_jpg,C,149.02194518854316,59.72767369357932,226.0,237.0,74.84985657314769,62.65260041012652,138.7899237584999,63.81524807372753,-0.047713772327535445,0.021245009865933376,0.5458616105786049,0.1820608029705268,57.14933395385742,25.678430557250977,-0.861384928226471,3.2556285858154297,2.142939329147339,12.168633460998535,0.14294111884001176,0.0353389655882959,6.398130964426562,0.4263041143299525,0.1028427195441745,6.982008126814986,3.056631009358097,0.35536787396459313,0.09355038120750052,0.05592944998839638,0.02857142857142857,0.01936946218833711,0.014942342049699528,0.015189873417721518,0.017540687160940326,0.020654444186586216,0.020654444186586216,0.019842190763518217,0.018083182640144666,0.016245068461359945,0.016793735833505047,0.01813311353801772,0.030496600041211623,0.054090253451473315,0.09473168683971174,0.4447667672313762
WIN_20260823_21_49_07_Pro_jpg,C,151.2153456387984,57.35754904682034,232.0,241.0,71.5540018935256,65.53033129521755,131.88634891254048,61.51771635701545,0.024967891835969806,0.025643171520403688,0.5217391304347826,0.27968533086534014,54.173458099365234,24.57085609436035,-0.02971884235739708,5.024110317230225,3.283022880554199,14.151470184326172,0.164207602846728,0.04217994698269141,6.5031596685832085,0.4279031002504175,0.1032789077600123,6.990127623729419,3.0706028565685317,0.3585377140212864,0.08975750995294969,0.055902073912365506,0.029713786322918944,0.019001085776330078,0.016288755205923183,0.01737242128121607,0.017862100879222582,0.021264934780225803,0.021050990176204584,0.020448787549764747,0.015203492905036644,0.0164676076728194,0.01654553888974795,0.020810712993123415,0.03243411819741151,0.05302207745204488,0.0913861744480637,0.43498380379453955
WIN_20260823_21_49_08_Pro_jpg,C,148.44266393179925,59.15017514098731,216.0,227.0,72.09378969182433,67.33911270472645,132.06988041853512,61.478122519443865,0.037431950406221756,0.0605338585508182,0.5679764117684764,0.3267937219730942,54.83246994018555,24.36776351928711,0.06475391983985901,4.4019904136657715,4.321025371551514,16.142873764038086,0.08182365131359048,0.018116184236914232,7.413827005532726,0.4258107499045567,0.10598679347712668,6.957558599759603,3.054898279188369,0.3620623684713985,0.09371194154220883,0.055863784197436386,0.031087750785206078,0.019921117721772845,0.015404586758978798,0.016255605381165918,0.0171898355754858,0.017135439203807876,0.017827780181739507,0.017937219730941704,0.01628100762771617,0.014061603214080735,0.01570412153067111,0.018557489955997705,0.031853835852305334,0.050471288187713084,0.10550985268796632,0.44442318729672853
WIN_20260823_21_49_11_Pro_jpg,C,147.39699823425545,56.94051016053423,218.0,233.0,74.56080071706005,71.44455644759263,135.00058858151854,59.590050434054916,0.39192842764621705,0.34196400630967166,0.5612944879347914,0.33338713582438867,54.89635467529297,23.178495407104492,0.1802656054496765,6.523796558380127,7.902549743652344,15.69680118560791,0.0944921677614957,0.04914655679811654,6.886059124237986,0.4318388058135144,0.11020552759043419,6.904642608337754,3.1942935701967192,0.35001210556048745,0.09252066527238323,0.05436203997758266,0.03107093858445646,0.02011751817548053,0.01639344262295082,0.016774573278399058,0.018246027074749854,0.02599342694950702,0.0284895750437689,0.026292201971915147,0.02141220993924908,0.017985038994111094,0.015873015873015872,0.021467193931079008,0.029610914603335016,0.050252195030823836,0.09172426676629927,0.41828503137137735
WIN_20260823_21_49_12_Pro_jpg,C,146.03976066396447,58.41545482730763,223.0,238.0,57.03386633129716,60.72575899033508,130.10610831234257,60.89535031876675,0.4635732196459533,0.347535632519071,0.4270571325907294,0.3047071505569529,53.7633171081543,23.89610481262207,-0.7960793972015381,4.25094747543335,8.720490455627441,11.979104995727539,0.110936188077246,0.0278127623845508,6.684752677356688,0.43568748733866336,0.10914894922620944,6.930456316323642,3.1814151152490857,0.35429392741645704,0.0903300521134916,0.05273647094894987,0.030866640284922833,0.02038939138433236,0.016092863738293103,0.016802355794214446,0.021095717884130984,0.023455465276713168,0.028442485306465155,0.02376207266595125,0.01962636439966415,0.016863406408094434,0.018071494525788153,0.019311502938706968,0.0312797027564158,0.05174272367948257,0.0852497305066475,0.4241913230108846
WIN_20260823_21_49_13_Pro_jpg,C,142.59846786248133,56.63111741374098,218.0,232.0,70.21198212344486,64.03206733685464,130.83063855914858,57.00986147002729,0.12113231727918701,0.24324476386055532,0.5009663002778113,0.26771980877156515,54.111087799072266,22.791887283325195,-1.130817174911499,4.052848815917969,7.6873345375061035,12.841425895690918,0.0947424606351748,0.04261186727159506,7.375536654297576,0.4275203647556262,0.1029467387369726,7.003568354442832,3.1423990250266263,0.3461507128309572,0.09005979073243647,0.05448318804483188,0.03217922606924643,0.019458281444582816,0.016255605381165918,0.014573991031390135,0.01914694894146949,0.026930261519302615,0.029265255292652552,0.02599626400996264,0.021326276463262763,0.016816143497757848,0.01774595267745953,0.01961883408071749,0.031133250311332503,0.04951420029895366,0.08814663951120164,0.4327521793275218
WIN_20260823_21_49_14_Pro_jpg,C,154.64046180230304,56.37232215792269,229.0,239.5,71.71410791003927,66.73719988788969,147.20907054503857,60.6825504133525,0.1178694975609409,0.15790576476863757,0.5173986387909739,0.24468728126859213,60.32651710510254,23.58668613433838,-0.0832509994506836,5.493160724639893,5.008091926574707,15.66472578048706,0.142900136385424,0.0406873079152263,7.3275248976813145,0.42850382404909576,0.10543340946052163,6.937140294406008,3.0706892344608,0.35410788791927916,0.0917865367937242,0.05784412774479651,0.02870299825233598,0.018376501070822854,0.015449544662097045,0.015273981654573214,0.017174288937518642,0.02018324442088588,0.023187790009581773,0.019919696200178062,0.01744047900307037,0.01631963824976202,0.01518832193264859,0.01943280664715399,0.029632437625269577,0.055587475378911705,0.08956206225920102,0.43904570057541525
WIN_20260823_21_49_16_Pro_jpg,C,156.6251282051282,54.52026380118976,218.0,231.0,55.87242197481292,62.644053114202265,152.79179487179488,58.34598744495316,0.105195928236163,0.21336198561016548,0.42690271947435665,0.2120268720301491,62.55934143066406,22.510547637939453,0.3439553380012512,3.9382174015045166,4.691686630249023,13.310555458068848,0.0941025641025641,0.01717948717948718,6.15802084574478,0.43783041020120983,0.1134521609244699,6.879024878154064,3.218385881576864,0.34967697277341947,0.09171381638985217,0.05358974358974359,0.028790228770841413,0.020973291823693264,0.01717948717948718,0.017674418604651163,0.01987204342768515,0.025643365577660157,0.02892863661252053,0.027377258623836467,0.020481730296575455,0.017642497091896085,0.018224117875145406,0.021445519255338566,0.03076923076923077,0.05320313925898887,0.08438472882189087,0.42031795269484296
WIN_20260823_21_49_17_Pro_jpg,C,150.12627612657428,53.410618646633104,216.0,229.0,75.93186367491808,71.14354526689822,132.61190355978326,57.74965924273631,0.11751150088743964,0.15038405251562684,0.549096472949868,0.29502570667452344,54.88407325744629,22.876813888549805,0.31554464250802994,5.207867622375488,5.17160439491272,16.613189697265625,0.08462228992135679,0.01700021049245277,6.451061444285384,0.4320832590630127,0.1047412275384616,6.92624465732346,3.05062838413032,0.3546260735193015,0.09090984236011859,0.05762998040238777,0.028811429047966255,0.017667759842458636,0.01618385923134948,0.015637195396620247,0.015399481720452631,0.021745788803799855,0.02104893704720662,0.020975276776381748,0.018676450720649614,0.016676088084927862,0.015211913843643636,0.01935512966408362,0.029632500182238404,0.0535112813051852,0.0881982515269808,0.4487031319238316
WIN_20260823_21_49_18_Pro_jpg,C,155.56971359441962,52.91055257646884,220.5,232.29999999999995,60.65041399947745,66.7144615015161,144.38267484198678,56.88963242484046,0.11318940866556684,0.15745394810731783,0.44246390851029505,0.2462418207948839,58.88700485229492,22.67038059234619,0.3722648471593857,4.106823682785034,5.213122367858887,13.967714309692383,0.10383899026621352,0.03379977024212964,6.685712811268807,0.42802529518280885,0.10702857928084343,6.960941957357186,3.078707412101356,0.3545509305417082,0.09563521550700202,0.05615690639633711,0.02878952192258833,0.01867018795663787,0.01614384617184081,0.01485945706188521,0.016840718003469906,0.020323944012501042,0.02270049777726885,0.02230663257713794,0.018334499371353417,0.016259484035459508,0.014619383716184252,0.018884292005872147,0.03187720488691576,0.05392255914202777,0.0894219343803843,0.43730233399021057
WIN_20260823_21_49_20_Pro_jpg,C,151.5525352441779,53.40620599802947,218.0,231.0,70.37658696160138,68.4307234682134,133.3026715476283,57.79505392766298,0.15684348354776295,0.19731968204051523,0.49692343640470443,0.20525259284041486,54.23701095581055,22.341115951538086,0.1993742734193802,5.275752067565918,5.035450458526611,13.771245002746582,0.09568767542740494,0.01837203368206175,6.836487614317266,0.4307718630446149,0.10629974013319217,6.899463449761252,3.125123632899142,0.3581980094290204,0.09217129474740716,0.05492558469170801,0.029417630634224173,0.020220010476689365,0.016852812126047067,0.017650578380534503,0.01840080294412847,0.02258280361324858,0.02321048901488306,0.0234192037470726,0.017186392629340894,0.01722984275677484,0.016654854712969524,0.018847227762265654,0.030875223271242664,0.054198728671796585,0.08698561391769823,0.43462083628632175
WIN_20260823_21_49_23_Pro_jpg,C,158.13379295094236,57.46348184155764,230.0,241.5,68.90233163460823,66.76992595074147,145.33883173436755,58.52637953500383,0.305371372406514,0.32239140637865094,0.5103610177741889,0.2813012413134435,59.80396270751953,23.246800422668457,1.1632472574710846,5.21157431602478,6.7847607135772705,15.136257648468018,0.1285432401170307,0.0634757596421893,8.228724919114539,0.42839109542094095,0.10448635286173398,7.007528706745396,3.1605851055353544,0.35780868524070786,0.09096637844017799,0.05673892620640035,0.028624263181527235,0.01850756882025485,0.01655670716034297,0.01689294278371691,0.01988453433837677,0.02440353768019564,0.026551872520401934,0.026099774151709016,0.020463004715506734,0.01774041851604863,0.017669821009389672,0.0216256665291018,0.03103338684658012,0.0525049075810084,0.08557950529324695,0.42514127439331084
WIN_20260823_21_49_24_Pro_jpg,C,150.75142145344313,57.198704226285145,227.5,240.5,62.824854140007304,61.19222855738002,143.59752267025294,57.46024496542813,0.305214297037795,0.36203968244279366,0.5154537422166905,0.343673627695091,58.94982147216797,22.648487091064453,-0.07612315751612186,4.5647125244140625,7.159486770629883,13.53709363937378,0.12853213520914905,0.05032945066080306,8.55251518533064,0.41838178265726556,0.10025680194321504,7.018527601501702,3.1647804717218664,0.3542668084291566,0.09106558935518029,0.05707037732651918,0.02892211635666541,0.01975429290395142,0.01617746407047357,0.01760783252295637,0.018752587963702202,0.0238943474813193,0.02569042609331529,0.025013436218223585,0.021217906679239472,0.01797367708493673,0.016475193121587826,0.021815278296804165,0.03033770237732137,0.05313533855820593,0.08588685357207333,0.42314547569744126
WIN_20260823_21_49_25_Pro_jpg,C,151.80312153382982,61.16648833135674,229.0,242.0,66.91459356678814,67.96604515199945,141.46054508001902,60.34169310934804,0.2682323461631835,0.2623723008588991,0.4819363016954524,0.2810756972111554,57.93517303466797,24.14139175415039,-0.0567464642226696,5.304749965667725,5.645340442657471,15.09281063079834,0.15108540643321186,0.06633466135458167,8.895444455195973,0.4189871440121805,0.10119142116577397,7.0358453689199685,3.114131264590031,0.35609404558147917,0.08932864804882559,0.058285327007793965,0.029591270575180323,0.019484920365977636,0.01677397492375466,0.016830035139633808,0.0182,0.0223,0.0233,0.0226,0.019234325873867208,0.015587936292782108,0.0152,0.020159053079341595,0.03284537968892955,0.052709450712039946,0.08618457555021268,0.42982616651418115
WIN_20260823_21_49_27_Pro_jpg,C,146.14034707137938,60.76336332521544,216.0,230.0,71.06395221923891,68.52821524273938,130.70211880225764,62.766619485955644,-0.03939793436973983,-0.0345599043097118,0.5523225622889402,0.24061189202961014,53.80875205993652,25.14267349243164,0.8844375759363174,4.536120176315308,2.13945871591568,13.860776424407959,0.089363503225725,0.022613573716127783,7.845343012171988,0.4335300223105398,0.10638126523424775,6.9713882985656115,3.122632426456903,0.3483226169547164,0.0915902131228048,0.05860149520559077,0.02963970571115923,0.019053343615280542,0.015704471533306515,0.015285444869474921,0.01622514057971658,0.022537966420047184,0.023062393804994356,0.021433790647252093,0.0186637109701143,0.016289560284337756,0.017076530119022004,0.020316575555190827,0.02975565257053496,0.05402035565125104,0.09654637670243797,0.4344285648153993
WIN_20260823_21_49_28_Pro_jpg,C,145.46544286508657,58.56819877985842,222.0,234.0,78.34712717247919,71.3931799104239,133.05532440151012,60.26434361660399,0.1013388718421344,0.11163514619181998,0.6044864055925148,0.33081354782344596,54.676130294799805,23.88100528717041,1.227721659000963,5.906881093978882,6.245692729949951,18.230717658996582,0.10121512810436976,0.025234734199932246,7.724900808987519,0.426189167682291,0.10088535370902943,7.027937088163621,3.1072651270515266,0.35246975921902535,0.09431918232974773,0.05541732062422641,0.03111821118093494,0.018658575867854483,0.016493208429203557,0.015458143086584285,0.01662953463742041,0.018434861513377553,0.02086218385954563,0.02036122046840883,0.018114303138315628,0.01620487692837729,0.016847988362745474,0.019260778020487507,0.029493691014052283,0.05570952800214371,0.09914353889930969,0.43630053024064974
WIN_20260823_21_49_33_Pro_jpg,C,148.51395213449152,61.50327557935468,223.0,235.5,67.60134521716574,68.18514205838119,133.19976790628732,68.41053374350471,-0.17105771201566713,-0.18887775304246973,0.5073180285432065,0.17980567330642105,54.8518180847168,27.30438995361328,1.0423997640609741,5.079324245452881,-0.05855122208595276,14.40152645111084,0.11576803679869482,0.033844880514426016,8.231510786114052,0.4099875348052988,0.10186776102233946,7.091650572449285,3.0737902744896015,0.3481057319703401,0.09665931634427957,0.05726756211551825,0.029235579292510253,0.017466104018945494,0.015333909522935407,0.014476713324664058,0.015716036622068528,0.020370105755005204,0.023182571558500537,0.020300883480095844,0.016454468180539965,0.015284074718137152,0.014845210657637997,0.018198996078832932,0.02985517278720849,0.05586486436577844,0.1048272736938137,0.4302628517077441
WIN_20260823_21_49_34_Pro_jpg,C,152.29916175706762,62.29475177453106,231.0,241.5,60.66748513755489,60.29934063773737,141.13520414881646,67.75005312858292,-0.0794935203291143,-0.09503380980910235,0.46730613942453897,0.16050620944833582,57.54207801818848,26.967588424682617,0.45549987256526947,3.658123016357422,2.039902240037918,12.139275074005127,0.14899566221549992,0.03846970761132057,8.682403189077574,0.4141489267827125,0.10276506366055274,7.09902388402964,3.0803138812647646,0.34748714723415786,0.0975545491730394,0.05635843651885987,0.02873561625186106,0.0171980163940706,0.014701751170386943,0.01425722001693587,0.016700282431511202,0.02069252920375601,0.02148834062509413,0.020994873466942166,0.01723434661171515,0.017160942604663814,0.0148459741497726,0.018318055046228306,0.031465055557537536,0.05716073834706275,0.10012570554729885,0.4333028294235127
WIN_20260823_21_49_36_Pro_jpg,C,152.0266867761716,62.95495042021777,231.5,242.0,68.79492162512561,65.1015796674934,138.86736214715285,65.59350113314926,0.02859418318885859,0.01399062600795209,0.5088370945016186,0.2208095380407391,56.8077335357666,26.018025398254395,0.32306601852178574,4.4408934116363525,3.728935122489929,14.60612964630127,0.1571986605153901,0.05105859955626037,8.622882652160058,0.4031222717602564,0.09764937398138349,7.152979907437707,3.1292087222568803,0.35268953548513954,0.09497099591291103,0.05717570099602248,0.027049142743635006,0.01677576370738836,0.016591828013543274,0.01649987399055477,0.017513055674260106,0.023509483580421417,0.024798709757166006,0.02253339729056731,0.019087721363135694,0.01709944585875939,0.015895423117802395,0.017066269232546345,0.02909285650531076,0.054555872788146095,0.09984700559255824,0.4293441143483384
WIN_20260823_21_49_37_Pro_jpg,C,150.9747492217226,59.46580814106231,229.0,241.0,53.962420818353024,61.62547000684371,142.36509159390516,64.25961455894566,0.00843170221907107,0.05702640063023142,0.39916110255093307,0.18048700230338927,57.964332580566406,25.392818450927734,0.518356204032898,3.9650728702545166,2.316633701324463,11.941500663757324,0.15200502236522012,0.03257492232133908,8.172428596016054,0.412056278450191,0.10001235124210404,7.093432262456027,3.1703656951059567,0.35512510088781274,0.09345179335307667,0.05953693495038589,0.03064903846153846,0.018241956499949884,0.015034579532925729,0.015535732184023253,0.019743336623889437,0.022714170413928283,0.025347249470297418,0.022375781507074696,0.0192497532082922,0.017410353972097312,0.015450247895768477,0.016638268016437807,0.029968928535631954,0.05361466620546524,0.09612107848050516,0.42274189751235974
WIN_20260823_21_49_38_Pro_jpg,C,154.50012787723784,56.52714419351277,220.0,233.0,59.86387191070954,61.73830624832128,142.94817221770919,59.08232169092326,0.15510283328024196,0.18061839958084014,0.4603374966781823,0.1918158567774936,58.505706787109375,23.327085494995117,-0.03543445095419884,3.6221466064453125,5.145008563995361,12.560861587524414,0.10281329923273658,0.019948849104859334,7.317855278870542,0.4301317470772592,0.10576479306889076,6.9413604854794375,3.1739826654920535,0.34992027637523254,0.08968318440292446,0.0520460358056266,0.030096593797661414,0.017539197448844007,0.017339888386925326,0.017871649065800164,0.01930946291560102,0.021445978878960194,0.026969943135662065,0.01933387489845654,0.017902813299232736,0.015728900255754477,0.018670076726342712,0.02020460358056266,0.029411764705882353,0.05741687979539642,0.08578391551584078,0.42838874680306904
WIN_20260823_21_49_39_Pro_jpg,C,151.16534522629667,58.095471302104556,218.0,230.0,57.81832419733751,61.92237564362345,141.7107576933023,62.30502348118024,0.06806110724151125,0.05008389383153789,0.4352530789492418,0.20118929633300298,57.97488784790039,24.817684173583984,-0.10111366957426071,3.898343801498413,3.7744638919830322,13.13521957397461,0.08805275407292475,0.027089527585067722,7.425643934560277,0.4264837282115124,0.10366243178085545,6.9891425910750105,3.1653656211139984,0.35139175624688546,0.09568140677527799,0.05223687613136799,0.03263470188534788,0.018566369987558617,0.015857284440039643,0.01642099818981122,0.018334985133795837,0.022498060512024826,0.028245787908820614,0.0229600264288074,0.01850016518004625,0.01874838376002069,0.016938194983191105,0.019719513063287536,0.031419705197827774,0.05453121662988539,0.0908973364365141,0.4234548745797776
WIN_20260823_21_49_43_Pro_jpg,C,151.303025477707,62.35296068288853,231.0,242.0,63.471377459749554,65.20333260849986,139.3654485049834,69.57307345323255,-0.09644550075750992,-0.26763960781192525,0.4961666240736008,0.16721533694810226,56.72517395019531,27.59315299987793,-0.9583839774131775,4.205787658691406,0.5370715260505676,12.317831039428711,0.15675832687838884,0.04841312533620226,7.466115326740756,0.4299831861392873,0.10423286935979872,6.985021783504855,3.074871371395317,0.3514566828520317,0.09778115245085632,0.05826731408126757,0.02976510668818361,0.017210832700582133,0.015007745933384973,0.014511094237745718,0.015776596642200286,0.019343460203675257,0.023453977895891334,0.02201974183750949,0.019404370201636715,0.015354762507382097,0.015776596642200286,0.018307601451109424,0.030600169061707524,0.05460693153000845,0.104570100697134,0.4322956213616806
WIN_20260823_21_49_44_Pro_jpg,C,150.4036557501904,63.693715296613554,231.0,240.0,73.21682297772567,71.98601603561033,135.5842170015818,69.65632678516884,-0.012811224183491107,-0.05387915899693553,0.541031652989449,0.23577108997349133,55.45328140258789,28.030202865600586,0.11932907998561859,5.045443058013916,3.3695971965789795,15.316399574279785,0.1547835256898471,0.05542211025836311,8.18103864606616,0.3988027396924888,0.09694322381521932,7.152880732481012,2.997591971167135,0.3498123674335128,0.10064478311840563,0.0593200468933177,0.027136207956441557,0.016822977725674093,0.013181791551936259,0.015533411488862838,0.015749259317012317,0.015650644783118405,0.017291910902696366,0.01694021101992966,0.013364595545134817,0.013423212192262602,0.013599062133645956,0.016345421524400962,0.029159519725557463,0.05794129708828871,0.10967250571210967,0.44196951934349354
WIN_20260823_21_49_45_Pro_jpg,C,155.45102858831422,62.7144700141681,232.0,242.5,62.19991362892233,62.609238477375484,144.3672885125926,66.24480391409821,0.002763146255554464,0.06946968582590383,0.4753204503940869,0.22810142173262932,59.18143844604492,26.22541046142578,0.26387254893779755,4.459037780761719,3.2680338621139526,13.665103435516357,0.16500199630438414,0.055647253804435484,8.574077783126633,0.41179413301471507,0.10136211703266902,7.113389367146425,3.0573050732534823,0.3549472853185852,0.09463008906745021,0.05661838132203256,0.028878389701898266,0.01659110829191239,0.014705270176390318,0.015070768453367116,0.016990157724092056,0.018989711074656038,0.021375480006408844,0.01964623476105995,0.016411669835133147,0.014604128725489933,0.016739239516666914,0.019232720911263865,0.031205463430617572,0.05601960803871159,0.09499731627073127,0.44225965459770167
WIN_20260823_21_49_47_Pro_jpg,C,150.6424186262018,64.78422423314359,231.0,242.0,57.61904012588513,61.2183697279738,138.1483841074945,68.22830820854797,0.04915520630471211,0.09807177686733175,0.4615263571990559,0.24602630857769253,56.40970230102539,27.122190475463867,0.034505318850278854,4.158111095428467,3.1982712745666504,12.928218841552734,0.15759295725703695,0.037544532748698276,8.555202791334148,0.4101722598144723,0.09624791830352249,7.175948255685778,3.01595728799358,0.3555057728760986,0.0961447678992919,0.05791729410401946,0.028481510621557828,0.016680180701957606,0.014113455741298986,0.013702384214853385,0.014791502753737215,0.01928645893663848,0.02038688752461485,0.01935483870967742,0.015811421290397313,0.015106215578284815,0.015072622636338722,0.01919748229740362,0.02942564909520063,0.05782406138668128,0.100868003591739,0.4466581721301981
WIN_20260823_21_49_52_Pro_jpg,C,149.10414893617022,62.791512596533856,232.0,242.0,56.78526518233597,64.25669936536725,137.93655334904074,68.47991436668745,-0.013147787571781148,-0.05780437896189587,0.4370806140270245,0.20414002019522046,56.710792541503906,27.157669067382812,0.23863230645656586,4.4006452560424805,1.6141319274902344,13.471867561340332,0.15595744680851065,0.041571122124417485,6.9247543619738,0.4226131595605786,0.10037490097626046,7.08427462060256,3.0587802832520516,0.3519163763066202,0.09829787234042553,0.05726629285779943,0.027442858199570975,0.017832521371449583,0.015638297872340425,0.01489107454729295,0.016269877746116372,0.018659803290743633,0.01957900542329258,0.020531807472231572,0.015994117106351687,0.014615313907528266,0.01507491497380274,0.01978723404255319,0.029809897181744212,0.05570364923246622,0.10053191489361703,0.43845941722584797
WIN_20260823_21_49_54_Pro_jpg,C,149.77150008939745,63.06878735982346,224.0,236.0,58.69025450031037,63.34883024653066,140.9631440099317,66.33492295471935,-0.10801576306080592,-0.2338801315412737,0.4616697703289882,0.18985805005603287,57.381690979003906,26.82925796508789,0.012064926326274872,3.6210427284240723,1.7492064237594604,13.92526912689209,0.12150355144886542,0.04090399701158013,7.8517840622872255,0.4109261641396304,0.09633374604159863,7.140805449930035,3.028564520227449,0.3565595716198126,0.10057900635039223,0.05803212851405622,0.026989166977960402,0.016657238041360236,0.012445785404488026,0.013640077943302534,0.015770171149144255,0.017970660146699267,0.022004889975550123,0.019559902200488997,0.015647921760391197,0.013691931540342298,0.015211515494374253,0.016342950531145893,0.029480168458105475,0.058143189389653654,0.10777467411545624,0.4483240223463687
WIN_20260823_21_49_56_Pro_jpg,C,149.4721630461159,60.49876770620753,219.0,233.0,58.77966027554771,56.78961145538243,139.37048150029568,62.499865096504074,-0.05796630550431184,-0.09275167139696357,0.4600872445853749,0.22276591304257448,57.06633186340332,24.81469440460205,-0.3588564395904541,3.587428092956543,0.6963169500231743,12.44720983505249,0.08708728645769756,0.032186094005795175,8.22198232140805,0.4003907763073364,0.10438586952506801,7.078705822338156,3.01961995935193,0.3517192902604539,0.09820120646731108,0.06094275203911337,0.02922871443904712,0.017679826953827568,0.012384436312385345,0.012453964984819484,0.01505599897449255,0.01777973739324258,0.020175740985038333,0.017791327822419368,0.015500904670485649,0.012056496905961785,0.015320854256369698,0.018981612133282894,0.031598454105830495,0.058203310196260925,0.100609847873392,0.4410140697039556
WIN_20260823_21_49_57_Pro_jpg,C,151.1457576660951,62.376137128309026,225.0,237.5,66.95977911469554,70.56404554772892,136.14600221536168,69.63494338628999,-0.2535201580101429,-0.27702320213975395,0.46354299119171555,0.13921534270775118,55.70419692993164,27.892248153686523,0.3388308808207512,3.829795002937317,-1.9468660950660706,12.49588918685913,0.1093182719699681,0.05144630305597164,8.364908430452783,0.40886545910595884,0.1002153990018865,7.081663691695176,2.98438457541365,0.35490376205173935,0.09867475419762026,0.06018445327588623,0.028190613690196445,0.015519399686242216,0.011216727125336307,0.012764010234175633,0.013509392280940193,0.0174139854217686,0.019857737405514463,0.015880272338454827,0.01658164647589187,0.013570969286457839,0.013086450274551732,0.0164708077651259,0.028157093718224023,0.05819126852412465,0.11190566251861944,0.4458508431618863
WIN_20260823_21_50_00_Pro_jpg,C,151.1447195648096,60.27554605269956,230.0,240.0,53.753642570563805,55.850974010138025,140.21198421831332,63.01362212332621,0.0265541782149168,-0.1529015995229443,0.4335186879707187,0.17579557553531291,57.08060836791992,24.734512329101562,-0.08515498787164688,3.4717326164245605,1.8660576343536377,12.443001747131348,0.1560682798724442,0.07704697986577182,8.588045244978574,0.4018771366231305,0.09888297585963697,7.112244212489674,3.000332029723091,0.3550362497360456,0.09476510067114094,0.05691275167785235,0.029261744966442953,0.016241610738255034,0.01570469798657718,0.011543624161073825,0.014899328859060403,0.016654854712969524,0.020268456375838927,0.018389261744966443,0.016375838926174495,0.015302013422818792,0.01436241610738255,0.017179023508137433,0.030335570469798658,0.061236232122308075,0.09932885906040269,0.4368060477202929
WIN_20260823_21_50_02_Pro_jpg,C,156.52542531314265,62.09477948060908,232.0,242.0,68.98947304368991,68.24459862846639,144.76294634511123,65.405933527323,-0.11417769619843875,-0.18828562231954118,0.5061457953024218,0.16334544026700698,59.45255661010742,25.953601837158203,0.5318489670753479,4.957928657531738,-0.910158634185791,14.48187255859375,0.16374589266155531,0.0700570835495589,8.638820082392316,0.39370106230597657,0.09813225825020389,7.122829223569613,2.982285096267873,0.35604201433199173,0.09813129830740631,0.058515610394466254,0.028195813873032348,0.01729804532087874,0.014208263226771359,0.013386880856760375,0.014488689474668161,0.01764634294754777,0.018619934282584884,0.016534585656980724,0.015273214068394792,0.013697289893356815,0.014208263226771359,0.018040755281361003,0.028538396008275527,0.06075726445553273,0.09646662927650028,0.4465133260313983
WIN_20260823_21_50_04_Pro_jpg,C,154.34111651060803,60.78523493127006,230.0,241.0,44.717750740914056,54.285507806569704,144.02560151712694,62.52439315826284,-0.006593419262811697,0.024370108813827448,0.3559595616345255,0.16311273468694248,58.71080017089844,24.581735610961914,-0.5082522630691528,3.269172430038452,0.3857361376285553,9.913700103759766,0.1527062860708158,0.061907366885485045,8.743188531810631,0.39889282855300406,0.0959440610763322,7.178280243603412,3.0578403330066273,0.3604121079504012,0.09438450429020474,0.05719080815904983,0.02930931951405998,0.019752130131680867,0.015286226797691468,0.01544220870379036,0.01690595531390706,0.018252933507170794,0.021663410075609547,0.019454591793390538,0.01919972814544219,0.014662299173295897,0.016456091093433163,0.018873810637965997,0.028902261123267686,0.05669942286694744,0.0961889132020423,0.443048476946782
WIN_20260823_21_50_05_Pro_jpg,C,157.41769874782892,62.292284744348194,230.5,241.0,55.03492677383102,58.57170247573687,145.35172042474596,65.0302943633917,0.20644646975443603,0.16766905434108773,0.4410101656233135,0.26093571711615526,59.2984733581543,25.53824234008789,-0.4756719768047333,3.7267531156539917,5.142194390296936,12.3655104637146,0.15687776872768036,0.07400643499121179,8.88825929865691,0.4128572643570557,0.10751851761577867,7.003130857636501,3.0370900509077736,0.3557734643649326,0.09719051385708778,0.057878593718875236,0.029486215003812558,0.017940707514497285,0.015883260279240276,0.01584370683451307,0.015529014540205829,0.017853915886425823,0.019911639311264932,0.017887425606866576,0.01704804785522062,0.01557956526540159,0.015826972819049084,0.017432649015945316,0.031078044171414982,0.05639174416962797,0.09802465798074024,0.44327950061538174
WIN_20260823_21_50_07_Pro_jpg,C,157.33686108389583,61.22649907164313,232.5,243.0,63.151054778656146,66.79367931675444,145.3936040077794,67.83140084244391,-0.20829368856776287,-0.06855836989142604,0.44856659177620345,0.16376840357745742,59.09033966064453,26.94918441772461,0.7892120778560638,4.285034418106079,-0.3713487982749939,14.44667911529541,0.17616770400507797,0.07709331365040117,8.327288738050438,0.4164412675994249,0.10413401794785815,7.08412366144408,3.063194414495376,0.34650308969192095,0.095264113234503,0.05611940638730857,0.029680630136260044,0.018721034011381345,0.015244158950412205,0.013854176930955302,0.016687413099103085,0.019142738840651347,0.02178326101362111,0.020525347294433338,0.01696192254325147,0.01586095308389633,0.014964976091150392,0.01834805578299506,0.029116138278986764,0.057455148195261666,0.09683387825385814,0.444479183926701
WIN_20260823_21_50_08_Pro_jpg,C,162.1183509467586,57.12180596126865,231.0,240.0,59.68887640552008,63.73845306115223,150.8995969809471,65.64624665620534,0.12925464227254244,0.04016969787298946,0.4383738797412161,0.21310250895237817,61.44764518737793,25.991992950439453,-0.506281390786171,4.547848463058472,2.4535722732543945,12.859663486480713,0.17574098679662253,0.07072365769962033,7.0314876565581885,0.43965391573205725,0.10924451862963991,6.933232613417934,3.091004050414842,0.35105800065372755,0.09472930043287796,0.0559429816334992,0.029504429319657174,0.018891814399048856,0.014820586514578692,0.014729752707174538,0.016093169680529873,0.01992679982723694,0.02318607896466391,0.022566858974125796,0.01707685586107814,0.01749639080136963,0.015720926033215624,0.018495347442926066,0.031468194905994666,0.05455068888603286,0.0974226184473308,0.43773856647299736
WIN_20260823_21_50_10_Pro_jpg,C,150.92172634492303,61.57838157553253,226.0,239.0,59.45615657266143,66.51427509966132,139.1065559591766,66.87319904419002,-0.005436700135150861,0.027764410759640947,0.43712160525860577,0.17892403788031433,56.7592887878418,26.431392669677734,0.06793396174907684,4.371917724609375,1.720761775970459,13.921320915222168,0.12997042392375946,0.04099572790009859,9.015288865675188,0.4065831131199328,0.10824528273867749,7.003486316040635,3.0215576723708906,0.35240781785210556,0.09686164968780808,0.06089720946661957,0.028532812734644843,0.018335684062059238,0.014104372355430184,0.01460809993955269,0.015135789655768898,0.018854869399757827,0.021536066424494033,0.017119687640786904,0.01651899684637333,0.014097906936516174,0.013499899254483175,0.01783195647793673,0.031029619181946404,0.05802941769091276,0.09955025082165715,0.44430029406677046
WIN_20260823_21_50_11_Pro_jpg,C,153.17294368449103,59.79936577850658,227.0,239.0,59.5835850062178,63.31205860127926,140.77340557825545,62.44732495557942,0.15740677817189974,0.04001970037758655,0.42751820927340556,0.1883306025851083,57.431400299072266,24.319324493408203,-0.3306601345539093,4.674105644226074,3.5568687915802,12.457369804382324,0.134261787729838,0.032143421260464385,8.533375197946894,0.4125007537145619,0.10481779758433177,7.010926388264644,3.085711942239466,0.35278786921497396,0.09470848300635534,0.05782554627820217,0.030187897209173805,0.018633540372670808,0.016164686377452334,0.01492351697550056,0.01629150603158811,0.018653402025226504,0.021584650914904958,0.019008704920945106,0.017891682785299807,0.015473887814313346,0.015810978859477704,0.019151846785225718,0.032171857333744475,0.055338426008171966,0.09566530467223308,0.43527217463387674
WIN_20260823_21_50_17_Pro_jpg,C,143.76605504587155,63.989979820079675,232.0,242.0,62.468392610280254,68.31442316457664,130.60462485861507,71.18402851245206,-0.2508131039066393,-0.3740740338910159,0.5237011458169832,0.14193700416306654,53.2442512512207,28.451196670532227,0.09603951871395111,4.185755729675293,0.052485138177871704,12.56790542602539,0.15275857735327383,0.053286414477818275,8.92273355272296,0.39565687817383044,0.09316007319434294,7.179341095961962,2.9928083049338525,0.35331973002668343,0.10299107703908508,0.0617643254430216,0.026904669512352864,0.015143898454191278,0.013258310697193118,0.013133090360688701,0.013452334756176432,0.0158351409978308,0.0178304924986254,0.0164951692718561,0.014228430992109688,0.01338766006984866,0.01484565234467049,0.01720210509779279,0.029785094885006913,0.06260509636528262,0.10782958401407566,0.442620375461472
WIN_20260823_21_50_18_Pro_jpg,C,148.8686768498314,62.55532613952115,229.0,241.0,64.09924353618607,59.83443077329228,139.99160553580882,66.63386618726416,-0.16968339964568319,-0.08090177523080203,0.45032130499258527,0.16904422253922968,57.35258102416992,26.51336669921875,0.3087138533592224,4.2007222175598145,-1.1565470695495605,11.590581893920898,0.14600277722674074,0.06673257538309442,8.10379601873475,0.40419677084142835,0.09544864806368124,7.116440608196029,3.0279812156586963,0.3525094227335846,0.09788867562380038,0.05890591530729939,0.027768278503522332,0.01775441380678437,0.01400022581009371,0.014338940950660494,0.015121255349500713,0.016864554185888225,0.020343341147999697,0.01868758915834522,0.016147635524798153,0.014977187066058321,0.015654541329501625,0.019419668059162246,0.03221288515406162,0.054238416105149324,0.09779805594128149,0.43944636678200694
WIN_20260823_21_50_19_Pro_jpg,C,148.87655540762427,62.41054287600389,228.0,239.5,61.26130668170944,67.87447055139705,138.58088994762852,69.7472073795071,-0.07611412454324297,-0.16619158384779864,0.4437407556348007,0.17272953070453517,56.7569637298584,27.77256965637207,-0.966577559709549,3.7942631244659424,0.9362118244171143,12.189807415008545,0.1420827355142602,0.05458163066709874,8.330210296896897,0.4023180306483485,0.09643043022719083,7.118961650315974,3.0078267099329916,0.3562839378386534,0.102579658328769,0.05958552389200364,0.02758482028969289,0.016550635269380616,0.012661871369384202,0.01402935832584863,0.014981218207220797,0.015882439475453935,0.016811377411132145,0.017213130754533693,0.015638595996337927,0.015250355387576176,0.014915727975790181,0.019067153414389967,0.029548910749989846,0.05884181455953964,0.10813482522127092,0.44993239436977295
WIN_20260823_21_50_20_Pro_jpg,C,149.63874100674644,63.51840861923091,232.0,243.0,57.060964805968275,60.38675214086037,141.6009801976299,67.39195517511592,-0.0011829148978265563,-0.004511236456610661,0.41173694019858653,0.16597749648759724,57.81027793884277,26.795897483825684,0.1564386487007141,3.5893226861953735,1.8203884586691856,11.961944103240967,0.16236269751241378,0.0587830615138408,9.279338015954586,0.39057402512252626,0.09297111307385601,7.237342645464755,3.011395559806253,0.35653385744890165,0.10106382035596673,0.0593750471034467,0.028647178146644123,0.01678314240194423,0.014189258209977178,0.014215372073519474,0.014262890046779556,0.01579495599224377,0.01729868336528125,0.01654488641021259,0.015601084206021937,0.014712897893602061,0.01464605141246694,0.018830291833713528,0.02879772691594372,0.06007565038643405,0.10166228795018692,0.44662306226766113
WIN_20260823_21_50_21_Pro_jpg,C,148.09458291312492,61.32849638674246,229.0,241.0,59.483127572016464,66.85555960595168,137.80802478029102,67.29194065520394,-0.0011289141222122592,-0.007284032679295671,0.44835038178936754,0.20125223613595708,56.46965408325195,26.68059730529785,0.6249366402626038,3.6599483489990234,2.733273983001709,12.629593849182129,0.15150891632373115,0.048373101952277654,8.663909715910956,0.40355148276368913,0.09120268570614645,7.253689459607305,3.0012446623066285,0.35749511491579045,0.09890505690822649,0.058040151063406875,0.02903039907794266,0.016117969821673524,0.013913734843967402,0.013686788647168996,0.014318297009630006,0.01656821783604668,0.017958500046524613,0.015487681890217549,0.014701777240160044,0.015404492148678195,0.015331981753674607,0.018609844607797525,0.029835390946502057,0.05802469135802469,0.10157037890793834,0.45115977524852324
WIN_20260823_21_50_22_Pro_jpg,C,153.63811909186393,63.826616443175055,231.0,241.0,66.82403513690309,67.0871840608811,139.32802779348793,68.75894512802127,-0.10097142787924417,-0.08232468523943119,0.4921035417250724,0.20635048880988932,56.947120666503906,27.43755340576172,0.1258571892976761,4.9242353439331055,1.3537850379943848,14.141818046569824,0.1497848394571334,0.04746548422855991,7.708509240940453,0.4137527460541785,0.10237532853302123,7.064451538719078,2.9666301793221748,0.3563438476267258,0.10113165444692382,0.05752605639492607,0.028318048977123852,0.01612415600120931,0.014399205561072492,0.013946445648708958,0.014743385400063756,0.014764975235959257,0.014982467325470195,0.015189464328997334,0.014543104144784682,0.015141855275741155,0.015317948201148845,0.018409308256295824,0.028136378682555446,0.05999439304737875,0.1087748808522568,0.449705098165953
WIN_20260823_21_50_23_Pro_jpg,C,153.02026124254797,60.75619374075018,230.5,242.5,69.00759666155298,66.99329424971552,145.20076398597593,65.46816148170208,0.06678560773862906,0.09058696135247203,0.523645948318666,0.23166052119784047,59.403554916381836,25.854472160339355,0.26032278314232826,4.644065856933594,3.8698017597198486,13.78858757019043,0.15228370649162476,0.05203243716494417,8.062692172035543,0.4046347502051725,0.0985665145262749,7.106068932233455,3.0350708767724495,0.35549175375038894,0.09854644304050036,0.060343437998212644,0.028643442739110646,0.018045564161660026,0.01501254118325417,0.013723396184835406,0.014598904791043102,0.01699506304458629,0.01793018339490875,0.01706201844531976,0.016281789312026798,0.01505944341771191,0.015930960257791477,0.01850678996279333,0.02951002930017599,0.05677895480684245,0.10299045954213246,0.4444258737313824
WIN_20260823_21_50_24_Pro_jpg,C,147.67479234291932,60.113121993133916,228.40000000000055,241.0,63.013826898813655,65.68769477491202,139.05645091207032,63.85059600064707,0.05323144445599452,0.0015206749212868477,0.4574636332246571,0.18766651257684108,57.06422424316406,25.155592918395996,0.31609880551695824,4.116491317749023,2.3120355010032654,13.200344562530518,0.13900606960171272,0.05048016538389641,8.112855053985811,0.41720224549251056,0.09638359264950813,7.104130084470697,3.0185646986618444,0.3569084776606075,0.10175142228447848,0.05762609963577087,0.027310382274503314,0.01656519760612771,0.01415433301763832,0.014524006893092975,0.0157769899864713,0.017565805426057693,0.018596615291765227,0.017624087231063887,0.01551340291785001,0.01572815010408527,0.014996712651700432,0.01899464361973606,0.029111852361613205,0.057118455264135365,0.10107039650454597,0.4463139443393085
WIN_20260823_21_50_25_Pro_jpg,C,147.36210384356036,60.22346487552382,230.0,242.0,64.07259120673527,63.774674295373444,141.3453809844909,63.08955354540152,-0.04672494457951216,0.04857856242918839,0.45160766482624226,0.1843857171676417,58.179786682128906,24.83729362487793,1.2740411758422852,4.196896076202393,1.2501386404037476,14.214160919189453,0.14766996167036514,0.050746995777849954,7.914718121669311,0.40947478375640317,0.09675416747020278,7.115230491693818,2.976182665711998,0.3607020375226952,0.09728718428437792,0.05843808504947847,0.0275254115318881,0.01835787774863829,0.01367275344067644,0.014976507439310885,0.014286894045751094,0.015154349859681946,0.019420094403236682,0.01611393420700722,0.01484354105375769,0.015465935787000782,0.014572276693352523,0.0176306557524512,0.030865442808150092,0.05649006026805793,0.09915818324197337,0.44629336150730764
WIN_20260823_21_50_26_Pro_jpg,C,151.61536767358814,54.24699004391904,225.0,239.0,52.351857197434384,57.37271043663149,140.52042436601388,58.36782311177083,0.018245188940948183,0.03609268481313571,0.42732896176919366,0.19520989245801398,57.45119667053223,22.75641918182373,0.3920748792588711,3.865327835083008,2.9677690267562866,12.603015899658203,0.12612902911838397,0.04046502020983373,7.4329941522826815,0.41585538465102323,0.10104647094894752,7.051882769075613,3.0413129035950837,0.35574086484170586,0.09699316715571418,0.05754283038205789,0.032012232059667925,0.018138390419752265,0.013769717455364882,0.01428442055381494,0.016276205349002665,0.015836447683616243,0.019093124267723242,0.018560146958684923,0.015446508899304295,0.015187291325113757,0.015919442579055934,0.019996297123939702,0.03129084525112687,0.054629771929371324,0.09423595498633644,0.4445795583989761
WIN_20260823_21_50_28_Pro_jpg,C,148.82910184913413,55.09211112310039,224.0,237.0,49.50279622509612,59.32320920008146,137.74392873886543,58.240729126832534,0.05902736772830454,0.18708913651501397,0.4421530933240126,0.2001495047654644,56.51968002319336,22.758657455444336,0.5491810441017151,3.5785679817199707,3.3210747241973877,11.584541320800781,0.11901433065361762,0.032680880810905276,7.719002752757701,0.3998224136681047,0.09800992835538673,7.068020953721228,3.101536853789463,0.3534927332395687,0.09502262443438914,0.055047124709739104,0.029572462778308974,0.017260301306993915,0.016391203387515367,0.015366753175795656,0.01665158371040724,0.01809954751131222,0.020622160083886752,0.022674498019396257,0.01864499385329873,0.01625461002595274,0.016388497888598433,0.01965479397386012,0.030782241014799153,0.05277860919884266,0.09437632135306553,0.44158455660567064
WIN_20260823_21_50_29_Pro_jpg,C,151.14951016230444,57.280671922695966,225.0,237.0,56.282636834319526,67.55278930947924,140.6106506423539,61.714235947185145,-0.008180219196892718,-0.14990473598347967,0.45752175714877746,0.2036296340516984,57.59966278076172,24.156681060791016,0.4633537232875824,4.1537089347839355,2.9525907039642334,13.708993911743164,0.11956071280563614,0.04298250850695481,7.7488803773046655,0.4063330240463853,0.09735604779805365,7.090468627241412,3.024288117249685,0.36101769264512357,0.0981878698224852,0.05946953999171156,0.027938630529520624,0.017659023668639053,0.016149361903261383,0.014423076923076924,0.0152551775147929,0.017252701331263807,0.019142902158500077,0.014810146525917757,0.0167344674556213,0.015043877977434183,0.015521461405289236,0.019970414201183433,0.02968270214943705,0.05781185246581019,0.09421227810650888,0.4499815088757396
WIN_20260823_21_50_30_Pro_jpg,C,150.2894718929539,54.07677209561945,223.5,236.5,60.08703797965232,64.187533852456,138.28253845590302,60.103763649154956,-0.0025624916344370308,0.041248300014896835,0.45137240147982405,0.19196415186308372,56.48225212097168,23.54530429840088,0.840618908405304,4.026567459106445,2.319996654987335,13.384418964385986,0.11829978099007114,0.04607211122252439,8.16858605949807,0.397436626653768,0.09830831077479557,7.065768473294854,3.0114931495485076,0.3588635814915492,0.09885764430231528,0.05837879188294798,0.02978026705582066,0.017093646682294038,0.014296779804978788,0.01392808581583915,0.01367401709242537,0.017966914556464327,0.018804885363968005,0.01642742288526266,0.017197276716070235,0.014053352256013469,0.014460598008112183,0.017774660459182322,0.029188279264442247,0.057454124739606906,0.09727032429184904,0.4475105102565938
WIN_20260823_21_50_31_Pro_jpg,C,158.7509653535015,59.81960340828991,231.5,241.5,69.74081324466943,70.02428842298232,142.36851602631478,67.58826026330297,-0.08414867743696264,-0.12756905389928055,0.5037541097327932,0.18344155554922398,57.998382568359375,26.84273338317871,0.6814837828278542,4.471874475479126,1.407635822892189,15.707458972930908,0.16111360127798668,0.0711389168673826,7.518378110534837,0.406196754113245,0.09730222981714942,7.109760967032359,2.9983268064106925,0.3516184895120915,0.10072194419107308,0.060243737643368336,0.02855611333562969,0.016463669138030747,0.013461492939348788,0.013571416088728925,0.014593229976141285,0.015977579873905287,0.0193299992394738,0.01638888218559543,0.015359301378008765,0.01444451461545809,0.014359090945309167,0.017665733031493047,0.028761602252385464,0.059006467785141944,0.10395019805130579,0.44956878282418866
WIN_20260823_21_50_32_Pro_jpg,C,159.1619859142683,55.58983093660063,232.0,242.0,63.93696200330406,65.34158139629467,144.76845491696375,63.57826549571414,-0.0628751971774983,-0.08613187867267028,0.4314407442831058,0.18875395987328406,59.131465911865234,24.932052612304688,1.3921661376953125,5.1470208168029785,2.6315054893493652,15.104918479919434,0.1579512344732403,0.03408399269628728,8.08857601700754,0.4059089721533592,0.09935270027732143,7.084354186987667,3.0402013321895924,0.3545306979852955,0.0978024153632944,0.05975008799718409,0.029103147891506632,0.017026331419520885,0.01260476473305616,0.015911659855664725,0.01330319102686723,0.018082227941661717,0.018325968286976864,0.017687434002111934,0.016543470608940514,0.015970434897380058,0.015234262719172175,0.018259281801582473,0.029475697765411705,0.056338028169014086,0.09825232588470567,0.4399859204505456
WIN_20260823_21_50_33_Pro_jpg,C,153.4835518753427,61.30959070490886,233.0,241.5,64.65330048203802,67.44615756601276,138.11006680103986,68.72914787187172,-0.07757716357149072,-0.14175378387366286,0.4935515168172481,0.18001732204142984,56.36878204345703,27.218971252441406,0.7387124001979828,4.525181293487549,1.7928290367126465,14.302644729614258,0.17717131018154003,0.07510583788834715,8.847598999013464,0.3997510495570895,0.09806830986837814,7.098497382662062,3.0347639470965193,0.3551657294136362,0.10111560205996047,0.05694808549327597,0.02893247989225683,0.017563300948921612,0.01307634075084372,0.013216046442343459,0.014627222908942882,0.018894971965910477,0.021639570250103934,0.019484117586665465,0.01673619622244852,0.014605719647048064,0.012978372013284944,0.017497485046335182,0.027470018838105847,0.05950266091140756,0.10365237669130836,0.4404954528852255
WIN_20260823_21_50_35_Pro_jpg,C,151.78133888310788,63.23654126602152,234.0,243.0,86.37849462365591,69.90909459926334,134.23575173346862,69.97119983259269,0.0706645643274964,-0.1281677632222325,0.6298519966489807,0.26441738542195165,55.34208679199219,27.854982376098633,-0.6518055200576782,5.065340518951416,4.60939884185791,17.22509765625,0.1776621574748526,0.09117564925998324,8.533819675668855,0.4085897503520344,0.10445048388169621,7.003969306185288,2.9263854907853366,0.34962885206568195,0.10152613919255331,0.05790669985929213,0.026842731897391493,0.01666847061370278,0.014021144185349029,0.014620979230711555,0.01374607641519645,0.01634376014720208,0.021863838077714037,0.01666847061370278,0.012230760904859833,0.013346329759316189,0.012371597810602085,0.017320236934842918,0.02819224713203869,0.0598335457749119,0.10625523596760682,0.453925170578091
WIN_20260823_21_50_36_Pro_jpg,C,150.57433554817277,64.86715755073077,234.0,244.0,75.82602014683285,71.33822171179982,135.15224252491694,71.84420095862583,0.08006933346161071,-0.051719381810414744,0.52706163564965,0.248982015609094,55.2851448059082,28.34207534790039,0.5444153547286987,4.689972877502441,4.6169304847717285,13.927454948425293,0.1708471760797342,0.10257475083056479,9.25582611767986,0.41893969965097394,0.11220279264049662,6.991057381841756,3.028933685908141,0.3480658296572786,0.10016611295681063,0.05913621262458472,0.029182219205972176,0.020129762102811512,0.016029900332225913,0.014700996677740864,0.014000341471743213,0.01920778555574526,0.02100051220761482,0.017415058903875704,0.01536622844459621,0.014768652893973024,0.014451827242524917,0.018106312292358803,0.02778239893528531,0.0545666278489436,0.0973421926910299,0.4340105856240396
WIN_20260823_21_50_37_Pro_jpg,C,146.56140506891953,60.99109830335898,228.0,241.0,85.17854587090311,72.33930807108626,129.3298933310207,63.91731273727263,0.04546723893085591,-4.424801320938199e-05,0.6358952340060111,0.27765850865893804,53.323585510253906,25.327638626098633,1.1028342247009277,5.153925895690918,5.115121364593506,16.928010940551758,0.1264417656751366,0.024629260254964876,9.537999267702183,0.3901791660515557,0.09680312965614554,7.170658792773389,3.0546488401365615,0.35451552883927295,0.0979967045355997,0.058364408984476625,0.02766455641314717,0.016824212991067556,0.01600711427301023,0.01707425522454424,0.015696817275171276,0.018645390685976933,0.019123653917564053,0.0178648859595872,0.016390599254184374,0.014296323802450798,0.01587026276992455,0.0187638950644731,0.029919347844939728,0.05506894458416443,0.09270661694562483,0.4472707018195321
WIN_20260823_21_50_39_Pro_jpg,C,149.3376929444663,59.58460205254012,220.0,231.0,85.36891259277706,72.01517598575268,131.5764454857695,66.10553574968242,0.07586108264233592,0.03400680330623626,0.6521970185253805,0.28904366469979514,53.63105010986328,26.475154876708984,1.0276494920253754,5.261849641799927,4.181075930595398,16.80299663543701,0.11645467971946702,0.0446784289674066,9.804698855372056,0.3858886817928394,0.0955500212657788,7.1825370226309175,3.0333145729938167,0.3484654745695853,0.09925259193662109,0.06226526380996166,0.028560517329268897,0.01939718081871867,0.014873557416351608,0.015348388123937528,0.01541059264634204,0.017554930616339576,0.01783230647685593,0.014894955648175945,0.014377522118483222,0.014433868495663634,0.01339993661037996,0.018982822160608724,0.02772245708008851,0.06037472560075389,0.10474994564594023,0.44234358587694345
WIN_20260823_21_50_40_Pro_jpg,C,145.2273469023778,61.44015399805609,229.5,239.0,73.8640412493772,65.95308042410463,127.28036771451617,65.73693237582722,0.06159004268715081,0.11266687717537796,0.5830173897168283,0.29028215801277635,51.804752349853516,25.978569984436035,0.7089437246322632,5.166040897369385,3.979390025138855,14.71884536743164,0.1479713213034951,0.0901372435230991,8.451448394357481,0.40860825031553827,0.10550965361743658,7.039287249750434,3.0375570248319543,0.348936832907603,0.09962229472465214,0.06101718090390911,0.026590881340884102,0.01763147014795459,0.013920068507972776,0.014602559285896825,0.015223244361145362,0.019313676884785504,0.019554650597758693,0.0205807128527786,0.01644107217867427,0.015195021228828754,0.013887989985581925,0.0184718178449087,0.028128360401288834,0.05971942992309083,0.0981257368339112,0.44307128188030864
WIN_20260823_21_50_41_Pro_jpg,C,154.4377038546851,61.79847658681405,232.0,242.0,66.54980050523356,63.52617354481691,137.51232429880343,66.7563457441197,0.1067391662093257,0.0659918715199333,0.4988183250033529,0.2691328760554905,56.032602310180664,26.416372299194336,-0.5160317867994308,4.3737359046936035,4.342758297920227,14.206746578216553,0.1865588038619121,0.06929956719812073,8.17596996208211,0.410332653617699,0.11372901749060116,6.946538098366487,3.0618521562926673,0.3525107072473243,0.09634723344420318,0.05937368588993576,0.030317035932996755,0.018332304339956175,0.014193920062973975,0.01494472495968022,0.016182723513940317,0.02047334760806021,0.0207116876221271,0.01950024428748758,0.01816091765367796,0.014754323553487145,0.01721662504492221,0.019044606504243358,0.02996595770663885,0.05348922442954816,0.09514354789698853,0.43978535002972674
WIN_20260823_21_50_43_Pro_jpg,C,171.56480587212673,50.08665822999059,241.0,249.0,47.98777195489916,49.31499975625338,162.29524821325091,52.453404822745085,0.1554617541187203,-0.006245327361559685,0.37446403049070986,0.20117828858412207,65.77735137939453,20.112882614135742,-1.2541271448135376,3.524048089981079,5.932479381561279,9.801092147827148,0.2634730538922156,0.06272781215563279,6.530750872361174,0.4291235628486933,0.12126284565948516,6.618736411704214,3.018425100209535,0.35407306942442995,0.09609812632798918,0.061135792930268495,0.028008499130770716,0.018818343646689835,0.01466474527422226,0.014873478848754104,0.015342883784012884,0.018903110960413666,0.020852759176061712,0.01949648215648046,0.01632219432103535,0.013907668533899941,0.015066640911724938,0.017191423604404094,0.032161483484643615,0.05942188692040349,0.0872255658218191,0.45070780706959396
WIN_20260823_21_50_44_Pro_jpg,C,135.66293631502188,58.496341804433044,209.0,224.5,75.3555598768433,72.10844901820795,125.0575109382596,62.8482038546894,0.06503569099684252,-0.17625329212011992,0.5508507535245504,0.23585804569761787,51.58490562438965,25.226276397705078,-1.7362834215164185,3.6463621854782104,3.5471798181533813,12.065726280212402,0.07212445308701992,0.031699886566196725,8.078842990884798,0.4006025581958681,0.09793344263427958,7.0905868571722515,2.8736094998174986,0.35503484038243394,0.10780748663101604,0.06366877329444175,0.026135148274185706,0.015076972937935505,0.012772646248582077,0.01010857235456166,0.011249392318911035,0.012944417436396046,0.014587587100956085,0.01242262194133852,0.011116512720790795,0.011816561335277913,0.010941500567169016,0.013929671041970508,0.027311618862421002,0.06392480959325879,0.11684005833738453,0.457345649003403
WIN_20260823_21_50_47_Pro_jpg,C,145.0721769499418,55.796997206151744,225.0,237.0,56.46699526432783,58.985757257024105,136.8070430733411,60.054853192653546,0.14429153735548042,-0.08138016535874477,0.4495989175606456,0.23661233993015135,56.195011138916016,23.774442672729492,-0.9513558149337769,2.9979028701782227,4.83649206161499,10.981127738952637,0.1038863976083707,0.03383314109957709,7.0768928268573275,0.414528787118277,0.10042686296189579,7.021712201894206,2.95439547395109,0.35913791437131537,0.10495795882864599,0.06330337295834541,0.026867691118198513,0.016429883057891177,0.014110370155600658,0.012274089107953997,0.01246738184981154,0.015753358461389776,0.01729970039625012,0.015173480235817145,0.01246738184981154,0.012943739587338203,0.013433845559099256,0.01710640765439258,0.031513374862587026,0.05769788344447666,0.10186527495892529,0.4539480042524403
WIN_20260823_21_50_48_Pro_jpg,C,148.1791622862834,57.30651208073942,223.0,235.0,60.585791643093835,63.90535929980835,137.95125325070546,61.49765976427731,0.1617489679007077,0.09533908708506157,0.47364638236703405,0.2390991854336368,56.757110595703125,24.349000930786133,-0.2929401993751526,4.335048198699951,5.29254674911499,13.97492790222168,0.1096663531234438,0.03467227026590156,7.870696008988822,0.41152578442291826,0.10073612358231371,7.003692659611593,2.9362184872276083,0.3557738380450407,0.09959608255408621,0.058217537134643026,0.02843216896831844,0.016931334034194653,0.01365877313505213,0.01365877313505213,0.012042350278832943,0.015891391286045043,0.015113553705649398,0.01487109027721652,0.013786571248158283,0.01394345155757207,0.014944222268996001,0.018867924528301886,0.02867587327376117,0.057489072096497534,0.10048138106567808,0.45753333702207716
WIN_20260823_21_50_51_Pro_jpg,C,140.1789259353525,60.70212548317301,219.0,233.0,68.51577033358976,65.51646011101325,129.22066683634512,66.1968092867699,0.006958569406831979,0.017478318333676204,0.5533953423316316,0.24688215831000254,53.18753433227539,26.13422393798828,0.2811647653579712,3.9937539100646973,3.7221500873565674,13.847283363342285,0.09285822134984147,0.0351772851248339,9.062905845929384,0.4075856544882649,0.09551207679234924,7.121366773927056,2.9060019509344337,0.3514889284805294,0.10637173486335498,0.06257432988747598,0.02921636720519402,0.015551864713875888,0.012075747873021682,0.0111731843575419,0.012868032729561508,0.015643582471868995,0.015918031287164944,0.015460616595005031,0.012238618085180782,0.013287642492481992,0.012587141750580944,0.01653329306960592,0.027857466404952437,0.059724456255682214,0.11142986561980975,0.44396670021041074
WIN_20260823_21_50_52_Pro_jpg,C,138.451164377719,61.65235834416592,216.0,229.0,71.29531689840485,66.79750095881245,128.32909664761578,66.04816686907844,-0.03427641959006838,0.036003611826131786,0.5531307362839079,0.2339224349533628,52.6628532409668,26.626550674438477,-0.6468440890312195,4.108550548553467,2.290435552597046,14.00108814239502,0.08359634905740851,0.019069957169080155,7.919717214360764,0.4085533764322662,0.09921314098017558,7.02209877510627,2.9237439617772933,0.3515311780261025,0.10548271752085817,0.061187028349989805,0.02772327902414058,0.015183826665529301,0.012157330154946364,0.011799761620977353,0.011319600244748113,0.014641549861619498,0.01620745542949757,0.015098524268531945,0.013221871534590122,0.012141773055977145,0.01008838496562807,0.015704670609830718,0.02955093295241496,0.06376638855780692,0.11200204725752794,0.4450336528655925
WIN_20260823_21_50_53_Pro_jpg,C,148.65922053231938,62.979445915480554,224.0,236.0,68.92414349644193,65.3259821082186,131.9165871909618,67.4056154564146,-0.034848682864755814,0.0016844744629433094,0.5693064710797512,0.25794351279788175,53.99888229370117,26.997167587280273,-0.27982860803604126,4.246131896972656,2.1893064975738525,15.778491020202637,0.12053407673684982,0.051248723424008914,9.483047329470082,0.39638852927476487,0.09608559270154525,7.144549911963555,2.904919569569128,0.3480435422182995,0.10964627239810602,0.06411466826881813,0.026367096834091542,0.015372168284789644,0.012531113209166595,0.010986181443652905,0.010738452486025302,0.01709339006675959,0.017639959149568285,0.013645367177756584,0.011976603843654256,0.011141026831306286,0.012905022746263114,0.01500441306266549,0.026337025896852762,0.06235786075856504,0.11041009463722397,0.4563128163744406
WIN_20260823_21_50_54_Pro_jpg,C,142.69692139921148,53.71123180053865,211.0,226.0,72.4893884741213,66.96059844254235,132.1942790034393,60.70916778451638,0.15789341175444147,0.03504905442219814,0.5683248049660263,0.30383357100914354,54.320457458496094,24.43052864074707,-0.6027585864067078,3.755537748336792,6.425041675567627,14.468059539794922,0.06441071052076745,0.03179263484606996,7.433824494396195,0.4132541459749446,0.10278239458310733,7.033912074829868,2.9155862806696886,0.35609030688116805,0.10670245784749602,0.0594748762687694,0.029065837501689874,0.01644157369348209,0.01340033500837521,0.011276681433749497,0.0113559551169393,0.0160236137465739,0.01560271789279423,0.014847747672175154,0.011911752369767638,0.01306532663316583,0.014293690675600223,0.017709882384750575,0.03149925645531972,0.062187373259429496,0.10695411458770238,0.44750158127767237
WIN_20260823_21_50_56_Pro_jpg,C,142.9114017996106,60.37205394788772,222.0,234.5,70.52297056901878,70.6194308266096,133.63205389492754,65.18436701832438,0.20023878425745442,-0.07131938096235664,0.4954912093133761,0.31163784472469136,55.150461196899414,26.18861484527588,-1.5031026303768158,4.756406784057617,7.242117166519165,14.277108192443848,0.09169546058432604,0.028002667459655226,7.515261022830054,0.4155599646115985,0.10386060767987232,6.990250657385202,2.93731663840589,0.3506415477183825,0.10831903808712223,0.06061163578047042,0.026354384246317177,0.015557287954383464,0.012582858161083392,0.012147333095747209,0.011567177476835354,0.01294116773580423,0.015300694939415539,0.014392818959372774,0.013303338085055832,0.013713174150629604,0.014079947731052506,0.01652352102637206,0.029566452737289993,0.062287402133967724,0.11142680242157402,0.4530161301560758
WIN_20260823_21_50_59_Pro_jpg,C,146.25696737551183,58.49295380364796,227.0,238.0,81.64694227975168,65.13353200599774,132.62043526374032,62.480242315931996,0.20937609253595352,0.20763130864630583,0.6129069632719267,0.3735372494496582,54.05503463745117,24.616512298583984,0.03055664151906967,4.717014312744141,7.461480140686035,15.3464937210083,0.13670585127460044,0.04999339585259543,8.08319176781852,0.4032849503088817,0.097247804241902,7.10407539605311,2.9625273617277594,0.349870896348211,0.101157148189623,0.05990035917043216,0.028587237181851716,0.01530421799178798,0.014366817286525316,0.011470281543274244,0.012628895840574673,0.012628895840574673,0.01499605367008682,0.015873015873015872,0.013555787278415016,0.013064576334453154,0.012628895840574673,0.020156774916013438,0.033221351250466595,0.05785740948114968,0.09826361483820048,0.45260051641460713
WIN_20260823_21_51_00_Pro_jpg,C,145.28195418710038,55.31044270034355,226.0,236.0,80.83686138183624,64.67612290320588,126.2000744925197,60.53922612656782,0.11255681952658213,0.1041176151792231,0.6078024007386889,0.31111859082239424,51.33992004394531,23.844459533691406,0.9682306051254272,4.3274407386779785,4.612283229827881,15.217509269714355,0.134396920975852,0.048978831708982554,8.281668752363128,0.3953113893505273,0.09884663893831433,7.094561965901176,2.927691831441763,0.35376269621421974,0.1035566027151352,0.06023573649576976,0.027375743296308763,0.01716593739481656,0.012696214219759926,0.01301469763267138,0.012902501963424212,0.01604398070234489,0.016756244072083464,0.01525861101761472,0.012974113849400956,0.012902501963424212,0.012565914955682711,0.018175698418041064,0.031048014773776545,0.0558734432850892,0.09828340626051835,0.4479483518530014
WIN_20260823_21_51_01_Pro_jpg,C,152.1310080773992,64.9505982251226,226.5,238.0,77.99811784120982,73.94954116520219,136.9077241213891,70.8341970020891,-0.02430137214260647,-0.1639391211736846,0.5836419312491901,0.2711107290066435,55.75214767456055,28.410593032836914,0.5847250893712044,5.09984827041626,3.473041534423828,15.841282367706299,0.11995128926392101,0.04596307373671005,8.32906626628827,0.4254408025308979,0.10404206715078446,7.029480595678946,2.9632072780890413,0.3536327689584592,0.10741903538596453,0.06037289951816355,0.02596752792009141,0.014825123690149985,0.012600720523904863,0.011819409594660303,0.012794408616931742,0.016637281884109265,0.016971205468887522,0.016505968568888238,0.01498035621467043,0.012804599754956772,0.014140869237329688,0.016005679750622167,0.029582768115582515,0.06109384961462966,0.11824773304644204,0.4488937041260689
WIN_20260823_21_51_06_Pro_jpg,C,144.03790263484427,59.31162381628543,216.5,227.5,76.18964602438713,71.19395518997328,131.69721726323726,63.13472207130512,-0.010193847060397464,-0.11317367848327814,0.5854181035181149,0.2582171663346649,54.036354064941406,25.700596809387207,0.3070150390267372,4.981754541397095,3.108245074748993,15.577975273132324,0.06292819713824466,0.015213514299014417,7.541562707594796,0.43054969788200387,0.1105841735833829,6.896167033899146,3.062329263093883,0.3471492163924097,0.1023616924062822,0.05643108974348095,0.027740368180684614,0.01614617747287893,0.013209844367941394,0.015035496816634018,0.015500573479410862,0.018612819629625237,0.019963260915068514,0.018788751916309236,0.01686478808239655,0.01625896105008752,0.015746588862258392,0.019182553955593186,0.03117691377897698,0.05513125494503615,0.1060694072487571,0.44240908510522703
WIN_20260823_21_51_07_Pro_jpg,C,146.1205588527278,65.36353555295763,225.5,236.0,100.1423018824929,76.11146475753893,126.01932215221169,69.54608853918737,-0.0020653584497316232,-0.10725141317463284,0.711241509491384,0.2917879579408724,51.616676330566406,27.87992286682129,1.91225266456604,6.520981788635254,3.8104565739631653,21.99077606201172,0.1175121194731435,0.033870443143757506,9.298383686289784,0.39665028854520656,0.09808018619192971,7.121962766676347,3.024728101819014,0.3445350554925942,0.10179471441191644,0.060566694708069024,0.028449760773758832,0.014688533835172457,0.013799320993319784,0.012973396834826416,0.014250667942030473,0.016354320286445297,0.02127575163485594,0.01744000998788906,0.015365335828156877,0.014124786459727773,0.014198053671994428,0.016703931495308567,0.028613590461690715,0.0601688338649681,0.11030230715324457,0.4383035253045173
WIN_20260823_21_51_09_Pro_jpg,C,144.36451095670765,58.363457765583114,229.0,238.0,74.38776055585248,74.91317778892032,133.6656867985035,58.684410746925174,0.08004487223622514,0.20763241963051585,0.5196419027258151,0.19297017224478363,54.604156494140625,24.11379051208496,0.04290180653333664,4.006668567657471,4.314228534698486,13.251267433166504,0.11275133621786715,0.05587452737711805,9.07316520340586,0.39198516804922456,0.09668866228341653,7.14470279614428,2.9691763115874132,0.34573757349011225,0.10087665143844919,0.056303247314483267,0.02950981602666996,0.01616187325019089,0.012344107915500127,0.013828867761452032,0.013581923694283245,0.014322755895789603,0.01765650080256822,0.01691566860106186,0.015434004198049142,0.013581923694283245,0.015557476231633534,0.017409556735399432,0.028193479422768574,0.057537967650327204,0.09875286332400102,0.4450160342063068
WIN_20260823_21_51_11_Pro_jpg,C,151.0272593011293,65.99197876591148,234.5,244.5,89.27495798056196,71.42658751085666,137.72807479430145,67.52790788520872,0.3446393624014077,0.3942217491519243,0.6830867776714,0.4749911789194446,56.450456619262695,26.95803165435791,-0.18147695437073708,5.796101093292236,13.018013000488281,17.40979766845703,0.145637477584041,0.06955233573421662,11.396977109972129,0.35233651986962045,0.08682368151417111,7.380497635170661,2.9951537148658063,0.3562427233033532,0.099333681576663,0.06259907189083451,0.029045028178385897,0.014824938003073777,0.013087645823565499,0.01333777572648665,0.01627679141820912,0.016700344391454857,0.018561425671426615,0.01687222285512891,0.014396751451453756,0.014502145249785126,0.013960635438743613,0.017200719590069833,0.027885213380475428,0.05835953019248753,0.10134881472907789,0.4468349011924191
WIN_20260823_21_51_12_Pro_jpg,C,158.9001707089526,63.96944326232861,235.0,245.0,82.83600629064426,67.44666241207906,145.00512234807562,67.36556617242843,0.2701644053897848,0.300621589249554,0.6481595876071797,0.4135089248403696,59.268144607543945,26.779608726501465,-0.694693312048912,5.727262496948242,11.27959394454956,17.60379409790039,0.15926055420446908,0.07577695670477451,9.903291774624694,0.37537639544959667,0.0969578418804434,7.15555662725329,2.974654356829418,0.3508778383070168,0.10151403195442393,0.060944945157397484,0.027663818209143987,0.015901519924191847,0.01336379749490036,0.011787389505411076,0.014462314517399755,0.016402989338742558,0.016949692330940156,0.017082021322134974,0.0142711581306038,0.014199158384766642,0.014776832588447319,0.01740649031725519,0.02890889453146859,0.0578411967574672,0.09741788530740372,0.4539002669894142
WIN_20260823_21_51_13_Pro_jpg,C,145.6063503789453,67.00325470991447,230.4000000000001,240.0,83.24539348771373,71.5576281023037,133.56493092779914,70.2687804892166,0.17322325542966044,-0.00065220712703222,0.6557171817169346,0.338001063453303,54.67587089538574,28.098658561706543,-1.419064611196518,4.309643507003784,7.0243449211120605,14.855237007141113,0.1422147714708184,0.05071081363226117,8.523155119605343,0.39733788685228305,0.09897586276816547,7.128747729382711,2.9764561341019844,0.3501371582390924,0.10517995775777329,0.05991495857597682,0.028237691324464548,0.014566788869136371,0.013356774774107794,0.012263785603652329,0.01297204839164703,0.015958005110321714,0.01852305930848041,0.015900906070981994,0.013104475470131514,0.01376479228049261,0.013918276075059905,0.016472945716586175,0.02717442735056631,0.06129352377781387,0.10717662220745436,0.45032634023267554
WIN_20260823_21_51_14_Pro_jpg,C,150.83358533453236,64.90984352147932,230.5,242.0,69.90057612937403,65.88596249124981,140.46495050242711,68.41805726431934,0.12304049862385719,0.036974770421135505,0.5561699302022921,0.26723884547936194,57.35321617126465,27.261856079101562,-0.7388171553611755,3.908438801765442,5.328237056732178,14.644750118255615,0.1487321814867415,0.03588408275503758,8.633027918474092,0.4071353081446125,0.09919493408575204,7.133865704047443,2.999703877529501,0.35367056982601036,0.10138467251800048,0.061090126376667414,0.028222978844099172,0.016760107834580925,0.014255967087030315,0.013822461666660789,0.01353148867691191,0.01578301501707951,0.018488721077620472,0.015930049197585235,0.015093249172837088,0.01440652548310761,0.0145908903364545,0.016212816127663718,0.030173220946262194,0.057898339312952504,0.1070398684711818,0.4496006563258642
WIN_20260823_21_51_21_Pro_jpg,C,156.69573698240998,63.397065050484365,234.0,243.5,66.76395382047875,67.74256777091306,143.45369296975977,68.17170377841002,0.024808743292843823,-0.0031102661408831875,0.5453921481090849,0.23784393956091374,58.62433433532715,27.041418075561523,0.3142160139977932,4.34845495223999,3.0539004802703857,14.47582197189331,0.1893068167865515,0.10371509728988094,8.585211020959923,0.40421946293361927,0.09801164066081569,7.137659854212929,2.9976465130026666,0.3492619952028984,0.09964351751156184,0.06032135076252723,0.028509618614354932,0.01642740429505135,0.013913527863554508,0.012652593343312417,0.014529194711106766,0.018202398788056642,0.019237319382858192,0.017530232083205692,0.014759699665608661,0.015197177410386196,0.014893009271229912,0.018446404516199555,0.028721089129399913,0.0569758265583726,0.10090926809060102,0.4493940844100148
WIN_20260823_21_51_22_Pro_jpg,C,150.4481068614261,63.1996872384045,233.5,244.0,65.6582740726504,56.23972332083908,139.2281221091582,66.32794267603006,0.13381595480215044,0.10891030322510657,0.5344524078963913,0.2551010101010101,56.924991607666016,26.223581314086914,0.30603739619255066,4.152542591094971,4.981657028198242,14.674004554748535,0.1711378353376503,0.06150297905054776,10.351002513385406,0.3673282493119424,0.08688228142722862,7.370557837837292,2.931062782962761,0.36168741355463346,0.10111111111111111,0.06102248702671536,0.029790505477609072,0.01672112242936767,0.013434343434343434,0.011616161616161616,0.01202020202020202,0.016911857160819815,0.017163334590720482,0.0148989898989899,0.014774299006664151,0.012171717171717172,0.01422256390543917,0.020104841196423064,0.030555555555555555,0.05823563328848741,0.09873737373737373,0.45146485602917136
WIN_20260823_21_51_23_Pro_jpg,C,157.02590788308237,62.64205591857648,237.0,246.0,67.6427732079906,64.3356588622514,145.53255093002656,64.88718358217619,0.2245685069673075,0.16354747897808408,0.5646589902568645,0.31820194862710366,59.43925094604492,25.59392738342285,-0.3468552231788635,3.6516003608703613,6.0600504875183105,12.034591674804688,0.1837909654561559,0.09510628875110717,10.517771179475448,0.38881702596610024,0.10022215535399102,7.20648855069205,3.0868277550053405,0.3510874389702619,0.09605263157894736,0.05408787541713014,0.028675819309123118,0.020394736842105264,0.01483613817537644,0.016666666666666666,0.01918798665183537,0.020022246941045607,0.02412280701754386,0.019078947368421053,0.020394736842105264,0.014614703277236492,0.017199289835774522,0.016885964912280702,0.031979977753058955,0.054694419840566874,0.0875,0.44298245614035087
WIN_20260823_21_51_24_Pro_jpg,C,154.55731535204643,60.71149844789232,233.0,244.0,52.675632911392405,57.174971870971866,143.55809941978987,63.405836465403745,0.01298867732312257,0.07963550295218662,0.4380586482672103,0.19460561392504314,58.638084411621094,25.028568267822266,0.25394850969314575,4.2175679206848145,3.094298839569092,11.713799476623535,0.16524490919097412,0.035988709424494274,9.737796733317198,0.39910789628238363,0.10164394669163342,7.1363512708392465,3.0736724874948687,0.35347343841214246,0.08980346370889278,0.059252772913018094,0.02940254037948879,0.014975693899952956,0.015916575192096598,0.013799592284773404,0.018291496400077836,0.023545436855419342,0.025102159953298307,0.025102159953298307,0.017318544463903483,0.01595641175325939,0.015367727771679473,0.020019262520638414,0.029869624440552637,0.05166374781085814,0.08454952325355128,0.4480599889928453
WIN_20260823_21_51_25_Pro_jpg,C,157.5088637024121,61.16910141076682,236.0,245.0,57.945554150863885,60.78325940512406,147.11827956989248,64.13262612605972,0.13322406382622054,0.139384944739869,0.483354403708386,0.2534344711335862,60.01025390625,25.264812469482422,-0.5072332620620728,3.5662519931793213,4.852288722991943,11.74594783782959,0.18128950695322377,0.05764854614412136,9.30875881331249,0.4067203869843143,0.09932867967685709,7.194293252898099,3.1375044247950696,0.34310946358482336,0.0912559965111208,0.05933669248702715,0.02962962962962963,0.01837336704593342,0.014364142287734076,0.015481901439162669,0.019188835586567816,0.02235063235935456,0.02703881378107283,0.022459659834278237,0.02006105538595726,0.017880505887483647,0.016419645451903518,0.020311841550779603,0.0310596375122208,0.05058874836458788,0.08122546881814217,0.4348015699956389
WIN_20260823_21_51_27_Pro_jpg,C,143.30221471844274,60.959523597928104,227.0,240.0,66.68885303213662,61.7820724241989,135.00168835038235,63.48626894024411,0.19833386984970483,0.14920326939425363,0.5148371031334301,0.34832185886402756,55.373931884765625,24.841609954833984,-0.5384941697120667,3.278963565826416,6.967176914215088,12.863309860229492,0.13392857142857142,0.06594234079173839,8.79018607748812,0.4068368184522443,0.09554874840679171,7.186506774602054,3.0955346943905284,0.3475688468158348,0.09929001721170395,0.056583476764199656,0.028325378709275782,0.017412935323383085,0.014825482887156896,0.01333907056798623,0.016781411359724614,0.022047869699076374,0.024630052636806038,0.020438898450946645,0.018174595292481874,0.017534423407917384,0.01624354561101549,0.01990049751243781,0.029227380548966453,0.05692985428668248,0.09640984267849939,0.43190619621342513
WIN_20260823_21_51_28_Pro_jpg,C,143.9975278595801,61.3037787588855,226.0,238.0,77.002296110027,72.01698434527606,127.97357355412856,64.04302347982843,0.24045045586901553,0.2503155065339072,0.5860924471067901,0.3975932273166357,52.841230392456055,25.537494659423828,1.713220238685608,5.1457459926605225,9.099855184555054,15.829471588134766,0.10962183397066569,0.05020735805197922,8.92324178997171,0.4030589594221381,0.09278059779907824,7.232662682649822,3.079343220310273,0.35375004065568477,0.09721456659191222,0.0566710992768537,0.030902254273823114,0.01921376809857576,0.015481234059097527,0.015927068256574202,0.016579195984371388,0.018721594442510862,0.023226187837554008,0.01773301386499001,0.01661165264155194,0.015530287590148614,0.01686198815292967,0.018843798325536187,0.028221066412586465,0.053101650529755184,0.09946545477006885,0.4376039673826297
WIN_20260823_22_03_43_Pro_jpg,C,157.75520297102514,57.87532986458143,227.5,238.5,51.01538467535123,55.60709491331103,149.0155061922964,61.58240412857136,0.06908118947404851,0.07253240850055843,0.3849269068473532,0.1808696623093934,61.072975158691406,24.326977729797363,-0.305938720703125,3.2474385499954224,2.042932093143463,10.539982795715332,0.1517330719175261,0.05006799678952966,6.572213138346136,0.4478029366314146,0.11423015077680387,6.820913396376321,3.1223205127969456,0.3548525136056757,0.09322558790699038,0.05563226399538898,0.031048950928528128,0.018565630632121244,0.015903640436996574,0.016137166234730195,0.018706935879283806,0.020484884194533842,0.024277380685614,0.0247578845007747,0.017802558328020242,0.01742692439580002,0.017454914251370295,0.02037526521142708,0.032243627735346045,0.052945652569214116,0.08708347425234998,0.4344912684094596
WIN_20260823_22_03_45_Pro_jpg,C,144.57079263014714,61.394613309837894,225.0,238.0,70.34363793743044,64.62083020500879,131.95383928571428,64.0826614905026,0.1535632008815671,0.09710970895020371,0.5256584642018054,0.21057012068248024,54.02248764038086,25.571346282958984,0.2045493870973587,4.84394645690918,3.3431484699249268,13.479904174804688,0.1230732748399336,0.045752442191171014,7.332244986699739,0.425453234764966,0.09681963856410786,7.083327474667818,3.0919303489003918,0.3509603983874793,0.09389266948057541,0.056421741752088896,0.029718321991558275,0.020587475234731673,0.0167973124300112,0.014220353654012613,0.01520959564733523,0.019784839866452332,0.021104315617193555,0.02067361529847532,0.018089413386165907,0.015160651218881901,0.01584977172883108,0.020441271901362752,0.030283365779796668,0.056766302007063486,0.0929451287793953,0.4376776638814713
WIN_20260823_22_03_48_Pro_jpg,C,153.4946298744217,59.63747298568267,230.0,241.0,68.67427369732846,65.7588320832684,140.8737278552582,66.47449822297305,-0.08878286719451449,-0.06576856231092162,0.48901189689358887,0.22889182058047494,57.70027542114258,26.48897933959961,0.21045954525470734,4.1793951988220215,0.1306937336921692,12.39896297454834,0.15133876600698487,0.05816259087904825,6.908087890381734,0.42906970008759,0.1023106556246097,7.076864881888337,3.012822179632879,0.3495827261888992,0.09981454497284409,0.0578590275160196,0.029753096035516784,0.016356414050938548,0.014435389988358556,0.013909127036693602,0.014902636110743144,0.01839348079161816,0.01997738409347908,0.017715793441387108,0.016530849825378346,0.014571466419393298,0.014668218859138533,0.017485759703271958,0.028552581982661137,0.05767056162834527,0.10537819578752153,0.43913077342472157
WIN_20260823_22_03_49_Pro_jpg,C,150.98513661202185,62.36522136211816,231.0,242.0,60.74704564764038,68.62269300870699,141.00084896850328,70.37289727004219,-0.06634518205313573,-0.14395876178439818,0.4496794624237275,0.18659802514980167,57.689544677734375,27.706697463989258,0.21045663952827454,3.9899423122406006,-0.07512632757425308,12.944157600402832,0.16875562634166608,0.06925145674585388,7.1752215471791505,0.43859039834614955,0.10064407464751995,7.013043171143343,3.0161706557451198,0.3520506681084421,0.10186015239802779,0.05561133853402333,0.02928517174445101,0.016710270908937463,0.013895114298520844,0.013895114298520844,0.014829690275739554,0.016136261766024205,0.020170327207530255,0.017144778126400716,0.016472433886149707,0.015688032272523533,0.014853574141277744,0.019463968486908165,0.030337649149530337,0.05872169517346444,0.10354101299865531,0.44435980887750154
WIN_20260823_22_03_50_Pro_jpg,C,152.44429086999924,60.543152579453455,231.0,241.0,61.58697151867547,60.41653320687832,142.50395454196422,66.59054672336005,0.14915406819765017,0.0224801838110986,0.4940376465950527,0.2452583890040697,58.27891159057617,26.177165985107422,0.19420935213565826,3.9610631465911865,4.210316181182861,12.692890167236328,0.1723741668581935,0.08041785749482605,6.872640218474401,0.43154736959223794,0.1027693494268425,7.020922114364787,3.040321227513113,0.3500395256916996,0.09746723169409678,0.05587858480339016,0.02684609142548012,0.018429092342564304,0.01596530994382576,0.014585591800532177,0.015759485998302826,0.01699604743083004,0.02012365135167899,0.019446640316205535,0.015669656055977137,0.0136986301369863,0.017542130679018428,0.023241106719367587,0.03029574416927146,0.05697660322463329,0.09736868039814724,0.4445496348390587
WIN_20260823_22_03_51_Pro_jpg,C,151.04302011346346,58.673709192885966,228.5,240.5,58.22428100300523,62.69802850973937,140.58620850335478,64.14438795424597,0.13445806421409506,-0.01848913723399338,0.4668702925355912,0.24739447174611773,57.619462966918945,25.39682674407959,-0.0068085938692092896,3.872744083404541,2.8039011359214783,12.38613510131836,0.14230630535608912,0.0801319506624156,7.159395273108764,0.42932070144869006,0.10096897244301611,7.024817137062364,2.9978250686286705,0.3536887922699019,0.09923393499122572,0.05678296151209833,0.02948620120210404,0.018363020854449894,0.013974981942306331,0.0149475828598064,0.014813560987253189,0.017269579340681553,0.019265504343309293,0.018375302395447095,0.016186406327606352,0.014860523776086775,0.014957673971833098,0.01902407170854167,0.030373540844448568,0.055729725068069,0.10016562013332042,0.45113826600701545
WIN_20260823_22_03_53_Pro_jpg,C,151.20222854433382,58.02268058881345,229.0,240.0,55.98684210526316,66.13189153948113,140.02747826086957,64.67584161689844,0.07902164612596699,-0.049363924503001186,0.47791304347826086,0.21719745222929937,57.43288040161133,25.589458465576172,-0.028648624196648598,4.112159252166748,1.6259456872940063,13.2127103805542,0.14011379800853485,0.07385149572649573,6.912710501230481,0.43103996726092025,0.10055773577061085,7.0103751237380845,3.035345303257661,0.3535031847133758,0.09862494073020389,0.05859872611464968,0.02927927927927928,0.018312101910828025,0.015445859872611465,0.016002844950213372,0.015291607396870554,0.01625580564487317,0.01679171132547338,0.018373636794689428,0.015541264737406217,0.014935988620199146,0.015131701849430227,0.01878980891719745,0.031386861313868614,0.05660828025477707,0.10433401830749113,0.44286391654812707
WIN_20260823_22_03_54_Pro_jpg,C,155.11690849916855,57.886289071109516,230.5,241.5,54.33688157736705,58.348098113048664,141.83081696039153,62.16094333607957,0.08056887757405137,-0.019604144378397484,0.424331760128563,0.23156594148771864,57.92093467712402,24.64408779144287,-0.4215943366289139,3.5860334634780884,3.3182789087295532,11.334383964538574,0.15254267087071732,0.060985293036305,7.034908864432068,0.42802001994208216,0.10293093511289358,6.994059536976938,3.075678258285453,0.3586439875338308,0.09535113598603501,0.054342326010130476,0.03218588823472168,0.019455336489053093,0.016840269133097645,0.015433240119826866,0.01571809283323325,0.019046896350436805,0.020647574850785,0.018755582323393725,0.015410849661405168,0.014981025359342065,0.015634546004054256,0.020032153423017347,0.031694387036143815,0.054679585171131084,0.10055016430906785,0.4372799674946867
WIN_20260823_22_03_55_Pro_jpg,C,150.73603918824352,59.6042140391113,231.0,242.0,51.19524142757173,63.003239516197134,141.0627011896431,66.32989260983314,0.005068768684371107,-0.04270938962323612,0.35972204988211937,0.20132780082987553,57.42153549194336,26.210527420043945,-0.3466649353504181,3.5370824337005615,2.1951792240142822,11.556112289428711,0.1602519244226732,0.07565217391304348,7.426602050831797,0.421637866239018,0.10141584305492228,7.060319433878018,3.050907225221759,0.3562543192812716,0.0974419387411646,0.0575103734439834,0.02962655601659751,0.016929460580912863,0.015115465360391883,0.013463480309660047,0.017670817906428812,0.01739230592029486,0.017095435684647303,0.01935375294513632,0.016355678415111725,0.015319050909928588,0.017354793561931422,0.019465560930661138,0.030638101819857176,0.055368562773476945,0.09900414937759336,0.4401059663671965
WIN_20260823_22_03_58_Pro_jpg,C,148.61472134595164,60.20723703700947,228.0,240.0,58.409463722397476,64.85858674023831,136.71093585699265,67.1026941157236,-0.007181450162449971,-0.1230796024070336,0.3963196635120925,0.1849563354753666,55.69728469848633,26.69723892211914,0.24660922586917877,3.2476284503936768,2.1951608657836914,11.241569519042969,0.14344377041530565,0.06091707893376652,7.275387349602589,0.4205017021791758,0.09904336984215854,7.0966897672101625,3.0436991239765816,0.35655499210241914,0.10094637223974763,0.05715210355987055,0.029830908956656577,0.018640776699029128,0.015352260778128285,0.01313915857605178,0.014616193480546793,0.018058252427184465,0.01754819574888779,0.01829652996845426,0.016181229773462782,0.014951456310679612,0.015533980582524271,0.020323624595469256,0.029917831308378398,0.056440129449838186,0.10788643533123028,0.43488673139158573
WIN_20260823_22_04_00_Pro_jpg,C,148.79457532817526,58.91396599630552,230.0,241.0,48.0772841867339,61.14196425152253,140.6027992697557,63.70201630807818,0.07264700622709838,0.06598228950659286,0.361470920629401,0.19344924481910783,57.40546417236328,25.089338302612305,-0.09436269849538803,3.120293617248535,2.8497397899627686,10.680944442749023,0.13965406790518897,0.04511866469616622,7.577537926672799,0.4119187482560977,0.09717497803934848,7.093176165146386,3.0932136979819425,0.36020816653322657,0.09494290375203915,0.056568823026503276,0.02756933115823817,0.019916305021698697,0.017373572593800977,0.01791359325605901,0.0176688515246509,0.02066115702479339,0.01937874038187518,0.020233684810487318,0.01610145340552864,0.0175914445133292,0.01729200652528548,0.020256204963971177,0.030610663360198388,0.05713878597891137,0.09418637788543745,0.433605220228385
WIN_20260823_22_04_02_Pro_jpg,C,148.78923990894452,60.819682773040384,230.0,241.0,53.84574095682614,60.68447224458971,137.43462328576982,66.60470443218423,0.03283506624709987,-0.05482232875775123,0.3951141795007966,0.2161591140900481,56.261417388916016,26.432161331176758,-0.35388094186782837,3.504918098449707,2.290024757385254,11.033308982849121,0.1556271167619788,0.05113541724501693,7.963760636492367,0.41992028323780606,0.0976935953567935,7.110440898187821,3.019272828668574,0.35717100078802205,0.0986224795368337,0.05535574667709148,0.027350768616490318,0.019516728624535316,0.015666489644184812,0.015372286172227889,0.016027976103744717,0.016173684977415125,0.01879644470348244,0.017047619047619048,0.016683666035261547,0.015402567094515752,0.014855355746677092,0.01898566117896973,0.030307445723444557,0.057222517259691984,0.10171428571428572,0.4530817426781291
WIN_20260823_22_04_04_Pro_jpg,C,148.8887017651063,59.39068964117345,227.0,239.5,60.23921857452394,64.70180699715227,137.41285818973353,64.55403374370889,0.08782202369448852,0.04940738615157092,0.4138277877170607,0.24261952647979088,56.1663761138916,25.659815788269043,-0.17333555221557617,3.6471387147903442,3.357313394546509,11.92035722732544,0.13468366046258246,0.04866906016012287,7.580228729177491,0.4239109945808719,0.0989614258450483,7.050384350699499,3.1012219568022164,0.351142275560345,0.09402339004984071,0.05533076787532972,0.02761174116138833,0.017321428785911523,0.015805183713670866,0.01697937437302431,0.017144410913199702,0.0206790113662208,0.023520980876470143,0.022603564483513076,0.018080954606075728,0.018061161867636358,0.017556835136198656,0.018719409316175578,0.02959085768193781,0.05755162947388123,0.1019581563697204,0.4301392560598727
WIN_20260823_22_04_06_Pro_jpg,C,147.7506674627955,60.01287296534531,227.5,239.0,51.2063068689976,56.055604276663445,139.1018660671532,64.49983708123342,0.07949393922945806,0.029779579665686604,0.3747331333145917,0.18827768164917527,57.04399299621582,25.51745891571045,-0.3860277086496353,3.107660174369812,2.1255046129226685,10.273803234100342,0.1369249780946699,0.04813011373374567,7.424472219624127,0.4114850697417958,0.09676585753815614,7.083853515602943,3.0396550696481386,0.36504341184705913,0.09732382032565248,0.05592735456427757,0.030327616763109595,0.017818524729834674,0.014637101039192624,0.0148122521981058,0.01650034790551188,0.01813984814229587,0.019912985923290605,0.018737032082345534,0.015493019629554232,0.014329430077634271,0.015211338930545187,0.01850286082232979,0.03115205986657054,0.05696853573427631,0.10182407808965172,0.4372326198594703
WIN_20260823_22_04_07_Pro_jpg,C,153.83319877471618,58.60583135494467,229.5,240.5,46.67280247897115,51.61972235005149,144.29673361691007,63.20458505008527,0.2185431554926,0.12341555219554569,0.33994604442454235,0.17926338263118596,58.87736701965332,24.876927375793457,-0.00960085541009903,3.2767173051834106,3.403063178062439,10.074616432189941,0.14682808633165567,0.05376144542251126,7.262373247414178,0.42509633290945714,0.09934958792968775,7.032370790468536,3.059109592376898,0.3563685664140624,0.09443848658435444,0.05475691487190651,0.030087942087773656,0.020532976684765253,0.01614753540768153,0.014058366552836016,0.0161251955755704,0.020426902597263596,0.01960162728239958,0.019770332470084098,0.017704837229354675,0.01685397181693478,0.017747921796982355,0.02003791358685526,0.030012775471095494,0.053456529159206456,0.09174898950997089,0.43795673179424677
WIN_20260823_22_04_08_Pro_jpg,C,156.2406323952643,58.57928904516126,230.5,241.5,46.91331122747819,57.362336291137474,148.12089134972345,63.14353825339186,0.05441720535334048,0.013802601001561107,0.3390963309888674,0.14968341436045,60.38546562194824,24.76295566558838,0.009668853133916855,3.0542171001434326,2.2425745725631714,9.536951065063477,0.16010139273270196,0.06786303153109838,6.828378493439207,0.42371464261234076,0.10192923448254787,7.00842174825742,3.161565650210163,0.3548935154481173,0.08970638940688513,0.0536835524829308,0.03157999303392923,0.019550955790852868,0.016732889491591005,0.016631553443014046,0.017742940338532916,0.02134405515940398,0.02554981019479854,0.02344631298876062,0.02067658680988914,0.018908076303763746,0.017558087902351208,0.02030115298353701,0.031613557231139275,0.05277751787369127,0.0883495030165339,0.4301683035636663
WIN_20260823_22_04_09_Pro_jpg,C,148.51651335704523,59.03292188053405,228.5,239.5,47.24503233830166,55.39492635365275,140.385542460936,63.62757901284742,-0.0820466845529786,-0.0711826184695172,0.367018858980125,0.1271107548255383,57.57823181152344,24.9718074798584,0.2107299491763115,3.2450045347213745,0.9710075878538191,9.448906898498535,0.1504338463487238,0.05433126349713123,7.000317219493166,0.42088448831726166,0.10050219769704152,7.052829378515938,3.1305335649877444,0.3581644083639687,0.09235726380043703,0.056581879613972284,0.030047503682512567,0.019463337252719932,0.017163881996867796,0.01445365412305152,0.01777409799833312,0.0239323982627851,0.023015516666324686,0.02435614056627032,0.01975699794569364,0.01828858014074313,0.017426094569725173,0.0194601032244482,0.030714654115324883,0.05261416207579406,0.09049993408150472,0.43438258703316657
WIN_20260823_22_04_10_Pro_jpg,C,155.1541556645291,59.46404629528032,231.0,242.0,50.458633216807186,59.69289340868487,142.1343597590131,64.21195045469443,-0.06726030196202909,-0.10801440613672143,0.38777852156450227,0.14133936527520735,58.26186752319336,25.142873764038086,0.1414019912481308,3.676866054534912,1.267018437385559,11.556427001953125,0.16312056737588654,0.056102617258357086,6.631703830971384,0.4332014131356521,0.10690338119912335,6.934072737738596,3.1185219127228674,0.3586949071218041,0.09247695509961344,0.05441824306815237,0.030528298146496186,0.01952621667162256,0.016629982880899976,0.01723244363824825,0.018398548846851517,0.021409455842997322,0.026266230548121716,0.023010184835910975,0.018787250583052605,0.01823768460699772,0.01735194266314598,0.019489500817301646,0.030448302669085256,0.05221559989634621,0.08966053381705105,0.4290204954105369
WIN_20260823_22_04_11_Pro_jpg,C,150.01364298001278,58.092188799521395,228.0,238.5,56.48930403830422,64.36564098100149,139.49465136745818,62.83738857280399,0.1809082291334426,0.0648130565675762,0.401488369796242,0.19088000804335953,57.139156341552734,24.594687461853027,-0.042008377611637115,4.408907175064087,4.20129930973053,13.127830505371094,0.1366981129531818,0.057783145596052486,7.239513609090723,0.42075331707261987,0.10508673253408332,7.002137672491093,3.194061722967362,0.3575610109559542,0.09073794754309736,0.051283437630142883,0.03176661114635615,0.020314624030315306,0.017842118522348842,0.016576837567460402,0.020850360312417916,0.023983002466985537,0.02619947356302668,0.02729723235139897,0.021725048497188943,0.02003329848659635,0.01799830697992362,0.021745242168509295,0.03187899983398161,0.05242334865649337,0.08638655041391664,0.41936786924457214
WIN_20260823_22_04_12_Pro_jpg,C,154.5912547528517,59.88252722838117,231.0,242.0,63.62966751918159,64.24909622468184,142.84040920716112,63.471090233103276,0.20080452246586622,0.14475688175633816,0.4367007672634271,0.18189017951425554,58.44293975830078,24.878578186035156,0.29081350564956665,4.5244059562683105,2.8266215324401855,13.748363494873047,0.16063885955649418,0.05385896724042199,7.559453942139497,0.41704145298376705,0.10388687177601157,7.041632847705498,3.135487824487858,0.3542669030134211,0.09167106652587118,0.054488386691776525,0.03049102428722281,0.018479408658922915,0.01758543277625343,0.01696183586929409,0.018413410770855333,0.02209667294413057,0.0236272439281943,0.02340153452685422,0.02078933474128828,0.01762909494725153,0.015693659761456372,0.02085533262935586,0.03142928411075081,0.05326029567053854,0.09285902851108764,0.4286507495835647
WIN_20260823_22_04_13_Pro_jpg,C,155.92335403726707,60.98394423607695,232.0,242.0,67.64099378881987,65.31170471237543,140.34,61.65494598195741,0.2022780950127089,0.02903851488050542,0.4532849552935078,0.24318112166717745,57.204612731933594,24.180673599243164,-0.06369336694478989,4.194476127624512,5.790389060974121,13.427462577819824,0.1647258098666102,0.051180124223602484,7.854353893937428,0.4158383885323447,0.10102519467907924,7.089062963316861,3.14477876518695,0.358670336650434,0.09458138777283093,0.052795031055900624,0.031388994789681025,0.019973180887853766,0.01813818900416402,0.017573576116874868,0.020124223602484472,0.02086302967474407,0.023643164655233254,0.021172983273343216,0.022111801242236023,0.018420495447808598,0.0168944099378882,0.018351612552937345,0.030912555579081093,0.05194438563060202,0.09330227962453243,0.4284706048415555
WIN_20260823_22_04_21_Pro_jpg,C,155.3137132383262,61.511429884138266,228.0,238.5,61.87170301175631,67.70087936171534,143.03940383704816,67.52187432766121,-0.22102712098068278,-0.2563950092284022,0.4849759274484351,0.14728560826248197,58.62383460998535,26.830434799194336,1.4040517807006836,4.252821207046509,-1.7152388542890549,12.788217544555664,0.15032692675936327,0.04794730964951576,7.459904467920788,0.42268051937905926,0.1037261771526927,7.01072642175993,3.0517742788584568,0.3414816391061376,0.09737940054436547,0.05694285451002399,0.028917637426819562,0.017879385891813634,0.015212895691123031,0.0149585176627242,0.016856237013906067,0.01888220213089536,0.024163774403979564,0.021717634763570498,0.01639725252466443,0.015285575260157745,0.014837685484513889,0.017687036043883084,0.028103288283010605,0.056062602887547094,0.09994256726050524,0.43514476410067515
WIN_20260823_22_04_23_Pro_jpg,C,153.28095284775353,63.015321645504585,230.0,240.5,69.84598743266473,72.62891656368993,138.33904125640277,69.50713950762571,-0.2152035485834772,-0.2386557432149578,0.4653879243788486,0.1561181901868487,56.248023986816406,27.72825050354004,1.1512305736541748,4.448472261428833,-2.434874415397644,13.866793155670166,0.15237281734074634,0.06304995753910798,7.5709873226381585,0.42036487322128246,0.10052947567919074,7.0621491682953526,3.06853757771742,0.3527323213603776,0.09633028154868664,0.05989053303873139,0.027689126258025422,0.016704232562521442,0.01445040882626386,0.014271417311124818,0.01615174313875982,0.01975394329839407,0.021744210022983927,0.019889225262718045,0.01621189120584748,0.015316365999995519,0.01501101082192854,0.019238522810567392,0.029849325987298402,0.058131086956445276,0.10688636654135185,0.4393142158220132
WIN_20260823_22_04_24_Pro_jpg,C,154.5605352013404,59.69998720789736,227.0,238.0,58.73985721254563,65.25163387785385,143.2963565177806,64.86306338401423,-0.11805240289173241,-0.04561680858943254,0.4237955079023758,0.19658883749726824,58.47667121887207,25.78761863708496,0.7424539774656296,4.262247800827026,0.6682618856430054,13.420185089111328,0.13919906560103426,0.05438833889394608,7.2066830642940465,0.42741398387106133,0.10262489318049682,7.0150976329173655,3.119198882812148,0.35730886510089355,0.09174626596551427,0.05538702927841105,0.03064210884157334,0.018177111372344082,0.01577345809808482,0.015928598232835867,0.01837119380080052,0.019890411137585613,0.025394290205383675,0.021745438866162887,0.018283352298776756,0.017976221169005515,0.016987464259342822,0.0196547214236553,0.029858334345451105,0.05345673085988804,0.09390633329488932,0.43489588380061206
WIN_20260823_22_04_25_Pro_jpg,C,145.93423885040522,62.226329757416394,227.5,239.0,65.99453565456068,66.78458677454509,134.35098942216626,67.85937796127939,-0.1788716432228113,-0.21942076393689425,0.4658197523919431,0.1371170662414808,54.706912994384766,27.09915256500244,0.5260399430990219,3.656585931777954,0.08752083778381348,11.671363353729248,0.13944473402960852,0.048396159047876655,7.345797038370099,0.4165913834978335,0.09971344469202606,7.038970423758535,3.044511135117822,0.3521890834823499,0.09620976133358952,0.05837268136715468,0.029206935556079755,0.015944010656829592,0.014521166283020937,0.013721264672375543,0.016253440822525996,0.020960247532659064,0.021186247952453163,0.018864807444313847,0.018554383852201168,0.015386962937759256,0.014844135924992227,0.017239027061671738,0.029564011456678037,0.05612416274504521,0.10487718975919666,0.43599556738594936
WIN_20260823_22_04_26_Pro_jpg,C,150.0275451740855,62.69266353618005,230.0,241.0,73.3531207241343,71.75888300763532,135.97812913177611,69.36391953288384,-0.14015786841447309,-0.08189368989165412,0.5163666982422903,0.21332121526876135,55.49408721923828,27.431344985961914,0.753838300704956,4.215522289276123,0.1171950101852417,14.306526184082031,0.16150925103013655,0.04964539007092199,7.659155401507592,0.4176495610926956,0.10094215382813099,7.080975953575589,3.0449942833383545,0.3513427364730257,0.09694463588329888,0.057227138643067846,0.028174500129836407,0.016884906960716747,0.013695338779432966,0.015811209439528025,0.01562141052147944,0.020412979351032447,0.023226013134710875,0.022184847028672114,0.018407079646017697,0.014816594585936248,0.014419534785812019,0.01862053768179815,0.029498525073746312,0.05806503283677719,0.10219445779272786,0.4369321533923304
WIN_20260823_22_04_28_Pro_jpg,C,149.25049626618772,62.83126181431257,230.0,239.0,71.34100418410041,68.178747043054,133.74742414216846,67.3931649160748,-0.19292252355419368,-0.0805505422709764,0.47757939212212075,0.16771951989892608,54.70175552368164,26.97201156616211,0.886839747428894,3.9045424461364746,0.06879860907793045,12.907896041870117,0.14748953974895398,0.055203705454201724,7.727291808053706,0.4148385329933441,0.09870881699230416,7.103268305506722,3.0414541337195007,0.35127118644067795,0.09813275180591523,0.05803951224123263,0.027223745155496738,0.016559901867248195,0.015225476522547653,0.014477017734346724,0.014411901441190145,0.020388466642538305,0.0249728555917481,0.020512335759523586,0.015502410435768976,0.013902139839171324,0.01532151043551695,0.01927484280425457,0.029449152542372882,0.05629003679978193,0.10127118644067797,0.4364306645240571
WIN_20260823_22_04_29_Pro_jpg,C,149.66464288725862,60.77360908243271,227.0,236.0,65.87242276216456,70.16019733792912,131.55628636478625,69.0642314408735,-0.22071681834274506,-0.2216784940135146,0.4507160029267273,0.18715673848753697,53.639984130859375,27.389793395996094,0.959410548210144,4.326757431030273,-1.687617301940918,14.124551773071289,0.1498146106824331,0.05070180464050415,7.408662182704929,0.4202498679848268,0.1023504275682142,7.007275152335863,3.028953908850073,0.349857831623192,0.10245383253225399,0.05529424061879377,0.02807218562016614,0.016812955865990853,0.014752219994270982,0.014849814377320284,0.016757376109997134,0.01878726515918551,0.022623315613796515,0.020150822104091977,0.015749803127460906,0.014672400708322793,0.014216837680801089,0.01610591112235433,0.028501861930678888,0.057593388987267055,0.11057003723861358,0.43446956913038587
WIN_20260823_22_04_30_Pro_jpg,C,150.74989544123798,57.3029530344334,221.0,234.0,45.070086851141184,45.77598779211984,138.9117294520548,60.06137960054762,0.0033794341723350787,0.030126147473826827,0.38668955766511814,0.1752404851526558,56.699737548828125,23.728261947631836,-0.5917544364929199,3.0401198863983154,1.6158055067062378,10.206400871276855,0.10567179892091065,0.03803803803803804,8.338805104837544,0.40675929832649893,0.10333687827484386,7.013609282793078,3.181272153544205,0.3531609775802868,0.08977104266183496,0.05369790808762971,0.029124916499666,0.01901901901901902,0.015865460891638903,0.01809448611659429,0.016967267869071476,0.0266842365343436,0.028825564157469938,0.0260193558622878,0.021318594551914725,0.01903855306996668,0.018879898461050294,0.019591019591019592,0.0306020306020306,0.047596382674916705,0.08710754843019372,0.42820878946533397
WIN_20260823_22_04_31_Pro_jpg,C,153.0195871545568,52.86783362222762,221.5,234.47499999999945,50.64587849361091,55.345875250426886,140.94671809754402,57.27304481288432,-0.07140470265843687,-0.056872656616794165,0.43938006771280746,0.17152874112009525,57.695363998413086,22.7226505279541,-0.3662676364183426,3.3070720434188843,2.4171603322029114,10.839068412780762,0.10932724379934863,0.023844211877346567,7.799576450857347,0.41554918380682815,0.1125000390951171,6.886882563833632,3.1846367902271586,0.3531584425558576,0.08882649144832941,0.055464739636901794,0.030854773529366643,0.021946518751612624,0.01775206137784871,0.01596604702974091,0.018255315940631824,0.024794488966436472,0.028664519996812098,0.022839649005639368,0.02300981822492506,0.016542882369373135,0.01820484154514515,0.022790486024627826,0.03080112632209387,0.04943148413362812,0.08656575209203951,0.4239291853972009
WIN_20260823_22_04_39_Pro_jpg,C,150.823145665773,60.16719799126079,222.0,236.0,60.35924932975871,62.7421974584528,135.89985556090514,64.30748244253361,-0.24274201659912245,-0.14756101757458606,0.46353887399463806,0.16417910447761194,56.372982025146484,25.37504005432129,-0.38644492626190186,3.845896005630493,-0.23742716014385223,12.795320510864258,0.10967825973687638,0.05567470956210903,7.63712712900106,0.4391030472523799,0.10741679660055767,6.905210810863097,3.0836117802698966,0.35124731660374564,0.09751254180602006,0.05716973244147157,0.027467552067612436,0.018313974203662795,0.014537162402907432,0.015259197324414716,0.015677257525083612,0.018876304685765045,0.022877569258266308,0.02225201072386059,0.017035953177257524,0.016890080428954422,0.016095317725752508,0.018499163879598664,0.032529043789097406,0.05539297658862876,0.09508489722966935,0.4380225752508361
WIN_20260823_22_04_41_Pro_jpg,C,149.54033227675157,65.267720657719,226.0,238.0,71.53505641816955,71.3097246084553,133.4017694333761,70.90862139784947,-0.1847453592163402,-0.2707714810283076,0.5282544540386928,0.16586512187124275,54.677982330322266,28.22515106201172,0.7996976971626282,4.206475257873535,-0.5651180744171143,14.175448417663574,0.12431285562735075,0.0398302632847912,8.083253890428583,0.4188163229882568,0.09756491834302988,7.104515956701702,3.0747722846910515,0.35947145061728397,0.09804350202207891,0.059311409007618866,0.027874228395061727,0.016816370635510232,0.013061536779975954,0.01408043205709326,0.015566937832680526,0.021587058694939338,0.023501054534498342,0.022540732573808647,0.017214996174445295,0.014060459977904992,0.014261323691875064,0.016748835010468022,0.029183517324297737,0.0577483177663955,0.1045469450213138,0.43748116902681533
WIN_20260823_22_04_42_Pro_jpg,C,146.37770640893314,62.67494645733191,231.5,242.5,72.24193588574491,68.13497086507566,131.4718613432384,68.14711703405376,-0.12578150791011228,-0.13125579588167208,0.5393067056871701,0.18593352160448928,53.81057357788086,27.070216178894043,1.4704047441482544,4.365134954452515,0.1106444001197815,15.356181144714355,0.15727071592775954,0.04908231736805367,9.094879033334605,0.38432516921374194,0.09207592695584925,7.230874556169221,3.043946529529449,0.3523086510919636,0.09946547838362281,0.05648329314581653,0.027469603049691822,0.017870513479553866,0.014915623288384607,0.015421777165050752,0.015159995519994524,0.019834179384668492,0.020745679873965573,0.020826796154226272,0.016058238421229006,0.01470391429427746,0.01409177095163804,0.017273888538902132,0.029102068501209527,0.055707831121041405,0.10469364844285792,0.4409937702307734
WIN_20260823_22_04_43_Pro_jpg,C,141.72093059645408,61.38634548095944,222.5,235.0,70.35804958171585,69.3968202552835,129.72873419916627,67.67182317022184,-0.16545561145328563,-0.13904207168904031,0.5392264658952655,0.18819365510613328,53.17011070251465,27.014450073242188,1.2260541915893555,4.357680082321167,-0.006429880857467651,14.510965824127197,0.11596605162087395,0.03459296860312089,8.763691502590905,0.3901602533447761,0.0933726324559021,7.197084033059237,3.042532800244719,0.35086512260717617,0.09850435448368265,0.056777815804590265,0.027534687669597997,0.017459881236101947,0.014532682553354388,0.014369337273282034,0.016345576995513072,0.02030499744954959,0.020143848831697564,0.01774003262670837,0.015067176926179312,0.014796999903570664,0.015839984687529906,0.018483710044967815,0.030864961609349678,0.05602650940633211,0.10215441094541103,0.4383693859915976
WIN_20260823_22_04_44_Pro_jpg,C,144.29763783297093,61.24504686773685,224.5,236.5,67.72640040074931,68.89292119054369,131.73477682835477,67.0828224172432,-0.15251098137072028,-0.13567731051796256,0.5197837872988564,0.20347637447164799,54.12558174133301,26.71538543701172,0.9857929944992065,4.284731149673462,-0.035720646381378174,14.040982723236084,0.1266747535651932,0.03608754622717914,8.519960794005717,0.3943408236986297,0.09428070464682284,7.17487384105417,3.0302112045513034,0.34793271635396594,0.09736329625970122,0.056877342504916606,0.02782412955605732,0.017005613113721302,0.014736364612476188,0.014562762822469006,0.017108226008729886,0.019747641278313882,0.019628281125765062,0.01741747751694843,0.015396512678859766,0.013648738290224033,0.015458048192602191,0.019104037616172114,0.029835111067346938,0.054054911908661546,0.10091888307487225,0.44394020131606016
WIN_20260823_22_04_45_Pro_jpg,C,141.05770491803278,59.03052547655475,219.0,232.0,71.56300955043093,63.42738061757153,129.51622950819672,60.52958110040831,0.04169637017221936,0.013614693728159594,0.5567347660741134,0.2426815247192005,53.32431411743164,24.241256713867188,0.7752208113670349,4.569064617156982,1.4326666593551636,15.462870597839355,0.09799239409215531,0.02636956310207259,10.098543916669062,0.37249666386542424,0.08909499116337181,7.329811338105715,3.130267939549976,0.36326578150477523,0.10002653223666755,0.05589457857964093,0.030048699616620038,0.01863033493316819,0.016184664367206156,0.01547713805607146,0.016931010995426682,0.022295081967213116,0.02227748419852865,0.021115111413836724,0.016449986733881667,0.015919342000530644,0.017514838960786223,0.01792560356439747,0.030273268241955052,0.054004086795757515,0.10195834628535903,0.43212999902695337
WIN_20260823_22_04_48_Pro_jpg,C,143.48220769789398,58.41397094951557,221.0,234.0,56.928954846858225,61.929692311057266,135.9135039717564,60.09617168502094,0.01710637768549116,0.09742902373227214,0.4527072192513369,0.21148409893992934,55.72250747680664,24.156875610351562,0.15739813446998596,4.056999206542969,1.7778395414352417,12.571383476257324,0.10856890459363958,0.026578073089700997,9.137353820633814,0.402124600734138,0.09365558482452647,7.2217332806579435,3.0942088484262933,0.3603356890459364,0.09251657720239975,0.05636042402826855,0.030864197530864196,0.019552139037433153,0.015393116514051152,0.016142384105960264,0.017979284737150675,0.019835841313269494,0.021519400065210303,0.019719251336898395,0.0172952902091069,0.01620989304812834,0.016478906999041226,0.018625827814569538,0.03173568090424954,0.05380794701986755,0.09944571242256277,0.4376587844440102
WIN_20260823_22_04_49_Pro_jpg,C,139.1084476534296,56.189262811677395,211.0,224.0,61.71610108303249,56.236049507596356,128.28072202166064,58.661736200539664,0.01989873125586459,-0.01815735630020904,0.5425479586817511,0.2391910739191074,52.91357421875,23.27373695373535,-0.440564900636673,3.418264627456665,3.5948424339294434,12.03197193145752,0.06570255311551508,0.019360858409143925,8.541316249727146,0.4121888801125753,0.0992469877527292,7.074352600898022,3.1566420444048813,0.3581399123518909,0.09155234657039711,0.055510469079694855,0.031191335740072202,0.019127595054816888,0.01761077747118974,0.017728014928854677,0.01866580100633014,0.02296028880866426,0.023778607368933613,0.02523940918682032,0.01992779783393502,0.01660649819494585,0.017367310501541958,0.020532047848598464,0.031894173023859766,0.050413625304136254,0.09050618147888967,0.4294378353160718
WIN_20260823_22_04_50_Pro_jpg,C,141.3130363710666,56.073732859090306,222.0,234.0,57.67687115824997,55.128024318896514,128.23893202560959,56.855395877866876,0.08761529989813148,0.0734502281168594,0.4547064432638605,0.2652072492373946,52.32510757446289,22.90351676940918,1.0532060861587524,3.5540285110473633,1.4180227518081665,13.161722183227539,0.11231990591002647,0.027809456969909642,9.136534612231227,0.3963359801062264,0.09871105872489554,7.114411685293291,3.1086322047117094,0.3574874989034126,0.09272743223089745,0.058039343196228256,0.02981139728249848,0.016745244675662494,0.01639146679522719,0.015264496885691727,0.018681451126913343,0.020234722784297856,0.023770603460019073,0.023335380296517237,0.018319874653489214,0.016482768015256777,0.017019036757610316,0.021173515162390095,0.032108079656110185,0.05469282114153385,0.0897415054462689,0.4344943955646619
WIN_20260823_22_04_52_Pro_jpg,C,144.28313424345848,53.21870474520811,222.0,235.0,60.791019365822514,57.4377320657727,133.09314562002277,56.385022021850766,-0.004360366835784133,-0.048485833076907875,0.466996699669967,0.27854772594183097,54.29505157470703,22.37060546875,0.586548924446106,4.070046424865723,0.8894097208976746,13.59565258026123,0.10950129632453866,0.04217821782178218,8.834740135089897,0.3941208552240369,0.10187699616223478,7.041839115195502,3.120863700677232,0.3556736139490533,0.09251007850625928,0.05639558643236616,0.03092221768151478,0.0198882985969214,0.015619861887536994,0.017610863568852112,0.017887788778877887,0.02079354975599406,0.024991779020059193,0.021056105610561055,0.01887788778877888,0.015225453835643178,0.01952047528113728,0.02021706746116195,0.03133088135131454,0.05177169531084235,0.09044477548414556,0.4280070835036099
WIN_20260823_22_04_54_Pro_jpg,C,148.8794520547945,59.07366340539544,221.0,234.0,70.3240167025862,63.8570939263132,133.82284087314142,60.89294931787488,0.052428290535432756,0.11944350240906927,0.5660179953965264,0.24305355254302471,54.79872131347656,23.983623504638672,0.30503594875335693,4.410799503326416,1.5322352647781372,15.096339225769043,0.10567079741379311,0.02943157327586207,8.819429865492861,0.3982591793493455,0.09928459526832938,7.0715345016703335,3.11635578032937,0.36102297855975385,0.09488775702697604,0.059224957348281745,0.03038169406787809,0.017715912685858905,0.015625,0.016321406151914627,0.017791859614915913,0.02094391048630039,0.023639547413793104,0.02172308341242223,0.017548135510601998,0.016567887931034482,0.01664036723569072,0.02071563088512241,0.032069420863987924,0.05393712143063167,0.09458045616237706,0.43495817709835594
WIN_20260823_22_04_56_Pro_jpg,C,149.35865350722594,61.758456942326646,226.0,238.0,69.05844547097811,63.00697333603045,129.86555197027477,67.51369310274195,-0.14092180574772828,0.011672640386304214,0.5637678248644306,0.24767771585020046,52.997310638427734,26.770349502563477,0.0452745296061039,3.941089391708374,-0.8273916840553284,14.572968482971191,0.1266255989048597,0.03676542485577393,9.139114305842634,0.40013237884560754,0.09752775933866362,7.104599254570326,3.075686133752915,0.3474053465586065,0.09447199709689126,0.058472670382321304,0.02892147017473388,0.018879293030729064,0.014375230372281608,0.015958507879513265,0.016524885108047324,0.018871614354160557,0.024542876698934193,0.021012035374692466,0.01787507531632858,0.014178155861934097,0.016091495445175876,0.017976735988720478,0.02982301750268896,0.056035348463546894,0.09725414297810572,0.43516440628353986
WIN_20260823_22_04_57_Pro_jpg,C,146.3305859433538,58.02809865183116,226.0,238.0,64.9435714784552,58.875679712782095,130.1165892402218,60.95345014521794,0.054998840963933565,0.18686615966029416,0.5376020627417275,0.27321360336262895,53.20541763305664,24.132789611816406,0.3836909532546997,4.247710704803467,2.2123918533325195,14.570343971252441,0.126750534061239,0.031924994065986236,8.888395406903301,0.4021000482617365,0.09604010793773192,7.167675000815978,3.1314627251079035,0.35116508040695765,0.09567707242125847,0.054972103708565805,0.02948801036941024,0.019338203695745595,0.01546684862959172,0.01719526175009553,0.017878343459738807,0.020738820479585224,0.02297341647522153,0.02041254834550924,0.017389482505761576,0.016490390083020584,0.01826385904598195,0.021090858300160626,0.031502331399977254,0.05072216535880814,0.09074499507712504,0.43618392780403953
WIN_20260823_22_04_59_Pro_jpg,C,137.93915507904887,56.60058258786613,214.75,231.5,68.49007166957219,62.80717744850559,129.27733064389486,59.29662793002871,0.0006001732511500962,0.0661736962983139,0.5507624695361317,0.2681274951548136,53.40556335449219,23.77563762664795,0.1543426588177681,3.947360396385193,1.2528595328330994,14.257611274719238,0.08140602119057604,0.023672937696173686,8.204918950675278,0.4075049929769186,0.09691221664530372,7.130610407302095,3.110555289550596,0.35773541579934764,0.09242342171104656,0.0546571759876611,0.030731888225970616,0.018432278767855543,0.015692584030736763,0.015398342206719986,0.018439980652462967,0.02005153071858075,0.021519549367424506,0.021409288800833894,0.0194312998854848,0.016613733424113854,0.01498669028889641,0.018742621822272557,0.031909842064780994,0.0534003590021465,0.09118486680175354,0.43832204559375476
WIN_20260823_22_05_00_Pro_jpg,C,140.5288273049812,55.817201313163,219.5,234.5,62.85629403040444,58.430893788434474,130.36089605910982,58.0089500798745,0.22186622099626752,0.23549543258161365,0.48123737856184357,0.2639380876416003,53.47853469848633,23.245548248291016,-0.10425956547260284,3.776435136795044,4.572754979133606,12.04810905456543,0.10705990933050298,0.026387127117469038,8.31677877101767,0.40468148353693445,0.10164130823560173,7.036891814325919,3.133873241208108,0.3583970061429188,0.0906413178032413,0.060097213781234685,0.028039224094761353,0.019976975920637078,0.015669197104704227,0.01651567723555608,0.01900914130928518,0.02094423194605575,0.026454052934191563,0.024116493939563888,0.019422589502698907,0.017072667526508246,0.01780642339231823,0.019398082251622154,0.030697235869412143,0.05482079773684488,0.09014218172320138,0.43015299827436776
WIN_20260823_22_05_02_Pro_jpg,C,137.55114320096268,58.29502975738536,215.0,229.0,73.26131357629156,66.75525803779422,124.13331502711608,62.4245405135862,0.08549313187626502,0.16426052551049128,0.5894830781904304,0.3247422680412371,50.820804595947266,25.1695499420166,0.6305605173110962,4.381567001342773,4.781806945800781,15.81370735168457,0.07661452065784195,0.019022827392871446,7.576275433735397,0.40554290946630844,0.1028678913927789,6.99516995397415,3.1028479311901873,0.35551390190565446,0.0950779158371662,0.058228540185893934,0.029034841810172206,0.01929017642616874,0.017220664797757308,0.015720464062607263,0.01887828653806549,0.020336894001643385,0.02530459231490159,0.023117775695095284,0.019917882414606448,0.015583167433239514,0.016088722274289285,0.017769272826681247,0.02874101843174008,0.055494805904866044,0.09404045926735921,0.4299506984387839
WIN_20260823_22_05_03_Pro_jpg,C,136.6654764405237,54.30098269017107,213.0,228.0,78.37328029172882,61.50494501674426,123.75432332143107,54.37698684817558,0.0315906760416317,0.1610004702729001,0.5678766782695176,0.2736819995799202,50.658870697021484,22.012155532836914,0.85382080078125,4.497518539428711,2.7345683574676514,14.77535343170166,0.07243494115697,0.011801730920535013,7.354941845114988,0.4278285475602413,0.10524130974627414,6.91574988374092,3.1437565812855537,0.35688920454545453,0.09051003344481605,0.05508394642520279,0.029891304347826088,0.018603678929765888,0.016741256423006796,0.01645312609395785,0.01890359168241966,0.023314429741650915,0.026633522727272728,0.023205701972484668,0.02060277023734948,0.017609800236653442,0.016084132384781936,0.020259820600061863,0.029829545454545456,0.05246655518394649,0.09280936454849498,0.4255585717268741
WIN_20260823_22_05_04_Pro_jpg,C,140.67942152244547,55.01687518435308,206.5,221.5,68.07586155728566,58.99875185037628,124.55144555146548,57.11464109881088,-0.007558033862622705,0.03852373449879262,0.5634125786234188,0.27718291662492245,51.046756744384766,22.61240291595459,0.5820892304182053,3.7724121809005737,1.726144552230835,14.113276958465576,0.052697410590505006,0.017836875909814566,6.524480285944172,0.4351375797482372,0.10611950891133662,6.9121063914542855,3.1301040089664154,0.3570418183212477,0.09472869522776828,0.05442873011044943,0.0294103932452539,0.017713730198346444,0.016298410635484126,0.016428659166058887,0.018849081217164474,0.023005238654302138,0.026914269770968474,0.0241518195438749,0.018922264134767885,0.015790598799563238,0.01699596226214976,0.017242660571129963,0.030310651891028783,0.052402784858384927,0.09432197244976095,0.4279529144698301
WIN_20260823_22_05_22_Pro_jpg,C,147.64137737961926,59.85891019443063,224.0,236.0,59.592592592592595,57.715945071537085,135.38365602651317,61.091113961194864,0.03302464781604823,0.06127148281432357,0.5457003314146172,0.26034858387799564,55.22596740722656,24.244525909423828,0.2386784553527832,4.814476490020752,1.7955362796783447,15.089208602905273,0.11645892093531071,0.04843842074248674,8.87067720517595,0.4002224000152905,0.09661910572131352,7.141297124709163,3.1800238642576377,0.354873031635693,0.09440188568061285,0.054449027695934,0.029195964536838887,0.019718740446346684,0.017357222844344905,0.018057110862262037,0.01885680612846199,0.02232687946973661,0.02372230943659515,0.022746022392457276,0.02027106658809664,0.01765080520425803,0.018076398362892224,0.02053069920588805,0.032527990571596936,0.05235162374020157,0.0929876252209782,0.4213317619328226
WIN_20260823_22_05_23_Pro_jpg,C,146.20580836954036,60.335584959070545,229.0,240.0,72.25642198338288,66.05225683047789,134.03019517795636,63.06302390068968,0.10598893338052437,0.08313260474154556,0.570921510849183,0.2663066057332779,55.094459533691406,25.437746047973633,0.23115313053131104,4.8122124671936035,3.363560199737549,15.116636276245117,0.13872486732939682,0.07167949772030795,8.935734321619776,0.3959622495161422,0.09581693778391097,7.178027754010028,3.082949753064323,0.35324015247776364,0.09872334736982823,0.05698418447422431,0.028371363032717613,0.01787732456590979,0.01590802753826616,0.014471679822739232,0.018416822930618804,0.020987901878216697,0.021473338128018084,0.020959621904859754,0.016041708441949066,0.01664327250852216,0.016902088615236024,0.018833755885548715,0.03155728332952207,0.0544539196547827,0.10326849809504712,0.4328141977544368
WIN_20260823_22_05_24_Pro_jpg,C,147.60920302347168,55.06450187103805,219.0,231.0,56.94195437108823,57.39927137334238,136.11049790041992,58.88184012176503,-0.026387265244583305,0.027041857730427797,0.4823339390268524,0.23319200484554814,55.9138298034668,23.375926971435547,0.6748730540275574,4.302204608917236,1.3306093215942383,13.21998405456543,0.09415196923484949,0.033947752287495025,7.657666664792184,0.4069096310707659,0.10366547954990762,7.045136770092167,3.1076575650508254,0.3544425716349627,0.09270406934745967,0.05794841031793641,0.031092267312739754,0.018059234288466168,0.016216490143414586,0.017838139157756044,0.016621902396999948,0.021436172908326154,0.022905792327573102,0.02021993614757006,0.017967954061313327,0.016959418534221685,0.016556688662267546,0.020017230020777377,0.03006038330270412,0.05452794810723154,0.0933461713880302,0.4352100542238889
WIN_20260823_22_05_31_Pro_jpg,C,148.29147842343045,60.380285842685495,220.0,234.0,67.685540950455,64.89324722066085,133.0485592315902,63.25730912062993,0.045678828409324294,-0.02829103228128872,0.56311587875764,0.22751652737931893,54.69729995727539,24.922502517700195,0.5531283617019653,4.036599159240723,2.6629204750061035,13.332196235656738,0.10328711637326686,0.03618105666851693,8.047572822130608,0.40835044942350873,0.09901383324854116,7.129283345020796,3.06915938313728,0.35417558886509637,0.09588810246039771,0.05570974415905536,0.02998952331063384,0.0179474216380182,0.016177957532861477,0.014998314796090328,0.016430738119312435,0.02012847965738758,0.023302203282255872,0.01954836535220762,0.015267175572519083,0.014989293361884369,0.015595248889291867,0.018368722615436466,0.030378563639196138,0.0529677519862907,0.09580931609284936,0.43646781260532524
WIN_20260823_22_05_34_Pro_jpg,C,149.6593328688213,58.27826472113726,228.0,240.5,51.6111877862787,55.40748880614782,139.8064529744326,62.08463089309896,-0.13811397758747898,-0.12037491737368872,0.40337711959614253,0.17798165011402803,57.36577224731445,24.294676780700684,0.644355446100235,3.521539807319641,-1.1675567328929901,11.855814456939697,0.14299440615092188,0.053540796034877616,8.069811008305019,0.40796085094220236,0.10066083813580376,7.125036910223028,3.079154865676638,0.35571426103403325,0.09362348676894791,0.05583234248257239,0.030361289045290212,0.018364352773017432,0.013952036431695607,0.01578515910951787,0.016847303904361496,0.019750702127714688,0.024146004095088804,0.020608954571893046,0.01701841142701742,0.01505199217702521,0.01591028477610204,0.017879378702094523,0.030003865552995224,0.05632289897224405,0.08893126637867693,0.44339746761832705
WIN_20260823_22_05_35_Pro_jpg,C,151.8413376921135,56.682586144716524,226.4000000000001,237.5,54.096310150880925,59.4141826927749,137.85851979001606,59.872459704119926,-0.12638136284359724,-0.14346037464382805,0.4406351964023706,0.19039073563403291,56.61073684692383,23.64130210876465,0.4338151216506958,3.515068769454956,-0.5836173743009567,12.376428127288818,0.13505278630120388,0.04493790628398158,7.466669487594182,0.4132152994502598,0.10099917681977486,7.075319765089589,3.064685452083985,0.3509796601160269,0.09266209359485039,0.0578515488834733,0.029063051005293362,0.018883406894559314,0.016294993895173186,0.01674043270585165,0.016109331594250938,0.019793909865751073,0.02249876525806458,0.020005350847742152,0.01778873808936844,0.014773896140691948,0.016523821652787814,0.020462972331214073,0.031156049801803577,0.05222373122809522,0.09145378023324977,0.44242845558415494
WIN_20260823_22_05_36_Pro_jpg,C,148.35635280318223,57.308334541515656,219.0,231.44999999999982,56.09269919695768,64.0900569162159,135.59302159081915,63.59140831958726,-0.19297202002617997,-0.16135081663152412,0.4545331255193029,0.17348368666726738,55.7894344329834,25.336222648620605,0.4481966644525528,3.8831002712249756,-0.7774281203746796,11.88782787322998,0.09645917106406282,0.028894603785184804,7.424188483610376,0.4141885925758189,0.10156123060119164,7.062892917332211,3.057713032988479,0.3550085045416793,0.09756848715699515,0.05770995034874979,0.030272913145903767,0.01834503396224936,0.014494838392333436,0.015308113178052212,0.016959487710707224,0.019180224927393,0.021271024364099243,0.02072127857552275,0.01743994894843044,0.014110625324762737,0.01555639622739826,0.01865522294114965,0.028818398012684876,0.052341927990708484,0.09563133313979023,0.4395431546699797
WIN_20260823_22_05_41_Pro_jpg,C,149.96334698190464,59.10836798005171,225.0,238.0,52.86661097187413,64.97477844681015,132.9594945473429,62.96943293273386,-0.20169726287620132,-0.19430000297286662,0.39135871075298695,0.16695284638753136,54.708499908447266,25.149070739746094,0.41412338614463806,5.1678056716918945,-0.680059552192688,13.06362247467041,0.11847840443798706,0.02604890247290914,8.063543417315593,0.4083957789588091,0.10019035679177857,7.085340538451282,3.03113439194175,0.3594170611714471,0.10507198520670981,0.061511423550087874,0.02938533429187635,0.01834271922767498,0.014557872034507549,0.012624152975030167,0.014802896218825422,0.020595333869670152,0.020488856937455068,0.017523364485981307,0.012812045964865936,0.01406683397173425,0.014661207238145556,0.01850362027353178,0.027077004358737288,0.059194759546253396,0.10410297666934835,0.4447196037705704
WIN_20260823_22_05_47_Pro_jpg,C,149.14036894840342,60.662499462436344,225.0,236.0,69.8304054054054,70.9595708635061,136.7128008240472,64.91567292710937,0.007718735819868667,0.007898646098119067,0.5343196928551363,0.2683299389002037,56.132484436035156,26.14520835876465,1.0521985292434692,5.522796630859375,1.2785959243774414,15.925902366638184,0.1233359957401491,0.05006756756756757,7.659051603474753,0.41184798226730424,0.10216217757084296,7.030049570880221,3.0306025167299646,0.35175992779783394,0.10085740072202166,0.05790683811632462,0.029086794462193824,0.016640042598509052,0.014891696750902527,0.014688828759180518,0.016440362087326944,0.019036208732694355,0.022896698615548456,0.017505324813631522,0.016013513513513513,0.015668909137358425,0.01549859490760453,0.01917870036101083,0.02961927582534611,0.05577791024440092,0.1042332268370607,0.43718466195761857
WIN_20260823_22_05_49_Pro_jpg,C,145.3619925545116,57.950099079079884,222.0,235.0,62.99054553996124,67.13503390108706,134.84417656443892,63.88540268963256,0.07691659743937099,0.02196968716344675,0.4829595106321002,0.28628055494384497,55.334835052490234,25.754032135009766,0.5084661841392517,4.547037124633789,2.3895225524902344,14.843805313110352,0.11085529120832267,0.029068487117375027,7.817686240265334,0.42402171925092536,0.10108076973764732,7.038108332443,3.0007774090290242,0.34975629807974634,0.10029948910681778,0.059145321148152914,0.029772740618944155,0.016593460224499756,0.014760733275136894,0.014030119706525936,0.01571303864772637,0.017891870867366783,0.01983969526228077,0.017538290611856203,0.014681374494087771,0.013729069121498294,0.015033178695167067,0.018789653489507077,0.029870590320865094,0.05566997039516025,0.10370912640312348,0.4466498326384403
WIN_20260823_22_05_50_Pro_jpg,C,140.77953402264538,59.05923881184766,219.0,231.0,79.9292545789461,74.99430815479741,122.15263527498871,65.4752019848099,-0.08468458633930225,0.039061270093776926,0.5541214563476189,0.24581663471576087,50.26710891723633,26.205123901367188,1.6388431191444397,5.402033090591431,0.07419323921203613,15.875094413757324,0.09414974071257216,0.021200190799300835,7.291594040208768,0.43281924301702523,0.10085503044645067,7.014686150845759,3.0589156238125907,0.34758146352463637,0.09968453030066989,0.05849650812169306,0.02630767304958592,0.017753033828088675,0.01365571606903526,0.013658592282865898,0.015964016177823857,0.01955842504796061,0.019518738215817653,0.01917992077983712,0.016675908889950977,0.015674019672315135,0.015581397131898763,0.01703230834487847,0.029170709112883768,0.057137142509733445,0.10270019660668664,0.43248895492849126
WIN_20260823_22_05_52_Pro_jpg,C,148.1264675592173,57.72656312851128,219.0,232.0,68.81740473738414,64.51472655054721,136.2147270854789,63.19879750846561,0.06385793444095073,0.0840947253519358,0.5547888774459321,0.26559336739612455,56.06398010253906,25.477121353149414,0.36435213685035706,4.300262451171875,3.376556158065796,14.91792106628418,0.09322278993540924,0.02439705745413912,9.561796297261928,0.3925087239510927,0.09585155788434088,7.199874663743866,3.1151715024853224,0.3530638852672751,0.09538532890160006,0.056685626144798995,0.02893923789907312,0.016575100102430393,0.016077916054726752,0.016388701436421477,0.016477857878475798,0.019155509783728115,0.02337796086508754,0.020341270606381953,0.01921729556600941,0.01565396498455201,0.015906680805938492,0.019762845849802372,0.030427384646181565,0.05402049053089103,0.09544008483563096,0.43015521064301554
WIN_20260823_22_05_53_Pro_jpg,C,148.36775641925072,58.218046793226314,222.0,233.0,73.54506295559973,64.51441812786327,138.2764196587726,60.68785980624111,0.09983677672045142,-0.09714028839500498,0.637087868749014,0.22192513368983957,56.88393020629883,24.1704044342041,-0.20239289104938507,4.720357894897461,0.6895683407783508,14.499310493469238,0.11050638902035022,0.025950465373087237,7.627230475415468,0.4291403367867931,0.10645286622380835,6.9219810441032745,3.0600170498924877,0.35402072027627035,0.09672337744171393,0.0597927972372965,0.027501656726308814,0.018154908732116427,0.013441989414433336,0.014171460642626631,0.017116264395014985,0.021087120893892294,0.025707804755103755,0.021255145761572714,0.016550449466521046,0.014148980441115273,0.015206250525077711,0.019536260483473112,0.029930686830497794,0.05649436713055003,0.09472126295017266,0.43736873057212466
WIN_20260823_22_05_58_Pro_jpg,C,149.6060507482108,59.23902456429935,227.0,237.0,64.63580031419096,60.09131001396519,142.05790500975928,64.60461813160954,0.08289462740928404,-0.017868296237607387,0.5756829377519033,0.25476874836686697,58.2068977355957,25.506135940551758,0.9272186160087585,4.635354518890381,1.1779603958129883,16.64443016052246,0.13442304821615167,0.04119392564147321,8.783261554959703,0.3907349671231868,0.09477718639005495,7.200036563895239,3.09998460099614,0.3500610926863327,0.09469366381567464,0.05767629920323463,0.028247797510837645,0.019146152931383043,0.016320474777448073,0.014313143655088147,0.014574969453656834,0.018990818488581966,0.0234638625127521,0.01783803068141277,0.016582300576016756,0.015709547914121137,0.015181088700932552,0.020711342441986552,0.03032345013477089,0.05500391951920564,0.09751456772505648,0.4320125676383313
WIN_20260823_22_05_59_Pro_jpg,C,148.8295304735828,59.42013722790227,229.0,240.0,63.67259290992824,60.722149223241125,140.09268836831964,63.15701518730578,0.055117112456548656,0.06207590842654928,0.5449236298292902,0.22831367106176267,57.39925003051758,24.88350486755371,-0.47322967648506165,4.035013675689697,3.1113901138305664,15.394617080688477,0.14897069262752258,0.03501169945402548,9.007023314898202,0.3891265362412679,0.09712241825825971,7.180265476105773,3.095399887314035,0.3459355253293349,0.09531969583377958,0.05763064390328451,0.03009531969583378,0.01814081192390665,0.015529613366177574,0.016707721966370354,0.01692192353004177,0.019692307692307693,0.022505494505494505,0.02013186813186813,0.01744534291704103,0.015743814929848988,0.015685934656382704,0.01897911430799896,0.03001723963086908,0.056070716699887335,0.09392738566991539,0.4327032967032967
WIN_20260823_22_06_00_Pro_jpg,C,150.871958410946,57.280367244477645,227.85000000000036,238.5,70.54976628871286,62.518838257356684,138.61382996672216,60.92637756903535,0.04199571982954688,0.06428921736801428,0.5496448940156444,0.25300286824232027,56.50908660888672,24.285340309143066,1.1065058708190918,4.269919395446777,3.129487633705139,15.34799861907959,0.14471142312564217,0.03617419895004368,8.394075255660884,0.4056577530202081,0.09999786729078947,7.073753030996825,3.0959140702565247,0.3533460388662021,0.09729877706984943,0.05853873171774067,0.02736529387168344,0.017871559970244415,0.016272679261329956,0.01616253328579879,0.017403759433389083,0.021165319965238703,0.022657282969496914,0.020066913307998854,0.017215137649232735,0.015812912068396634,0.01652528301553731,0.019840959988978245,0.030372354811730434,0.05130264677562876,0.09299479023169549,0.4364611541788622
WIN_20260823_22_06_01_Pro_jpg,C,152.83988176771683,57.42733815265873,224.0,237.0,66.98847587843181,64.63715226907867,140.66541705716963,61.83799988352049,0.09481423922153233,-0.009623592155140163,0.5310524652338812,0.23384426732066216,57.16431427001953,24.89801597595215,1.0567727088928223,4.1146650314331055,3.1804683208465576,14.591283798217773,0.12370274277242402,0.03724981467753892,8.120785606712925,0.3946656385079707,0.09867788350198049,7.111933001041538,3.088809967831074,0.3515567086730912,0.09618235730170496,0.05782060785767235,0.028701891715590344,0.01969993476842792,0.01604696673189824,0.013460857244066596,0.017590656765914498,0.020874103065883887,0.025996321275291234,0.022048271363339856,0.017790956263899184,0.015940488841657812,0.016076706798356283,0.020449666704327196,0.029401346085724405,0.04978540772532189,0.09490453056151847,0.43535551206784084
WIN_20260823_22_06_05_Pro_jpg,C,148.64880481555338,60.56648278045738,227.0,238.5,63.21890718339203,65.99719586417378,135.01304710047302,66.45136963792218,-0.06337452859973663,-0.07686784871872224,0.49917582841881897,0.21186273246613507,55.339826583862305,26.7507266998291,1.0208315425552428,4.989797353744507,1.9459151029586792,14.492751121520996,0.13907087957710498,0.020739665341479308,8.144639514886917,0.4019613170850753,0.09541991437697529,7.164832126745487,3.1086256242062476,0.34934988070487816,0.09549249655107465,0.059736548210224574,0.02774401443154494,0.015927086908003846,0.0160888928947659,0.015566720484408828,0.01744635213893507,0.02119523047684247,0.02360464793124437,0.020972847050515827,0.016729989118336328,0.01469917990766242,0.015689737773237053,0.018337402667867264,0.028868427860393384,0.05574057898187676,0.1034655722754218,0.4306361711258536
WIN_20260823_22_06_06_Pro_jpg,C,154.54097197587797,58.0131221267743,227.0,238.0,63.42715304443225,62.51470951829696,143.27252886510843,63.47522507932496,0.07619789348367399,0.012286249611687311,0.4778186809758532,0.22709818979703786,58.53984832763672,25.144062042236328,1.349481463432312,5.144692897796631,4.261541366577148,14.287928581237793,0.13990776871230934,0.029237520570488205,8.064996540453713,0.4075457442649755,0.10028661374808294,7.108829787142936,3.113567674738171,0.35787164015359296,0.09615024645910027,0.056407112201103615,0.02972685349414686,0.017158544955387784,0.01607050285121825,0.015633571036752607,0.018804483188044833,0.02156591947306916,0.02383824051081944,0.02158185162477008,0.01734572908217383,0.016472203157172273,0.015981413686285553,0.019034558420186507,0.031257783312577836,0.052586847976203124,0.09601494396014944,0.4337904552934723
WIN_20260823_22_06_07_Pro_jpg,C,148.36867538374077,58.30919148721665,225.0,237.0,60.21850315955766,62.42738277386019,137.13122037914692,64.8024018312838,-0.011821213511801428,0.011382580781666115,0.43959636156907334,0.22345627270187204,56.05367660522461,25.570005416870117,0.758170485496521,4.432735443115234,3.1640701293945312,13.499164581298828,0.12676527116236316,0.028271680632195654,7.896668616342612,0.4103649759760434,0.09554412812531571,7.147626298551755,3.1013962645405684,0.35050071530758226,0.0954177144453758,0.05790925043870644,0.029917061611374408,0.01852718255824834,0.01534574716945822,0.015668642278084337,0.017180094786729858,0.02068446784505453,0.02312098351494831,0.02206066683379293,0.01873424620205736,0.01721400518091418,0.017030036492935344,0.018551015292053146,0.029664911840895796,0.054274937133277454,0.09346186085498742,0.4287947697555429
WIN_20260823_22_06_08_Pro_jpg,C,149.27539976081428,59.922093790164226,224.5,235.5,69.19811748617761,67.32557197330391,134.66240542862352,64.11941026129493,0.1014692951865301,0.05298272777309618,0.5295920512579781,0.2507282067577587,55.013296127319336,25.675004959106445,0.9085664451122284,5.185344457626343,4.008455276489258,14.957872867584229,0.12097215231706737,0.03207508877640501,7.559225578431614,0.41068965081583864,0.09628611666002435,7.0912753914021796,3.067882615399705,0.35104259319155817,0.09748738661964354,0.05804291402980846,0.029601137313071988,0.017415806153832498,0.014913457265874945,0.015545259360678007,0.01585774625384497,0.019965319114165152,0.023471814787146345,0.019446397140417813,0.017715684841155384,0.015357332073063317,0.015493354080339288,0.019767082677057436,0.0304794376470724,0.05684239978662664,0.09724263455290517,0.43745523605207737
WIN_20260823_22_06_10_Pro_jpg,C,148.46837325988122,62.44639428618576,229.0,240.0,62.6105399877287,66.6534741403297,136.73635587590545,68.69673330146207,-0.05756967216901669,-0.06546831340241,0.473218320984645,0.18949884841811088,56.07300567626953,27.104830741882324,0.4486345648765564,4.774402141571045,1.817772626876831,13.838209629058838,0.15092083829642672,0.03576530948064048,8.314162521844093,0.40389699798305806,0.0980161639700024,7.108450584970921,3.0463032275673436,0.3557507840400328,0.09835603750518462,0.0581662394251668,0.02854036557475295,0.01785174644073759,0.014122099097085415,0.01530732896845546,0.01595817999706645,0.01876203637823361,0.02158004281478624,0.018686359456049642,0.015212386250561922,0.014640009415753798,0.014112026311213145,0.017620631021872467,0.028455069849786747,0.055202941083112106,0.10324768080062069,0.43882347538114763
WIN_20260823_22_06_13_Pro_jpg,C,153.78363403892598,62.67153751709904,230.0,240.0,59.79791163517545,63.4370878011693,141.3867385268659,69.4880287494064,-0.12699011637836632,0.09556311349010788,0.43006236477026855,0.16785054695269214,57.84600067138672,27.25398063659668,1.559300422668457,4.505306720733643,1.4293689727783203,13.083417892456055,0.15901031592520953,0.0348729792147806,7.11574681200241,0.4206708229188403,0.09918593335591862,7.037822240339304,3.042936138318606,0.35416962636738175,0.09738260200153964,0.05825585500764976,0.02993290899707552,0.017403040204574515,0.015011547344110854,0.014916891603921012,0.016703562084926543,0.019065552547958102,0.019664732430689877,0.018291687081496,0.016166281755196306,0.014122631517006002,0.013769565729080852,0.01821292010464882,0.028697258133257564,0.05614811833366875,0.10156525832646816,0.44411950226503816
WIN_20260823_22_06_15_Pro_jpg,C,149.87342419080068,62.90869874590999,230.0,240.0,67.54196544980444,67.51829897537512,137.64919259083354,68.65269854754818,0.05424656219868494,0.04147704564027302,0.5125461822660099,0.26048267493595795,56.29355239868164,26.929113388061523,1.3973157405853271,5.239227771759033,4.103240489959717,14.535037994384766,0.15691047257183566,0.025350273094276895,7.21925514610428,0.4180120482672708,0.10057925221386459,7.06630335700664,3.0348827158059386,0.3508796425579447,0.09826096233863224,0.058018252933507174,0.02814058418427927,0.017573023034908573,0.015150422047471322,0.014178617992177314,0.015495131797672762,0.019250425894378195,0.022246191182418766,0.01896794500124244,0.015294711781256763,0.015358838313320302,0.015257658513417241,0.017710444894910915,0.02932141859815694,0.05281090289608177,0.09899469421949177,0.43744764032393185
WIN_20260823_22_06_16_Pro_jpg,C,153.03199612168223,61.42253686097495,229.0,240.0,63.64513392316083,62.55181004828824,141.87213671070174,66.1654336332282,-0.033939301659190305,0.1066913840583994,0.5099792339640056,0.25339366515837103,58.340755462646484,26.001569747924805,-0.2544606029987335,4.457783222198486,1.2161328792572021,14.179387092590332,0.15228426395939088,0.02840757535342758,7.766582203395297,0.4198216902331338,0.10049371953047045,7.089796098889055,3.0816321623118377,0.35143188213871873,0.09882635369431848,0.05774873299546546,0.028495616059067835,0.018093465674110836,0.01440384102427314,0.016137636703120833,0.01540147669589294,0.01986426088395961,0.022435897435897436,0.01880501467057882,0.01655355073663301,0.01671908624399934,0.016482850563568054,0.018196856906534328,0.02920778874366498,0.0557798800184587,0.09895972259269138,0.44071974365294553
WIN_20260823_22_06_19_Pro_jpg,C,152.16546602302265,62.716888045976965,229.0,239.0,61.97780042215591,66.30603439515839,138.82784998143333,68.71765151599888,-0.07268242111402837,-0.03831466411185532,0.5007055328629781,0.20424370269264178,56.51198196411133,27.273454666137695,0.6605967283248901,4.218508720397949,2.7238314151763916,14.417322158813477,0.14986998160715417,0.03792731654721888,7.371132116724902,0.4282801219026062,0.10177010429554612,7.010652634883524,3.045380635983411,0.3508261154378048,0.10001140380887216,0.05787159190853122,0.02862335302135393,0.017304121797252135,0.013538103209840599,0.014361045663637384,0.015855901566563076,0.019481325226454894,0.02027946086311364,0.018424632125633732,0.016534740545294635,0.01520959564733523,0.01591932517282933,0.01737806811695313,0.030099954566106316,0.05583819332423377,0.09877460081693279,0.4430379746835443
WIN_20260823_22_06_20_Pro_jpg,C,156.02218559891077,62.20420400015871,231.0,241.0,67.4819925930025,66.71161199278572,143.16152864039992,67.74539144265157,-0.07296537850988977,-0.05969175274040983,0.48978069649895184,0.21609910740073443,58.33595848083496,27.065364837646484,1.2908762693405151,4.693441152572632,1.327236533164978,14.39826774597168,0.1615736583590211,0.04294385852959399,7.732131415963758,0.42502414718969095,0.1018344027222132,7.047396346795333,3.0386790627581908,0.35092184211403676,0.09781311723802051,0.05931652921546011,0.029291004294885514,0.017125992437987302,0.01387921952648033,0.014203142319042449,0.016528864291746253,0.020308333320200538,0.022776532728862584,0.018517124796883118,0.015353137102437776,0.015165848573645932,0.014696447968516782,0.018521714538246373,0.02971662069664449,0.056091665234908716,0.10051536600312169,0.4417380686217415
WIN_20260823_22_06_21_Pro_jpg,C,145.29245604083948,61.264788514001395,226.0,238.0,71.12796369824163,69.6808094867052,132.94685195689166,68.60722309427841,-0.000638870084072533,-0.020520781983992185,0.5009642654566081,0.2503752217219266,54.28720474243164,27.406919479370117,0.693993330001831,4.914083003997803,1.899832844734192,15.236949920654297,0.13159387407827566,0.034413485893964535,8.00359663974757,0.41225861994675467,0.10050288013779253,7.078848235234009,3.0180713544559112,0.35090414019409344,0.10059171597633136,0.05842985842985843,0.028775228985977144,0.017427251357704465,0.012767101196075796,0.014833427899813569,0.015562940747345384,0.019691119691119693,0.020158580835909153,0.019919151678481458,0.01626125520763338,0.013384813384813385,0.013976616046230345,0.017427251357704465,0.02974791278268623,0.053605952311207454,0.10261814055280863,0.4445164950960525
WIN_20260823_22_06_22_Pro_jpg,C,152.24307834494556,60.43733860056534,228.0,238.5,73.99385275151714,67.88771229475162,137.31406926534325,63.9786512092312,0.025220746565359595,0.08388926681063757,0.5721203967070421,0.24443597614105628,56.039710998535156,25.516246795654297,0.42622266709804535,5.11661958694458,2.252057671546936,15.99747085571289,0.14408181905186776,0.04172681180623121,7.445688042528557,0.42019111763711736,0.10479681062185323,7.062960699163091,3.099101996103336,0.351727033189723,0.09601587149297496,0.056846376142316274,0.028366545033124944,0.018379766133117235,0.01587355002721224,0.015395974283309938,0.017137994144879654,0.021677824484857257,0.022405396846077147,0.021674317310199788,0.01766945526974708,0.015831494393551658,0.015560790392126503,0.019056015945744707,0.030070617954546415,0.05557479469493272,0.100121262533237,0.43454845243589396
WIN_20260823_22_06_23_Pro_jpg,C,144.94443524125765,61.61356440345094,227.0,239.0,60.72737270252469,61.4729331909081,133.7667467118008,66.1250718532182,-0.13233693154726936,0.009062155580055423,0.49118918725587846,0.22613748693450741,55.20473289489746,26.239713668823242,1.0167178213596344,4.15694522857666,0.9452048093080521,13.789439678192139,0.13386282249425768,0.041938912676374784,7.3510997752145535,0.42520630042418317,0.10346677276166755,7.022748012812119,3.096627052876567,0.3464876508612622,0.09676116297255155,0.056998996686238354,0.02972425339506067,0.0186839373945141,0.017229324528365557,0.01559847542055207,0.016433150841434953,0.019840133309032205,0.02328296189586336,0.02133882359580715,0.018549898350455542,0.016413639062321198,0.015240939323449722,0.018180847936604176,0.03208820307265903,0.05541048234470558,0.0967324368657459,0.43159254652624285
WIN_20260823_22_06_24_Pro_jpg,C,147.5273336426249,60.03746701716717,228.0,239.5,64.54628995188408,64.2942072524597,135.20965103189172,65.45434212924346,-0.04065321257314115,0.035767353389949665,0.528930190888885,0.2718654934206025,55.40306282043457,25.965858459472656,1.0400840640068054,4.862586975097656,2.2641361579298973,15.348319053649902,0.13878572505073805,0.042445854343421664,6.823703260968131,0.43237236662096457,0.10820578305473277,6.945978946779164,3.099165584877727,0.35420398035469214,0.09337172736991642,0.05498876825835651,0.029323144209432418,0.019222454019453137,0.016933964196468802,0.016084567523002503,0.01806712691880156,0.01984137533676715,0.02295874425061028,0.02186125522640385,0.018053349792862525,0.015313437989290957,0.01675164837124237,0.01863701742342519,0.030388570135945307,0.05348896224889164,0.0957417852692333,0.43623294898179
WIN_20260823_22_06_26_Pro_jpg,C,146.29140746715296,60.726751077387405,228.0,239.0,75.1047678242262,65.057345952314,132.6117127070891,64.18646196220266,0.0699053563109063,0.08720265863631228,0.5798352342005626,0.3192478020440721,54.33732795715332,25.55712127685547,0.6695405095815659,4.497955799102783,3.381576657295227,14.768682479858398,0.14104411222039964,0.04214984509363912,7.489595119317057,0.4251894280103508,0.10502172968980009,6.905116296640698,3.0989366208931037,0.35282971333646107,0.09577122404570892,0.057830620401543305,0.029149572015357658,0.019067628883563642,0.01616461062282592,0.014920564555959026,0.0172764394187698,0.020735844437449726,0.025038586890661973,0.019492242980443573,0.018663978705437505,0.015115367714587977,0.016249186805196793,0.020007631219368792,0.031206828922947398,0.054964209192450875,0.09610573110441029,0.43191352949573114
WIN_20260823_22_06_28_Pro_jpg,C,152.71058592463095,59.04266432161326,227.0,239.02499999999964,74.46383600217163,65.20526827934424,142.22420092552548,62.99434092224587,0.08362143726175494,0.10989120349897957,0.5799871329650279,0.3264067813385172,58.23940086364746,24.821516036987305,0.6681776791810989,4.690242767333984,4.6523295640945435,15.125702857971191,0.13998048646036992,0.04924369929040831,7.775760085328733,0.41047765953441373,0.10530339882495264,6.955215118478325,3.0840294450514514,0.3552872381342733,0.09641621303071629,0.05753427035488133,0.030393496244720025,0.018956438562680214,0.01597568483483995,0.01661425635722097,0.017756444598879817,0.023182369170109487,0.022939985004528304,0.021660173687200714,0.016923592300669095,0.016336812992091908,0.016255509335987062,0.018641302808201664,0.03126351793949987,0.05656318595603489,0.09478621936827565,0.43497952426380804
WIN_20260823_22_06_29_Pro_jpg,C,157.2029054916986,58.57098776411692,225.0,239.0,59.74107688279955,59.92211017203374,149.92555147058823,61.05124982818046,0.0314444680566732,0.09831333610030175,0.5002955665024631,0.28820903361344535,60.97906494140625,24.61980628967285,-0.36930111050605774,4.321967601776123,1.7475128173828125,13.487062454223633,0.12260536398467432,0.06291997556505803,7.086772711275573,0.43773658648171065,0.11400457497509675,6.877481525933149,3.0775194626931968,0.35499711149624497,0.09445407279029462,0.05895483193277311,0.03119584055459272,0.0187192118226601,0.01438423645320197,0.015625,0.015238740264138165,0.019352975158867705,0.02415966386554622,0.021796218487394957,0.017475447718082033,0.017366262326555547,0.016897746967071057,0.019547953573610263,0.0319084155401291,0.05571519795657727,0.09304591401778102,0.4419642857142857
WIN_20260823_22_06_31_Pro_jpg,C,151.269620336004,56.37224075978153,223.5,235.5,58.65503440259677,56.313858513453866,140.27401556655911,60.26876489774256,-0.0043904902261166084,0.02780689875230253,0.47732108633350356,0.2356414334462966,57.51263999938965,23.655118942260742,0.2545600086450577,3.955681324005127,2.1028421223163605,14.571553707122803,0.11825472170193477,0.04282958995032787,7.20097561541934,0.42788778604880573,0.11151224562854412,6.861503116154841,3.076599850114535,0.35702991080922086,0.0968972931311918,0.058053537419912295,0.029291565491566387,0.019654190248992065,0.014990160727269147,0.015222415474448974,0.01652078720746833,0.019450663555521726,0.021030582950378338,0.02018505534897137,0.01562829896040109,0.01555366948225223,0.015454646576769395,0.018731012610899524,0.031735688115161524,0.057109390744234614,0.09402768620932941,0.44116968663992473
WIN_20260823_22_06_32_Pro_jpg,C,147.7819173523158,57.48779175093724,227.0,238.0,66.62355551446797,69.30705930371933,133.98167784750777,60.917448573353134,-0.03373862137795966,0.04849594180130896,0.484330220948507,0.2021817509475825,54.83767318725586,24.26936912536621,-0.6120160222053528,2.9138896465301514,1.514543056488037,11.301716804504395,0.1377461403346584,0.0703522233521309,6.8640323693587915,0.42348224603504026,0.09913988394580932,7.0522089059719,3.0162756417083108,0.35351761116760655,0.09766225776684097,0.06105813595816672,0.02752999077207013,0.01788934574046022,0.01637452210921157,0.01580844966256818,0.01570017726006584,0.016148877268532758,0.015953405925550772,0.016637285147642133,0.014213309828118114,0.015274372996417122,0.01553110844041786,0.01823246391491517,0.029880982527222082,0.0554570777412003,0.09597047062442325,0.45232236235004614
WIN_20260823_22_06_33_Pro_jpg,C,145.19683426443203,58.35551950454031,227.0,238.0,69.4547471162378,63.132692487992564,131.43797899517457,60.06280900758469,0.05293197135543055,0.17452888355770477,0.5425844346549192,0.31129843241644484,53.54147720336914,23.659420013427734,1.4402586221694946,4.115962982177734,3.532005548477173,13.841469764709473,0.13152755905511812,0.06338717572197748,7.26524585375995,0.4168110309774377,0.09901763893021294,7.05682892417674,3.05904474043441,0.3527462121212121,0.09644381223328592,0.05865921787709497,0.02839396628216504,0.01818988464951198,0.015496062992125983,0.014049097900029577,0.016415261756876662,0.01922508133688258,0.023277467411545624,0.01760293892545538,0.016415261756876662,0.01564245810055866,0.016415261756876662,0.01977481313274671,0.0313376987839102,0.05525792132251645,0.09618897637795276,0.4423247559893523
WIN_20260823_22_06_36_Pro_jpg,C,156.03715340507424,61.55266395943554,233.0,243.0,74.1595053258711,71.3671365857087,138.26533658000156,69.08544460502998,-0.03296563381882426,0.033143227672645735,0.5797977974363604,0.2504123792317964,56.478782653808594,27.357481002807617,1.6457006931304932,5.622330188751221,0.5699915289878845,18.108184814453125,0.18372476631843532,0.09818553138009582,8.152474264043168,0.41553667948512507,0.10028248319858991,7.087999466940606,3.0458673734312605,0.353467912968345,0.10143540669856459,0.06188197767145136,0.02819888461236352,0.01899301200501702,0.012900913814728543,0.014804116266474094,0.014871886758645404,0.020784805590395986,0.0200680881562444,0.019317566347716194,0.015946962909872783,0.015230245475721197,0.012227538543328018,0.017045008247584637,0.029507619131507092,0.057516574090664754,0.09926536462999462,0.43762411987723415
WIN_20260823_22_06_37_Pro_jpg,C,150.86676696720696,60.93187227287284,230.0,240.07499999999982,77.4931337576875,70.11206089340618,130.57919956879635,65.54537593489245,-0.07671736996689524,-0.02603300714210604,0.5982950818087993,0.25504682576679427,53.257286071777344,26.26280689239502,1.8272544741630554,5.348599910736084,1.1536275446414948,16.613320350646973,0.15487805291560258,0.062435370236553364,7.566754529586513,0.4132473340280532,0.10121058711768727,7.054163166615942,3.1080836985677047,0.3495034011699769,0.09992683795643749,0.057771515443579,0.02903607358940165,0.01774477909379118,0.015344545389374978,0.017030436754084124,0.016660049865715607,0.020105260212480977,0.021095298558424222,0.01970306354574972,0.015762195376991143,0.015830107844439723,0.016634477120809836,0.019648804524542405,0.02988098969745477,0.05530844056184478,0.10387846154347596,0.42846400317331135
WIN_20260823_22_06_38_Pro_jpg,C,151.91512329122926,61.315237769196585,230.5,240.0,79.75764267091013,73.0002356101314,137.61288527442898,65.3463185377291,-0.05075749853975566,-0.015815521188451725,0.5867892235095196,0.22294765909232434,56.14304161071777,26.13237953186035,1.7999820113182068,5.777004718780518,1.8829804062843323,17.737951278686523,0.1534935784900808,0.05186658680166428,7.429247465041286,0.4258997594474984,0.1011648207682779,7.038142334365894,3.1228090121280037,0.3540906241885866,0.09816173074963325,0.05802025957283969,0.030404578804122798,0.017320920250745983,0.016298201526129655,0.016662621166159432,0.017550201056163013,0.0210927644433877,0.022533856800891587,0.01897392074320272,0.015488415239298881,0.014504670398343711,0.015814328591118792,0.018042815705378232,0.030000772981036157,0.05617680729606904,0.10440283604759608,0.42808370225970405
WIN_20260823_22_06_40_Pro_jpg,C,149.47509262257097,60.56481462415695,229.0,240.0,82.19542777454014,71.3604050473649,130.91745140873266,64.94382197417464,-0.07561828211703976,-0.00465096500361693,0.5836393185961832,0.2564182045104322,53.46231651306152,26.094149589538574,2.2272597551345825,5.610049724578857,1.5201897025108337,16.10736846923828,0.14755266075356066,0.05930236682492792,8.012702793017716,0.40469329344731425,0.09962548045781729,7.0613437321394175,3.0485758542714336,0.35403441798120633,0.10183841678063624,0.059128645983445756,0.03069698864274848,0.018140807128731097,0.014953666593411002,0.015122861017743076,0.015109515936439721,0.016968513457612126,0.018265508393990368,0.01839912467492398,0.015359352579025726,0.014877943437269853,0.01445700857065637,0.019635293181922912,0.030913113474095845,0.05608075043306848,0.10283604441747807,0.43957093963549737
WIN_20260823_22_06_41_Pro_jpg,C,147.6963228115051,60.07650513170278,225.5,239.0,65.87649328072996,68.4888488400351,133.66312863343154,65.25440507756386,-0.06797218936136136,-0.04054285606611293,0.5432779677822284,0.23855522274670882,54.73564910888672,26.376307487487793,0.28757222974672914,5.315113544464111,1.3658320903778076,14.66440486907959,0.12784924169844974,0.03964831210520866,9.155984338780101,0.3937694857258439,0.09391068513187287,7.180321283693328,2.978244853110379,0.3551691491956973,0.10235834791729151,0.06219724661627529,0.02840067161180177,0.016748992017467684,0.0137389680759008,0.01324878506597824,0.013569490960021198,0.017454737491467986,0.0182501809921393,0.01680838032942512,0.013406208660456167,0.013684629303336093,0.013823715609440061,0.016614180660580045,0.029415043195535562,0.05735358263749149,0.10667526081070319,0.44290238758452466
WIN_20260823_22_06_42_Pro_jpg,C,147.89324410452517,61.2482216125604,223.0,237.0,69.24097103918228,65.38423715136219,131.2758116140832,64.44357462271591,0.024088407615062583,0.1426870565574107,0.5450596252129472,0.23762481410664968,53.9183235168457,26.05105209350586,0.5651485323905945,3.3286516666412354,2.52073335647583,13.936722755432129,0.11458619112940101,0.024537922243467177,9.085796567811085,0.39226382435408735,0.09369466626545796,7.223771255602974,3.0390792231719157,0.3524537922243467,0.10088230397869152,0.059006211180124224,0.02811376266753841,0.016918152720621856,0.013893429225237005,0.014138607388035306,0.016917293233082706,0.01847844181787914,0.020210333790580706,0.019123896698267407,0.017466849565615,0.01639344262295082,0.014817150063051702,0.017895788247045113,0.03013151323455968,0.05779606767261088,0.10238055601797902,0.4355998692383132
WIN_20260823_22_06_43_Pro_jpg,C,146.8961097916707,60.955854881571184,228.5,239.5,76.3325752603562,70.79390134159672,133.68379997004698,70.0539439406677,-0.07976437241317413,-0.18726421807422125,0.5784336867916944,0.21229865716584762,54.57160186767578,27.91067600250244,0.6969969111960381,5.030123233795166,0.27812764793634415,16.219324111938477,0.13713079983730472,0.02895747365545101,8.170280846342179,0.40855974105899906,0.09809238229026479,7.1131603818956375,2.989442830234556,0.3545015471170726,0.10353378710053024,0.058458109197909544,0.02965228219140839,0.01737789104870207,0.01420324955360325,0.014456627631463288,0.01492144073420336,0.015450486168302491,0.01832227695890372,0.018046114715499443,0.015795763107758654,0.013589478842641244,0.014277019039436754,0.01721705747870597,0.02937517003049456,0.055729982082039185,0.10507963966523201,0.4429526038615297
WIN_20260823_22_06_45_Pro_jpg,C,150.6488397481881,60.93336512649674,229.0,240.0,66.13883164732056,65.76313978118455,138.7688569286817,68.08974696226772,-0.05451839489726856,-0.023591886126547196,0.4668391066898987,0.21155454341993163,56.85513496398926,26.946626663208008,1.0086256116628647,4.387355089187622,1.7167287468910217,14.060053825378418,0.1480650659091283,0.030266644786513898,8.071633359075692,0.4052615632587117,0.09672184445611998,7.126665488032773,3.0450270299668647,0.3581238054595476,0.09873539202208544,0.057851846819590075,0.02951450649269222,0.016781864710637636,0.015280037182625918,0.014687158730622898,0.01661080412286764,0.01762379233894654,0.01922397792375774,0.01979001498207746,0.01609492108546961,0.01539170308335629,0.014387615389737013,0.018777846470848614,0.02989911711642916,0.05841324992249722,0.10076410336024536,0.4404277998371503
WIN_20260823_22_06_47_Pro_jpg,C,152.26619765552283,60.44920463076125,228.0,239.5,60.85278098737909,61.408027730213924,141.77184884501133,67.76275265721152,0.08404240671120339,0.11686419367726691,0.4492326102856772,0.21364592691658502,57.87082290649414,26.81750202178955,0.4801718406379223,4.370661616325378,3.594654083251953,13.789806842803955,0.1370321349570397,0.029788055157286317,8.358584019751476,0.40446674640546904,0.09666788700188575,7.137914720684505,3.0722519079586634,0.3593218070353547,0.09554112152615268,0.057501359990594456,0.028631226359427917,0.0180806177287626,0.014824946818086934,0.01567347284325227,0.01797663156991485,0.019958267332970712,0.021754632451498043,0.020315843477527393,0.017783457527569123,0.01655818419931323,0.017774526005251173,0.01899703531374672,0.029781296212747825,0.05379575658254436,0.0980225106762263,0.4392917371289664
WIN_20260823_22_06_48_Pro_jpg,C,151.53347593627663,56.94588195045772,227.0,238.0,64.63972574974756,64.73673249293643,140.2676904880371,62.716993527541575,-0.001045906219766076,-0.0034505438842077733,0.5259582047986467,0.22127912295456892,57.41139602661133,24.971027374267578,0.7263491749763489,4.1554471254348755,2.59526526927948,13.210311889648438,0.12701008721722412,0.043839792538853964,7.557561095580053,0.4186100782586346,0.10439334980142882,7.023784764891093,3.096388106016432,0.35201341102453065,0.09431942409318816,0.057295031643192246,0.029070330940180026,0.01709415836514792,0.014932372684540916,0.01671160595419616,0.017622653838184926,0.021169964977772494,0.024552770514380824,0.020925863310658117,0.01758842668588006,0.0182558877641674,0.016602767192628418,0.02004142240229209,0.031099603754275167,0.05215275712863919,0.09540566618315668,0.43007315920573286
WIN_20260823_22_06_50_Pro_jpg,C,147.9609605491932,59.254417297395364,227.25,238.5,76.44830701805967,69.46485728288937,132.59426264784847,63.5192233752209,0.016125616114843838,-0.03042088316171357,0.5843810990266294,0.27666970276379904,54.15239715576172,25.313581466674805,0.19282406568527222,4.236432909965515,1.9902843236923218,14.434750080108643,0.12547748884008142,0.030282562650606693,8.09712589935307,0.4163761862637094,0.10022571586778635,7.055670318402003,3.050767891726035,0.35337080363738627,0.09986833731207498,0.06007884091538541,0.02909644439436783,0.01727419719887404,0.014366672645994009,0.013300354754072867,0.014609361065733729,0.020544396610262115,0.023550124732539007,0.02076230099965267,0.016142848848085384,0.01525771677151877,0.01377905494469546,0.017126951104259727,0.03160337599018173,0.057235877027166426,0.10339997714955257,0.43477630069059203
WIN_20260823_22_06_51_Pro_jpg,C,150.33925131622914,57.72422073581885,226.0,237.0,68.41606703585978,66.68519859672838,135.18547779741476,63.2451969778809,-0.0011613357271055128,0.040242865682943774,0.5284582981298193,0.2419244121698441,55.186017990112305,25.070629119873047,1.1796170473098755,4.658895492553711,2.4014300107955933,15.305556774139404,0.11674868961432616,0.02991913464982884,8.102327291481878,0.40873190878086363,0.09982750009308483,7.057982273997459,3.082087529423637,0.35377067569921355,0.09781339629277334,0.05747217310736991,0.029646477510134796,0.018987140138695013,0.014600205507272286,0.016443217837033106,0.01757020911321986,0.019517259731846606,0.02233918335420453,0.01928411317343335,0.016571498968080585,0.01609139205680376,0.015886156579863503,0.0187155966346438,0.029458657351783664,0.05700697881506113,0.09960521624436153,0.43608658152475166
WIN_20260823_22_06_52_Pro_jpg,C,144.29815540124787,58.95953806654061,224.5,236.0,68.6551207294276,65.47248250420341,131.57376584468102,63.27901255593578,0.008338065593516283,0.059212418174095865,0.5308856049236133,0.22866715369472357,53.97250556945801,25.213635444641113,0.8740023002028465,4.426267623901367,2.100284196436405,14.046985626220703,0.12280670084861792,0.03386074163769818,7.783608273432109,0.4158085772710196,0.09994431930251771,7.0805844528021655,3.058269526202408,0.3512355141660614,0.09756657174225118,0.05712477347236185,0.02864018619800607,0.01732932896963514,0.01598013192283858,0.015186094037092573,0.01679390446189985,0.019260445406670327,0.020880404099152178,0.0191807504499489,0.015657545128806984,0.016072128084165374,0.015501284579769913,0.019271666101526266,0.02911988876546681,0.05621756193156566,0.09675907945199483,0.44213713045932246
WIN_20260823_22_06_53_Pro_jpg,C,150.02643530290493,56.347688293081774,226.5,237.5,65.28735674653127,63.389758570489676,135.6458098717673,58.725240865178606,0.12153658631249528,0.17285293722555922,0.5145904082964186,0.25719503855844317,55.61305046081543,23.27981472015381,0.5701518803834915,4.3272082805633545,3.8740793466567993,14.203073024749756,0.12655974969861547,0.033896204981789635,7.689513398582959,0.41898134870900067,0.10397815650787698,7.007951558303505,3.075913986368324,0.3536262008426688,0.09614400081217096,0.058430443644045066,0.028646411761595006,0.017651642195670583,0.015137245026441704,0.015188762309498723,0.01816507374802396,0.020214409808760093,0.022871412698724537,0.01928341001639431,0.017165503199534613,0.015727352274320414,0.015386543388659909,0.01965130023640662,0.030520786933281367,0.055532330283639186,0.0951604288457539,0.4406821322013248
WIN_20260823_22_06_56_Pro_jpg,C,150.64735049275203,59.189701496748,227.0,240.0,64.38892393055342,62.601444856773,137.93940187968826,63.02343488404631,0.09252024055601263,0.07118218990886743,0.46309270957032334,0.22979270070086086,56.27594184875488,24.87562370300293,0.09837265312671661,3.78978431224823,2.686864137649536,13.130237102508545,0.12823992178904348,0.04893987115085881,8.78616068614663,0.3852976180662704,0.09424530600174834,7.168029831620812,3.0396742711400684,0.3577107562630004,0.09566733488449093,0.06178656476623669,0.02840816381365608,0.018945934966825805,0.01312913346145288,0.01475496632067924,0.015345090930440519,0.01747598266478438,0.01976712620027717,0.017512881630594303,0.01607833736536906,0.015738818398170845,0.017115278516370416,0.019410473574663696,0.03191066244054365,0.055696411757112776,0.10141834799651704,0.44188984005799936
WIN_20260823_22_06_57_Pro_jpg,C,147.6855000115688,57.26461000812677,226.5,237.5,63.894934189017974,61.924281114340204,137.94331457750513,60.836529922082164,0.025480053147957926,0.004889220995301457,0.4904165770225808,0.2091142036719592,56.526851654052734,24.190303802490234,-0.08377523347735405,3.7522473335266113,1.928255558013916,13.203008651733398,0.1339553098281782,0.04250617761330731,7.650423111753259,0.40614195371657624,0.10199872815557168,7.029258661014608,3.1058786458204084,0.35524003293327844,0.09432334854916434,0.05849193455913587,0.030355708697116505,0.01825694014948722,0.015225902288086332,0.01441425339123105,0.01646093820559187,0.018568256176171086,0.023234721654780546,0.019077858695350364,0.016487553515512097,0.015816091642174897,0.01629266257303677,0.020225138729521523,0.03217657484720621,0.053787272308978305,0.0973945888189546,0.4352181767718424
WIN_20260823_22_06_58_Pro_jpg,C,156.05474222634845,60.21917020790818,229.0,239.5,58.853618420481965,61.76281851612153,143.85953789984725,66.35315689750465,-0.06850438987947649,-0.08063075858523268,0.4556801039971948,0.1767379813455797,58.8227424621582,26.22750949859619,0.44686679542064667,4.289360284805298,2.0534133315086365,13.152473449707031,0.14743323722377377,0.05955729457011418,7.368873899647628,0.4148491126606523,0.1008507551530392,7.051417355342961,3.0366549144893007,0.3530856033863601,0.09630570334519133,0.05620863547676892,0.028833383013601447,0.01838907937371239,0.014637005734985591,0.014713837497709178,0.015162094001064129,0.018486139922478426,0.023975933098390315,0.020812638789066425,0.016223413515487214,0.0153748826498059,0.016011914439402537,0.020610514282004184,0.030114136606552683,0.05591239129635474,0.09868456479368928,0.44558274046536206
WIN_20260823_22_06_59_Pro_jpg,C,148.6126592254795,58.5908835574285,225.5,237.5,62.802486917955974,62.446198006330846,135.0558894230769,60.29668628925573,-0.14464918916654615,-0.08525024146250934,0.48550339708758095,0.15366933041093805,55.28057289123535,24.16978645324707,1.1599878519773483,4.014198660850525,1.3035093322396278,13.266481399536133,0.12008564756722148,0.057375859403154136,7.481043912538116,0.42287052165964933,0.10476880265980432,6.960825350215728,3.1126798368463757,0.3529331960314329,0.095451076435068,0.05859962363811782,0.02983471149317638,0.017623901288880677,0.016029761843582485,0.013766079764929457,0.018685250555936908,0.020485749348049302,0.022689268006785224,0.021326899294357285,0.016906198172678633,0.015259797413425565,0.01505416652446932,0.019241696424882774,0.031253156629871645,0.055848588081141765,0.09616239802240709,0.4318365398987216
WIN_20260823_22_07_01_Pro_jpg,C,152.76527638972544,59.60907713912055,225.0,237.0,62.31557380002881,60.60306249182233,138.84473351706973,65.19575872302704,-0.001385703490834428,-0.014318968729194375,0.4648232229614906,0.21759775074007232,56.6776237487793,25.656363487243652,0.7080236077308655,4.3574113845825195,2.6221864223480225,13.915223598480225,0.1206695741899543,0.03762043473969693,7.501033612004151,0.4213317433462037,0.10556111413958987,6.990454524574764,3.0543960764951343,0.3542263278467418,0.09707595553762485,0.05725247942339409,0.02902835202740671,0.018205440981070124,0.014743302491698128,0.014461667695344745,0.015943399821536322,0.01860765023258,0.01928023482834105,0.017901538075219076,0.01780445812812691,0.015068282710571286,0.016175336322636784,0.02082384237259149,0.030943289729016416,0.05773831352612907,0.09645503325936142,0.43960265431117596
WIN_20260823_22_07_04_Pro_jpg,C,145.2919765681564,62.9561545740148,229.0,240.0,82.66617357001972,75.1584171755944,131.52350993377485,70.32796990636761,-0.11767461769204972,-0.14394313307558532,0.6250645327826536,0.20510204081632652,53.66448211669922,27.991260528564453,2.557194232940674,5.598596572875977,-0.26921436190605164,16.800630569458008,0.136744895365585,0.044649665339320514,8.806125552141125,0.40553018409198105,0.09528386760471338,7.111067970503811,3.0548519526744164,0.35008278145695365,0.0984271523178808,0.05877706838675706,0.028297890366855885,0.01771523178807947,0.014652317880794703,0.013079470198675497,0.016721854304635762,0.018294701986754966,0.02160596026490066,0.01903973509933775,0.017622638312293486,0.014983443708609271,0.015066225165562913,0.018211920529801324,0.027712031558185406,0.05521523178807947,0.10264900662251655,0.43890728476821195
WIN_20260823_22_07_05_Pro_jpg,C,140.2274031530746,63.094213901411194,226.5,238.0,83.39329344731556,73.54980334111897,125.24854537154096,69.74442171323193,-0.08046473248051239,-0.01903378010836493,0.6398457072607624,0.23952978997301494,51.55080986022949,27.934821128845215,2.4184701442718506,5.554182529449463,1.6024243533611298,16.9494571685791,0.11985891800442525,0.034917542898255986,8.8735608199134,0.40497340824866584,0.09688515694914598,7.101110363824236,3.06840074809726,0.3508108396443417,0.095835047219059,0.057475743904537926,0.028591620053134544,0.01681397840089044,0.014601611521600767,0.014394557562804939,0.015390029049351384,0.020712659271518438,0.021288626202265976,0.019837010214873003,0.017161081616894214,0.015450625331398384,0.01582564647352331,0.017867212972248112,0.028640841817737125,0.05523159294915288,0.10506011333684068,0.4399953489939082
WIN_20260823_22_07_06_Pro_jpg,C,141.6668446471225,63.084912174578506,227.5,239.0,83.79934422197954,73.36698963066031,127.51041548628112,70.3374710169775,-0.08233835051307074,-0.009475698995112025,0.6261054357574182,0.23494065340148795,52.09457206726074,28.161572456359863,2.41644287109375,5.46854305267334,1.6976688504219055,16.701839447021484,0.12853571465533853,0.042459849721016144,9.011822955917005,0.39364521872052766,0.0941041856981854,7.157775188507334,3.0579113991034097,0.35058222451710047,0.09776313493481349,0.05832199677835038,0.027919697125511025,0.01796440507473228,0.013936513741574579,0.013851658076275225,0.014605308800835567,0.01974409961660819,0.022027578462039482,0.019462259486518585,0.016263198336376333,0.0139719147297234,0.014746369404150653,0.017010584062677643,0.029339861375405285,0.05690417918807493,0.10669582106759602,0.4388034139107658
WIN_20260823_22_07_08_Pro_jpg,C,150.24517040926423,61.64682193774911,228.5,239.0,68.21115850151438,67.09984762632561,138.48905274416455,67.46731616883059,-0.12644565070275784,-0.06971975019937712,0.5622501740081536,0.17899133926236338,56.52465057373047,27.07628059387207,1.0177788063883781,4.264820575714111,0.8127371966838837,14.168039321899414,0.13600412547806362,0.05006953407330924,7.608202324179794,0.4164242542444193,0.09810157508473702,7.059728851178951,3.0903124619421467,0.35137273896486276,0.09743911104190624,0.05827682211395048,0.02903296153346129,0.017701879954950386,0.014499057103317588,0.015145731568172874,0.016422309375479387,0.01837990231803887,0.021356997968446763,0.020149197973974325,0.017050709228067507,0.01576824898558983,0.01578945546199867,0.018104775135800902,0.03058954654850053,0.055463553052376054,0.09567535196896856,0.43980349208029773
WIN_20260823_22_07_09_Pro_jpg,C,148.7092976045473,64.5041334497936,230.0,240.0,70.86502251330332,71.58621615370427,137.30699294757414,69.94945253958936,-0.039352755119298144,-0.0419595437973775,0.5502677579064363,0.2554309386682833,56.011474609375,27.950132369995117,1.780970573425293,4.665589809417725,2.9312796592712402,15.311240196228027,0.14741840961907648,0.060630557801131774,7.142331879169163,0.4213597133559397,0.09944765791015149,7.083024718523279,3.1092271260104747,0.35078627591136524,0.09998407896831715,0.057593210063655656,0.029504080351537978,0.017703031644169063,0.013601171793262189,0.013532876930425092,0.015523005890781722,0.021117510356673738,0.024148731938971404,0.019399818126705062,0.017990765801623947,0.015634293482878748,0.013498561628678912,0.01908241981323589,0.028457836367440887,0.05946505333545614,0.10489635453895639,0.4317904993909866
WIN_20260823_22_07_10_Pro_jpg,C,144.52429554027069,64.04090509302739,227.0,239.0,71.21255824273352,70.55725720654453,132.55767817781043,68.20737291960106,-0.127258067775934,-0.15169921796170366,0.5535395114553431,0.20498732037193576,53.85338592529297,27.244792938232422,1.5299677848815918,5.029367446899414,1.0462805032730103,14.77077579498291,0.1323728538157396,0.04982938850674322,7.010203817981694,0.4261064383917347,0.09988539712263138,7.012432837668417,3.0716918508491746,0.3495864170657379,0.09551800146950772,0.06006918079811018,0.028622143332593743,0.017528289327712446,0.014205241244183198,0.01324559183329115,0.014053254437869823,0.02063456844907921,0.02285589899869395,0.020352633870265563,0.01619702684712669,0.014173626929891167,0.014695077149155033,0.018730189222937278,0.02885345482156416,0.06073965221650747,0.10332176499752108,0.4401417362692989
WIN_20260823_22_07_11_Pro_jpg,C,154.30374376081969,60.54771921961547,230.5,241.5,64.16491280642613,65.54314756015037,142.19026274414097,66.88351193587852,0.12101635553432528,0.19173926846297112,0.5154237562191516,0.2788096217804522,58.18210029602051,26.30211353302002,1.0269893109798431,4.632649898529053,4.508519291877747,14.986320495605469,0.15810697552253578,0.05490191891991901,8.133657429237267,0.4051556332203679,0.0974084906941959,7.138480859336196,3.0770041495740563,0.35101466045617297,0.09686432832289779,0.05806242416953276,0.028475228849799313,0.019199416914327347,0.015107969115380548,0.01582738290941773,0.016442350132615746,0.018801048094119567,0.022104517844695238,0.021330550599221614,0.017135050268577402,0.016725751036668676,0.014386154603986276,0.01947038443499516,0.02988071119881624,0.05656476197526286,0.09576088167687222,0.4395797056699254
WIN_20260823_22_07_12_Pro_jpg,C,153.05746592317223,60.11468256759866,230.0,240.0,61.84626705913835,55.58600957198139,143.77677619463023,66.13569881891374,0.04543590491373578,0.17202403662462232,0.5186440677966102,0.25976543568866917,58.49221420288086,26.283111572265625,1.4044115543365479,4.695306777954102,2.9488632678985596,14.713822364807129,0.137008295424137,0.03892282065519156,8.065270795231633,0.41244586688514184,0.09702000196431824,7.134751360011037,3.1066718617115905,0.3542928245541269,0.09639830508474577,0.05584905660377359,0.0277088948787062,0.01821210438645197,0.016673579427623392,0.015512235586893405,0.017669017005391953,0.018432465923172242,0.0208290997764682,0.018277571251548948,0.017358490566037735,0.016819407008086252,0.018000829531314808,0.019482407676650187,0.03052675238490253,0.052664188351920695,0.0956673451584763,0.43757744733581166
WIN_20260823_22_07_14_Pro_jpg,C,156.1024497011533,61.539739772466504,229.0,240.0,67.81863317757009,64.25914294984746,146.44298941798942,67.46601834940314,-0.22058470336291588,-0.1182044852642256,0.5731170827370541,0.20828895988640397,59.690452575683594,26.744905471801758,2.364143133163452,4.7446136474609375,-0.20002210140228271,15.75938892364502,0.13881380187629194,0.05167753219907775,6.469083021100554,0.4411169800145346,0.10355637562552143,6.981269516481206,3.0314653639603395,0.34611288604898827,0.09750265674814028,0.05792445482866044,0.028453573533125685,0.017755870037631846,0.013568664864578365,0.014734722001378068,0.01597444089456869,0.016583887532620592,0.020127795527156548,0.01906283280085197,0.01579694710685126,0.01437699680511182,0.01383367785021466,0.018814341498047567,0.031147402980048824,0.05644302449414271,0.1036282515363246,0.4402231668437832
WIN_20260823_22_07_15_Pro_jpg,C,157.0957439393275,62.12323219215915,231.5,241.0,68.09095367350207,66.75571508656886,142.72357702483117,68.83935026323508,-0.09481251622308845,-0.0666647175751926,0.5790573487837853,0.2357809215315687,58.354055404663086,27.213807106018066,1.771716296672821,5.099486827850342,0.3252742709591985,16.24543809890747,0.1584664945078072,0.049691007719128724,7.1282886175507105,0.431301804146089,0.10231489713287051,6.971080621144742,3.078636447683712,0.3436540123569206,0.09790353069867419,0.05591755497440573,0.02968688792647812,0.01821878279792495,0.015484266888392616,0.014844424255242988,0.015927510335211476,0.018888484227236844,0.020661712785074487,0.017991020720944738,0.017672388238986876,0.014517054237308093,0.015252482597729666,0.019170660015110898,0.03048598529423522,0.055387123106344346,0.1014643340529322,0.4275663335662311
WIN_20260823_22_07_17_Pro_jpg,C,160.6639612514727,59.76848554353443,229.0,240.0,69.24889575971731,64.06639566766212,145.69066631758085,64.98897141873952,0.12944227201014327,0.09207317983246195,0.5949731640267051,0.2848326359832636,59.66791534423828,25.671627044677734,2.044088363647461,4.526755332946777,4.598329544067383,16.758516311645508,0.14177248330933367,0.06715481171548117,7.827731434944061,0.4184060403540577,0.10391915109201746,7.0450363870406605,3.071171296007205,0.3485033311438491,0.09676731035954336,0.05778857479387515,0.028275952349784004,0.01693168433451119,0.014829830363810947,0.015256588072122053,0.01639344262295082,0.022298090259255308,0.024218499946655286,0.021551264269710872,0.016702636764567888,0.015238515901060071,0.015532979976442873,0.01914234775265084,0.030845111896348646,0.056301022801914236,0.09442014296383229,0.4383501918381584
WIN_20260823_22_07_18_Pro_jpg,C,151.91825104396955,61.236141247049936,230.0,241.0,72.58260869565217,69.97010901388744,140.46458384483182,67.4530301725197,-0.031305812111257596,-0.08731191069532583,0.5960234561114165,0.23859191655801826,57.39458084106445,26.565265655517578,2.427070379257202,5.446839809417725,0.250285804271698,17.020593643188477,0.14782608695652175,0.06661169140553418,8.152009184968648,0.41001791623024403,0.09916408335892452,7.129734983116206,3.0203537975267665,0.3510068086339273,0.09663210057814077,0.057452426477283075,0.02815033161385409,0.018027861240098333,0.015038055487355758,0.014750068287353183,0.016206865155239916,0.01775471182736957,0.019211508695256306,0.01853721207671836,0.015784160778195833,0.01583599312546035,0.014608396759145593,0.018483110261312937,0.029155413699975447,0.05681507784758263,0.10182911858580898,0.43758290346352247
WIN_20260823_22_07_20_Pro_jpg,C,153.81254375729287,60.759610455665076,231.0,242.0,72.18442240373396,69.97396166859168,140.79003328402368,65.85767351777145,-0.10238358640121906,-0.1318916045062176,0.5624170313191406,0.22226465533702502,57.40925979614258,26.5161190032959,3.0035667419433594,4.952414035797119,0.9728164672851562,16.785757064819336,0.1552190373174689,0.04235482152370804,7.9978984259397246,0.4141128889166137,0.10266841949189459,7.028207919300742,3.029409182106744,0.35227874933757286,0.0960752974604866,0.05833777304208844,0.028164979950353254,0.01642692239389096,0.015460910151691949,0.013910969793322734,0.015538980642869828,0.017561260210035005,0.02077783697389451,0.019801101047771268,0.016625559514022108,0.013593932322053675,0.015986114917328948,0.018282988871224166,0.029406148558334923,0.05670945157526255,0.10051500621559226,0.43207630660307783
WIN_20260823_22_07_21_Pro_jpg,C,152.7434591502128,61.97982024667282,230.0,241.0,70.51873299379055,68.0173888549508,139.429418742586,69.03351506743518,-0.047859552590938895,-0.1665549036033478,0.5700519273017776,0.22178836392034362,56.969390869140625,27.25360679626465,2.4130921363830566,5.2384114265441895,1.2036850452423096,16.770801544189453,0.15099135739705136,0.04728260869565217,7.712747853095573,0.41787702244547176,0.10153394584281351,7.040695972822769,3.055828946674095,0.35000489380444355,0.09591594644975428,0.0597920881880974,0.027723545490042953,0.018204952530096897,0.015389026954693175,0.015484610973045307,0.016440451156566623,0.019307971707130566,0.02309356031535617,0.01949913974383483,0.017226191641382012,0.013724173938987096,0.015514283583202804,0.01736484067311135,0.029285435376805936,0.053909386350602176,0.09907207144352194,0.43598688341589337
WIN_20260823_22_07_22_Pro_jpg,C,148.75517519490992,61.28542406847047,229.0,240.0,67.30789022298457,67.86021712313554,135.9266063267318,63.87887849193699,-0.0973629945085163,-0.04434863569034042,0.5111492281303602,0.213183540877098,55.40439224243164,25.714693069458008,1.4348136186599731,4.436522483825684,2.318551778793335,13.653359413146973,0.14108587836074132,0.03516115529510255,8.49529551647095,0.4064583208223749,0.09448800051146487,7.183242143783273,3.0922887278370124,0.3535263016399319,0.09570753748202916,0.05634544497103739,0.028342575477510783,0.018417748011720386,0.015095502156500308,0.016045765313241245,0.015608919382504288,0.018949648077964266,0.019813031952002232,0.01898227558604917,0.016023470999774317,0.015608919382504288,0.016533169028547956,0.01890609739081903,0.03033409721384634,0.05636947118738663,0.09902320996505064,0.43499142367066895
WIN_20260823_22_07_24_Pro_jpg,C,150.34027780599726,60.18795780099313,229.5,240.0,70.3830379212807,70.83476803327164,138.07182957386482,67.95426664931878,-0.07478937500141103,0.020059205128023717,0.5379005496338002,0.24809008340608346,56.479522705078125,27.137322425842285,1.8025192022323608,5.411530017852783,2.674173593521118,17.195691108703613,0.1388288131470042,0.04869769883812666,8.390080476840076,0.4136655725146958,0.09793669347878753,7.108643234613445,3.120070480083625,0.3538906116543681,0.0935944297738192,0.05588607059930371,0.029663840910938377,0.019001044846943968,0.01570876697132383,0.017422854567182323,0.017460388504507526,0.021575264763935335,0.022925217400065527,0.02034029714942938,0.018405994831042473,0.016578649373735776,0.013951103873106267,0.01920225740512252,0.030055873783898145,0.05480444239868224,0.1008220898524532,0.42697888996747213
WIN_20260823_22_07_25_Pro_jpg,C,149.0336196362765,60.93974565868395,229.0,240.0,69.41168443834539,66.34217104381737,138.38087966439537,67.2331673630854,-0.03037396307452643,0.04070402506859319,0.5385648714674458,0.24380208942439133,56.47125053405762,26.542912483215332,1.3753297924995422,4.827229738235474,1.9490137100219727,16.056365966796875,0.13657517091992147,0.04768376615800208,7.8724019586008955,0.418286292220332,0.10116899435589792,6.992687518112426,3.100785901329213,0.353417464076417,0.09494833162646263,0.058508195785396885,0.02942882919838758,0.018877042840156094,0.016269753210631333,0.01684999541459057,0.016789771687866023,0.02042959260858987,0.02136815139478725,0.019963513422702046,0.017267843746703114,0.017324096057946478,0.015566405124142212,0.019610047934457656,0.03031979727065356,0.05426826407349465,0.09830114566321929,0.4286892720759857
WIN_20260823_22_07_26_Pro_jpg,C,146.97100309789863,59.77134878284701,226.0,237.0,76.86422914631008,67.79260142854888,131.195585207153,65.56479055828456,-0.06269169474071595,0.021278218574637728,0.5964560481529368,0.2576056020428807,53.70562553405762,25.986820220947266,1.8901466131210327,4.904672861099243,1.5676847100257874,17.287013053894043,0.12195308677024347,0.032436698113555984,7.9804759540116175,0.4143840181213178,0.09998574306462812,7.067954370944397,3.070815803158418,0.3554217009265419,0.095756248605021,0.05633842208633569,0.028066713452270638,0.018142854209209944,0.01617507858417571,0.018323482145139024,0.016680558348991674,0.018955880016935774,0.019209096145907593,0.018799825085599943,0.016280809215276366,0.015762955028040513,0.016047850537774876,0.01985814716099716,0.03001697269425398,0.05385443122718506,0.1040911082125982,0.4290097656559163
WIN_20260823_22_07_29_Pro_jpg,C,153.44497607655504,59.97040931763903,228.0,239.0,68.94870716838344,69.28724692908357,139.3214733889422,64.72557636532697,-0.11417491077923246,0.07586900448482906,0.5245441795231417,0.239052570768342,56.649253845214844,26.327293395996094,1.929549217224121,4.651920795440674,2.2139413356781006,15.534122467041016,0.12743667948547938,0.06668737703220462,7.359235594360721,0.42100207018735925,0.10188935121318125,7.000647685956409,3.1227489765605823,0.3521395076201641,0.09361085223154189,0.05670015324365742,0.029439066436812093,0.017086051568810188,0.01532436574152903,0.015222118670394533,0.018121569845707775,0.020655155720509924,0.0238825238018396,0.02225260119996962,0.018225121673397536,0.016328700539226856,0.015873015873015872,0.019442545758335233,0.029439066436812093,0.05414609228673591,0.09977864805040014,0.43419207204547133
WIN_20260823_22_07_30_Pro_jpg,C,155.27752976190476,56.52594698240332,226.0,236.0,67.73797123015873,67.09860368725164,142.02874214484393,60.28623510651165,-0.10215871648213994,0.08270811673521487,0.5579030976965846,0.24596815092808602,57.86185073852539,23.979028701782227,1.800992488861084,4.399173736572266,2.9867734909057617,16.503376007080078,0.12533756949960287,0.061263819860026374,7.2979920304698185,0.4235163603869281,0.1030119320435659,7.008536100197859,3.1564467447768045,0.35305059523809523,0.09522011628785018,0.05446799878283801,0.027727682596934176,0.021198904554214422,0.016688987328731843,0.0175834084761046,0.017445988436961154,0.023450244698205547,0.024909828674481514,0.023182058445971456,0.019774244047128613,0.0177452238918674,0.01825969341749324,0.021097474388883253,0.031222202455079166,0.05308464849354376,0.09118347895154885,0.4257748776508972
WIN_20260823_22_07_31_Pro_jpg,C,157.37692363246202,56.73345171886032,228.5,239.0,66.10097504685109,58.71924349259656,144.0071862760023,61.29098457419131,0.07490281907314773,0.05611210465633959,0.5921803065872837,0.2356727347199853,58.87689399719238,24.281661987304688,1.7630515098571777,4.656237363815308,3.7372483015060425,16.799509048461914,0.13620543812486555,0.04458536884699162,7.596105709093063,0.4214439356341797,0.10212004788107112,7.031209154941907,3.0978844558783702,0.35270371043646287,0.09466542306775319,0.056701756203825074,0.028989915163065157,0.018937297352664022,0.01648252563063598,0.015949686936184773,0.017681888089271992,0.02059984202532098,0.02237106849877639,0.019328973885278246,0.017325863820931264,0.018497681390530797,0.015825547374703507,0.0203007652708317,0.03181922850076999,0.05674461151068175,0.09238084523632027,0.43821190059817583
WIN_20260823_22_07_32_Pro_jpg,C,150.28756860745438,61.30170375384576,225.0,236.5,74.83309928263961,71.6165836125629,137.2319711272507,67.34404817936934,-0.009384946473192754,0.02517649002376119,0.6139356429601901,0.2513462989128235,56.55582046508789,26.72061824798584,1.8590906262397766,5.089927434921265,3.2084769010543823,17.256877899169922,0.11223663499793814,0.05639270547310006,7.598828245755154,0.4206432912673621,0.10201545111141933,7.031684406953344,3.0720766807409046,0.3559279194839067,0.09453966269129872,0.05836583149803651,0.03123357338938299,0.018630968314819873,0.016277268528336143,0.01559638847027148,0.016742462362131925,0.018958666018756447,0.018741362870924635,0.019742492763052198,0.016114539819972972,0.013706858908246161,0.017606762574728478,0.018932138425505896,0.030734456805325265,0.055534483214856656,0.10100715519947481,0.4393977498866267
WIN_20260823_22_07_34_Pro_jpg,C,153.04153653559632,53.07235678427045,218.0,231.5,65.59467048912347,64.45074226303916,136.86252017848204,57.837962838556,0.14415132959181598,0.14718109351114525,0.5959494552925084,0.24909814244413647,56.33319664001465,23.07843780517578,1.897910237312317,4.735924005508423,5.060540199279785,15.079410552978516,0.0881073336709102,0.028408640121947236,7.2547526326317335,0.4250580214398798,0.106440916213873,6.9578853090345385,3.038470170986664,0.35565455189399775,0.09808121698265734,0.05773552459605144,0.030299969956314857,0.01937902493141115,0.01662361931217147,0.01324390149674395,0.01487454739720581,0.01703346972891663,0.018096480682229635,0.016607502189108926,0.0165299270345354,0.014498867459714343,0.01646801025459116,0.01975555613132738,0.03216691897810611,0.055866648282276096,0.0977186623165566,0.4426929984913681
WIN_20260823_22_07_36_Pro_jpg,C,147.05785512699907,57.34796204417898,221.0,232.0,80.82251213592232,72.6494725639129,132.30120688179406,62.45860127240574,0.034127214158851775,0.1079204760512708,0.5717385754403881,0.23471307619943557,54.62029266357422,25.09568214416504,1.2238080501556396,5.5951433181762695,2.9823379516601562,15.542500495910645,0.10659527865660745,0.02879600937192956,7.390737909858795,0.4189002367605146,0.10341945631026188,7.0226559601431084,3.0460315976332657,0.35559736594543745,0.0971497046991355,0.058272239437684226,0.02655093183558846,0.01669802445907808,0.01643413506804759,0.015317845289762573,0.0155694958808858,0.017458997808177765,0.018579492003762934,0.0187438591187363,0.016211386264998722,0.015109223300970873,0.01574648164550733,0.019469457288878073,0.0343149184716476,0.05463364820015318,0.10230479774223894,0.4412041392285983
WIN_20260823_22_07_41_Pro_jpg,C,148.48568811541105,63.473766684027545,227.0,237.0,83.3245632065776,73.72860839920585,132.2164785886759,69.29556305632873,-0.13518750722095213,-0.00866506200152245,0.6467839472237493,0.27371956339210746,54.20001983642578,27.971851348876953,2.1776645183563232,4.909183502197266,0.07675344496965408,17.568737030029297,0.12108301264431007,0.04850976361767729,6.984776519204698,0.4190296559160624,0.10170610373897145,7.0140208213899236,3.017301590599949,0.3501984126984127,0.10226104830421377,0.05778184871383864,0.028365878725590956,0.014902363823227132,0.014241373014423955,0.01223297425597955,0.015884608362242102,0.01816886355539722,0.019246031746031747,0.016432353478181488,0.016258300893061597,0.014682539682539682,0.015416238437821172,0.018849206349206348,0.02779283496772286,0.06025196275333212,0.10873015873015873,0.4354573484069887
WIN_20260823_22_07_47_Pro_jpg,C,149.12852976066517,59.93021128240885,228.5,238.5,81.32916244853381,71.42287686212057,134.60811829992207,65.61812351780031,0.008851160096833791,-0.04351522277774097,0.6398367987688929,0.28202791786168,55.14618492126465,26.315321922302246,1.8964843153953552,4.62882399559021,3.5189393758773804,16.260754585266113,0.1379346434464665,0.06459724481344777,7.408707400476973,0.41829802365696195,0.0994497458278692,7.07763219744221,3.027158572671069,0.3520972199688539,0.09967316774238788,0.05867349206121847,0.027937744728658093,0.01806158236755044,0.01448818962921292,0.01604440483883943,0.014659640492367797,0.017559309756566853,0.020589461927606682,0.016898190105752976,0.015567905705810124,0.013432784887451964,0.015079330893838037,0.017878862435553464,0.029333517150187477,0.058031256976215875,0.1035255532721907,0.44099208506916376
WIN_20260823_22_07_49_Pro_jpg,C,143.3474557908986,64.28585423932783,225.5,236.0,86.7800548737859,74.15339329045315,129.5565258032019,70.74188739862862,-0.17268252278348448,-0.16987858597061067,0.641270245308627,0.21935314455774868,52.871463775634766,28.347530364990234,1.4310998171567917,4.491947650909424,-0.38020386174321175,14.919500350952148,0.13188989049584102,0.050396889619481564,8.10866233753065,0.4006602983813089,0.0938785655777504,7.144040327465257,2.9757616551859556,0.3489571922451408,0.10540630515923699,0.058314519026401584,0.027617246809278274,0.014962800406786918,0.012889072551527509,0.01472027167031196,0.012995294968174862,0.01495517133644098,0.017627461852941416,0.01527966600653,0.013350984229308163,0.01312403297806645,0.014027811337527556,0.016775927716868092,0.02801234026076104,0.06053267524154732,0.11194660321280593,0.4449978892175018
WIN_20260823_22_07_50_Pro_jpg,C,152.25391556501816,58.210559971632506,219.0,229.82499999999982,66.57953425548811,63.00118336542329,138.45061897227538,61.87809454541053,0.04815578446070722,0.06588105465724278,0.5064082863727954,0.25657010604446245,57.00755500793457,24.650628089904785,0.37862973660230637,4.463339567184448,4.306263208389282,14.046616554260254,0.09644500008894498,0.02183842888519823,7.735851486896982,0.4250195592944187,0.10712271106088694,6.966022391828725,3.02804662093008,0.35672245478330356,0.09797348791291767,0.057467135355995666,0.030815530811656465,0.01916025925078626,0.015737108378998887,0.01428101706080918,0.014716201737841644,0.016752485093247303,0.018495051722151074,0.018338649690358304,0.01539472169724713,0.014698015747718977,0.01575722346274748,0.019332692682988692,0.030446737496442063,0.05520310936730617,0.09904659815371522,0.4487969755876595
WIN_20260823_22_07_53_Pro_jpg,C,148.3987338610155,57.38360860596552,220.5,233.5,82.65106422961813,73.8209330703007,133.6594791916945,63.185032285792104,-0.04081399311195513,0.06362052101248244,0.5957889344262295,0.2583319479719849,55.06727409362793,25.24530029296875,1.6350115537643433,5.945473909378052,2.338211476802826,18.23591136932373,0.09850059790972243,0.017496409885372672,8.389098306913878,0.39822242325304513,0.09683536707681613,7.148630373088578,3.0862393065941616,0.3520203616583358,0.09820104202525898,0.05523314341117748,0.02949217238949698,0.018021203374318243,0.0156900010066476,0.016784037558685447,0.01721994535519126,0.018563457158690143,0.022324910525118803,0.02016882876204596,0.01634813060340184,0.017624431792996796,0.015483593729957158,0.019456209379387253,0.03057922483445217,0.05496723631321737,0.10393188946932255,0.4338983966340687
WIN_20260823_22_07_55_Pro_jpg,C,147.80675194680256,59.1416233268189,225.5,239.0,72.3886099671914,69.45090078644225,133.491309293663,65.00272109603759,-0.12317806592846811,0.0015583353152850525,0.5423294168205051,0.19499658219959862,54.52128601074219,25.967121124267578,0.4388844259083271,4.396714925765991,0.8068180084228516,15.172369003295898,0.12942316207866272,0.059839149528390895,6.595550665290334,0.4316075104726871,0.09990861046845492,7.0446676945385445,3.082242579907958,0.35489671386017657,0.09488561080729543,0.05861685003571349,0.03055151561543172,0.018291566941678498,0.015776151571349806,0.01534657532702811,0.016040741225980558,0.0186013381647712,0.021096150438441173,0.017873779959579394,0.01633748871815312,0.016917596015393166,0.016855955357272013,0.01933040278992188,0.028886831875299578,0.05443750747754339,0.10107109942517281,0.4422543309462122
WIN_20260823_22_07_57_Pro_jpg,C,145.36103853812386,61.2343042974659,224.0,237.5,71.050501074665,67.49236732686262,131.68982216405573,64.17996506397934,-0.006256905647247769,0.08325024104703571,0.5487497637889256,0.20576530245440716,53.76457977294922,25.546266555786133,0.8372647166252136,4.634595155715942,3.64612078666687,15.283744812011719,0.12006723377236057,0.049172762136774247,7.630808172611616,0.41062522934379375,0.0965076382027156,7.118340044771609,3.0543948201443083,0.3570322144837064,0.09637260372815423,0.05792171173659069,0.02870692416213268,0.01775820081864945,0.015509599780343851,0.01390057218346442,0.014950790828692499,0.018996478318512214,0.019086469872250975,0.01911852126541392,0.01705445633376499,0.014733349160295818,0.01588026776521672,0.018268176266792953,0.030455923098698837,0.05579808110440697,0.10273113106501482,0.4433114688642189
WIN_20260823_22_07_59_Pro_jpg,C,145.22408536585365,63.47926712103713,221.0,230.0,71.90599777344838,68.99375679139789,129.0495268526484,67.08001244835913,-0.17552878026327903,-0.22388021608931064,0.556081269134428,0.17917929587316392,53.30851364135742,27.460866928100586,2.7553627490997314,4.844746112823486,0.34569746255874634,15.15598201751709,0.10561902541384938,0.07035647279549719,8.914207136398225,0.4005803733726307,0.0976337747871242,7.135664865934176,3.0190054506477795,0.345512773855448,0.10258801585451154,0.05750054589125846,0.028388533259114945,0.016231166751583086,0.012590347400326416,0.013028604701943372,0.014829949907724757,0.016826923076923076,0.019797656306863674,0.017395734769633887,0.01457216134297039,0.013902030715481475,0.012429643527204503,0.018229891455608126,0.029244629244629245,0.05895625591382197,0.11077953271708275,0.4392604993085377
WIN_20260823_22_08_00_Pro_jpg,C,146.7047864265579,64.73145351903948,226.0,237.0,83.27292728805752,71.79962877687512,127.1384551696308,69.24620749538971,-0.1251165351975336,-0.2092382468063373,0.6164248667319208,0.18147632405846553,52.38967704772949,27.78878879547119,2.250951588153839,5.321962118148804,1.757470428943634,16.293107986450195,0.12272028255671333,0.06883708318360443,8.705650071770762,0.39477453414588737,0.09623137021630643,7.169870009905932,2.9835333545623826,0.3512674436658785,0.10233434289607769,0.06077507275450056,0.02811643756352401,0.016629434888309095,0.012915145479673495,0.01288666298699553,0.01294671207664212,0.016959023677854127,0.019656241596724112,0.017068679671443442,0.014569417968666124,0.014236483422268199,0.014133858663890823,0.01646565157353871,0.029103774028110138,0.05774461079367395,0.11161088514137851,0.4449359332043785
WIN_20260823_22_08_02_Pro_jpg,C,144.82251990863634,63.094596662112416,221.0,235.0,77.47785894369385,71.16466406592593,127.91373239436619,65.68973120211841,0.074385822678332,-0.004524581439923166,0.5576960372357619,0.2698939470456677,52.948997497558594,26.17432403564453,1.5237253904342651,5.476883411407471,4.477858066558838,16.599843978881836,0.09860521528198908,0.023373983739837397,8.39545447373264,0.4036959654058123,0.09653882643748656,7.148376183682062,3.004082408444718,0.34954517889630077,0.0983400402414487,0.05734048742646584,0.02813826561552456,0.017717143033520587,0.014630532748935119,0.013826561552456033,0.015160703456640388,0.018553235503264594,0.0187471717628806,0.016678518326976532,0.0164824989196864,0.014964788732394365,0.017228370221327966,0.01839310450977374,0.029175050301810865,0.05712553062462098,0.10080869189456139,0.4494796043700304
WIN_20260823_22_08_03_Pro_jpg,C,145.05318880766322,62.42770508902935,221.0,231.0,74.79103957636566,69.79380560421826,127.88065341948068,63.06835006461398,0.17494203985693338,0.11117138508190437,0.5514214046822743,0.2914459333125584,52.90342712402344,25.246732711791992,0.9966934323310852,5.071414470672607,5.452798366546631,15.893709182739258,0.08715654146710361,0.01594403831610789,8.379133245137183,0.4085161977464853,0.09696232601521702,7.154888674913461,3.111931554379666,0.3540969899665552,0.10142630744849446,0.05858522904331567,0.028443323525290738,0.016533557517164076,0.014620620115956643,0.015066199969563232,0.018262060569167553,0.01889552602706327,0.023620401337792644,0.020177625428482393,0.016945020114592223,0.016763297201915807,0.017066926734121662,0.019648829431438128,0.029424127784783524,0.05417744635519708,0.09862885634153942,0.4344848577081114
WIN_20260823_22_08_07_Pro_jpg,C,147.18409156077,63.36695196833546,231.0,241.0,69.72984921564901,68.40493238886413,127.528304165136,67.15010873526835,0.007589959878381295,-0.13487661155539749,0.5234715753371189,0.21989173520385408,52.247802734375,26.776758193969727,0.9377182722091675,4.36511504650116,2.3826261162757874,13.208585739135742,0.1630019592934115,0.05858224169485997,8.930532371019542,0.39919055094298195,0.09900769089621078,7.147255165442841,2.9687692342321745,0.34890106707656665,0.10339318204099554,0.06034217351821347,0.027529898902268986,0.015080785043652983,0.013035198986826098,0.014659368973117821,0.012951137768298236,0.01716208053844672,0.018568147269379803,0.016103144815601222,0.013810702508616109,0.013336073759792256,0.01422209350966953,0.01742583320702846,0.028713630033254608,0.05767190515342739,0.10656582533211552,0.4486069805899505
WIN_20260823_22_08_09_Pro_jpg,C,143.52633447745296,62.3185221796973,223.0,238.0,68.62274752954853,69.63217941454035,126.84831915755366,64.73951458340618,0.07086252946010757,-0.01811953531759942,0.6016787485692484,0.2598157168847937,52.29094696044922,26.023563385009766,1.2747387886047363,4.840765476226807,0.9095407128334045,15.61196517944336,0.11382424011191657,0.0315654663251469,9.358009734073333,0.3871256010072163,0.09392295678163962,7.172021387180554,2.9679563765524244,0.3517406187431376,0.10426397468735875,0.059234507897934385,0.02594048946534421,0.01589573602531264,0.013334337803224348,0.013973268529769137,0.014202711426726921,0.017313222606960502,0.018252244850049885,0.016608955924643464,0.013850578085568402,0.014338306529742297,0.0125594225013205,0.01692178518374992,0.02861503243037009,0.05962791243617583,0.11014012354979659,0.44532199270959905
WIN_20260823_22_08_11_Pro_jpg,C,144.11547525530244,65.76060827170852,229.0,240.0,69.45535480492275,69.00164343742681,129.88151348520555,72.36341875603678,-0.02120294731257318,-0.323491991011665,0.5704188135817149,0.19797859690844233,52.908660888671875,28.757551193237305,1.0557042360305786,3.773021936416626,2.695701837539673,13.635103225708008,0.15167583136946844,0.04896860986547085,9.742171150237269,0.3940110398215202,0.09532146651658452,7.1747035187119295,2.9559554088292037,0.35257920921707253,0.10473946059177795,0.059970104633781766,0.02618308766485648,0.014349775784753363,0.012110500130924325,0.011586802827965436,0.014070550931430836,0.016845025762980578,0.01891856506938989,0.017412935323383085,0.014270751505629746,0.014074365017020163,0.012496263079222721,0.01600077579519007,0.02724980605120248,0.059783326727440876,0.11043466876145588,0.43970104633781765
WIN_20260823_22_08_13_Pro_jpg,C,140.0707264957265,59.37558742764729,223.0,233.0,78.69650532610727,71.16423767295937,125.37550471063257,61.76001915051371,-0.01686019880930275,-0.1906461000265629,0.6316576340870865,0.19094643703586664,51.51974868774414,25.098588943481445,2.1985392570495605,5.317460060119629,1.109427571296692,15.681305885314941,0.11932352020043846,0.017225180081428124,10.49506663296349,0.3925808359373779,0.09897101810857127,7.104037904095591,3.023214176942656,0.3421790319566436,0.10349186285353136,0.05955585464333782,0.029487179487179487,0.01547779273216689,0.013655674691482905,0.013746247432453784,0.01517297187942545,0.017775319955759202,0.021367521367521368,0.018565334176015167,0.013983251698530574,0.013888888888888888,0.01420940170940171,0.018170327065887185,0.02912621359223301,0.056746914829051184,0.10534188034188034,0.43774687944383
WIN_20260823_22_08_21_Pro-2-_jpg,C,153.78205885829098,60.77228844799729,232.0,241.0,70.42722912792405,70.26966900445981,141.46046566599694,65.66527350013779,-0.04375453584337816,-0.1263015455949504,0.5426072568254343,0.21846032992930087,57.945430755615234,26.446945190429688,-0.33080270886421204,4.100363731384277,1.198596477508545,14.072188377380371,0.16834687285896055,0.07037290789860037,8.33894106131873,0.40415294176966376,0.09771323308998847,7.153154021674151,3.026330452108193,0.35635952515545505,0.10231660231660232,0.05566717882047039,0.028279654359780047,0.017328019407381736,0.014019219898247597,0.014182720718591182,0.015262860373092142,0.017071791972866027,0.01732127096204766,0.018169429934135818,0.014894086496028244,0.013399954576425165,0.014308426073131956,0.01808296891620376,0.029429145491076704,0.05505935556811758,0.10688068904766565,0.4421707179197287
WIN_20260823_22_08_21_Pro_jpg,C,149.7388113282808,63.3956873158732,231.0,240.0,68.6874278013092,66.93566488830896,136.92886022333462,69.33153564594308,-0.1622158783839344,-0.17831112212898095,0.5345831671320304,0.20909453530115676,55.99072265625,27.6987247467041,0.8769997954368591,3.8122243881225586,0.10129637271165848,14.08534049987793,0.17160767924774717,0.047378395451674035,8.367632046075279,0.40364853786580224,0.09929992453881523,7.066193708998372,3.014315755376859,0.3540282392026578,0.10075787794176307,0.05901039661147478,0.026166733147187874,0.015084236646206086,0.013895408881795137,0.013284559106661533,0.014270960473195005,0.018268847227762265,0.020185898037742935,0.018194070080862535,0.01572675626991825,0.014359792580773833,0.014270960473195005,0.016627407510045725,0.026396009422197587,0.058247355361107485,0.1055896565234426,0.4428986710963455
WIN_20260823_22_08_23_Pro_jpg,C,147.7120441296696,58.28078491733468,225.0,235.5,67.96542124231442,65.05886110455353,131.86275839646706,61.830555286463266,-0.03840149999903574,-0.11426590060117756,0.5243617060685328,0.2181845638359775,54.335588455200195,24.59140396118164,0.44426245987415314,4.027842879295349,2.2703083753585815,14.651861667633057,0.11684677946808672,0.039248119819327035,7.864313190116482,0.40791568114377924,0.11045690398985956,6.919613300053845,3.091621618997097,0.35518372777947116,0.09444346717711868,0.056614521716679314,0.028529365981958578,0.017901466202378622,0.015603769966519375,0.014942909661234446,0.01697387485982713,0.019940489983779078,0.022419155464350714,0.019479576112014695,0.01767306320299901,0.01610432137063056,0.01654154234271152,0.01899105285238998,0.03005125336494964,0.05624462412921148,0.09373281021518694,0.4387290425672709
WIN_20260823_22_08_24_Pro_jpg,C,149.5710659898477,60.279739059112494,230.0,241.0,76.46505271378368,65.62299744799263,135.9221007418977,62.3078294327101,-0.03849813691837631,-0.13324051385287047,0.5888324873096447,0.24658336587270596,55.788658142089844,24.987674713134766,0.973804771900177,3.731778383255005,0.5251777172088623,14.034936904907227,0.13090589613432252,0.05073280721533258,8.165050375124324,0.4015220214903221,0.11051233972811805,6.903952361422933,3.073690215625553,0.35580608793686586,0.09575012800819252,0.0585916774046843,0.0275465715418153,0.017281891912377775,0.013861772745021476,0.0151308082780164,0.017180788754392814,0.01952041220768926,0.02054119608883499,0.01743348745546881,0.015993329796103996,0.015360983102918587,0.013861772745021476,0.01984216459977452,0.030101465614430663,0.053763440860215055,0.10017835909631391,0.4366403607666291
WIN_20260823_22_08_28_Pro_jpg,C,151.95317956423844,59.56592762399796,228.0,240.0,63.79182341231787,64.70652347221043,141.10644133119112,64.05866211503543,-0.04026563016466409,-0.15583997420273143,0.4764448486610598,0.15594090308350106,57.7882022857666,25.40784454345703,-1.307671070098877,3.616768717765808,2.1298407316207886,13.439120292663574,0.14491346658561316,0.0702318265454128,7.3068338791919345,0.421143449599806,0.09922446772453195,7.0536221788558,3.112022587750468,0.35308881925355073,0.09635989723193433,0.05545422926435964,0.02709726848394979,0.018535076463002058,0.017296131818991034,0.015989117676345543,0.018325873305982725,0.022787899987405512,0.023146414141584522,0.02177213649402411,0.018421456883162598,0.016488211160151527,0.015430745094850559,0.019889006938176024,0.029200302480182794,0.05328664972554633,0.09796663197717725,0.431003037014297
WIN_20260823_22_08_29_Pro_jpg,C,149.20988426649984,61.806391180335545,229.0,240.0,74.95643307378569,69.13173139079782,135.04625509825732,66.22318747811373,-0.055256977798336604,-0.12683526736081038,0.5437707277391903,0.19127120950911897,55.3907356262207,26.333904266357422,-0.7566059827804565,3.9086453914642334,2.1976633071899414,13.943882942199707,0.14623615543457857,0.054875787912495366,7.755159294362583,0.4013766037226478,0.10277566897645496,7.030692508690096,3.0777063323171907,0.35448344909580126,0.1010322177040976,0.057708011977134564,0.02759526938239159,0.017170967143122332,0.015407462409504363,0.015243625805280828,0.016415369649805448,0.020258103241296517,0.021608643457382955,0.01968968333182107,0.01629377431906615,0.014591439688715954,0.015906362545018007,0.018099127529237053,0.03146463708928903,0.05531835901243735,0.10302580285873399,0.43789129843026947
WIN_20260823_22_08_30_Pro_jpg,C,146.1552695092518,60.25570864702684,227.0,239.0,71.12252591894439,67.85656154902387,134.0349512827389,66.24944213398724,-0.16938746084662892,-0.17538216524022507,0.5098963242224317,0.20022384542884072,54.93434524536133,26.05832862854004,0.3706390857696533,4.066492557525635,0.06451370567083359,14.321117401123047,0.13860744580584355,0.054076343072573044,7.668206456155964,0.40540903926494043,0.10204260298794467,7.034309528756838,3.091709868640537,0.3497595316093957,0.10018408382894364,0.057848995111352525,0.02924100821297083,0.019258000566411783,0.01416029453412631,0.014481094127111826,0.01537691317408096,0.02329368450863778,0.02224288370762409,0.018604019554589898,0.016159695817490494,0.014659873066952713,0.016090104585679808,0.018673421300659757,0.028289473684210528,0.054163126593033135,0.10103370150099122,0.4351973684210526
WIN_20260823_22_08_31_Pro_jpg,C,149.0157097972008,55.97310570101851,226.0,237.0,64.09086745442887,66.62602058884728,136.29724840521754,59.37268843440316,-0.024715912157832403,-0.09514854995027353,0.47313769751693,0.22865756902570614,55.94844436645508,23.286680221557617,0.21962127089500427,3.1971335411071777,-0.46170535683631897,12.747818946838379,0.12726118692478577,0.030557614694012025,8.081056614613471,0.4054965304108754,0.10971908473908898,6.910491203694839,3.0681029642118878,0.35485327313769754,0.09661399548532731,0.05684596577017115,0.030277063696086834,0.018851756640959727,0.01564945226917058,0.01570979720079977,0.016720204266534883,0.020152056425757993,0.02348993288590604,0.020610057708161583,0.017114914425427872,0.01584684437116424,0.01475768827953918,0.01932765411743153,0.029831799428752775,0.05417607223476298,0.09119638826185102,0.43601722084821837
WIN_20260823_22_08_32_Pro_jpg,C,147.16724750009294,57.565500695332446,221.25,234.0,74.19066131778943,65.84072344268999,129.73845612926408,61.950974351325655,-0.01308679833599119,-0.0459410450291735,0.5929875744335675,0.2537433968000608,53.43708038330078,24.952345848083496,0.29337918013334274,3.5632182359695435,2.1273592114448547,14.337497234344482,0.10611129697780752,0.023159535511857152,7.298381545130025,0.43600442905062475,0.11020160702826387,6.8836395275927735,3.1101842824446067,0.3565292504338793,0.09688873006866852,0.057913002599413746,0.0311145481746586,0.019363052483563258,0.015063486295943035,0.015244154769294435,0.017605689827178493,0.018855203241387335,0.022568671458888148,0.020597692842505858,0.01936088197354128,0.015765203757230648,0.015893387986887025,0.018669535209347856,0.03331380946475812,0.053670557476178084,0.09900440332091869,0.43088687739264314
WIN_20260823_22_08_34_Pro_jpg,C,145.78181818181818,59.1054247926181,228.0,239.0,72.20472440944881,63.1514265148939,128.8658729420519,66.14490692606773,0.004760172520920643,0.0308762911751597,0.5485071156171519,0.289687766328349,52.74717330932617,25.845739364624023,0.6190345287322998,3.458528757095337,3.5741283893585205,14.35472583770752,0.13887080271602642,0.0446269466181142,7.029959506847387,0.40986516756517477,0.10066545613637082,7.074886031880038,3.0912901848755743,0.354571667751837,0.09781843771991555,0.05872782211203223,0.02826647900539526,0.017277446346943517,0.01384001876612714,0.014778325123152709,0.017945109078114006,0.01847507331378299,0.024631536442560064,0.01935483870967742,0.016422287390029325,0.012517666060973147,0.014895613417780906,0.018129697063608896,0.031378299120234605,0.05653139511407228,0.0993431855500821,0.4449828386836261
WIN_20260823_22_08_38_Pro_jpg,C,145.9719570238936,60.46277550799441,224.5,237.0,61.60823071471709,61.97174584361407,131.92130685747577,64.45578458325247,0.07834027832722364,-0.05929789255282048,0.505538232827005,0.2586263224717107,54.13907241821289,25.59757900238037,-1.0873583555221558,3.3168329000473022,2.80362731218338,13.30143928527832,0.11489054540377469,0.04120436557169232,8.635049852108377,0.401102763518877,0.09988016119163254,7.1027710521469425,3.050037318160806,0.3554909187319665,0.0967949546422461,0.058245389617311585,0.029553315585580844,0.019412626585254906,0.015027540545460098,0.014493272256314261,0.015363153068766872,0.01864033417500988,0.02096685584739843,0.020911468891458226,0.016000696447173477,0.014669095704299164,0.014053422294843864,0.017790008512337405,0.029899967655264183,0.056522420751677696,0.09888545273491983,0.4447183840422412
WIN_20260823_22_08_39_Pro_jpg,C,143.34565667013106,60.116065774752,221.0,235.0,83.58248168590382,66.29195976957723,127.68645512606912,60.729371991382564,0.08021989775286519,0.04284026970875959,0.6907826915736901,0.2941908142522845,52.67696189880371,24.690969467163086,0.2137821465730667,4.784349679946899,5.358096122741699,17.59517765045166,0.06600589488083639,0.021812679373942476,8.61095610975054,0.3930092291966587,0.09669400987357835,7.153046292487733,3.0384262481162274,0.3537433647229182,0.09627597476295494,0.059578392271184985,0.02891656507412174,0.018391746034237728,0.013748538367257174,0.014260376579370009,0.016341759219523425,0.01886003576607692,0.02045837701175641,0.019421845036611388,0.016407760569615074,0.01482656137379672,0.01543062515778379,0.01770440868807873,0.028030290732724124,0.05670973295698904,0.10147722039707233,0.44348927634170077
WIN_20260823_22_08_40_Pro_jpg,C,139.30815843259455,63.16288149610795,218.5,231.5,72.67784015032248,63.180816196613165,122.21151395485998,69.21515394540366,-0.015152005697557678,-0.10069682945388982,0.5418967417618041,0.23645814725478959,50.52239418029785,27.70893383026123,-0.7759187519550323,4.177086353302002,3.872707486152649,15.023354053497314,0.09276496166018296,0.02619518404480732,7.140740622901339,0.42179419204310176,0.10076704661745178,7.022972153441611,3.0629050929436525,0.34697429742817837,0.09597699563691577,0.05957178154977355,0.029227256781821465,0.018118125754517073,0.014602733621296639,0.015182990070610636,0.015231286722106425,0.020020635473752747,0.0238884203355689,0.020141087631962158,0.01757634488894247,0.013815284212484302,0.015408234837119221,0.018688571523631393,0.03052654934760618,0.05394644100452337,0.10252995916652188,0.42935919755241725
WIN_20260823_22_08_41_Pro_jpg,C,145.8451164213198,63.88529807091747,224.5,236.0,66.91527047148165,66.1829691984079,129.60100321752716,67.29680460528253,-0.1618560819888709,-0.13199496363261717,0.525832947172793,0.22689373623139958,53.4139347076416,26.831671714782715,-1.044521301984787,4.411103963851929,2.297540257219225,15.027143478393555,0.11776167857486514,0.04168061506744273,7.89913003101004,0.40446911057700796,0.10008978051029924,7.072802040632826,2.999564394821332,0.35227458994230215,0.09942411287370552,0.05913894411155085,0.029356164058904156,0.017294359970269204,0.013280831205117003,0.01291992315545676,0.014233033520790438,0.016899318398275354,0.018795502507734176,0.016946001139897367,0.015737190401258844,0.013869223823464154,0.01434531269476612,0.01853815664962429,0.029635176790782206,0.05845113330254749,0.10032604896186674,0.4465009303760159
WIN_20260823_22_08_43_Pro_jpg,C,152.11494580648048,57.243850214404375,229.0,240.5,57.48888030503947,60.981365763928764,142.32036806434024,59.4206860825218,-0.020466204508766378,-0.004753926493373223,0.45850389924333157,0.23801574549776205,58.09782409667969,23.28263282775879,0.051624447107315063,4.40364933013916,2.5931910276412964,13.680750846862793,0.14255451606476705,0.053109967690768936,8.35997111202273,0.4061045079840047,0.1014929392450348,7.050346555789753,3.0468801697298247,0.35883723524688593,0.09582390419410962,0.05765730388784297,0.03037792524949379,0.01641017882119241,0.015297681227403232,0.015294930668877358,0.013949214977169994,0.01806758092976984,0.020137041032139445,0.01770132648290773,0.017828297875445716,0.013823010237828939,0.015488043383988653,0.019223212140651088,0.03240161329699919,0.05494744180773481,0.09161311647048787,0.44819204126771905
WIN_20260823_22_08_44_Pro_jpg,C,153.09575795383657,57.48939277289834,231.0,241.0,55.84248039914469,58.14604982042199,141.6720991890206,59.30369982852923,0.22531226783089106,0.10078082023119952,0.4383464005702067,0.2505878806150136,57.49235916137695,23.278514862060547,-0.7275230288505554,4.334175109863281,5.370978832244873,13.941035270690918,0.15375339161893278,0.05933072053059994,8.310265209636704,0.4081982817187032,0.09822299825210126,7.105052921211905,3.0568556053086593,0.36373671864219675,0.09438388298606319,0.05689107756107043,0.02966744859942045,0.019716611395839613,0.014350765834138263,0.014953271028037384,0.015868635297364427,0.016328646407049827,0.019732303021940113,0.018558951965065504,0.01669656409548779,0.016006623430384986,0.01639344262295082,0.021641936110931122,0.034790473319264395,0.05450531254312129,0.08845039326617911,0.44541484716157204
WIN_20260823_22_08_46_Pro_jpg,C,156.01523333567275,61.96293556913038,232.5,243.0,59.71920196121068,64.97600912993985,146.37219511326316,66.96656699493107,-0.09183232111479077,-0.10213818679756112,0.46423368673894194,0.17926847569722917,59.63411331176758,26.40336036682129,-0.6477616652846336,4.500315189361572,1.1760721802711487,13.920862674713135,0.17812070224330373,0.07646511358316868,7.9242188905127415,0.40164162747257975,0.10096832561374133,7.117255400651945,3.002159431548686,0.3529028572034811,0.10070500307712166,0.05780926577277132,0.02798142827790369,0.01775902705784241,0.014125319694465463,0.013291197458765235,0.013623075355024973,0.016233612124981586,0.01799504146985879,0.018736780429935325,0.015352625788300489,0.014317457880799786,0.014837320754489364,0.01692177092455183,0.028585136381282863,0.05884248246999752,0.104662158603992,0.44775685555537825
WIN_20260823_22_08_48_Pro_jpg,C,151.4165265632775,61.66596722952671,231.0,242.0,57.939136045589535,63.91999504813477,138.92167718561598,66.83864167160792,-0.08322820356253274,-0.03017152118520613,0.4615701463005188,0.19784572828993002,56.458749771118164,26.425600051879883,-0.014216199517250061,4.660676002502441,2.085880935192108,13.41476583480835,0.15721844345822933,0.04640904863731964,8.72226777638457,0.399231497307615,0.09752074204841665,7.152621273991586,3.0208412891803675,0.35594808182523485,0.10024845493794907,0.057995217474445165,0.030186654085772355,0.017069857497048146,0.014143824798475937,0.014754414465907735,0.014565354060434132,0.01591019189413194,0.018441592605856292,0.018599385583020402,0.014675966923416037,0.013607516825016517,0.014887460343089791,0.01862335528401618,0.031088974422364635,0.05720792414950543,0.10278292269797962,0.4465116326953764
WIN_20260823_22_08_53_Pro_jpg,C,149.39275321745248,64.43183478483571,232.0,242.0,80.03672305946398,73.99850385013579,132.26026491679949,70.71826567418034,-0.23627647790709783,-0.4127690359334363,0.5540286164278911,0.12476284596022123,53.81841468811035,28.264497756958008,0.8105939626693726,5.355395078659058,-1.3452983796596527,15.411955833435059,0.19353698217629506,0.09812666986463336,8.57224612495446,0.4413182026944772,0.11522429946400792,6.823782995110815,3.024437742900048,0.341098183394823,0.10476040919208204,0.058503912916323605,0.026340338836843676,0.01395592837745398,0.01349930223571845,0.013158581309778615,0.013980196235593453,0.01733541271511526,0.020074815762105173,0.018393009214866803,0.014905708065954523,0.014114644776399426,0.012544374810202787,0.015735701971884244,0.028301498058750273,0.06291709165401779,0.12273568876713017,0.43209727524200325
WIN_20260823_22_08_55_Pro_jpg,C,155.10700073691967,62.22646133249511,234.0,243.0,70.64771367009816,67.37427698092677,144.91348563006633,69.6487584786037,-0.18531398506132332,-0.20414933272939756,0.5393823318170936,0.1535877577680321,59.06024169921875,27.44551658630371,-1.1034255027770996,3.8716697692871094,-0.13782453536987305,14.302555084228516,0.1871039056742815,0.09382411535907409,8.633995270746999,0.39598851058960793,0.09758282654719601,7.150506688210184,2.9906017228595774,0.35196226750912163,0.09895879683189464,0.05948202257850299,0.02827904929577465,0.018045774647887324,0.013117170228445099,0.012748710390567429,0.013903144536717364,0.017455649369130063,0.019422863485016647,0.017360781709515227,0.014738393515106854,0.013314260563380281,0.014416659250689686,0.01788733647770757,0.029693577459444075,0.056920595768902384,0.10530582166543846,0.4492302215893922
WIN_20260823_22_09_10_Pro_jpg,C,149.39045622779773,62.39099482194992,231.0,242.5,66.32678273254336,69.48115623759381,139.77846154663888,69.38772535041107,-0.21118589391570544,-0.049032606841147124,0.4992521969522165,0.20292870724402998,57.198768615722656,27.85912322998047,0.22706454992294312,4.589264631271362,-0.10471037775278091,14.76439905166626,0.15814458159393396,0.06177923628075291,9.523110273937705,0.3841758585420243,0.0953208809654984,7.17181075870487,3.0150108369301214,0.3530462700268504,0.10073199817230262,0.05719429288458945,0.028714488567072233,0.016447088133116326,0.01393806190865865,0.014093151836042655,0.014047961655193482,0.017397167234310472,0.02004220559777768,0.01706105310733343,0.014816679582207785,0.013665167409478578,0.014796034453537214,0.018168392320365934,0.029779279480856437,0.05682334503324063,0.10455279286572415,0.4474509066708896
WIN_20260823_22_09_12_Pro_jpg,C,148.4403223405947,62.13408016342268,232.0,243.0,66.55802188099948,69.8971586111777,139.06814854634206,70.3996119764987,-0.18809442133048465,-0.058051433556892906,0.5080049803489405,0.19258834640745695,56.9372501373291,28.039352416992188,0.6287416815757751,4.949050307273865,0.006328210234642029,15.52911901473999,0.16287893969441153,0.07503797243991507,9.699086745255133,0.3817783780242935,0.0951662744955903,7.202023872949186,3.002113985766919,0.34904584971776387,0.09884156826584398,0.05992243349807021,0.02785742888235131,0.016706836165501594,0.014360447633897218,0.01424167495830352,0.014611444069480197,0.019591728469024912,0.01920083148861894,0.01778198525278852,0.014217345168390174,0.01365436921289864,0.014242110261384062,0.01807777738260538,0.030378984789081215,0.057723679593570484,0.09870815445162313,0.4406255126736207
WIN_20260823_22_09_13_Pro_jpg,C,148.0303669912167,62.2577726291681,224.0,236.0,65.23588079788513,68.10682439873125,131.64379522916107,68.98188462808459,-0.23124104404107468,-0.26960014184019476,0.5307781649245064,0.16714732035568372,53.48807144165039,27.521350860595703,1.2726538181304932,5.062559127807617,-2.094989061355591,14.827205657958984,0.11867668052883124,0.05114518031158836,9.203850570682242,0.3923869075141975,0.09637809576012049,7.165032496410161,2.9623549110178256,0.34610917537746805,0.10128437805388804,0.060803543182537174,0.029141417580172944,0.01590279639060127,0.0132770477292844,0.013681418400111686,0.01268650049137854,0.01626413513890828,0.020369874028410614,0.015992137943357455,0.013669257571696597,0.014299272382157545,0.013889834547559066,0.015426497277676952,0.029079548185532322,0.058250692397033864,0.10492272077347314,0.44960455552040496
WIN_20260823_22_09_15_Pro_jpg,C,146.12650792648267,61.500879454141476,227.0,236.0,68.48576169930303,71.00853112927122,128.63797132571213,66.84664029073713,-0.17013524143570996,-0.024491230951976077,0.5316959840690342,0.21305508371754428,52.21548843383789,26.79363441467285,2.0011351108551025,5.0401716232299805,-0.1632123440504074,13.935138702392578,0.13441316700411468,0.026712820847756516,9.746278757357898,0.37320330794291356,0.09520023886721006,7.247069544757256,3.0018972585772357,0.3501865305321029,0.09817939978385568,0.056886823763690676,0.02725875596538057,0.0172585462993694,0.013880685174246898,0.014529746711172197,0.015712029262615345,0.019050779953534682,0.02090000653125204,0.017922336541652838,0.014760629612696754,0.014721345951629864,0.014404248257550614,0.017965835460435894,0.030003318951211416,0.05597282999150937,0.1069083049297531,0.44639893793561236
WIN_20260823_22_09_16_Pro_jpg,C,149.01753846153846,60.25456262351075,231.0,240.0,69.6796923076923,71.8067965859167,132.92841025641025,68.10046728282694,-0.2764631458139417,-0.25403169598095304,0.536051282051282,0.15446153846153846,54.40451431274414,27.058271408081055,1.923742413520813,5.841189384460449,-2.1115472316741943,14.72189712524414,0.16968572675687474,0.04179023995686169,9.512718652957691,0.38756729753967945,0.09743115130348648,7.198844160640801,2.9468205132949565,0.3449367088607595,0.10152940331729733,0.0601025641025641,0.02783661119515885,0.017448122352265383,0.012615384615384615,0.01353846153846154,0.014307692307692308,0.017076923076923076,0.018064168239417634,0.016205128205128205,0.014422210203713719,0.01334054443843519,0.014576003446542687,0.017232713434336182,0.02814676527608243,0.05588606453939066,0.10801815431164902,0.4492074261395177
WIN_20260823_22_09_17_Pro_jpg,C,150.07027309097234,64.08138144626743,229.0,239.0,77.11784484172544,72.61015434339802,139.29768738723962,67.22875138835794,-0.3080206005375842,-0.09610650976821608,0.5572412661964901,0.18118183298062837,56.563053131103516,27.037216186523438,2.672091007232666,5.726407051086426,-2.7004683017730713,17.140531539916992,0.14672165524954564,0.036871235552661565,9.925017164844775,0.3768301260962621,0.09216538417289202,7.236669502200566,2.961654418222367,0.3438008130081301,0.10619977037887486,0.05773801202292744,0.026149475271061633,0.015007380679022471,0.012301131704116779,0.013219690380935815,0.014818957080945059,0.01758098648868631,0.017545085977911365,0.01761498671885922,0.013719512195121951,0.014735772357723578,0.01350959587174581,0.016401508938822373,0.028046580285386254,0.0569374383950832,0.11710677382319173,0.4504065040650406
WIN_20260823_22_09_19_Pro_jpg,C,148.78071820536286,63.91382099662163,229.0,241.0,80.71660035092876,70.93680898815549,134.02382949755747,71.1117138737216,-0.22503893016520668,-0.18492429535973975,0.617751530042632,0.18100843802109967,55.03855514526367,28.49807834625244,1.8866659253835678,5.775685548782349,-2.2334764199331403,17.043850898742676,0.15141418678842541,0.04933196812846445,10.542681703348322,0.37016239679389595,0.09272563875531556,7.257810448339073,2.9349920410927366,0.35051068520159534,0.10335813539462343,0.06160406948372768,0.02661985425519814,0.014808916434193246,0.01147091966670705,0.013314537899804685,0.012519920429406445,0.015792821131312806,0.01742557191329648,0.013981430386785471,0.01335419100022482,0.011885023008102171,0.013338895228424633,0.016473795676349993,0.029214514500221084,0.05950006685620754,0.11063274479728741,0.4517800026780443
WIN_20260823_22_09_20_Pro_jpg,C,155.29578544061303,61.08392354160491,231.0,239.0,72.3212355835148,68.8423448945074,139.0721447786745,69.64837135454253,-0.3030780268694814,-0.23871835351212584,0.5711750947657069,0.1674650503470525,56.504493713378906,28.102731704711914,2.7548441886901855,5.356246471405029,-1.1651569604873657,14.187018394470215,0.16832694763729247,0.030378717472118958,9.115935572264092,0.39149145726965867,0.09476913665438749,7.1690709151795105,3.009022787633328,0.34587936259653923,0.10420195177030406,0.05968223243809985,0.026053639846743294,0.015964240102171137,0.013282247765006385,0.013282247765006385,0.01475503383060243,0.018064591078066915,0.02135811526860683,0.018749490502975464,0.013952738124042262,0.013920817369093232,0.014428955734898509,0.016856198080490364,0.028776391945871036,0.059514687100894,0.11624684111844787,0.44481877323420077
WIN_20260823_22_09_21_Pro_jpg,C,143.6368526817238,62.372016307085886,224.5,236.0,79.83290075568613,75.61413305051137,128.1019490343173,68.54589076531806,-0.3587077045975228,-0.3525755692038262,0.565613808856201,0.12080919373092187,52.59923553466797,27.92247772216797,2.043798804283142,4.974045515060425,-3.8435477018356323,12.760428428649902,0.12354376578876905,0.046976215419266776,9.776802043103007,0.37707903633718987,0.09521792699077983,7.179865163206376,2.9580449848653414,0.346208841319697,0.10567864487399314,0.06011176013648398,0.027482612187963145,0.015750662225554754,0.012682706153695659,0.013132425501819672,0.012272976318420052,0.015471546703032113,0.01617704413604794,0.015763180201644092,0.013793686167390278,0.012882319609796706,0.012885321855817207,0.017280879250757882,0.028153003642242717,0.06208149229118036,0.11447218947182179,0.4458162212440866
WIN_20260823_22_09_22_Pro_jpg,C,143.39532007440218,64.923132904944,229.0,239.0,79.78903179737297,73.82318885298554,130.46366178090796,69.90771059518704,-0.2057118561733287,-0.16570191764527456,0.5998859494204853,0.1940913567605963,53.13643455505371,28.236595153808594,2.5481972098350525,6.195860862731934,-0.101584792137146,17.348888397216797,0.14480284474200922,0.04717034842654294,9.937088162154264,0.37345287096308893,0.0908239260581612,7.253657617183114,2.9325657130749088,0.34812749834140677,0.1049312248159419,0.06361852597502693,0.02487437230152964,0.014544541372930694,0.012285745248122062,0.0131026602726645,0.013201351519594959,0.016349684542575287,0.01843382118994591,0.01669563438816022,0.013357967721020967,0.012006328916761616,0.013191919768326425,0.015918815399610292,0.026142587911531654,0.06217664487476074,0.11914585681291064,0.448395245705311
WIN_20260823_22_09_25_Pro_jpg,C,150.2863849041205,62.32543374185926,230.5,239.5,75.11420487046871,69.95064564091842,132.6181733136392,68.9016933130739,-0.24784754704163947,-0.23201053386434817,0.5766793255183364,0.1562457594048008,53.86467933654785,27.565584182739258,1.0385432839393616,5.203550815582275,-1.393349051475525,15.499922275543213,0.1586196242962819,0.05828515972903585,9.339681823342701,0.392519496541366,0.09569056586843837,7.175889134879951,2.9621370168468273,0.34438932998290395,0.1042734081216585,0.06178708790515107,0.027234704514009868,0.016040542654354742,0.011746570240260577,0.011698124608419729,0.014186868136190283,0.015530461551694628,0.017207507599053328,0.014853808311224195,0.013765627642494801,0.012871919159052694,0.01296604463100447,0.016660304027291344,0.029356997782348307,0.059372211105153165,0.11434146929970973,0.4431845920266534
WIN_20260823_22_09_27_Pro_jpg,C,148.2950088129607,63.8023905359336,229.5,240.0,77.69551812853825,70.08449146127036,137.56032942045874,69.78316200821668,-0.20094720301008534,-0.19336022713856676,0.5821792419816855,0.15941886006786354,56.03615760803223,27.913451194763184,0.9029794335365295,5.232998609542847,-0.6815253496170044,16.18635845184326,0.14960626670020669,0.060942361339174037,8.944143547809247,0.3917897280001458,0.09408305294250408,7.1924072597477515,2.900907914628139,0.3507201975658951,0.10397651171868624,0.06237938128211934,0.025837526243616196,0.015557168996402408,0.012155431462441055,0.011806246895577042,0.01265408838917782,0.014585894509938207,0.014802113238509102,0.014805739728046507,0.012546797169333164,0.011626339918633866,0.012538468237071537,0.015565143968762421,0.028514829879300957,0.06126736266652508,0.11715539264889452,0.4547484968802823
WIN_20260823_22_09_28_Pro_jpg,C,145.98918010666677,62.999391134256264,228.0,238.5,78.90041177331449,72.34128314706618,129.1746623682385,70.16495514706509,-0.17969614665002442,-0.199776336878902,0.6079567578075977,0.18024175987649455,53.04975891113281,28.14878559112549,0.7003152668476105,5.347198724746704,-0.6971696019172668,16.4414005279541,0.13381469249623948,0.049069824234818996,8.82217125780426,0.39374006340998513,0.09431866978655168,7.204188736710586,2.93518799086612,0.3539012732682475,0.10265152998261268,0.062461790870553646,0.02713225421032993,0.014531595593375909,0.012130277880876561,0.012894336892355786,0.013014914863002904,0.015821903394230088,0.01799460941585381,0.015852753244197472,0.013658041608584115,0.011688577276350495,0.013250680802581884,0.015217490664019295,0.027913347287142832,0.05732565986191328,0.11579009667281784,0.4533986231659143
WIN_20260823_22_09_29_Pro_jpg,C,143.6343188843228,65.21213148472779,225.5,237.0,86.71314379071822,77.0021296854326,128.46493093136525,72.62331192320667,-0.3020946554112358,-0.28586901802902165,0.618607628610675,0.16007745528779893,52.579111099243164,29.086217880249023,1.796221375465393,5.366051197052002,-4.000155568122864,16.059831142425537,0.13458377816596523,0.041154362632621046,9.740709800704469,0.384340188815027,0.09342343827213741,7.216435048343242,2.91590829703809,0.3489175872535609,0.108745998125932,0.06014125023407317,0.02507324783649715,0.014281394809194659,0.012434970018636742,0.012102073951736205,0.012417413938466834,0.016088720069442113,0.017433397798679084,0.014777987096875979,0.012653804411735829,0.01064622995582282,0.01194025757218314,0.013744227098925865,0.026870542518784166,0.060120450957459756,0.12432109147178816,0.45319692293167846
WIN_20260823_22_09_30_Pro_jpg,C,145.23933500776855,62.97863558586483,225.5,238.0,77.14953105173694,73.13605179675713,130.93552840822628,68.60008697716097,-0.306957923968342,-0.2599306425790062,0.5581098422274893,0.12368996743996744,53.52001190185547,27.518110275268555,0.31792202591896057,4.809481382369995,-2.5540138483047485,14.733222007751465,0.12724974691253527,0.03986987935555844,9.018835940409748,0.39494547790617796,0.09315603354525398,7.205341618248756,2.950916435294648,0.3553814475357132,0.10461802270577106,0.06103796559094572,0.025390689933402533,0.01600074914800479,0.012716830517877638,0.01216648784188656,0.012756820021217927,0.015943967317012635,0.017477049979390397,0.01453760124575977,0.011851107256736396,0.011785976116127025,0.012912884921524103,0.016266668459461807,0.029315793622512184,0.061383939099907685,0.11379408853328873,0.44920493056991206
WIN_20260823_22_09_31_Pro_jpg,C,147.01113852622575,60.189651422485554,224.5,235.5,73.02841644873868,71.22929107383686,130.16230846778328,67.37691638189418,-0.1920994055878612,-0.233046064112853,0.5485898113797821,0.1481981692445664,53.244747161865234,26.73801040649414,0.36980999261140823,4.309118032455444,-0.8601305335760117,14.772357940673828,0.1250268640157867,0.04813036684349262,9.261595669675447,0.3937494155161041,0.09516542005640569,7.157678788792856,3.0140083233569372,0.3526371551097962,0.10261677820870173,0.06040042712753092,0.026577866245854502,0.014926853686198255,0.013281851984824341,0.01216406615051711,0.01602707441787581,0.01741597200638003,0.019504629284562695,0.017074292268688646,0.014952050728756442,0.013419908490626534,0.013149016553486012,0.017257370837435025,0.029518933616972,0.05781213700976549,0.10666155506372585,0.4472930326552146
WIN_20260823_22_09_32_Pro_jpg,C,147.6949562223898,60.547486077358684,221.5,234.5,77.62445129777981,73.92098968404463,129.51198132774303,67.35004939674515,-0.14139025481427248,-0.17506218352944025,0.5668513952013607,0.19060042560971824,52.97374725341797,27.000937461853027,-0.09447755105793476,4.544996738433838,-0.13952204585075378,16.78259515762329,0.10876249219736911,0.030726611937947308,9.247110549201917,0.39951043901108524,0.09656907544547914,7.135070477795749,2.9960137110659297,0.351877037661225,0.10308949691858062,0.059348837784354555,0.02874990567344187,0.016163813672640134,0.0134316398218678,0.012924090242757622,0.01375370593365723,0.017533950632194675,0.017732849039834152,0.017236638290153785,0.014312695816959351,0.01284958715069838,0.014091888758628612,0.017005237747621645,0.02835766510802304,0.057993603302461186,0.10775267669262091,0.4454900190439986
WIN_20260823_22_09_34_Pro_jpg,C,153.0708779021992,59.726471597382,226.0,239.5,72.36689506276008,70.55892063186973,135.7645996114152,67.41615273064018,-0.18962801699539336,-0.19366192407784205,0.4887881059934292,0.1519643314644794,55.38337707519531,26.87596893310547,0.5869091153144836,5.14225697517395,-0.5068098306655884,16.559931755065918,0.13433172235453605,0.0494575947305641,8.130504063784045,0.41474360470239674,0.10107880085048047,7.093059100901308,2.9823606156102573,0.3567596032073055,0.10288741317369812,0.0583170649235288,0.028029619750164728,0.017631822479731225,0.013083368568001328,0.013518603632672073,0.013512045974023161,0.014974496555139348,0.017290824281503376,0.01593009971857187,0.014638338355068392,0.012731994100815394,0.014693873616907167,0.01900751514599717,0.02828046219019218,0.05952376431882844,0.11236930328142045,0.4483922967571121
WIN_20260823_22_09_35_Pro_jpg,C,137.106349768654,61.0586571491413,217.0,232.0,76.73259335050693,72.30568384517142,123.81852158820763,67.6367605612774,-0.19560139122643652,-0.11552949777088539,0.5778641065910435,0.19861030292909257,51.168148040771484,27.07123374938965,0.5681159943342209,4.829859972000122,-1.1980734467506409,15.865275382995605,0.08953414338642371,0.03279189964260086,9.020532908293024,0.40539210600659,0.0965735287088934,7.141061895521153,3.008763247439001,0.3429091986158862,0.10257253249593967,0.05923424907323151,0.02925824515890086,0.01670722484736835,0.014302487944131942,0.013496986478089987,0.014767556677564943,0.016808632377966364,0.017887369761155004,0.016982701154018832,0.0150213895539991,0.013541669821975735,0.015343014459007365,0.016155112170295798,0.029905403842163614,0.05529047169259041,0.11530001119821558,0.4396534231195345
WIN_20260823_22_09_38_Pro_jpg,C,137.00939226519338,60.49860334772707,216.0,230.0,79.21084670724959,75.39018286259584,124.48364640883977,70.26183246629353,-0.2732549061308468,-0.15586031069811584,0.5646790260099612,0.1742843279961184,50.9818115234375,28.00409698486328,0.5121530890464783,5.155923366546631,-3.193359851837158,16.44017219543457,0.08696132596685083,0.034518539014941896,8.124229579948098,0.4216705403468226,0.10255500265346565,7.057127034173871,3.0094329106196027,0.34566961815163255,0.10348071495766697,0.05851528384279476,0.0269771955361475,0.01580110497237569,0.01292817679558011,0.013149171270718232,0.01521164021164021,0.015623483745754488,0.017592592592592594,0.016532927504150526,0.014250138350857776,0.01383508577753182,0.013973436635307139,0.018054786939679025,0.029350893697083727,0.05889502762430939,0.1196043165467626,0.43941798941798943
WIN_20260823_22_09_39_Pro_jpg,C,145.26633366416888,58.10015215883794,218.5,233.0,82.06260285382353,75.0232828023642,125.99966333428083,64.18251643981846,-0.05710951776760273,-0.11506333637024073,0.5967277809110754,0.24648865744153714,51.774051666259766,25.57364273071289,-0.5477707535028458,4.861530303955078,0.4463233947753906,17.10256576538086,0.09367200034062548,0.029333154794265327,8.058430288080354,0.4069993707438088,0.10146266402409218,7.043075845068966,3.015367929695989,0.35166211817483195,0.09925098704337934,0.058243035017938705,0.02794993440291804,0.016859413085598886,0.013267415754401178,0.013405865778911636,0.015044687900152062,0.0166649597276933,0.017585312277967946,0.01631739973370027,0.01619733747000446,0.01403000333099977,0.015060362366556168,0.019036992086272,0.03015175943041868,0.05743952910354315,0.10870155743591518,0.4448943313246754
WIN_20260823_22_09_40_Pro_jpg,C,149.9415353419909,60.69981891745199,227.0,239.125,69.41236411396736,68.36413100033545,131.16520482929565,65.92690370477486,-0.14417798939009674,-0.17176555405256974,0.5301837967239871,0.16600509653109952,53.533403396606445,26.349300384521484,0.7706505358219147,4.357394695281982,0.8698995113372803,16.061805248260498,0.13866276978730901,0.0402724121062018,8.381475765330434,0.4098182951183974,0.10178837004150412,7.073719895605729,2.9844845625535044,0.35045692065509837,0.10009898729174681,0.059470208802645454,0.02916094571274156,0.01631452744511852,0.012423005924697266,0.012312694092570733,0.013989150834907114,0.01730762394544786,0.01771272970351535,0.015065031049273068,0.014520220226370239,0.014650684258623894,0.014746328427072852,0.018468004012320897,0.030019406046419568,0.057753116294367184,0.10443066651960227,0.4476809168815763
WIN_20260823_22_09_41_Pro_jpg,C,147.21296414257503,60.82178781987281,224.0,236.0,69.58375582368438,70.0346170314854,131.8003819284427,66.50474927319497,-0.2103214107311524,-0.2257011787892521,0.4782109811916738,0.1450530522824691,53.81581497192383,26.421935081481934,0.3782030940055847,4.466102600097656,-1.247925043106079,13.971754550933838,0.12091181304300702,0.028236418339486646,7.706071280216969,0.41337402712834964,0.09956448737436384,7.095425135595018,2.963652505633984,0.3482727243304244,0.10277939028151642,0.058110737428364284,0.02932465603275708,0.016229687083443356,0.012974432793421978,0.012078386176805872,0.013083978417629552,0.015114937573140254,0.015158179922494415,0.015581269483658289,0.01296580274053171,0.013065898805888938,0.014693590208847938,0.018272902988490766,0.03005106714580467,0.061503963400754084,0.1116614430963479,0.44586692452178467
WIN_20260823_22_09_43_Pro_jpg,C,137.47898946664907,60.88379233392038,221.0,234.0,75.0286964021773,71.16151853774514,124.11160421825943,68.51102704549407,-0.29717135073830286,-0.3552354084971635,0.558590359490476,0.11892164999366064,51.10832595825195,27.488518714904785,0.09630462527275085,3.907123565673828,-2.832722783088684,14.29901647567749,0.10679209783783822,0.03789422813251714,8.444565074265046,0.40311390807400865,0.09726489095042551,7.076072219853371,2.950865917021917,0.3437392630100363,0.10757479309777915,0.06068305975148698,0.027472556951488522,0.014166542806183114,0.012032161259271843,0.012393925829809888,0.0132420056401888,0.015259550309987647,0.016058505271613774,0.01517588507702259,0.012561069663947438,0.012405195125668624,0.013048996547501128,0.014312582869959272,0.028783675437984657,0.061667485057856235,0.11746939867547083,0.45046206010069145
WIN_20260823_22_09_44_Pro_jpg,C,141.85650121804588,60.25754595814173,224.5,236.0,74.95213307055499,72.16117944215281,126.97669944984196,68.39191298825816,-0.22807562385146066,-0.2905339382826455,0.5410608812859459,0.1424678244613618,52.210214614868164,27.41844654083252,0.39219190552830696,4.556120872497559,-1.5469051599502563,15.237438201904297,0.12332016473288852,0.042313618114233884,8.1875153232866,0.4124196692755302,0.09944884354568187,7.062770312730734,2.964173944031719,0.3446384760005137,0.10465136345079921,0.06106251657985573,0.026887704132792085,0.014365637074025363,0.013284515098020769,0.012419020898924528,0.012759514075846027,0.016921835713531654,0.015331336231499104,0.015044506937085905,0.014738758873490307,0.013502690467433156,0.013938225316791675,0.014384437340528324,0.029946567618026335,0.05750613301228523,0.11576826079925526,0.45191768393100495
WIN_20260823_22_09_45_Pro_jpg,C,140.80770909470834,59.21940000063513,221.5,234.0,78.7603755156716,69.32046219560662,125.69241047405441,67.50394421284444,-0.24174225958082735,-0.277264187651961,0.5872950940240986,0.15224070582301802,51.806100845336914,27.026275634765625,0.6229515913873911,4.560164451599121,-1.5358545780181885,14.736572265625,0.10568072313278601,0.04692933266088025,8.847652540801077,0.4079190406519301,0.10047458924033195,7.0246819128609435,3.0069171638262606,0.3469354911938962,0.10134360407336082,0.060035654750660444,0.02746904099602308,0.016114157359895992,0.013313326311843655,0.013649811919519868,0.01437966325941394,0.019043751267473236,0.017161979773512227,0.01627577587888255,0.015310082108634479,0.01489791019112509,0.014162127010177048,0.017413840366294075,0.029310619091785443,0.05923835177879714,0.11132853096472677,0.444929213745318
WIN_20260823_22_09_46_Pro_jpg,C,149.52216121278232,58.51075617588495,225.5,237.0,75.45391464884862,68.1930481867512,134.2097821497877,64.63475714517085,-0.06434951050882891,-0.12660807179253847,0.5593115122692116,0.1921033335685585,55.04955291748047,25.807263374328613,0.46996665373444557,4.81573224067688,0.6401817798614502,15.404086589813232,0.130814819862606,0.07465552897507566,8.071203589626341,0.4130090586269921,0.10054052954887072,7.019047713834392,3.0197177350125113,0.35224259538908376,0.10013207845546847,0.059032062524138465,0.029634032097547558,0.015815864830515107,0.0146691172573201,0.014354975565494001,0.014903876433288832,0.018311728803897136,0.01856819234552802,0.0182974624694981,0.0153814456290885,0.015005127088791438,0.015143440379130905,0.01781333947253099,0.028244570810515547,0.053765972581051966,0.10325644846374468,0.44049717577665104
WIN_20260823_22_09_50_Pro_jpg,C,145.835745875123,63.50373286042142,227.0,239.0,78.42083374134754,76.34447880645854,127.98611025775585,70.93894984739484,-0.2635327436398573,-0.338339128072632,0.5504775207641706,0.12625183109523094,52.34699058532715,28.35343647003174,0.8241456151008606,4.375094652175903,-1.551815241575241,14.505745887756348,0.13323771267303036,0.06316822065550255,8.561528722940059,0.40408064054836074,0.09721851272911142,7.125666124166989,2.9521484365459676,0.3453390651713688,0.10487892927331752,0.06101449589182817,0.026916852344478118,0.014789977888023522,0.012419047908470383,0.012533472878848028,0.0130956488264944,0.014913935902052575,0.015726823345247415,0.016038110361254465,0.014574500694905318,0.013327125963886584,0.012712878953946188,0.015678986449637118,0.028464950644118747,0.060896732427989805,0.1166350351694145,0.4427132712829977
WIN_20260823_22_09_51_Pro_jpg,C,146.8533666294049,63.819067223601934,229.0,239.5,69.02463820781753,72.14844897735688,129.85251177097774,69.67412544750226,-0.3505192714973273,-0.3028395722901488,0.5055756820870535,0.11778899705557161,53.2332763671875,27.663535118103027,1.0806946754455566,4.764286994934082,-1.8050372004508972,15.546594619750977,0.1452394395633853,0.058180856415604526,8.048482869683493,0.4180792708215271,0.10102300047097965,7.041881494687375,2.9978163711655954,0.34356831447166036,0.09922659700484165,0.05931977663475632,0.026209823159682673,0.017538042024622204,0.011439549159005656,0.015908115088744325,0.015115925835442788,0.015545496458359528,0.019121584335093447,0.0165761143280971,0.015820545160321407,0.013091591045747813,0.014624728302593027,0.01631927601144347,0.029954021010985384,0.05760480663161342,0.10812185684238629,0.4403586610032776
WIN_20260823_22_09_52_Pro_jpg,C,149.57422873275357,62.658355957900866,230.0,240.5,68.4224369573733,67.4124223007041,134.06143565884577,68.96753632362558,-0.23765372678395788,-0.18597713557730366,0.5056138468530895,0.14977892532788675,54.867544174194336,27.610441207885742,1.091441661119461,4.441235780715942,-0.6354849934577942,14.607177734375,0.15388562148890628,0.05873119156566535,7.711437188581294,0.4189506764099711,0.09880712937008354,7.075463684584136,3.014417682150821,0.3536328122300899,0.09956196128302953,0.05601180439361561,0.02780019739313544,0.016886448169767317,0.013683325383624892,0.013825741488614162,0.01489478847710555,0.01630831446661107,0.020002008883350273,0.018505241788133644,0.013677127209254871,0.01475438430701612,0.013866014497678786,0.01814610802722489,0.027732759578550217,0.05819480934868429,0.10578888515020565,0.4434240508574867
WIN_20260823_22_09_53_Pro_jpg,C,142.5910952733018,62.750165465780746,225.5,236.94999999999982,72.3901328584935,73.36344828969456,129.7024460356816,71.08302831020413,-0.3421221986812655,-0.4076226498220915,0.5282305222662538,0.09732574281635156,52.983232498168945,28.553255081176758,0.8040726855397224,4.641332626342773,-3.0070912837982178,12.941209316253662,0.13190544159218362,0.03823870217062364,8.15159465102796,0.4082452767088899,0.09915618436996414,7.119294803033082,2.9301896956273197,0.34050299258765937,0.10198205303589322,0.06137899397740791,0.025042692786423626,0.01490573221584586,0.010819394807151597,0.012019528640195058,0.013051340588776997,0.015725579027843863,0.015851668294842167,0.015970308762274215,0.012576286644678188,0.011812443589524501,0.012111739687487709,0.01567963126935535,0.027779727790048156,0.06039811006696969,0.11624230601437016,0.4488133977179913
WIN_20260823_22_09_57_Pro_jpg,C,146.6375274600409,66.401288562013,225.0,236.0,85.46501661710687,77.54178485398944,126.59040981743807,72.60383455128994,-0.2921587798848438,-0.2974598905202776,0.5973412629001225,0.15348959244358928,51.57850646972656,29.017972946166992,2.741438627243042,5.8417229652404785,-1.031167984008789,18.391746520996094,0.1305961669570487,0.04626735025634613,7.9843352040134725,0.4055255697024792,0.09759571624056489,7.1136877552668,2.940563185398373,0.34701916521475645,0.10429904015141274,0.06313370285250777,0.026412454084309953,0.014892685063512922,0.012419100927059647,0.0118967148844126,0.013181019332161687,0.013483826982804334,0.014923111885463223,0.012802060449965912,0.012499053102037725,0.012271797591091585,0.012156725555361203,0.01576872536136662,0.027270661313536854,0.062040754488296344,0.12431011826544021,0.44769984257477696
WIN_20260823_22_09_58_Pro_jpg,C,147.9451639901132,62.002398263509036,226.0,237.0,81.76157417084274,76.96628916245237,128.417129887922,68.36048577023473,-0.1725508454918387,-0.23172439397920208,0.5655247974003144,0.1677655550309221,52.34999656677246,27.744728088378906,0.7826137244701385,5.162823677062988,-0.6261086463928223,16.594258785247803,0.13317312082005356,0.045336472551428614,7.5315771401413105,0.42311062295163365,0.1027604998762626,6.978687016092467,2.9981699606667083,0.34908629630588406,0.10167516034558415,0.05956056323230915,0.026415625399775697,0.014715360806682398,0.013113163765820921,0.013583273269103652,0.014270694025860887,0.017442288597980003,0.01823886346413872,0.016697119099270442,0.015435261436159538,0.012702982682278124,0.012591354881240822,0.015542609285587223,0.026200745189791146,0.05947797824770648,0.11732432471380291,0.4494334138371049
WIN_20260823_22_09_59_Pro_jpg,C,148.57714471194708,62.94025567642945,226.0,237.5,78.5785132959723,75.47261671445901,130.67910322348837,70.32505956803338,-0.17038893426938728,-0.2193655962037821,0.5555811932086834,0.1742397014060717,53.27257537841797,28.234455108642578,1.3781479001045227,5.083967924118042,-0.16551661491394043,16.08989906311035,0.1296533480794086,0.04091515361172161,7.443981020866484,0.4153957034675899,0.09953855066048971,7.051891169798266,2.9761889820865033,0.3523793571989188,0.09978856376357656,0.05988737026511057,0.027272640793720052,0.016115122804831038,0.014053424000163454,0.013157755702586054,0.012734978240907094,0.015653089115539708,0.016757833734118318,0.016179342835469318,0.012469495809416758,0.014058284271723006,0.013420841646602361,0.016760850477998496,0.028458565254887665,0.06051102847388899,0.1117450503296415,0.4452890346308216
WIN_20260823_22_10_06_Pro_jpg,C,144.46575988468555,63.816666753787935,227.5,238.0,71.76999220462778,68.8769052627459,128.7388884429101,72.37544328907643,-0.25270496554479527,-0.35269340863972115,0.5375064040934042,0.14825357913246445,52.56201171875,28.75471591949463,0.48812003061175346,4.90730881690979,-0.7419818043708801,14.286335468292236,0.13899848874182869,0.05935157618225316,8.020735374796544,0.4068246621597614,0.0979344337230201,7.133143729359064,2.990040571435376,0.3390763909821113,0.10198416666532314,0.060252457088188736,0.027659648580621136,0.01740180010809487,0.013400965628586118,0.012625452991949192,0.013267824965866155,0.014915583206188382,0.017651067078335154,0.016749749430909955,0.014762172116683667,0.013274892706612852,0.013791488929809756,0.017022084969367822,0.028079386258386733,0.05834573050779496,0.11377047294361498,0.4461394465320421
WIN_20260823_22_10_26_Pro_jpg,C,145.23226431008996,62.77245013932013,225.5,237.5,83.43451274889372,72.64120387798718,127.67564218593341,72.47148607311767,-0.2076434571289038,-0.3504654374539832,0.5847334174172409,0.1723380191560756,52.22059440612793,28.844109535217285,0.6862680166959763,5.1165149211883545,-1.425723373889923,16.007954120635986,0.12923841786568052,0.04790821321415234,9.210660967408893,0.38760312994051976,0.09431577300736488,7.199262677714127,2.8994995495224467,0.34907164336674,0.10673499001438896,0.06329302946705191,0.02600310621447709,0.014717381132559087,0.010890640612955261,0.011455475649708929,0.011658877471702281,0.013255516592630672,0.015308286492248835,0.014288443561342002,0.012304487281043462,0.011911531664728347,0.011994547169350106,0.014373283311144666,0.027653274781417304,0.059880944694479576,0.11836499089017002,0.45146122012706136
WIN_20260823_22_10_28_Pro_jpg,C,145.8041297667037,64.67141686450285,226.0,238.5,85.54464276963984,75.30819488839768,128.22093099296495,71.7473619424901,-0.18736809162547113,-0.2971671783789726,0.5827504953180218,0.1789843331945002,52.490888595581055,28.809741973876953,1.03492833673954,5.5881688594818115,-0.0273040309548378,17.13103199005127,0.12721751537177345,0.046189991495615944,8.308986243268338,0.3989227447294885,0.096347085335965,7.1648657706674745,2.9552194395906475,0.3494799736321884,0.10522973250333115,0.05991167461605924,0.027951135650435038,0.016042272075166175,0.01099963127375109,0.011854979334265197,0.013630948731187283,0.016082088348805097,0.01718925932782863,0.015662580230549793,0.012113961538753323,0.012762000915529812,0.012070809762776568,0.015904835007087118,0.028186187356862187,0.06096664900049584,0.1174787179847609,0.44586247861892203
WIN_20260823_22_10_29_Pro_jpg,C,142.42117396077072,63.28429679991291,225.0,237.0,78.87531789943048,71.15040413963163,128.46424181054522,71.47094325318734,-0.24915237468380233,-0.3304356026983829,0.5661293793018263,0.1417600318766526,52.488576889038086,28.63962459564209,0.837136555579491,4.912792682647705,-0.9304294884204865,14.511727809906006,0.1264057907483714,0.04028827434054673,9.081539070023275,0.3896372383596097,0.09492182019158578,7.1921351002973575,2.927603872413778,0.34835247435033184,0.10819170389570829,0.06231919745972456,0.026782121897698193,0.014640101727779723,0.011515518682156889,0.012079529237148098,0.012479201586091653,0.014447787878496248,0.015288065679485187,0.013703580666657349,0.012992471972534952,0.011793644780800723,0.012703927618975415,0.01593722649600554,0.02672290938131816,0.060968914872144855,0.11617906651355472,0.4469280000446232
WIN_20260823_22_10_30_Pro_jpg,C,150.22793236321252,62.912445232960785,229.5,240.5,79.21463919925358,72.28858501002696,137.44341762440342,71.03046591461887,-0.051158294933658637,-0.2241778711863402,0.5582971195008799,0.1848489162848798,56.09698486328125,28.32460117340088,0.8805420100688934,5.211702108383179,1.2929299473762512,16.035687923431396,0.1560140976769565,0.05556801829781041,8.297594802346941,0.41593432103763295,0.09952256636998652,7.080385022167398,2.957174693513575,0.34642521134760795,0.10102419302374398,0.05862815597176396,0.027834481944396097,0.015761335021068548,0.013098578522441992,0.013200344453301196,0.013349797488694581,0.015704252091989158,0.017380567434277547,0.015478544022235818,0.012411659477394844,0.013263114971989834,0.014024130574869804,0.016803919793035298,0.028780302586633173,0.058637611259876425,0.1104820853774679,0.44827251494170106
WIN_20260823_22_10_31_Pro_jpg,C,147.44049567199778,64.16011474902031,227.5,238.0,78.74442402675143,72.49295342937587,130.3719447819349,72.1280663681593,-0.1708058581912852,-0.22763095171102646,0.580718471982324,0.18100950322203727,53.243751525878906,28.87958526611328,1.1071339026093483,5.227578401565552,-0.736357718706131,16.340089797973633,0.13916489959043865,0.05857314196454885,8.998516830826002,0.4047148909301011,0.09744885136294897,7.148445316680837,2.952309857372698,0.3508628815436935,0.10542787625976671,0.06040104606613349,0.026871345647202102,0.015630217800451037,0.013020689687122146,0.0119861953398926,0.012530411193324743,0.015226163697786553,0.015684046289745866,0.01505702476623004,0.013869378853963003,0.011886321081282528,0.01304002353417165,0.016688515046273063,0.0280737884523094,0.061388416877580745,0.11390683835246558,0.447577221869822
WIN_20260823_22_10_32_Pro_jpg,C,143.94999292133724,62.67252222381206,226.0,236.0,76.61025861996657,69.27427400362873,127.68029412105372,71.82521701861577,-0.15501683368250385,-0.2594325914532239,0.5654720112443083,0.16612604197393094,52.46442222595215,28.7538480758667,0.6919890977442265,4.762258291244507,1.3159899711608887,15.332568168640137,0.13201808813138766,0.037146491281932786,8.210672669492372,0.4134930934007185,0.09990852548574844,7.080081966103997,2.9616710297107427,0.3512713666273328,0.10358006919190736,0.060869036546376445,0.02857122109335758,0.015162075632381623,0.01247012813376025,0.012565128310160292,0.013560096936537189,0.015707601153693046,0.019041888994248343,0.015675404599099624,0.014422315899904928,0.012961234293385917,0.013642864026816543,0.01670567329473,0.029945831893303753,0.059661247940565806,0.11155077655105866,0.44284002770196706
WIN_20260823_22_10_34_Pro_jpg,C,148.66103434662455,65.00991129425918,233.0,244.0,58.38783132530121,71.57731902573124,128.35500100623867,67.15101622187662,-0.32539479410866734,-0.21795142689151392,0.3978681405448085,0.1621002763521516,52.402278900146484,26.45622444152832,2.1026525497436523,4.289774417877197,-1.9471185207366943,11.109033584594727,0.16999605211212002,0.0681476846057572,8.010028981924865,0.4021127951400413,0.0977701412788678,7.083455085029398,2.9339736787062107,0.3455421686746988,0.10590361445783132,0.06346011940699,0.026626506024096386,0.017765495459928938,0.01216867469879518,0.013012048192771084,0.012891566265060241,0.013738649822345045,0.016336157945313182,0.015200489211147026,0.013422818791946308,0.012667074342622521,0.011369917094354521,0.014844058428740623,0.030361445783132532,0.05740228977497039,0.11686746987951807,0.4518147684605757
WIN_20260823_22_10_35_Pro_jpg,C,143.768412784726,66.82816780919576,229.0,240.0,73.33876261091528,69.42110660928604,133.48346999529952,72.82475297343183,-0.31763561017997827,-0.37219092171263385,0.5327579919776346,0.13333681516686688,54.56610107421875,28.907466888427734,1.7755694389343262,4.458719730377197,-1.4690189361572266,16.400806427001953,0.14326004073745235,0.07380240365626586,7.855710633648677,0.39899708422274915,0.09562576805504054,7.098540416088137,2.8710568803957788,0.3483608869830164,0.11050691801099631,0.06096308380158299,0.02544715905885008,0.014218811713592508,0.012526096033402923,0.010331702011963024,0.011660926832215576,0.014101425810831984,0.014983988882846957,0.01274847441242221,0.011419249592169658,0.01081505649205486,0.012430145714733378,0.01470766986750942,0.02647934402256228,0.059957173447537475,0.11365017624893643,0.45607402809908026
WIN_20260823_22_10_36_Pro_jpg,C,141.65111572959964,67.074015060114,231.0,242.0,71.05592558566835,71.44787078291122,131.13056959118052,72.48966242036278,-0.2968213182420462,-0.4961789674075732,0.5269866789159394,0.11087505741846578,53.55300521850586,29.164766311645508,0.9983105063438416,3.848327398300171,-2.7326512336730957,11.145971298217773,0.14767009407131917,0.12169109604025377,8.019996021434263,0.40131212843673325,0.09636423957956892,7.094522397257078,2.8980571666806303,0.35014754189633096,0.11096264127832527,0.0634474046853468,0.024994530737256618,0.014928801102434544,0.011795543905635648,0.010391599212426165,0.012579304309779042,0.014329468387661344,0.014438853642528986,0.012230133210840606,0.01312623058411726,0.01339481774264383,0.011868300153139357,0.014141751572852291,0.026986678915939366,0.06356224161690399,0.11759301791456132,0.4513782542113323
WIN_20260823_22_10_38_Pro_jpg,C,147.71736810906935,65.4550559089724,233.0,242.0,70.88183041722746,75.36950495930479,133.58328393598103,70.96053254358328,-0.25284458823043926,-0.4004561843634644,0.4493943472409152,0.11503287733353489,54.55226516723633,28.104074478149414,1.4496004581451416,4.717099189758301,-2.685899019241333,11.51812744140625,0.16223438925824535,0.1328398384925976,8.432707933035541,0.4060637501105558,0.09700806726949376,7.088571171406381,2.933905363017767,0.3523414344991109,0.10634262003556609,0.059892328398384924,0.02679312388855957,0.015174976772994736,0.012645813977495613,0.012123582323034806,0.01349237387563551,0.016123295791345586,0.01602297634343587,0.013883457176378568,0.013604413876502155,0.01329683222526398,0.012253943423282492,0.016285329744279948,0.029266026633632702,0.06038848159625123,0.11830417227456258,0.44523588314235574
WIN_20260823_22_10_40_Pro_jpg,C,142.95752674145578,57.82774613957116,213.0,228.1999999999989,70.23329035031162,70.46850401972026,127.48932950691365,63.78787267900045,-0.37863452052437874,-0.25481233705777223,0.5025789813023855,0.13731625673118905,52.08354568481445,25.587356567382812,1.1746796369552612,4.12980318069458,-2.2862887382507324,10.995406150817871,0.07937925644747125,0.023780283577090545,8.329126924811568,0.42371385338880074,0.09870147659469272,7.080739478284854,2.942090975241225,0.3438641736514077,0.10616806361487213,0.061292843586022105,0.029139220721223623,0.014399312271652698,0.012894906511927788,0.013217279174725984,0.013098530053849512,0.01570507521904447,0.018086412861449144,0.014382542569019673,0.013776381771091641,0.012894906511927788,0.014296895382207148,0.01665592091124006,0.027132794156013565,0.061442662699068715,0.11562744586485782,0.4457138698879348
WIN_20260823_22_10_43_Pro_jpg,C,141.00380260267028,66.38429630558917,229.0,240.0,73.21764773910027,72.00092807189417,134.3631063038702,72.63848885655071,-0.25100971796172616,-0.2522243543916181,0.5381057013993292,0.14409621834162137,55.29704284667969,29.114810943603516,0.32154035568237305,5.197047233581543,-0.7013864517211914,15.84331226348877,0.14439315775183276,0.06733641053489003,8.295846385927312,0.42081303803151426,0.10660937435832223,7.030464965184484,2.9492348770795993,0.3452064299757141,0.10477622296750318,0.05865921787709497,0.026830114490574767,0.01700011564704522,0.012869942981265273,0.01260552792876142,0.012847813742191936,0.015801926652019606,0.017177739920499716,0.013344690516751846,0.01368936961297955,0.012721174973979415,0.013993292471377356,0.017578350873135192,0.027966331794732555,0.06060276948140103,0.11939239068710959,0.444633730834753
WIN_20260823_22_10_44_Pro_jpg,C,140.7361275088548,66.20074003329762,228.0,239.0,65.82781694348189,67.76175667840033,130.98184200673904,71.67437830752183,-0.22132048951699484,-0.17887868503982268,0.4871549766997252,0.14852002928563957,53.44050979614258,28.73841667175293,0.8406678438186646,4.119955539703369,-0.29054516553878784,11.513057708740234,0.13460119216576782,0.07033778030087993,8.666193219915392,0.415280139101867,0.09874910112345509,7.041438966275358,2.9120806872102154,0.34646608004541585,0.10706177560043016,0.061708770933863184,0.027193808179060766,0.014936073604970726,0.012307324650495877,0.011470904528617517,0.014589838206074368,0.014476298609139937,0.013908600624467783,0.013624751632131706,0.011694578484246381,0.012785279005854942,0.013227363042861198,0.018198933165986822,0.027703661652001135,0.05854940853148524,0.12114674992903775,0.4489355662787397
WIN_20260823_22_10_45_Pro_jpg,C,142.76931152130172,63.81898584574198,225.0,238.0,63.46417636252296,66.13193661158192,133.87665121161754,68.78313427372295,-0.09904282814153505,-0.17152915620007494,0.4871839734056513,0.15982853643600733,54.74729919433594,27.525651931762695,-0.048565980046987534,3.624371290206909,1.8475226163864136,11.166749954223633,0.12251198310179544,0.050280250576986485,8.343879971368153,0.40688533533265214,0.09721407148728126,7.1526789451684,2.9949291762694816,0.35079575596816975,0.1019579169713218,0.05963116418880494,0.028343976904907708,0.01592330814850922,0.013909544221852857,0.01381103257778861,0.014948411731253554,0.015110894467462832,0.017223170038183442,0.014379722154521083,0.014054756682102527,0.013395225464190981,0.014217239418311805,0.018024578971324534,0.027297099683158663,0.058981233243967826,0.11223864928702651,0.4487306297395318
WIN_20260823_22_10_47_Pro_jpg,C,150.6689587426326,62.418491348093546,230.0,241.0,59.7046905697446,69.42905558859273,142.80979862475442,67.14145696130488,0.14228712837041146,0.13568559545596354,0.4308934099955772,0.2150049115913556,58.325531005859375,26.68629264831543,-1.2443499565124512,3.3555874824523926,5.26163387298584,11.443639755249023,0.14912835335561375,0.06675097100532924,6.821566907487819,0.42016239515171183,0.0995235589347052,7.036473902467609,3.1155620237413437,0.3532717056371216,0.09540766208251474,0.05782127968098604,0.029715127701375247,0.018050098231827114,0.014181194110739771,0.015348722986247544,0.018488308863512777,0.02066340402392605,0.024926326129666013,0.023304127901725227,0.018418467583497054,0.017161954656309278,0.01680672268907563,0.018575851393188854,0.02885891198584697,0.05573118959443591,0.0947978974080116,0.4389847348929636
WIN_20260823_22_10_48_Pro_jpg,C,143.27914490048673,60.75235962072437,227.0,238.5,63.489122477449584,63.98396653108502,132.76021185496813,65.09921448471623,0.036597218772109266,-0.08170567933831016,0.48431211344313263,0.2047902376747327,54.46919631958008,25.90126609802246,-1.0448549687862396,3.0374772548675537,2.876853883266449,11.85031509399414,0.1369071869874955,0.039452069944718754,8.44117589580719,0.39874829440026927,0.09304933725954824,7.178351267059053,2.9870186892965034,0.35613418450023093,0.0992044396666128,0.05868237869406666,0.027947371722417874,0.016793195697041612,0.01393058442502395,0.013086238382616376,0.013936232747450256,0.01695883856708627,0.019442727291561754,0.015420609973940605,0.015951046889067066,0.014994319891339699,0.0139776300481474,0.01743132573889568,0.030377797385034933,0.058053397504718,0.10579154621991928,0.4485594099227904
WIN_20260823_22_10_49_Pro_jpg,C,147.51627230262653,58.40183012749603,229.0,240.0,62.08958755916159,63.369015147393796,135.73238072172438,62.30456875042313,0.3247121700177441,0.2521330732616556,0.4678837052062204,0.2178493581981109,55.87635040283203,24.563514709472656,0.07496985048055649,3.9063923358917236,5.105646133422852,11.861817359924316,0.14939888199709012,0.04991513655300108,8.213205425933356,0.3981185923069777,0.097968216410415,7.122753731515776,3.0565265921797256,0.353717607168806,0.09398242055442867,0.05916159567275186,0.03075805279728748,0.018648583192056187,0.014874915483434753,0.014874915483434753,0.016227180527383367,0.017917511832319134,0.020960108181203516,0.018071827858182097,0.01586340518285299,0.017241379310344827,0.017917511832319134,0.021433761201259383,0.030395136778115502,0.051344151126180675,0.09567275185936444,0.44658553076402974
WIN_20260823_22_10_50_Pro_jpg,C,152.3199675084921,58.71211068102523,231.0,242.0,76.31612760301284,70.29471456245194,136.8415300546448,67.29327106454035,-0.08123590862271887,-0.09453034595825364,0.559518534928371,0.22264067346034558,55.85927963256836,27.15198516845703,0.8341467976570129,5.291487216949463,1.3087247610092163,16.07049560546875,0.14371351948256822,0.06729307724195109,8.874691915262542,0.40623390203502296,0.09743535604216698,7.146775724784628,2.997638806327111,0.35330412232853436,0.09976509603426835,0.05841086988627972,0.02658396101019052,0.015802687933835474,0.013144291832816422,0.014844373503591381,0.01630509879784441,0.01860877270713336,0.020233348102200562,0.01787032934573918,0.015507310589277802,0.013679701533784717,0.01596169193934557,0.016581456404587535,0.0296576747120997,0.05848471422241914,0.11039728252843006,0.4424485283957441
WIN_20260823_22_10_52_Pro_jpg,C,154.01253517523662,59.03660202350995,223.0,235.0,57.17419591313113,62.87372628627718,139.26221540035814,66.0387485817885,0.022113178616939753,0.043308435827810854,0.43004578257158377,0.21471250096996974,57.24894714355469,26.00592613220215,0.2719792425632477,3.963373899459839,3.8070757389068604,12.59056282043457,0.1111111111111111,0.0713737528779739,7.359352719588479,0.41966162775711224,0.10545656852002497,7.0040984501058094,3.079048909790777,0.3552417164584465,0.09925812228191354,0.05730612244897959,0.028081632653061225,0.018674852903555896,0.016116653875671526,0.015349194167306216,0.0166282936812484,0.021233051931440265,0.019976175203885276,0.01918649270913277,0.015349194167306216,0.014693877551020407,0.01420324383762485,0.02015944286630624,0.030571368332279147,0.0549390859005199,0.09847132769457594,0.4448979591836735
WIN_20260823_22_10_53_Pro-2-_jpg,C,148.8679860435852,62.972605093884404,229.0,240.0,53.35497340273408,64.25756770559695,139.13241434536405,68.74254935559111,-0.1251521150538305,-0.028932752870794606,0.373334095978951,0.15186180861408224,56.61837387084961,27.41947364807129,-0.8032225966453552,3.380526542663574,1.755562663078308,10.978731155395508,0.15103256960854824,0.05769422063065752,7.155659836475585,0.41484619898666664,0.09753024060859511,7.081791909671715,3.0464891293533594,0.35179286961882256,0.09758281110116383,0.05580423754103253,0.03076062639821029,0.018875479036778584,0.015271978493393581,0.016778523489932886,0.01633617589643481,0.018802013767594782,0.021678824617281413,0.01900750025685811,0.017158121853488133,0.014125136775092013,0.016313538247289365,0.01929772207301303,0.0298584742837418,0.058460906195417654,0.10152719784933936,0.43758347888626326
WIN_20260823_22_10_53_Pro_jpg,C,149.1933447758455,60.605170091118026,226.05000000000018,237.0,60.64869155952805,65.45461291132123,137.42232779558924,67.31706250051867,-0.1509421080279094,-0.0848384381173065,0.44561676220084845,0.17388225007286506,56.05981254577637,26.791723251342773,-0.3534332513809204,3.9089982509613037,0.17111234366893768,12.974510192871094,0.13438103807084711,0.03471124262827502,7.69875444580704,0.4008525868214782,0.09524904198664161,7.14481623393677,3.0340345778594897,0.3551147862659395,0.100835735181407,0.06090621247321998,0.02866478052723473,0.015606661225362637,0.013970119930481341,0.013290492330243053,0.01586457068513352,0.017277545689087515,0.020294658561497918,0.0181085311484612,0.015748351090816844,0.014227346066240532,0.015008797780584431,0.018054988827358398,0.02893693637366762,0.056953269212085884,0.10536081695218974,0.44415671494137454
WIN_20260823_22_10_55_Pro_jpg,C,145.01938119524652,63.28474685393587,227.0,237.0,60.103279031580485,65.49638440911161,136.23651741948584,69.43930288537261,-0.17416283651685383,-0.22491249039701,0.45720829461210466,0.14612410489277064,55.75097846984863,27.625516891479492,-0.2340666651725769,3.7312909364700317,1.3927393853664398,12.320707321166992,0.1403798258845551,0.06061394327678721,6.628312008548157,0.42123148153394113,0.09852817306880435,7.079945394182664,3.0763316612474174,0.352485241570042,0.09958880687345448,0.05640186985289203,0.029239517371249538,0.01789033318839442,0.015017827746922955,0.013881614220997766,0.017886062292006864,0.019855890525223498,0.024021011470962507,0.020065039677927554,0.01713206263225218,0.015577922294781072,0.015111358010322097,0.018466171108619294,0.028487038013411257,0.055764328948775886,0.10552528718738308,0.42958997485132067
WIN_20260823_22_10_56_Pro_jpg,C,149.72412552808302,61.50328091514335,229.5,240.0,63.639628719308696,68.10896245068608,139.45278134818625,66.83590806471267,-0.08166624545043859,-0.04587956457911734,0.4655274510859978,0.13719959695845108,56.98058319091797,26.539356231689453,-0.9102894365787506,3.72606360912323,1.7463968694210052,12.127813816070557,0.15682736459373137,0.07024119351804306,6.868209349914155,0.4274827055242415,0.10508514867784087,6.947971533845092,3.050479265390613,0.35779691966366767,0.0972236314552409,0.06061808533494846,0.027184559833652845,0.0164844308951747,0.014638594507986068,0.01669083774939343,0.014827129116841416,0.019320688874029438,0.019390990377674555,0.018845660678510467,0.0133130554837507,0.013870889048162065,0.01501939588187428,0.018890668650204095,0.029726883617147266,0.05675189589489307,0.10537158874514467,0.43953923648782417
WIN_20260902_18_03_39_Pro_jpg,Rejected,147.69695052724745,65.2419525819426,232.5,243.5,102.4375347890789,65.89852463305796,125.172096525731,70.30573791210222,-0.03518324234645946,-0.19856845120708969,0.782398790778239,0.294808055807021,51.833595275878906,27.80051612854004,-0.1147426498355344,6.810423851013184,5.805861711502075,23.552058219909668,0.13710583484180985,0.10089911302543393,10.874302071264061,0.3646460561946709,0.08881498512198735,7.3184577142826885,2.758793137430506,0.34562186965028713,0.10535515109010109,0.06801541006316816,0.02571806829571226,0.010746478210020633,0.010301641688591427,0.010397390038563693,0.010061839052361835,0.011828215752444792,0.011562903712152814,0.012510878853358741,0.01012155800015992,0.008425420245986841,0.010121344271968003,0.012488878042689605,0.026165942373145873,0.05817414256443,0.1143035601697967,0.4826321529642943
WIN_20260902_18_05_42_Pro_jpg,Rejected,142.50416490187774,65.17211287967764,225.0,236.0,92.69885958660014,69.09012883701017,120.79745782846281,65.6090203960495,0.09993347167520236,-0.020481324277258007,0.7191856199559794,0.3193943763518385,49.85245132446289,26.525691986083984,-0.4197682738304138,5.6147236824035645,6.4313764572143555,19.614179611206055,0.05642670468044666,0.033737229745782846,9.699270278874465,0.3758935897992681,0.09223656301706636,7.235086265448316,2.8589677294193914,0.3466045460962869,0.10532260341663137,0.0653470972629984,0.026847232121644096,0.013553578991952562,0.009859824186267522,0.010417653186854815,0.012116892373485389,0.014541860793449103,0.015671325709445152,0.014136374435732953,0.01235447849845569,0.011555392516507704,0.011047754811119031,0.013553578991952562,0.028035162746495604,0.05720238658963917,0.1133700409431032,0.460931768158474
WIN_20260902_18_05_55_Pro_jpg,Rejected,153.28765583486614,67.74418485816574,238.0,246.0,80.93112609850807,63.75701880789778,138.14255058246474,72.6385524586223,-0.020777474708852578,-0.15012619831343246,0.6953811567545473,0.2917207792207792,56.45065689086914,28.743453979492188,-0.8678788542747498,5.196907997131348,3.7588839530944824,19.562183380126953,0.20917637441242592,0.10126711628857551,11.288950093989182,0.387733522467957,0.09620003396780566,7.263177145070745,2.832960048611626,0.3314939709789495,0.10811363171878194,0.07092588519903233,0.027435064935064934,0.011240547721234416,0.009196811771919068,0.011363636363636364,0.011240547721234416,0.014185177039806466,0.013525401363536398,0.012012987012987014,0.011525974025974026,0.011240547721234416,0.009902597402597402,0.0125,0.0269773145309626,0.05584415584415584,0.11066830165542611,0.4691005058280185
WIN_20260902_18_06_06_Pro_jpg,Rejected,146.3699635982877,62.90645239204724,229.5,241.0,98.28423711547575,63.76155632864503,127.71280921222322,65.29927516781069,-0.07085007639274937,-0.18050990857374205,0.7600652089044198,0.26846335551951517,52.545921325683594,25.97854995727539,0.7336687445640564,5.142820119857788,3.954078257083893,23.55708885192871,0.11881884068082847,0.09537252541878402,10.527572612563024,0.3785493837032955,0.0916328451175267,7.231634034916793,2.75405890974329,0.32616845538728534,0.11284477874978513,0.07031838849309005,0.025574540299820127,0.01135120444790454,0.009171571820252598,0.009568210076062927,0.008943824475164314,0.011103217285501048,0.010849210882476696,0.011084066352032254,0.009146884233588972,0.00989657133609788,0.010241875379128738,0.011716971482219101,0.02541154876920627,0.05739648759694635,0.11828750997529422,0.4755750157844555
WIN_20260902_18_06_21_Pro_jpg,Rejected,146.20000273160673,66.72500356680379,231.0,241.0,107.81074506266938,70.33460451311947,122.68135023879434,70.7168087823273,-0.0260206179376361,-0.1326496932438709,0.7277970798665694,0.3099009362258089,50.3941764831543,28.153014183044434,1.074104905128479,5.878329515457153,4.701129674911499,23.40640354156494,0.12669627956654034,0.07963635865643312,9.953743615838242,0.3942687950125164,0.09523213867506253,7.20079522202988,2.8899109338257594,0.3270928406221706,0.1082129019102996,0.06456072092864837,0.028608266037166402,0.013730735528334786,0.011899857847670382,0.009972971709083681,0.011350386843168688,0.014230412692818273,0.013284344560101803,0.014842557534440408,0.013918793200329873,0.01206073772889768,0.011965536306761245,0.014496769754200117,0.02549173310845412,0.05831866286051944,0.11628876418849102,0.4591292686839088
WIN_20260902_18_06_31_Pro_jpg,Rejected,141.73353472137552,61.90137517243103,221.0,236.0,112.59095984863336,71.47941149140922,119.64067443642017,65.73270694233764,-0.02065750370352528,-0.12846812745840824,0.7530386195158836,0.3063022560827592,49.52730751037598,26.114554405212402,1.5845106840133667,5.730096340179443,4.996549427509308,22.268202781677246,0.09540333457724372,0.06279246429548141,8.852090986804868,0.39427795699973534,0.09787843828665403,7.063972554876097,2.7591556204680705,0.33896749632962064,0.11368527390721364,0.06778572122050996,0.026344679198060942,0.011760335979165624,0.0091022759022617,0.00945221992821682,0.00863190009172753,0.010992388354847012,0.010413762683636807,0.009848970760274429,0.010074852689827565,0.010675527290577077,0.009681062293599094,0.013329089914402124,0.02385784244729413,0.05947729912361985,0.12176089449703034,0.4702353519340209
WIN_20260902_18_06_49_Pro_jpg,Rejected,147.52172186235813,64.40487814582346,227.0,238.5,117.31162423889243,71.64485571057634,115.40214874087162,68.72331531296554,-0.14464450058728823,-0.33053887962089556,0.803961322502315,0.22623414304251538,48.01402473449707,27.296517372131348,1.6013684570789337,5.710910320281982,-1.9660108089447021,21.652100563049316,0.13983413104119086,0.08740775549494122,10.872034742685525,0.38622434464207095,0.09858087701894042,7.144205745423636,2.760215833860217,0.33828400367198297,0.11325283411247324,0.06901401457989498,0.025272146873048552,0.011977154202854305,0.008390745872644084,0.008987778551758752,0.009524686551299245,0.010470005820632292,0.01275529708752906,0.010943490192358775,0.010126153341055134,0.009122154646131073,0.008157823934708201,0.011285354165437392,0.023134395385596584,0.06008779194052928,0.12379238489164009,0.46629328741874987
WIN_20260902_18_06_57_Pro_jpg,Rejected,147.0170918219007,63.64197822608941,233.5,242.5,101.90034947196571,70.21876902111725,126.37702598058873,67.58368849743145,0.06948948147421116,0.046384285910523,0.7273642889809404,0.35718792326676474,51.97481155395508,26.706332206726074,0.3678899109363556,6.129035949707031,9.289865732192993,20.729618072509766,0.15742302665780894,0.05205751190982662,8.328432971399732,0.3914904201665015,0.0966095630515319,7.0915547543017325,2.795245478311236,0.3389155086630611,0.10517588106905278,0.06919561807712818,0.025538940986283867,0.012650418732346215,0.011579647227577736,0.00965503840228404,0.010031906213001537,0.013702099359657462,0.01249295370935008,0.012059302365030913,0.010506117224179042,0.010267532867466232,0.01109981070705612,0.012769520617359451,0.027509653853146604,0.05794380370469724,0.10976242909126338,0.4697310992644812
WIN_20260902_18_07_14_Pro_jpg,Rejected,142.3163122614078,61.65023029766457,224.0,235.5,96.48119086823846,67.36944535645063,124.1741429953101,65.8676276051269,-0.09046474049607861,-0.16135213552774563,0.7927751815556936,0.2761060842003935,51.2548770904541,26.20150852203369,-0.04111967980861664,4.956528425216675,2.748836874961853,19.90899085998535,0.09660654923545525,0.0733221387236301,11.078068880332435,0.3601346615753108,0.09419162577585208,7.157739858528528,2.74675340103155,0.3393784558969811,0.1124917536279108,0.06937879832369112,0.025092412387555232,0.011545848324529828,0.008619614000269548,0.00822017659195836,0.00932117785115755,0.010638966860187834,0.010596413127276619,0.010674443153825416,0.008030698407436677,0.00954172304635922,0.008199195192312983,0.01083283133262556,0.024619820894780344,0.06089979513755322,0.11833258641695538,0.4796802774720287
WIN_20260902_18_07_27_Pro_jpg,Rejected,145.26509179404718,64.04095131551682,231.5,242.0,104.12899700942737,70.15544770533123,122.71295709017917,69.39333030334882,-0.21744770532231705,-0.3624517194254332,0.7794737396394977,0.20068498532582138,50.69008445739746,27.42583179473877,0.955898080021143,5.082635164260864,-2.05704128742218,20.849140167236328,0.12462513189925323,0.07889110614946518,11.417901790133834,0.3524140622659433,0.0866913999108822,7.329991916930169,2.7325874971009627,0.34125050864421225,0.11576595999603889,0.06890682273923769,0.026257494506528135,0.01100675544642787,0.010115555557872247,0.008176165642410943,0.008005939221897858,0.011409023332493027,0.012815918423204582,0.011205804368427472,0.00863566844177973,0.008636667737523598,0.008262945596644249,0.01067643707522719,0.023615930245308354,0.05986839720891275,0.11896228311449743,0.4751589671075118
WIN_20260902_18_07_40_Pro_jpg,Rejected,147.06636259605227,64.69462225734878,231.0,240.5,111.08131135807176,68.27864663298595,122.5236842584844,68.89067581106715,-0.07188101871958805,-0.18014784930366792,0.7790932175837506,0.28980647890146943,50.76129913330078,27.348247528076172,1.6108367443084717,6.726982355117798,4.060594797134399,23.61226749420166,0.10932065463020094,0.07012910740462726,10.123450517113072,0.3797998820784251,0.09387350135544735,7.194704151930822,2.7622437441225904,0.3396424400719632,0.1073483101182961,0.06709866220735786,0.024894470332061915,0.012311037771812819,0.009818725514392505,0.009750479657562407,0.00902496114627952,0.010194989640680743,0.011252143150810752,0.01107614106163603,0.010738056365182203,0.011120237321148963,0.011495058931259308,0.01234260107133453,0.025517390402595923,0.05769144799154251,0.11316572770967856,0.4806676159618093
WIN_20260902_18_07_46_Pro_jpg,Rejected,151.7411922376059,62.68292731114525,226.0,235.5,113.15337876664995,68.42491648489735,129.49301896209738,66.61683754482672,-0.03273511231259006,-0.12740141157681056,0.7968867639664944,0.3097378046435576,53.46230697631836,26.653117179870605,1.6623806655406952,6.173191428184509,6.3609331250190735,22.842266082763672,0.08404029285128681,0.0484120742721386,10.439669724340199,0.38272393247835346,0.09656761810099107,7.164491229076615,2.796300486095795,0.3334193501981937,0.10615130591016798,0.07028451440055491,0.024394989373506662,0.01189990505261488,0.00880302553372711,0.010318144064606979,0.008722200979028875,0.012683694497833724,0.01423833368933133,0.01180435756551379,0.01138187215047622,0.01118147077800456,0.010691650578049232,0.011655733723118306,0.024305796827253284,0.0599160457929013,0.11340328390479297,0.4695775488347051
WIN_20260902_18_08_00_Pro_jpg,Rejected,155.6072187151221,64.71638173086139,230.5,240.5,99.85487597218103,68.57271823261831,131.64595249749703,71.40875994632782,-0.0003134732268587209,-0.18806217270399636,0.7833562925902187,0.2728670134237423,54.19351577758789,28.357779502868652,0.10985428094863892,4.7170140743255615,3.757637068629265,21.220962524414062,0.14509811581780035,0.1008166705576618,12.962799956847359,0.3700662515733163,0.09389942476616069,7.314972450580788,2.8754511699949807,0.3450675811510905,0.10809628470226279,0.06544843285832795,0.02734565248531729,0.013606482612472295,0.010617686160392943,0.011861109642903924,0.011254771380104622,0.015244156413702513,0.017049357640708952,0.015784234231071472,0.012481091828805017,0.010165568715580834,0.011685526213102988,0.012972414812704001,0.025786844549631704,0.056104917137358365,0.11071862741267934,0.4624626063500141
WIN_20260902_18_08_30_Pro_jpg,Rejected,156.57368636542367,62.3146980784572,227.5,237.5,115.94657799940767,68.01259597515451,123.24283265969927,69.63724544068029,-0.15915511790100412,-0.2615365521658994,0.7750177105984355,0.2198637318505301,51.516435623168945,27.555912017822266,1.7166610360145569,5.624782562255859,-2.2886654809117317,23.754762649536133,0.14687310411605312,0.11887569117931711,9.692065955990007,0.39259696156075713,0.10066767096230353,7.110255020323189,2.774014374152282,0.3408189579415068,0.11127105916939298,0.06790221151506338,0.027743587557818347,0.012294760124480112,0.009162087215317652,0.009627434514476643,0.009164977607052108,0.011345745804704689,0.013366396713053657,0.011646288180040841,0.009768910180765172,0.008716535018435563,0.009848143432778601,0.012241121314647153,0.024377009967329624,0.05795957694206298,0.12204370023719421,0.4673697867777499
WIN_20260902_18_08_40_Pro_jpg,Rejected,146.88235887096775,66.26561877461846,235.0,243.0,90.11545753286147,62.47930582328687,124.53058645096057,70.35146610448092,-0.14016164430377645,-0.3965539978531943,0.7592896865520729,0.17866920604689918,51.28340148925781,27.807832717895508,-1.177456259727478,3.9387714862823486,-0.24065493047237396,17.646188735961914,0.16986073086537318,0.15272177419354838,12.265680699007284,0.36746667173429387,0.09311401504914962,7.279139146447245,2.736264972093719,0.33613498483316484,0.1125,0.07147177419354839,0.025403225806451612,0.011585442639466063,0.008467741935483872,0.008563153255257524,0.00916329625884732,0.01095107725270801,0.013608870967741936,0.00935288169868554,0.00964170932031901,0.00846814964610718,0.009226491405460061,0.011585442639466063,0.025473157957386024,0.06011189144149506,0.11950202224469161,0.47637186049279845
WIN_20260902_18_09_08_Pro_jpg,Rejected,152.38887551665505,65.69145831714823,232.0,241.0,102.72799211479187,68.66559031029061,130.2260331283625,70.6959006987586,0.11161673429791132,-0.11505938863632958,0.7317988099869328,0.2915878189444483,53.612648010253906,27.996585845947266,-0.13920873403549194,5.359410524368286,5.080709099769592,21.451967239379883,0.17077398872636737,0.12487310519029558,10.65738900138255,0.3895925926087279,0.10269600627995794,7.072586822806686,2.809796209005354,0.3314925891528998,0.11205898631795946,0.06673831068780126,0.025055236356744573,0.011430087172636893,0.00914478713146558,0.010101861376856522,0.010532917425006791,0.011940701220792438,0.013064258253443836,0.013128325619225141,0.011044736926475934,0.010056907774797143,0.01021690295444098,0.011926757985856868,0.0265160023119385,0.06021030111063098,0.11631454957567866,0.47427166090555173
WIN_20260902_18_09_17_Pro_jpg,Rejected,143.01002627345554,66.57910583757075,228.5,240.0,96.37647058695137,62.15997004746376,124.04479256116727,71.43015973071613,-0.08970837339890939,-0.1425912053074739,0.7225244838859431,0.2860869699938293,50.98200035095215,28.328935623168945,0.4957994222640991,4.641294479370117,5.1093244552612305,19.943939208984375,0.14018144576052122,0.1145317959962073,10.332685078878578,0.3811585382613559,0.09459423167567599,7.088330560236111,2.7880417558985546,0.32887695354467716,0.112502608529041,0.06779347834592432,0.0261031014279262,0.011700055252509703,0.009769852256178003,0.00858512311665931,0.009241465458005187,0.010083847578479372,0.013570698971919886,0.012301136818939806,0.00909757982162527,0.009726814549832916,0.010907066374893384,0.013329303743696855,0.024894701169360156,0.05687173538259266,0.12076050255679954,0.47091801965383384
WIN_20260902_18_09_29_Pro_jpg,Rejected,152.63613101330603,69.70553216899287,233.0,244.0,118.44153019447288,65.66294439669232,130.77492537313432,71.78754024169669,0.07517176058529651,-0.15395816557269348,0.7825668963307162,0.28537093414516906,54.2858772277832,28.664993286132812,1.3780406713485718,6.09776496887207,5.361772060394287,25.054527282714844,0.15761065131342208,0.09661913154943118,11.118661129814187,0.3918231585954801,0.09239487377011793,7.197623798072372,2.9182103043914793,0.33792661432462745,0.1072159672466735,0.06717044500419815,0.026061776061776062,0.01439366678661389,0.010414997596539017,0.01043540842029507,0.01343408900083963,0.014559202059202058,0.01691542288557214,0.01572139303482587,0.012146074646074647,0.011770726714431934,0.011536612722320141,0.012410440122824974,0.02482907520690896,0.057834620334620335,0.11398005148005148,0.45459997601055535
WIN_20260902_18_09_47_Pro_jpg,Rejected,147.24727246822832,68.01100183536474,237.0,246.5,103.99888134105234,70.75470935249069,128.96064912873334,71.57924530648765,-0.1131772484561516,-0.2930534284927505,0.7549819934389654,0.26168861097186963,53.01774024963379,28.194960594177246,0.16528770327568054,5.363646030426025,2.2763861417770386,24.21169090270996,0.1814572540065294,0.13356964329601345,12.543026055406385,0.3585951560850301,0.09027091297319925,7.3465135558478,2.7513801399805726,0.3333209366225453,0.11506204959157132,0.0690814324908216,0.025657773120503685,0.010979104496790591,0.009161087759594205,0.00922846958665215,0.009326065038714772,0.010496584411125701,0.012468969944784625,0.01281500892384168,0.009503695938166308,0.0082079126541547,0.009437196450483226,0.010067306042990724,0.024564074979075264,0.05877257796528411,0.12179930848469732,0.46724226173348826
WIN_20260902_18_09_57_Pro_jpg,Rejected,152.1244545295863,67.09895863790712,237.0,247.0,107.03828419728937,71.33774684310812,132.17324140338627,69.66529655973628,-0.052384941116691765,-0.19710219009943558,0.8134054808867167,0.2699423983243149,54.529815673828125,27.778106689453125,1.0541210174560547,5.35006046295166,2.7016358375549316,24.924707412719727,0.15369174375981848,0.08282422761389423,13.041657843370924,0.37045864729944833,0.09356866146572591,7.347586199803922,2.782040157448533,0.3259745703507056,0.11672332847660677,0.06608914349587816,0.02740443358352243,0.012829464129865596,0.010361016674761211,0.00866284756182758,0.010618974430627358,0.012435377951655722,0.013832611429369849,0.010479251082855945,0.00964091099622747,0.009221740952913232,0.008814801885145749,0.012295654603884308,0.024000698202129515,0.058910804677954266,0.1256763833129691,0.46098795601326586
WIN_20260902_18_10_13_Pro_jpg,Rejected,142.56496933969174,65.87361993000945,234.5,243.5,114.05215339234611,68.27868825154749,120.27577898458736,70.2777858272375,-0.15836565238336098,-0.363765739577479,0.8342025843044889,0.23272322556472613,49.7750186920166,27.845478057861328,0.3177265524864197,5.60108494758606,-0.02793329954147339,24.817774772644043,0.13138806033271996,0.09100994049799449,11.82165488684158,0.3590892206126831,0.09009908589042574,7.302584062694055,2.725431712711882,0.3352707940375075,0.11492594571462575,0.0708752470651934,0.02563551842949214,0.011463260900636884,0.008269295932074268,0.008509875279099998,0.008441304693979593,0.00971335890540172,0.010258608031794209,0.009910996351773914,0.009141439267268372,0.00801940076707652,0.008671875534663573,0.01034781268275987,0.024321758059393322,0.060718243598296986,0.13190082778645243,0.4688097654164194
WIN_20260902_18_10_22_Pro_jpg,Rejected,147.38651142721505,66.54878899377007,233.5,243.5,109.89372385890147,69.26195575926043,122.19003423585954,70.40750390523573,-0.1000849562876564,-0.22482355700044468,0.8167832141478367,0.28500752728653345,50.342851638793945,27.955774307250977,0.28920477628707886,5.801941156387329,3.232012152671814,25.24095058441162,0.1371784297682836,0.11148709307812843,12.775521575328296,0.35726550372270816,0.09119046885955177,7.329248131483826,2.7951160902986802,0.34241736385982996,0.11281068323615329,0.06857068520950953,0.027231385830650393,0.0115868813348752,0.009532427240432611,0.010409266057742263,0.00945685433070162,0.010629369583256446,0.013552086995429704,0.01098273150728329,0.009918176859804513,0.010069554184326892,0.010087619656614389,0.012570431180755287,0.024417699601959872,0.059244721121244626,0.12359757504386351,0.4669731518131066
WIN_20260902_18_10_30_Pro_jpg,Rejected,148.93693789952997,69.1248172126783,238.5,246.5,104.78690754664439,71.92668048953621,132.75232066892238,71.08278993376429,-0.05169896974597176,-0.16920794596334865,0.7556340836926427,0.2954547667737852,54.6403865814209,28.16170597076416,-0.857357069849968,6.136284351348877,4.571832895278931,24.778425216674805,0.16750412652412816,0.1484013063308378,12.4185023600564,0.39301699808956736,0.1008689950969969,7.18486483008546,2.8239529950615205,0.32049077267548787,0.11577264443609755,0.06531513474162896,0.02796641765090494,0.010905777443901896,0.009632527857768875,0.011001905874824369,0.010128890001808494,0.014621537776664858,0.01388708039453,0.011577633098229068,0.01295591447212832,0.012797184313398161,0.010576005453306066,0.012547399165276845,0.024781860121640572,0.05319199254343864,0.11843885202342695,0.4652973582070865
WIN_20260902_18_10_50_Pro_jpg,Rejected,145.50495129705212,68.30567704327629,233.0,243.0,106.20886310264251,75.01924391136968,121.3562814963872,73.0586877512711,-0.05344847275000288,-0.12602939683095685,0.7461850069455863,0.2746191591668449,50.06051254272461,29.258662223815918,1.071684181690216,5.970134019851685,4.3259289264678955,24.23019313812256,0.14459046845961243,0.10146521729605619,10.446378158262672,0.3783683660834345,0.09110841583630969,7.2722281810876535,2.8272562102471417,0.3362312002637848,0.10663621923208347,0.07003327387028382,0.026715398871042916,0.010674889462912285,0.009356203980880586,0.009293371927496099,0.010828478277704164,0.01332716378626458,0.013275922418965962,0.01367112189993597,0.00995694181422447,0.010568153483039633,0.008807385026241359,0.012159060318950959,0.024007451452756234,0.06055847717469853,0.12063407931417082,0.4560772070519128
WIN_20260902_18_11_26_Pro_jpg,Rejected,146.00016376250392,62.626917418572056,230.0,239.5,123.37394766741019,65.79954659519396,124.24274938359693,61.56991916858638,0.1326348368596747,0.09466721781304072,0.844169033794227,0.41870318691664,51.520042419433594,25.0183162689209,0.6985334157943726,7.936222791671753,14.641558170318604,24.301161766052246,0.0639328470934558,0.03169471973220965,9.62436968333899,0.38721308654668873,0.09913708513654332,7.099343591883524,2.808303718709701,0.34135627288208803,0.1092520576342274,0.06687195678556074,0.02638862804140955,0.014808178095936764,0.010585991524005786,0.00979104974379167,0.010026557638666798,0.01156772270664207,0.010734015645219704,0.010267870379979541,0.009396313980067343,0.009168903627144159,0.011354075551140829,0.014486144174501277,0.027038375353227395,0.056141288696751654,0.11552096703065647,0.4635364269723842
WIN_20260902_18_11_41_Pro_jpg,Rejected,149.2910143677106,66.60374686339145,232.0,240.5,96.74443398953079,70.85076027825752,128.32349537705414,71.39641571448003,0.03857271558811491,-0.10750097722897174,0.7630352217621467,0.3336734950831741,52.72114944458008,28.3904447555542,0.5258497297763824,4.896017074584961,6.069311618804932,22.479531288146973,0.14790135987681183,0.11125531700839482,9.326184538848935,0.39444459572691637,0.10010294430076024,7.126288465502938,2.8511268556085585,0.335904416492903,0.11363206036032553,0.061427246169234666,0.025369013299642043,0.012237204170621142,0.010689866600579488,0.012167614905951134,0.011174826832989983,0.013867834170405383,0.01240151966910382,0.016279894357950006,0.011759588740871699,0.012010644210129507,0.010940922069837298,0.012491108421197605,0.025718893343837736,0.0544910243788468,0.11882489880492772,0.4659656269273296
WIN_20260902_18_12_01_Pro_jpg,Rejected,144.7753156152503,67.97397373296991,231.0,242.0,111.17532064471617,66.84820163050304,124.9279065693922,69.66376840855189,0.0353565610302998,-0.19420219416014323,0.8624984538552368,0.3343080148583075,51.59050941467285,27.976360321044922,-0.8158670738339424,6.106936693191528,8.886863470077515,22.72187328338623,0.09170748665637626,0.05207771916498892,12.569349567656518,0.351505573927023,0.08770333562472264,7.3670405970371675,2.7800253927995766,0.33974057133919533,0.11317300690728702,0.0660887999228984,0.025966141080615526,0.011456614982445209,0.010034177592609455,0.00922889537052507,0.01025723006570375,0.011354538438889368,0.012699965371260771,0.011085640060349945,0.010071187962197359,0.01035173734963931,0.010062545315467518,0.012085636435712173,0.025986110646369402,0.0593064820213433,0.12649077972034495,0.461097553164455
WIN_20260902_18_12_13_Pro_jpg,Rejected,139.77481859914587,66.83887444564456,231.0,240.89999999999964,105.3407541388778,70.05124998396727,117.49279556694843,71.12288006071014,-0.09736623685817423,-0.29818826448571883,0.7577810435099007,0.24339773588864239,48.46547889709473,28.319272994995117,0.17915022373199463,5.8037428855896,1.7251396179199219,22.33890724182129,0.12094254777415678,0.08151856627338583,11.604398514067416,0.35671191813238096,0.08765665230344824,7.321765188795084,2.7973249606237114,0.3394645205540556,0.11197518062776174,0.06671828893013175,0.02696156041016086,0.011735119127017003,0.009467231828124978,0.008897017877285588,0.010785893328563237,0.012395822834701899,0.013080293555780113,0.01236263559606494,0.009203871108968874,0.010037786920543072,0.010906572788691627,0.01251352608205144,0.02431978882573463,0.0580659326693393,0.12302795039055055,0.46274883067949363
WIN_20260902_18_12_28_Pro_jpg,Rejected,146.13313586521565,67.17806221290544,233.5,242.14999999999964,112.62442680051183,73.67827177197819,123.22532552375567,73.77181053015363,-0.06761607034104469,-0.2251854253183695,0.778463833568969,0.2609022900928083,50.84228324890137,29.483778953552246,0.1296815276145935,6.27279806137085,2.53892719745636,23.936113357543945,0.15202152248872722,0.11201437960686976,10.680593366575241,0.37540033317446597,0.09589924494296581,7.192305697306019,2.7765458027005634,0.3394267163753095,0.11247439340504925,0.0672017062688437,0.02739850458202617,0.012116257870862537,0.0097859320474852,0.00915317643185427,0.010669892511049005,0.010831160470636248,0.013063585733019082,0.011635427740391014,0.010331500874139424,0.009753128435693963,0.009414955205770419,0.011874366649858295,0.02303803064175919,0.06011730972110763,0.1218072303203598,0.45927671535265036
WIN_20260902_18_13_33_Pro_jpg,Rejected,140.212609585662,67.89319089647685,231.5,241.5,105.60302782570494,72.27042983047079,118.63335031021198,70.83284198717242,-0.0288495119717343,-0.1845863041534456,0.7385544343604827,0.270073056691993,49.04375076293945,28.341901779174805,0.03227660059928894,5.168100833892822,5.215040564537048,21.698854446411133,0.12957088161970592,0.11008724892928903,10.40645317973376,0.3852682076370635,0.09933794553682412,7.1697750154632995,2.8197442250524434,0.32886406238994215,0.10942297063827118,0.06368261616003441,0.02697723480287429,0.013784746561974828,0.009333367032591022,0.010167390750944735,0.010222788293694033,0.013127291794357624,0.012694494733522995,0.01217893586212914,0.010481039147538118,0.008715942221481834,0.009214520106225501,0.013310076896396655,0.026327084176295167,0.061480041529523514,0.12656868563614554,0.46210799148792037
WIN_20260902_18_13_50_Pro_jpg,Rejected,142.8283484892188,65.55261983938604,225.5,236.0,105.76825604750485,71.6970323702366,121.63768784747336,69.61197923775067,-0.03203507717024511,-0.13553290610277194,0.7542403637834039,0.29750015503293004,50.33652687072754,27.791722297668457,0.7468260154128075,5.488237142562866,2.08352792263031,21.34282398223877,0.12125086984849673,0.06580556787679982,10.836004485185834,0.37757793796471883,0.09359117505366116,7.20523949788704,2.745614212937252,0.34112259286437496,0.11157350881822206,0.06805574772230982,0.025652376959258115,0.012441744235963108,0.009390767269739472,0.008400729846210977,0.010212782423178905,0.010996851902416189,0.010995992025295545,0.009446012505673914,0.008050869164522257,0.009218108633231876,0.009064081638102418,0.011378302137647235,0.024150887739325482,0.061373470880934027,0.11820084295448412,0.4774071093977771
WIN_20260902_18_13_59_Pro_jpg,Rejected,154.18227523659306,67.67589638156048,237.0,245.0,110.0557459859282,70.67705324248213,131.78861533636507,72.886535682612,-0.02672011354721534,-0.16547383069888627,0.7635055205047319,0.32334953740003136,54.07986831665039,29.00646209716797,0.4193972051143646,6.220257759094238,4.997091293334961,23.13869857788086,0.19309230458493234,0.13156656735141917,11.91558475665142,0.38393389571680137,0.0933288660875145,7.279699040274172,2.8039235975062713,0.3335424180649208,0.1102291178062421,0.06382311431707699,0.025874235533950133,0.012322555205047318,0.009922424679776295,0.009660883280757098,0.010548107255520505,0.012253416818151215,0.014195583596214511,0.011916784487982226,0.010192880664889447,0.010974213963509056,0.01015378548895899,0.012026813880126183,0.02484346596647142,0.06209816528148032,0.11745334796926454,0.47091108671789245
WIN_20260902_18_14_33_Pro_jpg,Rejected,161.10992033184138,65.54989129825259,237.0,245.5,107.91190301964664,71.01570733623097,139.34808089857563,71.53809046384231,0.027479773324821044,-0.09997572981644157,0.7599563860230379,0.31450616032381307,57.257280349731445,28.318264961242676,0.4076874405145645,6.500988006591797,6.076541900634766,22.592175483703613,0.19251032363940007,0.13120799093152902,9.871824534734298,0.40927477784152977,0.10584318202679685,7.123701196345584,2.8664021203697225,0.33443443007276374,0.10522989534418498,0.06355225198965744,0.026120906766237486,0.012906922489529432,0.011466418632977354,0.01076673157551167,0.01139304005027203,0.014849117413340041,0.016032549366002763,0.01641193085157671,0.014577724924663995,0.013226677978612222,0.009682297617952522,0.014531988905577704,0.027962739630043615,0.05897236867041786,0.1026422739448803,0.46876425203103733
WIN_20260902_18_14_46_Pro_jpg,Rejected,158.63248185408122,65.5841681107915,237.0,244.5,91.43738141594272,67.94290243783121,134.2548053510476,70.12999640355827,-0.09023933839480068,-0.18569318540371835,0.7210844788073412,0.25856843089762344,55.20920372009277,27.711220741271973,-0.09436428546905518,4.881245851516724,2.3901726603507996,19.389498710632324,0.20860006634851355,0.16631748686096512,10.240532255384176,0.4006789227148645,0.10319879340218316,7.140459938453258,2.8218911359985217,0.3313425704730053,0.10677895952740674,0.06786369777053007,0.02494181924935489,0.011265997585873362,0.009694077395940751,0.010982977209685284,0.011041611709313573,0.014694117364924817,0.015012830043885945,0.013006187198733782,0.012639032111081801,0.009751452872570884,0.011337382191419458,0.012653041239997762,0.027102388546487926,0.05999520372191179,0.107769530844065,0.4735694700912092
WIN_20260902_18_14_59_Pro_jpg,Rejected,160.62940298507462,67.24675746231793,238.0,245.0,92.66910447761194,66.34294777146027,141.00014925373134,72.0112936829229,0.10401594208035939,-0.07987436535556142,0.6859701492537313,0.2757504742774244,57.6955680847168,28.417335510253906,-0.8228782415390015,4.470390796661377,6.410776615142822,22.018110275268555,0.21940298507462686,0.1805602053342261,10.67000535263787,0.4110437945977118,0.1044103923541534,7.084688651930092,2.8514024776774614,0.336921607778453,0.10492537313432836,0.06554388401770987,0.024654917961628612,0.011791044776119404,0.010591197152530601,0.010764823335358973,0.011632954249500825,0.015511661644905703,0.016516013837741324,0.015511661644905703,0.012848337529299418,0.011492537313432836,0.009462626964146193,0.012761524437885233,0.026217553607083947,0.05758285905590894,0.10358208955223881,0.47650931815645575
WIN_20260902_18_15_16_Pro_jpg,Rejected,157.15152339499457,65.48451471691611,235.0,245.0,107.14984059511158,62.99427740578505,129.0087898089172,69.9049317926051,0.02374261221899789,-0.13543290189659557,0.8308226056788095,0.2763873775843308,53.647403717041016,27.94382667541504,-0.9067175388336182,6.602024555206299,4.982702255249023,20.649015426635742,0.14592833876221498,0.1342543393552958,13.012580254464904,0.39405566812819404,0.10279361797152706,7.227985085308063,2.7927741618485262,0.3335146898803047,0.10391730141458107,0.07018498367791078,0.02785016286644951,0.013355048859934854,0.009385201305767138,0.009521218715995648,0.009808917197452229,0.013601741022850925,0.01441784548422198,0.01264961915125136,0.01088139281828074,0.011697497279651796,0.008705114254624592,0.013873775843307944,0.023258977149075082,0.06243199129488575,0.11139825897714907,0.4768152866242038
WIN_20260902_18_15_25_Pro_jpg,Rejected,154.90834827411075,64.06091101111794,232.0,241.5,112.19014862224478,70.3618262233243,128.73814903654932,69.39422615677759,0.020190701269345357,-0.17050753181116576,0.7794103805932978,0.3499418013613265,53.469919204711914,27.643214225769043,-0.46133648604154587,6.012320041656494,4.259950637817383,24.070682525634766,0.12344250688023285,0.07456645605846923,10.043020716945012,0.41190300307635597,0.10483207702813636,7.07726585989623,2.8990621120073867,0.3321161647993245,0.10952715907644385,0.06550090426527072,0.02567782491338446,0.01124982407617043,0.01002679239452458,0.010181654871131724,0.011533472488692098,0.016941923719427498,0.015078293753021301,0.016151617769531553,0.013515750068439535,0.010827791387325446,0.01165534876594064,0.014756573240559031,0.026360692103731195,0.05971164392858322,0.11569648856659753,0.461889767679028
WIN_20260902_18_15_45_Pro_jpg,Rejected,148.30010341261635,68.18665179350667,230.0,241.0,105.35867726657645,66.08520205359727,127.0440177252585,72.33704233077023,0.21986454265087518,-0.046685478709081775,0.8254395036194415,0.4709784411276949,52.0901985168457,28.992328643798828,-0.500896155834198,6.144464015960693,9.61614990234375,23.071407318115234,0.11935007385524372,0.08127537212449255,9.253787108363902,0.3802802022830164,0.09692497931532462,7.160705741560191,2.870156926358569,0.3318673883626522,0.10753323485967503,0.06518688608240847,0.023992244930931415,0.013293943870014771,0.012374027299400434,0.012374027299400434,0.011353488965429264,0.01277063599458728,0.013193504736129905,0.013884785819793206,0.013011863758132415,0.011816838995568686,0.011225997045790252,0.014715832205683356,0.025646328852119957,0.06039296794208893,0.11580502215657312,0.46577042399172697
WIN_20260902_18_15_54_Pro_jpg,Rejected,150.86865802767406,66.68325612890204,228.0,236.39999999999964,90.56963833517304,66.8379678527009,128.59083301145873,70.34908625692911,0.0824296846384579,0.02006588560273415,0.8220953217658686,0.39688117724577204,53.1378059387207,28.333911895751953,-0.7857500314712524,3.920692205429077,9.877508163452148,20.123125076293945,0.08477926641774654,0.0349220294311443,9.399485726263283,0.4080649473577471,0.10983139176252414,7.086834493378985,2.852542163529698,0.33186156743068634,0.10614443797320909,0.06611025697342411,0.026356248627278717,0.010981770261366132,0.010629004076878276,0.010498687664041995,0.011623547056617924,0.014548731814085232,0.01532123084846144,0.01429123213595983,0.012373453318335208,0.011623547056617924,0.011860311882275423,0.013395457192778102,0.02649970879440885,0.062242219722534686,0.11284216656959814,0.47189866045428075
WIN_20260902_18_16_17_Pro_jpg,Rejected,140.18896385602466,62.00397572419353,222.0,233.0,125.25842207985555,69.77804582817373,116.38783296038861,68.7761858756793,-0.029603017459357686,-0.20039979427253835,0.8699797653138555,0.3511014863893991,48.405338287353516,27.616191864013672,0.15021726116538048,7.159512996673584,4.2736053466796875,24.280948638916016,0.08888643395737177,0.05418436096941144,8.560575774616892,0.405658018887913,0.10192280817431673,6.987415323150474,2.8133180869664494,0.3337498394986421,0.1087044467649347,0.06737981290764689,0.02723249915563979,0.01337201168049993,0.009803361569210408,0.010106322935898426,0.011115932402456912,0.00965237250272986,0.01060011083221734,0.012452602360339005,0.010796150480266123,0.010636800627664736,0.009778180227586801,0.012952685592063824,0.02821800949756268,0.06343580507250147,0.12082782419997407,0.462935071190807
WIN_20260902_18_16_27_Pro_jpg,Rejected,138.04712727272727,65.75683126267454,219.0,232.0,120.71637211585666,72.64906934960516,113.19637112340754,69.10875365703494,0.037915120066445845,-0.12536409231440623,0.844747177221404,0.3340587595212187,46.56902313232422,27.491329193115234,1.1985533237457275,6.435678005218506,2.78637957572937,23.262237548828125,0.09586925749581779,0.07038991120833869,10.585586560323321,0.3697344115383486,0.1016452122519438,7.108966513944208,2.7774683664157953,0.33470595804915715,0.10808850199492202,0.0657573027924334,0.027152232659889333,0.0144,0.009672349171805102,0.009522583966027539,0.00930963607786241,0.011636363636363636,0.01184862773546125,0.011365010276870995,0.009551444807157538,0.009067827348567283,0.00894692298391972,0.01245314955869907,0.02530909090909091,0.06511388495689101,0.1186909090909091,0.4579037800687285
WIN_20260902_18_17_08_Pro_jpg,Rejected,146.78598682129825,69.13574935589315,234.5,243.0,98.28171450585977,69.53893038392587,124.3902701693163,71.04704944044715,-0.13728192999290678,-0.29064148589379274,0.7570803019056557,0.22514049359791227,51.1151065826416,28.277570724487305,-0.20495891571044922,5.260174751281738,0.7942600250244141,22.3331356048584,0.16142018359643728,0.10004949198399851,13.054774709074788,0.355077381954064,0.09006707494155498,7.337899558737079,2.767383622874866,0.33362970912580076,0.11581256346801866,0.06882870519857927,0.02440971294273679,0.011368557144985298,0.008001025189729448,0.008608770951360555,0.01111961483450832,0.011606939268251966,0.012705374801129649,0.012512100738508853,0.010012444420681926,0.008573937802904724,0.009557321551340727,0.011885801510304394,0.025289244569695904,0.06034640072014951,0.12030764791939086,0.471737384514475
WIN_20260902_18_18_08_Pro_jpg,Rejected,159.6831747618069,67.43108652868364,242.0,248.0,92.26966122143776,68.46244541332501,138.97963894644806,71.48441861497204,0.05098751501550748,-0.10830451452041914,0.7362688952650616,0.29645452115379944,57.07699394226074,28.164944648742676,-1.226699709892273,5.737492918968201,6.024106502532959,22.824721336364746,0.19719401367416894,0.1319022322195841,13.311816397110222,0.3637833597674854,0.09567239881344974,7.352623548682351,2.806086176526233,0.32164581571608436,0.10893496001326573,0.06626658024646628,0.027105149749953546,0.011488450279443166,0.009277079806350055,0.008880302625290597,0.01093796804518614,0.01479867333106739,0.014911656329773638,0.015273079287936812,0.013230016335104872,0.011043443380731328,0.010167178794521073,0.013415766864042725,0.02535724327707259,0.058895836244839087,0.10622879541274041,0.47846575889879817
WIN_20260902_18_18_19_Pro_jpg,Rejected,137.6975939353988,66.74992120094683,227.0,241.0,96.14815425181278,67.2160953175827,116.49114448472294,67.25595389494792,-0.1339740891991273,-0.3305335852478522,0.7950239329876346,0.2346970481615743,48.3828010559082,26.87493896484375,-0.6996771097183228,4.077102184295654,-0.4869248867034912,20.80148696899414,0.10191610564474365,0.03971654581410679,12.767253236465258,0.3359301233877667,0.08503298426437388,7.360321744248994,2.7217317930779936,0.340756084930088,0.11816912644595133,0.07053340238218539,0.024555042847725774,0.012739513205592957,0.007042982910409114,0.00658157159952134,0.007767995857068877,0.010046607975142414,0.010357327809425169,0.008907301916105644,0.007975142413257379,0.008803728638011392,0.009528741584671156,0.01046090108751942,0.027191825972313777,0.06597617814603832,0.1172449508026929,0.482201713909031
WIN_20260902_18_18_29_Pro_jpg,Rejected,141.92155700454455,67.70455256912712,232.0,244.0,88.89073497173186,70.70778254429685,128.5826911677534,70.767557986307,0.022153497403683338,-0.1633190262535975,0.7050882658359294,0.2762201453790239,53.09626388549805,28.43477439880371,-1.0920517444610596,5.9517388343811035,5.1449875831604,18.891441345214844,0.14385614385614387,0.05455749648149681,13.924138376928116,0.34237802565803394,0.08550028373865003,7.474541177441363,2.811187283910428,0.3414278029662645,0.10707280489211954,0.07082630691399663,0.026078317741534896,0.011093633578938654,0.008768893504095996,0.009106714131964566,0.009769020614289262,0.012922579900773046,0.015036537380550871,0.012448132780082987,0.010845736702434522,0.010820685778527262,0.011460185734044654,0.012647554806070826,0.026883581400715357,0.06000562113546937,0.11410905002810567,0.47121264566747434
WIN_20260902_18_18_37_Pro_jpg,Rejected,139.19434386627836,65.08563717152525,229.0,242.07499999999982,94.67937701364389,69.9814602505158,125.01011208024565,71.23748562876577,0.06897289142333499,-0.10141952636720439,0.7313835047909714,0.3088133630735813,51.480051040649414,28.280975341796875,-0.43608663976192474,5.165113568305969,7.341233491897583,20.105209350585938,0.1210841895613064,0.08311105021082156,10.619328179691832,0.37767269139229886,0.09819754364985474,7.174152746335018,2.769142868238952,0.33123659581090137,0.11093943825591052,0.0656145167390462,0.02618857548626008,0.010838393553027246,0.009683397880137987,0.008961659766123488,0.008548875246752304,0.011090223783685613,0.01417618772920399,0.010445091490512162,0.010513712500536215,0.009804879389457002,0.010390174368432772,0.012960863156889994,0.026940412187461522,0.059055223117762234,0.11382054766057212,0.46990742950248443
WIN_20260902_18_20_23_Pro_jpg,Rejected,146.86476831248132,69.31509873485206,233.0,241.0,123.35153481033959,62.692866228394294,121.55845665500891,69.89652682830209,-0.004657248041414826,-0.15169591949397565,0.8970562183147699,0.33187420408317114,50.343454360961914,28.08611297607422,1.560722827911377,8.006812572479248,7.749818898737431,23.916234016418457,0.11639385397399758,0.06743893147240237,12.46982548566357,0.3714078216466959,0.10206995129306895,7.1453702231854885,2.826450786772357,0.33390173573811277,0.11618692232928679,0.06805568792791046,0.02984968782560234,0.011591941350521098,0.009751310486313596,0.007344538765356316,0.009812103051205216,0.011155839505474831,0.012782377156211045,0.009945318999426536,0.010239751014331215,0.010783168698021414,0.010779991761503606,0.010872499845191654,0.028023326252534148,0.0627098191569272,0.13004870405220945,0.45006701182197306
WIN_20260902_18_20_51_Pro_jpg,Rejected,142.5358525292546,67.10115676591847,230.5,240.5,117.01098085259034,64.95182195504333,119.25854273543644,69.67826092179598,0.1432727864467168,0.0724867400696411,0.8964482452301015,0.4076095477661984,49.337289810180664,27.931100845336914,1.4716386795043945,7.604572296142578,12.00449514389038,20.091837882995605,0.10328981830700387,0.05992595495312989,10.158063805895699,0.3989018380695796,0.10312213540118614,7.097596978618535,2.9067303879666953,0.3348948913512397,0.1075619490094456,0.06328240829691278,0.028373141047756234,0.013879105926140854,0.010944549560945201,0.010468051031017543,0.013192447879729197,0.014329080119520297,0.017476761142933343,0.01564404001079773,0.012983175200503325,0.010443905595689133,0.0114702031923806,0.01497339177999634,0.026023248203901006,0.0570222939784741,0.11644992434225435,0.4496052484887292
WIN_20260902_18_21_14_Pro_jpg,Rejected,151.99398572380744,68.93114109732089,237.5,245.5,98.86624914477986,63.33068017913628,134.55710349382002,70.48289154287349,0.13155517616528273,-0.09211745985619998,0.8406823376564976,0.34359567902869015,55.35819625854492,27.98213291168213,-1.7031657695770264,4.707774639129639,6.527060270309448,20.93363857269287,0.1463865127284811,0.10155177361240825,12.475591823038679,0.3668811839208627,0.09539975857737548,7.2680098360788,2.8261610268169832,0.3215212025627978,0.10991461660865633,0.06817408210151088,0.0276149874928059,0.013458568494361178,0.009596501165781772,0.011365195520241258,0.010756194098929106,0.013126228383996985,0.015340257317925425,0.01319370138518737,0.011241860542441553,0.01102519391917331,0.010149847741642917,0.013074901403792074,0.023503083257603086,0.05575069324954675,0.11742937056998086,0.4642456339606806
WIN_20260902_18_21_19_Pro_jpg,Rejected,144.60051664217556,70.45853046844422,237.5,243.5,92.9321251360725,64.34571783406327,129.13245234297864,70.28156119631561,0.15553695719224633,0.02776720129961626,0.768584972532341,0.376219560698114,52.87276077270508,27.91472053527832,-1.0993387699127197,5.474310398101807,8.597765445709229,17.640419006347656,0.1748341814131288,0.13246198608693188,9.657341977288027,0.409155979282974,0.1022720602404842,7.096810204972019,2.982135761459837,0.3285138350927824,0.10658034620365503,0.06320971887272799,0.027832639010224414,0.015167337535758588,0.010762708293745989,0.012724850033926049,0.015613528771423506,0.017401458190931876,0.020214678109414953,0.019309637730690363,0.015524923419660261,0.013094605199868357,0.011756031492873598,0.013581934634566214,0.028209028278769768,0.05632713741324491,0.11497667913885135,0.43996038074985444
WIN_20260902_18_21_25_Pro_jpg,Rejected,141.65977900552485,70.11890110923845,233.0,244.0,103.67348429510592,72.14064094305861,122.61679558011049,75.06255884266095,0.01240880461913497,-0.1320554987409307,0.7648618784530387,0.2925551138417058,50.493934631347656,29.80979347229004,-0.34240037202835083,5.416280746459961,4.914717674255371,19.755218505859375,0.15303867403314916,0.09149171270718232,10.851861370795595,0.39307050591883935,0.10900393636563499,7.110887851398271,2.9088369576692523,0.31082872928176797,0.10975164353542732,0.06523310444524756,0.026298342541436464,0.014609203798392988,0.009215757137694253,0.010480664980122878,0.013149171270718232,0.013913986266714853,0.013733285146367907,0.014636790748102639,0.012829779544633177,0.009938561619082038,0.01270718232044199,0.01554029634983737,0.02861878453038674,0.06386740331491712,0.11701657458563536,0.44416335381279365
WIN_20260902_18_21_33_Pro_jpg,Rejected,143.1302017419787,66.60053883378575,234.69999999999982,244.0,103.09791949344188,61.67662193182664,127.08918335442567,71.22626335711146,-0.008834758395760225,-0.2013388415833516,0.8251481795088907,0.27864214992927866,52.31264114379883,28.534034729003906,-0.367623895406723,5.144963264465332,3.889774799346924,21.365739822387695,0.13611346316680778,0.06502775574940524,13.198435315001916,0.34418208900018693,0.08802987306432292,7.366724954294854,2.7661861791222657,0.32345469940728194,0.10911352329262777,0.07485281749369217,0.024555461473327687,0.011736716891356067,0.009082111218640661,0.009525825571549535,0.010160880609652836,0.012701100762066046,0.010723296888141295,0.01375952582557155,0.01100762066045724,0.009102455546147333,0.009525825571549535,0.012195121951219513,0.02419414873818209,0.056309362279511534,0.11606391925988226,0.46655376799322607
WIN_20260902_18_21_40_Pro_jpg,Rejected,146.44851148645537,68.14859447698453,238.0,247.0,109.37334333766978,62.758360215316856,125.6800389798633,70.21081402158526,0.06785394286584931,-0.1340092391028728,0.9337477814482806,0.3896361599140739,51.93315124511719,28.094255447387695,-0.9105913639068604,4.657414197921753,10.149039030075073,24.252792358398438,0.07163322476343267,0.03814852431626273,14.621119124604743,0.33966908986170724,0.08948911091780921,7.379000169045713,2.7498279881491783,0.33422528426054554,0.11576783360544485,0.0696298959883925,0.025598525058151918,0.011102777976179222,0.007041839055858994,0.007822969863864649,0.01008739576008789,0.01100961964854178,0.012210671280381726,0.012210671280381726,0.010164654966113308,0.006864236735465623,0.008443870662824763,0.011218448533660295,0.02546604007278327,0.06129312243075956,0.12138182770246521,0.4736455218488685
WIN_20260902_18_21_47_Pro_jpg,Rejected,143.83823264201985,65.96574970858356,229.0,241.0,104.67958100157841,64.84352947145906,125.10532357583584,66.27711568854807,0.12290748410612325,-0.048275410640828874,0.8737265030850911,0.37867699813459604,51.79396438598633,26.244050979614258,0.05357655510306358,6.871825218200684,9.002140998840332,20.92906379699707,0.09987085665088248,0.03472521165159994,15.309044452775826,0.33685353915034294,0.08603775026800006,7.361852063902752,2.7896248993450756,0.3374888691006233,0.11264898116109189,0.06582506762849413,0.027604630454140695,0.010331467929401636,0.009034986543637063,0.009040034438226431,0.010459873760144274,0.012689225289403383,0.011726259131103423,0.01384083044982699,0.00980392156862745,0.009611687812379853,0.008904719501335707,0.011479408810446262,0.02422145328719723,0.06263421617752327,0.11350265461328742,0.469946571682992
WIN_20260902_18_21_59_Pro_jpg,Rejected,150.4604682728198,71.10048268082393,239.0,245.0,120.93613024420789,67.42417114968342,126.33938634940513,71.67532747703984,0.10368790728793653,-0.08260028678296324,0.9436715303698676,0.4057608015028178,52.13166046142578,28.90209197998047,0.5104460120201111,6.345502853393555,12.299135208129883,27.05850601196289,0.05238989772490085,0.015236902525568774,15.546165231343952,0.36518796420447075,0.10178796756779522,7.1949432125628565,2.7822340501351768,0.3296666292513189,0.1097891880609476,0.07159823549372243,0.028061510831743183,0.010858500169664066,0.01153715643026807,0.009989897856100572,0.009810060530160718,0.010519172039362062,0.012940930912126905,0.008975161761636402,0.008348987685243165,0.00848320325755005,0.010519172039362062,0.015269765863590091,0.026153328095184645,0.056123021663486365,0.1357312521208008,0.4543603664743807
WIN_20260902_18_22_31_Pro_jpg,Rejected,150.26616547418575,65.44745846177945,232.0,243.5,103.34246507734503,65.39510906118312,130.11310152590477,68.04279347362119,0.03215720485180486,-0.22330027226042587,0.8493744994818924,0.31778171921022214,53.75090789794922,27.06697654724121,-2.0322630405426025,5.637187242507935,2.8197007179260254,21.01850128173828,0.1541573177916501,0.11955480541196131,14.383848519154775,0.35146899950050176,0.09629535162558922,7.27585963250789,2.7378842151020306,0.32754063034397846,0.11569106763852013,0.07205162726694649,0.02373768066115725,0.010449572430178314,0.007363047679133723,0.008058468246641578,0.010149008138697187,0.012123452742929433,0.011756653830379922,0.011899242966630637,0.009455151086239195,0.009428657237811841,0.009375669540957136,0.012376871042137761,0.02518578768255971,0.05864799932786034,0.1244020886499288,0.4678479538312905
WIN_20260902_18_22_40_Pro_jpg,Rejected,151.3140863573235,66.91022727434793,234.95000000000005,243.5,111.25306207493566,64.69657987027347,126.71098336669033,70.11030648345465,0.03289045988528127,-0.16262045538882253,0.8801365694333476,0.37020969691194117,52.53232765197754,28.0426607131958,-0.6945820301771164,5.63750958442688,6.980305314064026,22.058016777038574,0.11110778159964504,0.06554231192598879,14.35008729596851,0.36109024206605306,0.09490534290501498,7.2921211213924,2.7663623917380127,0.3228060977098618,0.1066948370636368,0.07145598432526588,0.027963919944669933,0.011320991730442239,0.008433795830676391,0.009074506974742746,0.009804048971152416,0.010711135154179891,0.014419899818236184,0.013727653915627424,0.010171520320660264,0.007535392847949523,0.008903310793324948,0.01022994070557027,0.025889609636319373,0.05971094398801728,0.11614134146535157,0.46152495045201813
WIN_20260902_18_22_48_Pro_jpg,Rejected,152.7989757914339,69.13141150452563,239.0,245.0,98.21562400762147,64.05462678565182,137.36975826344352,72.75074621015331,0.09601011285125136,-0.13593836176079038,0.8061818566740764,0.32215096201282684,55.98297882080078,28.903602600097656,-1.8484439849853516,5.179330348968506,8.931522369384766,20.934629440307617,0.1900074097597121,0.14501958293638192,12.829630508802522,0.4050961185568154,0.1021331169808017,7.156299656797248,2.871369218215475,0.31517690875232773,0.10045517095374193,0.06660088801184016,0.026722532588454376,0.011824953445065177,0.010373663596909072,0.01110014800197336,0.012086827824370991,0.013320177602368031,0.017513566847557966,0.0185002466699556,0.01480019733596448,0.010360138135175136,0.011220493278289403,0.014290250873293109,0.025407005426739022,0.06024208566108007,0.1052185879115063,0.4601489757914339
WIN_20260902_18_22_55_Pro_jpg,Rejected,141.12505786799295,65.47753516440955,230.0,242.5,105.99765582425441,63.362660251202676,119.07799026045143,64.37436209864237,0.07592521151445569,-0.1804306007074275,0.908391330107788,0.3652039449165421,49.54483413696289,25.870542526245117,-1.4407487958669662,5.640692949295044,8.17748737335205,20.534099578857422,0.09882730654309729,0.023645960307290114,17.405772924699864,0.30362840204870967,0.08035976502435743,7.486931749140354,2.7271545509042676,0.338655218899021,0.11985733211810412,0.07129646305229842,0.02753664747325716,0.011618586578226937,0.0077207503763489765,0.008818363142441192,0.00810445987633375,0.008873685243345326,0.009669668477287957,0.009375196885566614,0.008705912573590886,0.008543491477222658,0.006644543903801602,0.00969288113787483,0.02314800277593033,0.06095113868378117,0.13740711637662636,0.46264809402242946
WIN_20260902_18_23_02_Pro_jpg,Rejected,138.46785610558868,66.13538984074661,230.0,243.0,112.35590448718804,63.03035263447158,117.18328979672276,65.5327662250041,0.06911981751941249,-0.18408263095894073,0.9016625392629184,0.34860787427593065,48.69236755371094,26.414283752441406,-0.5189650654792786,5.617675304412842,6.216528654098511,23.532455444335938,0.06532370623647243,0.03067977989579612,15.021519415887926,0.32000605889618833,0.08513547288970305,7.397417839533887,2.7396875977926394,0.34107319089693455,0.11884033061967528,0.07214924984578079,0.025943418147361813,0.010353365998810251,0.008181501164130031,0.010007096246229138,0.008541795264714866,0.009084561876223604,0.010868068539091509,0.008428421791458727,0.008183942244632857,0.00896292096936005,0.00806465790460552,0.011196214796088476,0.022696806185595674,0.0608785573637087,0.12862271350652027,0.47177568951101345
WIN_20260902_18_23_42_Pro_jpg,Rejected,153.97374658158614,71.0983447065647,240.0,248.0,96.74617773530817,61.29987722895059,140.49680948040108,71.32611968902775,0.1118440957757225,-0.04708976386691954,0.8269826800364631,0.4107050060627057,57.59317398071289,28.43932342529297,-2.4860658645629883,3.996948719024658,10.610270500183105,23.096500396728516,0.17301731996353692,0.10446672743846855,14.950586504564873,0.3732169071187562,0.09354370292596086,7.313700571099594,2.8297835306494963,0.33570067555863503,0.1129956999522217,0.06748686096512184,0.028581326866447255,0.013139034878165312,0.009675107501194458,0.010912870258098043,0.009913999044433828,0.011850501367365542,0.013258480649784998,0.012579762989972652,0.010630673674151936,0.010272336359292882,0.011944577161968466,0.012183468705207836,0.025800286669851888,0.05506450071667463,0.11705685618729098,0.46453965360072924
WIN_20260902_18_23_56_Pro_jpg,Rejected,145.3055107334872,68.56207440635328,235.0,245.0,88.07257287050969,63.46652179535594,130.85623777072115,70.80440281242419,2.2636420479400787e-05,-0.3488683218844792,0.7668029158911143,0.2584782025187339,53.86875343322754,28.127016067504883,-3.2599722146987915,3.765860676765442,3.83808434009552,18.31499481201172,0.16875869450763817,0.14208494945208527,13.199674884204647,0.3558511426106528,0.09017054110027221,7.358906086394769,2.7502807159092093,0.33590956915874826,0.11646970479146589,0.07040622734714985,0.027405984923617368,0.010377401917076874,0.00861471561175519,0.008108513495321793,0.010272246477285904,0.010314178701742824,0.010430512712501522,0.01050083292479462,0.008400323158164563,0.008866958715794054,0.008900078034936261,0.011163585368087967,0.024037812397131292,0.0651871891288832,0.12312325154658252,0.4674204827477083
WIN_20260902_18_24_15_Pro_jpg,Rejected,137.15533312958436,67.43386886127396,231.0,243.0,126.75466075794621,64.92192406867517,109.49915953545232,69.38932674969027,-0.01614665778236637,-0.3317998010744983,0.8751528117359413,0.2595474557182349,45.68372344970703,27.69403076171875,-0.3989604115486145,6.858468055725098,3.5811917781829834,21.069929122924805,0.13126528117359412,0.10933679706601467,12.841476761022644,0.3743144823023422,0.09485255054908462,7.268825009530121,2.8191578272468747,0.33259474327628363,0.11252175693662332,0.07197706562915941,0.026228831061544815,0.01197852127220157,0.00929368029739777,0.011057643083853793,0.00929368029739777,0.0107393638992152,0.010945890128046263,0.009829016074536704,0.01003378724275622,0.009913258983890954,0.009521859322207433,0.012900583597829425,0.023750516315572078,0.06327429097983003,0.12742668318876496,0.4611730689797604
WIN_20260902_18_24_24_Pro_jpg,Rejected,143.62759243993725,66.55985810074196,231.0,240.5,107.43410427703117,62.65861407070324,122.80606857752558,67.78068294691639,0.026176703983593466,-0.06435634779576714,0.8221066562575512,0.36074974260300097,50.66540336608887,27.121994972229004,-0.7947385907173157,5.3593127727508545,6.057876884937286,21.277539253234863,0.11403249430137252,0.05384947761068071,12.369796092020419,0.36559284353555155,0.09479729270502432,7.223663330958823,2.8058994600879434,0.33520190115912507,0.1094722890866924,0.06497060064277839,0.02599286042832153,0.013910149470416851,0.009590167947327703,0.009878078489555804,0.010712113203575707,0.012173238275377078,0.014963960612454117,0.012691194029894501,0.010013370939650773,0.010412652233322165,0.009044043775535901,0.012655721903217381,0.024330566214294448,0.060164896454726224,0.11980904269524842,0.4638870875336272
WIN_20260902_18_24_30_Pro_jpg,Rejected,135.55547090301155,69.14775784623312,227.0,239.5,105.58771117771443,62.30274140990782,118.47012253883918,68.38278288276221,0.04682854906495003,-0.18595212804015065,0.8268198002713443,0.3316275286236695,48.92111778259277,27.407102584838867,-0.9205049574375153,5.444950819015503,6.993547201156616,20.531780242919922,0.06072653120113054,0.04481999391241565,12.956810135265753,0.36036785573244384,0.1003541827976388,7.20546772716852,2.7907342362656316,0.33798958510635835,0.10484087438319707,0.06710855283398864,0.027181105223340562,0.01216787264000776,0.010046915248438757,0.009904728414939539,0.009128226536980208,0.011820106387464207,0.012179717750927027,0.012268385513992324,0.00893541872635584,0.009917066039689912,0.010106957252615631,0.013378635849669238,0.025039978284775125,0.06302497315995328,0.1251500770896364,0.46133939303611626
WIN_20260902_18_24_36_Pro_jpg,Rejected,145.18507940574403,68.58470481151048,235.5,244.5,106.1986255697952,65.6641194309629,126.21446690451796,71.80477990845287,-0.07474318760072345,-0.34720561030481434,0.8493568836771377,0.26562239939087157,52.11650276184082,28.654263496398926,-0.6080451905727386,4.78422474861145,2.144077777862549,22.17640781402588,0.13076467410048936,0.0698990222703567,15.323721803469624,0.31439143138868725,0.08364482499837489,7.454911363718798,2.7058146543476633,0.34010542811413663,0.11688786545019539,0.07102176594489955,0.02577193029264985,0.009789051464081776,0.007994479405787808,0.007859190603546952,0.006744028381495017,0.009423871728568328,0.011343261302002347,0.00975467248994122,0.009026426912804215,0.006895604443879533,0.008514989741639514,0.010207188672805026,0.02524736515243309,0.06432938680777761,0.12681300396171874,0.46943269225575185
WIN_20260902_18_24_44_Pro_jpg,Rejected,128.48547091684648,67.16954653276241,223.5,238.0,134.17819677631974,63.87544122968987,101.07969709737603,64.86049736779103,-0.08656418294905407,-0.23950530380898785,0.878370679366002,0.286832789704476,42.19516181945801,26.3930025100708,0.8408941850066185,6.758822441101074,2.2138514518737793,23.071555137634277,0.035091961886026764,0.020657888890244423,13.867281601065605,0.3373006301770847,0.08897468671344158,7.322438743370135,2.724082542546056,0.3409678044202025,0.1097613187903908,0.06758704475010607,0.02393977871558266,0.01039089340558701,0.008309723500809118,0.006918730090132563,0.010324744205731899,0.011156780598060198,0.009180154704301915,0.008998821070953313,0.00778916129362536,0.009029165044837544,0.009087525663060828,0.010676771049955222,0.02460072094518734,0.0684234227396692,0.13114833661291628,0.4765731947488626
WIN_20260902_18_24_55_Pro_jpg,Rejected,149.32378079436904,66.47077761481806,234.0,238.0,95.10789429388991,61.30350301188311,135.36035696329813,66.8318339222566,0.10767778753422373,-0.12263436078078956,0.8280542986425339,0.34477124183006536,55.622440338134766,27.03301429748535,-1.4549554586410522,5.7784318923950195,6.534726142883301,18.509716033935547,0.15485168426344897,0.08331930651405488,11.110351683158338,0.352289351881019,0.09153161481595619,7.149060649846413,2.7942161427906966,0.33760683760683763,0.10266236385639371,0.07004496713939813,0.027326184711172603,0.010549982704946385,0.008421317244846656,0.008798391151332328,0.008247769735734725,0.010683760683760684,0.014831573655103066,0.010683760683760684,0.010558069381598794,0.008471157724889069,0.010809451985922574,0.012101653892698669,0.02457498737586265,0.06133735545500251,0.12229763700351935,0.46973365617433416
WIN_20260902_18_25_02_Pro_jpg,Rejected,156.82966673927248,64.83070928796539,229.0,239.0,120.42273112807464,65.51193978939169,132.47803223070397,67.35353123908295,0.1912403150123406,0.019316835944437605,0.8977099236641222,0.3940318013504683,54.6954345703125,27.5786190032959,0.1384160816669464,4.669075965881348,7.376885414123535,23.286109924316406,0.12332485156912638,0.056997455470737916,12.349684559264134,0.3721673081919705,0.10493577180920872,6.913387412294774,2.924204961398804,0.3213821289243916,0.10849056603773585,0.06745283018867924,0.025636262307263607,0.013522012578616353,0.009838846480067854,0.010691823899371069,0.011874469889737066,0.015776081424936386,0.0176420695504665,0.015880503144654088,0.013910093299406276,0.01179245283018868,0.010534591194968553,0.011949685534591196,0.0265737312132433,0.06273584905660377,0.11370071879764757,0.45971162001696353
WIN_20260902_18_25_06_Pro_jpg,Rejected,153.90986296081837,64.71086481489954,229.0,235.0,97.20513105904614,60.52609166162785,135.6107895824721,66.15766258185668,0.19238138986877493,0.0025476913259118487,0.8774286895411327,0.37309399729781895,56.217071533203125,26.510116577148438,-1.733639121055603,4.618371486663818,6.5401225090026855,21.09104347229004,0.09215871779175246,0.04157159552562747,7.357285602741776,0.4319755626418644,0.13161180655395172,6.7914024335326495,2.945275951482123,0.3240790176187934,0.09669947886508395,0.06513614522156967,0.027269185820023373,0.014282956958116193,0.011930253900275314,0.013896931094383324,0.011211959423384944,0.015483182060864922,0.01715584952459694,0.019636213311285657,0.013765677577240747,0.013896931094383324,0.012236157846436219,0.016213086276780544,0.02721482339316734,0.054981397271599834,0.10492505353319058,0.4692021496486151
WIN_20260902_18_25_12_Pro_jpg,Rejected,148.94361887876428,64.79276256413185,233.5,242.5,106.86705327078752,64.80646812357514,129.4830801468886,67.31737366677173,0.18160294542510488,0.131295615694802,0.8815098969471626,0.42248396742337807,53.45235061645508,26.66684913635254,-1.1144221425056458,6.347110986709595,10.219627380371094,22.453109741210938,0.09485574191376081,0.042462032317340206,11.437428574244937,0.3758094362297097,0.09188660010537081,7.245369266217826,2.8129129062315754,0.34439636718331557,0.1076320182185283,0.06417610230545767,0.027844311694794753,0.012363052575719919,0.010356701439501313,0.009358066627093962,0.00926645605220203,0.011481085355070746,0.012958234062765042,0.010390839967771463,0.01100878047366335,0.008624607528453634,0.011090735037646512,0.014037674440145812,0.029613988748424955,0.06252414770803329,0.11418993006661719,0.46755631155762195
WIN_20260902_18_25_17_Pro_jpg,Rejected,150.18756073858114,70.20922220849374,238.0,247.0,118.31326310749341,59.94585438011708,132.6543587502731,67.88048190569351,0.08284886393671663,-0.13792096770816337,0.858785648574057,0.4065982084334717,55.037174224853516,27.127893447875977,-1.062469244003296,5.403006076812744,8.736141204833984,24.48325538635254,0.09176632934682613,0.03840846366145354,14.250500239252379,0.35063839476051284,0.08794209097534644,7.436665830478651,2.7606546691358913,0.34406623735050595,0.10928527255057867,0.0693524162911918,0.023581517835767295,0.010892985396217381,0.008049678012879485,0.008139813263107493,0.009831767533318768,0.009659613615455382,0.011730907349772564,0.00919963201471941,0.00927643784786642,0.00931582162492364,0.009718172983479106,0.011371797941106057,0.02712253732661896,0.062267861044352196,0.11775528978840846,0.4783991518685396
WIN_20260902_18_25_23_Pro_jpg,Rejected,147.96258185219833,69.41123090132966,235.0,245.0,108.04069223573433,60.03443138208357,130.8100942341479,68.41525361914749,0.14373335862822517,-0.14383170197555115,0.8856412713624022,0.406688493919551,54.06797790527344,27.661211013793945,-2.187828779220581,4.121962070465088,10.896021842956543,23.55735969543457,0.07682478837246447,0.050950327423734225,16.2125755934862,0.3235144415724831,0.08425904156122306,7.436964375114341,2.75158867618546,0.33863423760523853,0.11889312977099237,0.0683206106870229,0.026818950930626057,0.010687022900763359,0.00922165820642978,0.009541984732824428,0.008969465648854962,0.011590524534686971,0.011336717428087987,0.011252115059221659,0.008587786259541985,0.007952622673434856,0.007824427480916031,0.012022900763358779,0.025572519083969465,0.06032148900169205,0.11833489242282506,0.47366412213740455
WIN_20260902_18_25_29_Pro_jpg,Rejected,155.050907884466,65.9966216057319,234.0,242.04999999999973,93.21120313065924,63.47709747603416,137.6557332746348,67.67826224360677,0.11034784690239116,-0.06518823663887356,0.7985320990809728,0.3833048814167246,56.610944747924805,27.026540756225586,-2.3069594502449036,4.5540220737457275,7.859260082244873,19.93570613861084,0.14700107784999358,0.07327340005993613,10.386632338707468,0.4071916292307463,0.1007646489684153,7.149867407837352,2.8309866831393875,0.3305739817675114,0.10498490728528279,0.06583315148153301,0.027217362142150228,0.012445928697210508,0.009879814296869708,0.010602792968998881,0.011211287243437663,0.013217131496688168,0.01459682857060461,0.013120938734056616,0.011975967011120005,0.01083751831997871,0.010976050908326988,0.013879734200107198,0.024847248713480027,0.05969410030816495,0.1112736209200991,0.47142104079994307
WIN_20260902_18_25_37_Pro_jpg,Rejected,157.3587102983638,64.11446699781311,231.0,239.0,91.40084226646248,64.28366118827071,142.58200192492782,66.26234908376074,0.18678796896012065,-0.04454091003210191,0.7726660250240616,0.3974100235452405,58.60865783691406,26.163990020751953,-1.9948757886886597,6.6223554611206055,6.5664286613464355,17.118078231811523,0.16044399596367306,0.09149007736293306,6.967168335113073,0.4624568946805184,0.11828999842719935,6.715674351082537,2.987675480570311,0.34667949951876803,0.10174907500840902,0.05852674066599395,0.027237728585178055,0.017036753445635527,0.013118062563067608,0.012059724349157733,0.014931087289433384,0.01569678407350689,0.01875957120980092,0.01818529862174579,0.014165390505359877,0.013591117917304748,0.014295324587958291,0.01782711066263034,0.026033690658499236,0.054938744257274116,0.11133535149680457,0.4571209800918836
WIN_20260902_18_25_49_Pro_jpg,Rejected,144.31990265008113,64.60845538500251,226.0,237.0,115.71613832853026,63.007178240240535,117.60235262303948,67.0848283245052,0.06995819073714382,-0.03001479769822247,0.9232017306652245,0.4272579772850189,48.7818717956543,26.8994197845459,-1.3289276361465454,6.874013423919678,8.243356704711914,26.134809494018555,0.09856679286100595,0.055976203353163875,14.374924899959007,0.3484108990816384,0.08910491814135206,7.4067120028710995,2.7996539144954338,0.33905385570735014,0.11443323727185399,0.06820365033621517,0.024202271498107084,0.012007684918347743,0.008923742563547863,0.009966378482228627,0.009005763688760807,0.01081665765278529,0.011627906976744186,0.011627906976744186,0.009966378482228627,0.00888568683957733,0.010206532180595581,0.011287223823246878,0.02461330021451959,0.06544077879935101,0.12908261287223824,0.4782314764737696
WIN_20260902_18_25_57_Pro_jpg,Rejected,149.5893770339377,67.23464328768505,231.0,242.0,128.93003254300325,65.99925968191269,123.1697786076287,67.32135193798572,0.08457704021999263,-0.1554919268577969,0.9393605292171996,0.3842398884239888,51.08650588989258,27.109785079956055,-1.2275104522705078,7.459201335906982,6.6757426261901855,28.33745002746582,0.0705521472392638,0.020138703654307817,15.113078187637896,0.3501113768716819,0.09001786673855784,7.370301545790967,2.837789760777331,0.3370084527747152,0.11680613668061367,0.06174200661521499,0.027473993064817286,0.010106578463800073,0.010111576011157601,0.009202453987730062,0.010692701069270108,0.011025358324145534,0.014876801487680148,0.011622501162250116,0.010227801022780102,0.009530450953045095,0.010692701069270108,0.011336356361696453,0.02301255230125523,0.06043700604370061,0.12563350226727127,0.4597574421168688
WIN_20260902_18_26_48_Pro_jpg,Rejected,144.96559782584148,69.6909325719152,234.5,242.5,101.55260212863712,66.87986136708231,129.2031613367155,71.48623322828931,0.15629026270643442,-0.06763993515222846,0.8614961529875013,0.40291389466794936,53.26017379760742,28.76784896850586,-1.8966920971870422,4.887402534484863,10.19084358215332,18.946877479553223,0.10077231445201912,0.0500606737610452,14.220886928606202,0.34366895154059796,0.08726247155430594,7.400435451870667,2.8191164222613936,0.3395695123458387,0.10967244776512797,0.06699838436648844,0.02634583962908199,0.014219166161763427,0.009659703721625966,0.009935726742398995,0.009365082182826362,0.011730327711489758,0.012023506459465833,0.013548171096436284,0.009540335609947673,0.010885418447326227,0.008599142887282314,0.013737852431792884,0.02685684648444392,0.059252040793215804,0.11831487437711616,0.46217364937300787
WIN_20260902_18_26_57_Pro_jpg,Rejected,146.14134499618626,70.75599287177961,237.0,247.0,121.93612569581177,68.39001277932121,120.55094891708598,69.59284018412818,0.04790434244962831,-0.08152148989276897,0.921929923388914,0.37607547789624207,49.819183349609375,27.915739059448242,0.5344689935445786,6.725318908691406,10.72591495513916,23.826772689819336,0.0640143780840565,0.0210928194657138,15.690548970507011,0.32386607308144233,0.08461878706618443,7.44078778458095,2.7864243619194013,0.3432416064911204,0.11536467828581151,0.06902296325611362,0.025875791017444923,0.012996735153613189,0.010560994340670378,0.009123886107144017,0.008401597834982216,0.01244179059636473,0.009754978051508021,0.009305367783285765,0.008533154383972561,0.007229757650890882,0.009098609650660124,0.013249360917900244,0.02448341762221888,0.06353217783763987,0.13069367249177974,0.4616718118249512
WIN_20260902_18_27_07_Pro_jpg,Rejected,152.40504451038575,65.81996147897196,239.0,247.0,106.91712590080543,67.42759386653664,130.02140737600678,70.86709331525455,0.022717180185792937,-0.13293947684282004,0.8433658329800763,0.3345546141515915,53.310829162597656,27.958463668823242,0.6200549006462097,6.560762405395508,6.229625701904297,21.649227142333984,0.16744383213225944,0.13713437897414157,14.048681684794666,0.34318785941553637,0.0903060727184617,7.348011879971644,2.7881981709630557,0.32585298832150217,0.11116359628404976,0.06973293768545995,0.026562857797114724,0.011445527766002543,0.008054260279779568,0.008690122933446376,0.010385756676557863,0.011651708392379154,0.011021886317115415,0.010077153204219808,0.00984657659720632,0.010077153204219808,0.008014655369819098,0.012911352542906629,0.027249828257384933,0.05765154726579059,0.122509537939805,0.47126173574536295
WIN_20260902_18_27_25_Pro_jpg,Rejected,162.26190008759397,72.61867957389248,243.5,250.5,96.73020762314124,65.35452108942495,144.16912506076693,73.06844451431644,0.24581100777096887,0.16276646858214755,0.807732204344154,0.4746266614294473,58.927059173583984,28.991150856018066,-0.17163188010454178,6.081579685211182,13.52232313156128,21.40115737915039,0.20672909262933553,0.15721832708177605,13.674339280065889,0.37063886652042216,0.10124865743506259,7.277923551849816,2.812187680395716,0.3321507087048112,0.10508360633335151,0.06814679721879754,0.027843052183763674,0.011210350278874466,0.010300974585795437,0.00953292167394874,0.012079718743395914,0.013535940791541991,0.01392301959551441,0.014190338076949787,0.011824740335724681,0.01169874463552164,0.009517594592919449,0.013290184768801904,0.026159518882739805,0.05682902669115017,0.10792538903902749,0.4769080815721814
WIN_20260902_18_27_34_Pro_jpg,Rejected,148.4028161357727,68.26436063746598,236.5,246.5,104.11052892380272,61.506758427467275,129.9677926054414,66.83681034212636,0.24416424692236988,0.08120841128031671,0.8761257641446998,0.4796003495582497,53.65475082397461,26.747408866882324,-0.9645660929381847,5.26212215423584,11.927719116210938,21.292704582214355,0.10063630919638357,0.04089250102767225,14.245834275547855,0.33407319978932837,0.08365819898576267,7.459606561134169,2.773111771683232,0.3486400082754803,0.1081761251167211,0.06718050519888366,0.024541195780211987,0.013057046242889026,0.01034444955450223,0.010184126551079972,0.010240077295525141,0.012053566710726337,0.01253518494800359,0.011387522917262617,0.01137956086934238,0.011002747709049205,0.009734572914487172,0.012157938969703425,0.026331664687666442,0.058697966574114545,0.10959666086678516,0.481399087093046
WIN_20260902_18_27_45_Pro_jpg,Rejected,139.2733057344373,68.90504069635605,236.0,246.0,100.15309720944495,66.63518840452764,120.12342839619748,69.20206120107491,-0.11691561935070151,-0.2879176622556834,0.8030512112848819,0.30031997562090507,49.75605773925781,27.55760383605957,0.6554786562919617,6.388524532318115,3.6576735973358154,19.695222854614258,0.10583025830258302,0.06539108494533222,15.165751886846806,0.3300175969794206,0.08494868526606081,7.435519582218252,2.7189469188038453,0.3289654121590736,0.11453541858325667,0.07198712051517939,0.02476234283961975,0.01218951241950322,0.009294529940575957,0.00919963201471941,0.008075575194270913,0.01004293161606869,0.011269549218031279,0.009461732548359966,0.007232472324723248,0.006642066420664207,0.007283042011652867,0.011039558417663294,0.024354243542435424,0.06455004205214467,0.12560885608856087,0.473717409587889
WIN_20260902_18_28_09_Pro_jpg,Rejected,142.18341985213152,70.58193948857274,232.0,243.0,95.31358885017421,66.11514105975695,127.19899323580306,65.11412728062022,0.09216230883043511,-0.16275974487200184,0.7574838954149299,0.37821993249244984,52.26606369018555,26.401796340942383,-1.3769696950912476,5.682109832763672,10.911057472229004,20.590360641479492,0.05771077395813328,0.020962870847397407,17.466318878633892,0.3122284871675952,0.08379777635528825,7.5375942308753405,2.6680242623994084,0.3352282821104992,0.11845210004719207,0.07052762480014212,0.027241051631295535,0.008809186723297153,0.007326007326007326,0.006529671595928557,0.006764196948246028,0.008527269497246403,0.008494572911750826,0.009593178184402203,0.007009794507393893,0.007326007326007326,0.007009794507393893,0.010303783975839403,0.022609574333712263,0.06355198993235803,0.1307854810831573,0.46595932802829354
WIN_20260902_18_28_20_Pro_jpg,Rejected,150.25993009215125,68.52306541704657,237.0,245.0,110.15111208024422,61.7400437475353,125.6450065416485,70.10669219245852,0.10761796756069891,-0.10834013639707561,0.8931530745747929,0.37302725968436157,51.90773391723633,28.057096481323242,0.15389227867126465,6.171375274658203,7.636379718780518,23.467050552368164,0.08438726559092892,0.03958090803259604,12.883635054365772,0.36327157942334304,0.09127593657518655,7.321929433065134,2.8052846042839956,0.3337570172651202,0.11354729371888571,0.06577415599534342,0.027256868730920192,0.01183546759798215,0.01023391812865497,0.010486177311725452,0.0097447304310984,0.013575605680868838,0.012498675987713165,0.01211361737677527,0.0106951871657754,0.009313154831199068,0.01086048454469507,0.012390765618886135,0.02504238946132777,0.058150619637750235,0.12197159565580618,0.46324143692564745
WIN_20260902_18_28_29_Pro_jpg,Rejected,150.63888722704158,67.99647204662065,237.0,247.0,112.79650092081032,68.43526944105199,134.41232425964702,69.65035976280663,-0.012069141641105475,-0.2753427571935594,0.9219164456233422,0.2896220159151194,55.34626388549805,27.659770965576172,-0.35632839798927307,5.080496788024902,2.6174862384796143,18.873458862304688,0.15566856117259947,0.08353658536585366,10.99931577966974,0.36091136577591076,0.08717918943932546,7.367368240725348,2.8359899140843137,0.34084880636604775,0.11017269633177865,0.06517080549602924,0.028614647674272027,0.0128576830959284,0.00975609756097561,0.01056910569105691,0.010589318600368325,0.013121546961325966,0.015423572744014733,0.015423572744014733,0.012195121951219513,0.011970534069981584,0.01016260162601626,0.012430939226519336,0.025552486187845305,0.05719496021220159,0.11836631791251734,0.47052845528455284
WIN_20260902_18_28_39_Pro_jpg,Rejected,142.75911817150268,71.54402128864743,240.0,249.0,117.58113146377046,69.6461972292866,120.7080564110877,71.18196651292254,0.0727422436554856,-0.17678628969439358,0.9056524035921817,0.32868462757527733,49.92650604248047,28.494991302490234,-1.5336992740631104,5.004940509796143,5.486735820770264,23.974088668823242,0.10601394067109743,0.037769492624412385,16.57353309785501,0.3489420215678579,0.08629631708712389,7.374297782092389,2.704487748321921,0.33801276207839565,0.11744865385773655,0.06937915383368455,0.0259361322742746,0.01035393555203381,0.009403063919704174,0.009239747122710326,0.009888150429567191,0.008131060651689453,0.008915545469281893,0.009864893845164058,0.007132436375425514,0.008149260132961612,0.00855784469096672,0.010248283148441627,0.025520051469011366,0.06271649954421149,0.13829899630216588,0.46435733819507746
WIN_20260902_18_28_47_Pro_jpg,Rejected,145.97904932122478,67.77745014507991,233.5,244.5,106.12990985727697,63.5627002137649,127.41221233452472,69.39275920695326,0.049836122253728625,-0.21173483292759304,0.8764746830967193,0.33065116909346026,52.58201026916504,27.68546199798584,-0.9883758723735809,4.105900287628174,4.4878644943237305,21.633109092712402,0.12159055286019742,0.06324041011542668,14.33639344447246,0.3331427680429194,0.08938036671033184,7.422039152314136,2.774255215060987,0.3346718430144008,0.1165975324650764,0.06944032241238354,0.02790092541040843,0.01166035068779848,0.009189884567789257,0.008501704725828597,0.009935549561837512,0.011597438452288415,0.013283660282405893,0.010471746118044026,0.009142469910152894,0.008203192037241635,0.008991010735989553,0.010375457342994571,0.022958394358804098,0.0597242003221663,0.12837062464217014,0.4595390153404295
WIN_20260902_18_39_18_Pro_jpg,Rejected,146.5217732137649,64.4906181447528,231.80000000000018,242.5,100.73091599222221,76.64820283414102,125.65612579048742,72.40173806279682,-0.0006443017978718171,-0.0806272729703076,0.7385312184433199,0.25730793333219903,51.483985900878906,28.790610313415527,0.43849145621061325,5.060030698776245,3.2467410564422607,20.251368522644043,0.16105221826560806,0.08201643121319449,10.081644725874881,0.3766320640114176,0.0952364617333667,7.20265520561038,2.8235812216491674,0.34314278460081593,0.10881769153135588,0.06678649621870344,0.02659327917663854,0.012135421247077892,0.00961496335467297,0.008769061862320276,0.011221628202417126,0.011840635778117867,0.015145797861746826,0.01160807422744808,0.010848378714927031,0.01221407286313839,0.010952846894006637,0.013711978016470793,0.02601361917310742,0.061299825791671834,0.11045572187321366,0.458370725986591
WIN_20260902_18_39_47_Pro_jpg,Rejected,157.39726417782845,64.52518938218263,230.0,242.0,100.07023881196066,76.475453215287,137.73991217167952,68.79682217404333,0.04777578597365519,-0.11492663668509376,0.7389749702026222,0.2572128470332063,56.61836624145508,27.328702926635742,-0.7770121693611145,4.2457661628723145,3.194545030593872,20.232439041137695,0.14466815809097688,0.05493412875963211,12.477248694623453,0.37741136895803196,0.098612069487755,7.1901708836744405,2.8471834894864374,0.3434174838305863,0.10772299800512966,0.07110287831290966,0.026289383905277946,0.012142979305626817,0.009254218835057159,0.009546879452835565,0.011755329746961547,0.013245033112582781,0.015242242787152967,0.013349272763498704,0.014146244271767285,0.011544381734222679,0.01054431461954973,0.014032946918852958,0.02821316614420063,0.05845027455765711,0.11555826723611959,0.4615063634466931
WIN_20260902_18_39_55_Pro_jpg,Rejected,147.55443063824993,62.39024865513811,227.0,238.0,85.10867311191026,69.42679677914242,130.73141869700663,66.92736123259793,-0.07331774097659313,-0.19943236091478928,0.6896006700881612,0.2582460519696583,53.530155181884766,26.884634971618652,-0.7514707744121552,4.962333917617798,1.1506927907466888,16.28685474395752,0.13874749941917716,0.044870676737923346,10.23627539640807,0.3787850686636529,0.09676712789806108,7.185335641903844,2.812200538941382,0.33855431912113143,0.11378876311105227,0.06843530382775945,0.026527495217448273,0.011421014295341356,0.00985589909167431,0.008561153305412647,0.010206274415818603,0.011483260638809951,0.01308052746515996,0.013251873835815442,0.010363369364440912,0.01071790893340666,0.009968996866587228,0.013667778729429429,0.023902982507224852,0.05968635844407809,0.11946074107387578,0.4692088608461566
WIN_20260902_18_40_02_Pro_jpg,Rejected,152.56721860106532,62.861220967714985,229.0,240.5,97.92124350254782,70.69011717205643,131.81480881390965,68.5238226654287,-0.029031852716611684,-0.1910301590529313,0.7199045625252745,0.2609880672667338,54.30573654174805,27.201995849609375,-0.046418726444244385,5.280807971954346,3.1217952966690063,19.82420825958252,0.13807727662936542,0.08129134001911181,11.200368774698696,0.371250657896142,0.09312639455177624,7.278159557182186,2.817292240717028,0.33366218823833294,0.10913416724523045,0.06874981319391277,0.02611380373112899,0.012489193261044293,0.009473469897267963,0.009707552294271709,0.010948753542516988,0.012376393286931185,0.015018475833703238,0.014252891045973175,0.010967651082949122,0.010961255180662675,0.010444832953850035,0.01125742689116807,0.027286021541895224,0.058081987823470155,0.11382679135662128,0.46976369687133923
WIN_20260902_18_40_10_Pro_jpg,Rejected,148.54566325332237,68.30321917857422,231.5,241.5,109.04974094691045,75.86569105622726,127.58851182639631,71.59802747344102,0.023877046868143483,-0.026279683563677464,0.7584614223655182,0.29180612264136935,52.48695373535156,28.50181484222412,0.20151416957378387,5.359327077865601,4.01868200302124,19.806367874145508,0.1406968343876487,0.1156667748602983,11.026142239738798,0.37328411252582105,0.09355567602223183,7.255782524587209,2.8487579867054684,0.3355640007781898,0.11102588390048274,0.06409523137434697,0.027272665242874784,0.012086717543660886,0.009007027175742411,0.009464587535469327,0.011180011267702922,0.013485452322039716,0.014769575020827302,0.012901562568724222,0.01051673214256745,0.010253465293450415,0.010888434641739893,0.014750627892295615,0.026422643993123093,0.06267830133594923,0.11502924747569021,0.45737945223173915
WIN_20260902_18_40_23_Pro_jpg,Rejected,153.33367474678502,63.38786439372752,231.0,243.0,95.66655286218277,74.01135844282999,131.7748947308524,70.2051557963733,0.014007455189451004,-0.12149647851823153,0.6852167975418232,0.3114754098360656,53.96493911743164,27.738039016723633,1.0725153684616089,4.9822468757629395,3.34414005279541,18.087432861328125,0.15617913832199545,0.04979035639412998,11.175051630325616,0.37330972777330795,0.09559209518993346,7.225090400042377,2.9130696163752625,0.3344688758129452,0.10317460317460317,0.06398963730569948,0.026927437641723357,0.011768349334159182,0.011265432098765432,0.011148962527098173,0.012542582842985444,0.01445578231292517,0.01889129761536079,0.016640461215932913,0.013233752620545073,0.010374729018271911,0.009915014164305949,0.01417233560090703,0.026912181303116147,0.06280373831775701,0.11224489795918367,0.4669753086419753
WIN_20260902_18_40_32_Pro_jpg,Rejected,147.36414121380403,63.35920066976976,236.0,245.0,106.79394157088123,76.46363013343142,129.51765172550574,70.07759414475638,-0.08278339371024161,-0.20353966768221377,0.7670019157088123,0.2679020819034546,53.07008743286133,28.260459899902344,-0.11014389991760254,6.18812894821167,1.5073922872543335,20.156356811523438,0.16389402341343193,0.08150690960302791,12.135890389209681,0.3579577119159957,0.09314178636865138,7.24745421023307,2.911351071258488,0.3251915708812261,0.10154700515668386,0.06666666666666667,0.02512562814070352,0.012730318257956449,0.009715242881072027,0.012031678342978983,0.012395309882747068,0.016527832870554014,0.01690526957051477,0.015991471215351813,0.01325007614986293,0.012488577520560463,0.010313367711225704,0.01257183908045977,0.02623350873179288,0.06223043746149107,0.11925287356321838,0.4562899786780384
WIN_20260902_18_40_40_Pro_jpg,Rejected,147.14872690800317,65.53116268115596,230.0,241.0,95.95379728535978,75.27129365415281,127.64034605604522,71.24528042054658,-0.1877018008609979,-0.25027571498138346,0.7456019047149636,0.21053222554178824,52.461204528808594,28.375818252563477,1.0838437378406525,5.0488600730896,-2.2910520434379578,18.75319194793701,0.14040438089856122,0.0648137031967006,10.753374547539261,0.36375532455878246,0.09360199563574806,7.2533978905356316,2.7619920369607813,0.34017793024196014,0.11097355598789377,0.06732631049942436,0.025558777741855485,0.010765224469736583,0.008738381940169552,0.009438369393297733,0.009315099376390877,0.011397582393766401,0.012952907615851182,0.012127102540554779,0.010265470593818615,0.010104888019956244,0.01009040244941033,0.01248616234365688,0.025158796483761375,0.06133750250957702,0.11375523623515424,0.46992656740072425
WIN_20260902_18_40_49_Pro_jpg,Rejected,150.4375425846014,63.417578671037425,233.0,243.0,87.04156257097434,71.24341605881274,133.28696343402225,68.19638959074923,-0.04086101689571691,-0.21182073378836747,0.7153077447195094,0.21189267585206673,54.719661712646484,26.973512649536133,-0.050397101789712906,4.328726291656494,0.11779595911502838,17.581222534179688,0.1582582953003577,0.05677946854417443,10.100320405016799,0.37503793729183127,0.09271517045571835,7.24946316502899,2.815560833752538,0.3397981709239987,0.10367675717812135,0.06701356039104384,0.026976069615663525,0.012515503438944638,0.009311832841244606,0.010147705491036194,0.010854816824966078,0.012907904278462654,0.015236833388539251,0.014213197969543147,0.012918184829413714,0.010433918516064922,0.010106745400863048,0.014213197969543147,0.02782193958664547,0.060391043834752446,0.10897648227890029,0.4720908230842006
WIN_20260902_18_40_58_Pro_jpg,Rejected,150.80184792594162,66.03152577277788,232.0,241.5,94.0544884237276,72.11023552806404,133.41410884412278,72.3335126214766,-0.06447262567385229,-0.20258005096298387,0.7406489850955176,0.26831994459247543,54.872446060180664,28.767123222351074,0.03241652250289917,4.987778663635254,0.34111121762543917,19.2857027053833,0.15908211723932691,0.054902171234233604,10.53090586714982,0.36537360158882914,0.09209170519988294,7.278973917167461,2.8568793677606967,0.3438277385035429,0.10721641112509303,0.06839905639524874,0.02737118560141725,0.01218920427575427,0.010236278951147273,0.010030584087922692,0.010688755778788167,0.013249331304807314,0.01564176201490262,0.01268430670174141,0.011865957283189508,0.009790282594108711,0.009949287632079643,0.013684558577790981,0.02482996316204235,0.06325378010875465,0.11377189563280296,0.45838372094359153
WIN_20260902_18_41_09_Pro_jpg,Rejected,143.12831881383383,65.3063938279553,231.0,242.0,95.80679214476379,67.8593523637204,120.0254405947835,69.67955829949071,-0.07786408416959258,-0.17028308892417082,0.7460653552056477,0.27366775275194855,49.25217819213867,27.898802757263184,0.014536812901496887,4.59922456741333,0.5409329123795033,18.203194618225098,0.14081269695847248,0.10579772612199473,11.338215349208392,0.35404372546846785,0.08859691322529174,7.3460500843928305,2.8469637677151662,0.34580854084313045,0.10622990960533907,0.06731666620564566,0.025135492037001116,0.01235893638831729,0.010844115527785643,0.010471062166439168,0.010472172116305283,0.014098056660128025,0.016069543877010133,0.013066600333975407,0.012955703109160763,0.010794936153453118,0.010082238231937043,0.013409133432246213,0.024463489204806503,0.06213657353734449,0.11458849805289648,0.46970802712400184
WIN_20260902_18_41_15_Pro_jpg,Rejected,144.26045854700197,64.92878695031442,230.5,241.5,101.44896330306435,67.02285711377101,121.23685829440296,70.22500288794771,-0.057558565990649964,-0.21996146427012586,0.6893350034580452,0.26241422337525666,49.91538429260254,27.914642333984375,-0.8216791450977325,4.581848859786987,-0.2202051281929016,18.223052978515625,0.1559573596132871,0.04442437030142815,12.06167398799235,0.34315355020418814,0.08884326854251473,7.361761966677312,2.8202265199899728,0.343492297328688,0.10864103572060535,0.06735796292761351,0.025534441623167148,0.011824243173492479,0.009028613607301082,0.010084029233637937,0.010439839917872878,0.011676983267324598,0.013843338626416178,0.01189387635794051,0.011214452379442512,0.010123342052230346,0.010498207048759008,0.012540062902356859,0.02615986279640018,0.062314453995268256,0.1170917276012664,0.45409212773671714
WIN_20260902_18_41_24_Pro_jpg,Rejected,147.923405991146,63.94663397887486,230.5,242.0,100.73546728563022,70.89255597966462,123.50150275083459,69.35290382166488,-0.06333807784473333,-0.08382230245487113,0.7748871026481623,0.30928767383103717,50.81482696533203,27.73032283782959,1.4291980266571045,5.5663628578186035,1.958458662033081,22.356606483459473,0.13712684758305954,0.05634039301839882,12.088517890528735,0.3423736837683406,0.09105353321067769,7.35011606351759,2.8213143970475913,0.3450636230410673,0.11140383838700076,0.0655442223331957,0.025687206936696294,0.012289939412161005,0.010177718748704682,0.009745611098996427,0.01049192875003344,0.012815391496497264,0.012969764913026333,0.011376099043697047,0.011034019089484476,0.009637580457359119,0.010885020839899862,0.012154943210717566,0.026553480375061646,0.06099368217470488,0.11982238180723787,0.4633238730356869
WIN_20260902_18_41_32_Pro_jpg,Rejected,146.9683249706468,67.2615276746842,232.5,243.0,109.82416911525254,72.28402963843315,123.36047244164905,71.58107712943487,-0.029060345351737654,-0.16465292653941294,0.7743785314474334,0.27599571938166073,50.71725082397461,28.722082138061523,0.7140623182058334,5.278512954711914,1.9118232727050781,21.77536392211914,0.1464312783269894,0.08146783610767952,11.958077896565523,0.35053810767280075,0.08585672989540649,7.380569001405471,2.789090328238119,0.34997842037892446,0.10860128637685489,0.06932338117551826,0.025076640314003334,0.011324079825020542,0.009078317891689964,0.009497697273142227,0.009760889281920187,0.010265455855624106,0.011905823164366053,0.0109860655871649,0.010341305264059878,0.01030874575673051,0.010086483701231028,0.01290828422854501,0.0252413961460165,0.06255713368755988,0.11727610045538664,0.4666937864347016
WIN_20260902_18_41_43_Pro_jpg,Rejected,147.380472436542,68.21024985519131,233.0,243.5,97.0289673263089,65.61214190043124,129.42281865662414,70.91849389182346,-0.10653725832479408,-0.2646106562635081,0.7458349842732369,0.22914281923720614,53.24719429016113,28.40746784210205,-0.45435112714767456,4.658108472824097,1.565879613161087,19.492831230163574,0.12563859520620207,0.067705351612254,14.646406342305564,0.31414969836132195,0.08515816353886141,7.436294785742318,2.7208838636370043,0.345452887988147,0.11803593896487448,0.06710098806005382,0.024544727179570083,0.011746026008216871,0.00863685738795884,0.008128503477568678,0.0090537373976616,0.009576292126962907,0.011900860497525128,0.010706149423029587,0.00851651584103609,0.007742028342207212,0.007885530959271702,0.010754427503651895,0.024616026862156266,0.062366369942933236,0.12330897792260982,0.4752783480172154
WIN_20260902_18_41_52_Pro_jpg,Rejected,147.25335583339725,66.63155418528036,234.0,244.0,91.72492283950618,63.90151909169732,125.23211385996753,69.80485507169165,-0.17455478892990936,-0.29017321833331566,0.7313974591651543,0.21999049203708104,51.387107849121094,27.899131774902344,-2.030102252960205,4.960501670837402,-0.16674895584583282,17.6956729888916,0.1476337448559671,0.10172891393638361,13.242090749435603,0.3305462038828972,0.08371621424331835,7.465504698182102,2.7863706922477904,0.34960359155602255,0.11092563225106418,0.0679147960645716,0.02655458974114051,0.010745801309422147,0.009456490591269462,0.009607173356105893,0.01017648733276402,0.011352304978139143,0.012513134014710096,0.01127137262393734,0.009741504947457237,0.009848927468491779,0.010182789416576245,0.012241502258141194,0.024267008255052663,0.06275255526503447,0.12538626099358213,0.465418302627605
WIN_20260902_18_42_14_Pro_jpg,Rejected,151.57600610337593,64.41004683179496,233.0,244.0,89.54345949944519,70.80405679067256,138.1688151398793,70.55031337064293,-0.0803916141958682,-0.17466143492549988,0.6795709530267537,0.2505239797805449,56.90589904785156,28.006113052368164,-0.6802674531936646,4.91024112701416,-0.5714846849441528,19.277347564697266,0.16831966431432385,0.10329969384283932,9.604650838227185,0.3862078830740161,0.09358919634042312,7.277251694245464,2.8808891369957155,0.3485390210824806,0.1091825964583089,0.06965848847244482,0.024946139018029254,0.012915285920638966,0.010696653867251783,0.010356306250770558,0.01138233680746023,0.013934913756478885,0.014529696660718837,0.013425099838558927,0.011215906194239103,0.010685805422647528,0.01077627312607286,0.013923326339881748,0.026137344347182838,0.06338686379471493,0.10929786066922655,0.46694636580111126
WIN_20260902_18_42_19_Pro_jpg,Rejected,147.91566417548188,61.181381635546444,223.5,233.02499999999998,89.69498855218717,66.88602698333865,133.75910169096593,64.88544121144648,0.007033029459791711,-0.14051191795141293,0.6557988261505393,0.2613507894982715,55.21053123474121,25.987380027770996,-1.2403018474578857,4.411983251571655,4.569987773895264,17.096774578094482,0.11291935505619492,0.044563469590016384,8.275810285198885,0.3906585137289941,0.1065520240729586,7.062664935670189,2.858338961434459,0.3447714526981841,0.10160302389905132,0.06635514384514218,0.02709625596695916,0.013593297923405454,0.010387802296339744,0.009751319754859327,0.011723906609224462,0.015153061224489797,0.011666734523446569,0.015306122448979591,0.012549212563004418,0.011315252065509002,0.010690372642699314,0.014036399247410174,0.026163286136575814,0.06331192348186601,0.10771066400943581,0.4659325667511206
WIN_20260902_18_42_29_Pro_jpg,Rejected,149.5496589940324,65.92599641127568,232.0,243.0,86.90621679064824,70.68504505408097,131.72157279489903,70.88940331958902,-0.020721439566489388,-0.09664610273184306,0.6644088669950738,0.3099315068493151,54.15636444091797,28.1729679107666,-0.4714690148830414,4.610474586486816,4.597085475921631,19.385698318481445,0.16089965397923875,0.08770928462709285,10.352058483667175,0.3672231682482525,0.09227806412142178,7.310039408974188,2.8222202086087216,0.351027397260274,0.10522598870056497,0.06701253782965845,0.025706214689265535,0.013388734995383195,0.011016949152542373,0.011225266362252663,0.010626992561105207,0.0121765601217656,0.014649923896499238,0.012366818873668188,0.010087908920593745,0.010808473843493299,0.011817264735552674,0.01311428159677187,0.027824858757062147,0.057863958140966454,0.10972369819341127,0.46851131286928954
WIN_20260902_18_42_51_Pro_jpg,Rejected,153.09053967348686,65.0330975836575,238.0,248.0,84.95453503476733,67.41310837416292,136.0506231727958,69.81144016716101,-0.020789888271180914,-0.17945325498661266,0.6949032003160805,0.2570008285004142,55.5285530090332,27.6837158203125,-0.618675708770752,4.646501064300537,1.7422107458114624,20.190279006958008,0.18652097501337206,0.07015042418193485,10.458200699259338,0.3773001370233356,0.0935361111010399,7.297740165352089,2.8631671530986926,0.34333057166528586,0.10896309314586995,0.06512013256006628,0.027161902046054037,0.0115990057995029,0.010391992053182548,0.010272619517977083,0.010850462290822954,0.012801264322402212,0.014855788225997629,0.013142813479024986,0.01082576056894508,0.01082576056894508,0.010273405136702569,0.014309893829819972,0.025699275876757063,0.06181707037518148,0.11278658255116172,0.4552350849466614
WIN_20260902_18_42_58_Pro_jpg,Rejected,150.3923773820681,67.97499210243689,234.0,244.0,94.1577621635954,70.10823371623223,132.10662909684117,71.9268784764996,-0.02100011623582616,-0.22417627858358424,0.701171585347768,0.24035541558879767,54.10662841796875,28.901580810546875,-0.23644380271434784,5.270224094390869,2.3652148246765137,18.600204467773438,0.14964073726960325,0.09184629803186505,12.908132241198498,0.34699800093513633,0.09020311033802478,7.341669808022556,2.8126561844658475,0.33990370147457116,0.10665193912616593,0.06650616912428528,0.026367029044296608,0.01365504441203765,0.010186548846342661,0.009639626279104255,0.011844880739899399,0.01319887290523506,0.012605665134213259,0.012605665134213259,0.011122645706658758,0.008100147275405008,0.011045655375552283,0.012088268700308291,0.027555955460578114,0.06363515842502983,0.11184004998437988,0.464789875060847
WIN_20260902_18_43_06_Pro_jpg,Rejected,149.03832499483914,66.00602893850876,230.0,240.0,95.01914187563945,74.86216762115446,129.42633261713505,70.93311875623186,-0.049055111954373926,-0.1339947883818599,0.6892163195997617,0.25220539362608185,53.10775566101074,28.4401912689209,-0.04384251683950424,4.773705244064331,2.7163735032081604,18.08084487915039,0.1449507190237393,0.083564391644074,11.733037302970232,0.36266283342735284,0.09188049729707752,7.302538771221074,2.7884772043976884,0.33560022584291677,0.1065260420131133,0.06861402535475672,0.027625366397193596,0.012175024382944825,0.010413534364844025,0.011756099660726549,0.010979169162303426,0.012217311103850666,0.01361852398841766,0.012697884863241147,0.01107485310042735,0.009658282339113387,0.009847893681803038,0.013284855541329934,0.02431475277421695,0.06306429953661637,0.1156222259809616,0.4675079424329759
WIN_20260902_18_43_15_Pro_jpg,Rejected,136.7389115320067,70.27525543127564,228.0,240.0,102.12029377004896,78.93131305678128,118.64173560695593,75.204567089691,-0.1781688918511347,-0.22312422311631336,0.7102960102960103,0.24204186980212217,48.900840759277344,30.226306915283203,0.09990733116865158,5.26947021484375,-0.07797040790319443,18.604930877685547,0.13185975609756098,0.07352692892115482,11.358091359800941,0.3539813190166391,0.09290527906383787,7.1623511913161355,2.720456254351751,0.34580036761767763,0.11008275261324042,0.06681051706225526,0.024172473867595818,0.01088850174216028,0.00920525613098166,0.008362026561731432,0.009275525261752512,0.01065904068633823,0.010636501772750296,0.010017421602787456,0.008969192772650462,0.00860191637630662,0.008493031358885017,0.010553410553410553,0.024232864926871236,0.06587543554006968,0.12432432432432433,0.4722343205574913
WIN_20260902_18_43_29_Pro_jpg,Rejected,147.92582289134066,66.29397532804583,229.0,239.5,91.8221327894832,76.43896772785672,132.53842707396012,69.497144633132,-0.1801344746979516,-0.271498998099676,0.7138671994286006,0.22484484538618504,54.25671577453613,27.955016136169434,1.0069597661495209,5.0600361824035645,-0.6103463396430016,19.411823272705078,0.1417128844327601,0.08699908196091696,13.91948813648259,0.35984975461122515,0.09131204119160555,7.329935787963986,2.7843535743568344,0.34413864974059444,0.10964710054349167,0.0692568864689932,0.026447775395201344,0.010401109047496724,0.00899911489189845,0.008698470576319254,0.009060162673846482,0.010430048744341381,0.012587510653241686,0.012096532358604643,0.011508008459123822,0.009586697634995103,0.009016348018841784,0.012467853012019768,0.02591154812071681,0.062243507544622545,0.12290208407577072,0.46723596469239853
WIN_20260902_18_43_39_Pro_jpg,Rejected,149.72640096569836,66.12411302272584,229.80000000000018,240.5,91.87290931045797,74.02727694053041,130.13697374771482,71.81538969210224,-0.07929238144507046,-0.15229758311929964,0.7207886176270999,0.2563302776759422,53.421152114868164,28.900863647460938,0.5862040966749191,4.673219442367554,0.3806341588497162,20.971044540405273,0.12863969624525384,0.06510952441885262,13.165249522998062,0.35648161977855186,0.08998983361616525,7.3265056304129414,2.790418378080129,0.34455093482790833,0.11189278879815534,0.06409079079641658,0.025735433803945048,0.011349931092673324,0.008016120923785227,0.009449509190892227,0.008786969459671104,0.011904028389122053,0.011886818753119456,0.010860219143659408,0.011179483163664839,0.009767886339895209,0.0105658261550509,0.011724030619595458,0.025329180560467617,0.06296823660217923,0.1236280972383336,0.46779954767018317
WIN_20260902_18_43_46_Pro_jpg,Rejected,142.78017798737355,66.31528218228578,232.0,243.0,104.57629887811785,71.56744638945342,121.12917982790546,70.96894034543986,-0.21023017951553943,-0.32444164964439015,0.7732273172856987,0.19794226044226043,49.69013977050781,28.72657585144043,0.49862512946128845,4.59057092666626,-2.8592848777770996,19.731515884399414,0.12992876492425,0.06762315641617338,12.674470334820551,0.3360997372698594,0.08689074023837053,7.340804413305943,2.7089855076899023,0.343980343980344,0.11753656245807058,0.06941031941031942,0.025709287289876016,0.0093671713320989,0.007647927009258017,0.009067131647776809,0.007733362378825836,0.010197236012344022,0.010462074978204011,0.00947609192898377,0.008931488944559416,0.009674447174447175,0.00966053938011539,0.01150828247602441,0.024681448780977226,0.06290759506371024,0.12066259808195293,0.4702702702702703
WIN_20260902_18_43_52_Pro_jpg,Rejected,150.54237226977375,66.4142840500318,230.0,240.0,94.20847223713673,72.73397551635463,131.8924190169355,71.62269499232784,-0.014694692026213894,-0.1496726409722705,0.6816419016183537,0.2810117405275289,54.14015007019043,28.69329833984375,-0.16933581419289112,5.533775568008423,3.182229459285736,20.271728515625,0.15330380518073047,0.07912678857787842,12.61940809353817,0.34838682919406444,0.09351466255886931,7.294010574124634,2.8238723327026767,0.3444861426241941,0.10528409828333381,0.06568377751038738,0.02559591140976351,0.010974754793436112,0.00902203951565014,0.009930503081065549,0.010849859613214883,0.01379894354054986,0.015468091998704244,0.012858794087081928,0.011784400846605323,0.010131551457251118,0.010563633866064334,0.012156044629109023,0.026275481249172054,0.0628963970208676,0.11313255176430739,0.46901171465720093
WIN_20260902_18_44_00_Pro_jpg,Rejected,154.81134099616858,68.3026292325987,231.0,241.0,84.36597701149425,71.86784790667214,138.12291187739464,70.95526259787627,0.039878379454564655,-0.14358116521059272,0.6465710443747199,0.26299389255889316,56.54005813598633,28.23908042907715,-0.7959890961647034,4.510989189147949,3.547468423843384,17.964445114135742,0.16696548632900046,0.06375478927203065,9.723789539822622,0.39402436166620847,0.1021789796875941,7.19872642169043,2.8441444304150894,0.335632183908046,0.10773946360153257,0.06727969348659003,0.024521072796934867,0.012567049808429119,0.008905579399141631,0.011158798283261802,0.010309278350515464,0.013624257324318788,0.013829133374308543,0.012413793103448275,0.01239500102438025,0.01096846566122398,0.011340996168582376,0.0140340094242983,0.02590038314176245,0.06230389959659346,0.10973180076628353,0.46545064377682405
WIN_20260902_18_44_08_Pro_jpg,Rejected,151.42619606242988,65.7093710805918,231.0,242.0,94.45795017555592,73.9494746171659,133.00355382322596,70.3391896608669,0.007833728880409358,-0.023828883590500012,0.6904008976843823,0.3223661584317322,54.653236389160156,27.908723831176758,0.49837714433670044,4.685866832733154,2.7549796104431152,17.49726104736328,0.15453399059956438,0.10270366735076292,11.674498017396203,0.3496307756238333,0.09070426881025415,7.346263427029386,2.7985212101627654,0.3416255875272269,0.10680824484697064,0.06771751529606969,0.025006795324816526,0.010280610095222045,0.00919578665774954,0.009282872590023462,0.010200958890135673,0.01213914107926145,0.012874101320849356,0.01120214011034944,0.010082983849379851,0.010370216737529815,0.008976843823319392,0.012849112162041581,0.026547754848076324,0.06408345752608048,0.12021401103494399,0.47151209446291414
WIN_20260902_18_44_17_Pro_jpg,Rejected,155.0266167615919,66.62101625801142,231.0,242.0,94.8744676333202,72.04777488530169,136.9075652790737,70.71676133864398,0.1040841848153609,-0.07397199504188848,0.7143195677217877,0.2865332380124144,56.06031799316406,28.380213737487793,-1.0566303133964539,4.743598461151123,5.927610874176025,18.04732322692871,0.157039620114291,0.10694408853527886,10.91980570306871,0.36580547672292246,0.09956282952213624,7.260323975862715,2.8906714412619876,0.3390528751555336,0.10561877537074546,0.06543760383221672,0.026229771077970032,0.01469410156503005,0.01195088528421586,0.011426454438402203,0.012618407688379567,0.015727984755278306,0.016530364688653973,0.014604238517061403,0.011980304552989336,0.011981792079575442,0.012070331849257189,0.014573094793706016,0.02632223990558936,0.06028112035102168,0.11132668762512038,0.4559112252939935
WIN_20260902_18_44_31_Pro_jpg,Rejected,143.63430874869434,67.92468146622144,228.5,240.0,101.14198205615338,74.25264645960237,125.50917808396605,71.45892856685656,-0.008958710198864106,-0.20769854024352835,0.7425386691613053,0.2560415550431329,51.49974822998047,28.76936149597168,-0.19405625388026237,4.466954469680786,0.6363707631826401,18.032787322998047,0.1471416411452773,0.10255132436683947,11.112453500634327,0.37648023643364215,0.09256889421235492,7.257695940636994,2.827811140327528,0.3454583531159929,0.1072983256002337,0.06559594157400625,0.02420888671876591,0.012084546492359523,0.010245761240503382,0.010627753720334811,0.010342057254653893,0.013615373833716266,0.013213596550105022,0.012272827353757971,0.01071609836575068,0.009944988451566432,0.009663118643007573,0.012467376452585303,0.026185878350054047,0.06192573317100464,0.11450066397604197,0.46952927319757976
WIN_20260902_18_44_43_Pro_jpg,Rejected,140.68468483527244,66.25478432358764,232.0,243.5,96.55372041550845,73.6064582050992,120.2889599138424,71.5488883753864,-0.14389825366918502,-0.23513882247377393,0.7253530657004676,0.24255656092762243,49.318477630615234,28.74699115753174,0.053658006712794304,5.131294012069702,0.16146910190582275,17.771989822387695,0.15221351928500354,0.08374394118831743,10.970501120978659,0.35778587776461174,0.09730763580135222,7.187535508709562,2.8280516162702067,0.34401832190205617,0.10825220661532539,0.06614873922607079,0.025681334488490026,0.012150299293397542,0.008029731064082711,0.008937054460064564,0.01096533721749374,0.011893070250208963,0.013358483318383175,0.014190502211284668,0.010862426639678697,0.011105705081773474,0.011012836517936844,0.011202615272462184,0.024650407828032513,0.06672886585566432,0.11574310929815866,0.46316973381353344
WIN_20260902_18_45_00_Pro_jpg,Rejected,149.46006731946144,66.47595913665339,231.5,243.0,90.8261093844679,71.62925628265845,129.9200076460648,71.67482929015755,-0.15463059749270958,-0.3007870811133322,0.699341121762082,0.20879398499521196,53.31068420410156,28.435978889465332,-0.24791688844561577,4.317493438720703,-0.5992236733436584,15.336620330810547,0.15832720385783117,0.11500557592602406,11.566143464045023,0.35759878463517736,0.0920620625349271,7.258935023116468,2.782747018536521,0.33999247349360795,0.1063837705514572,0.06648035565849154,0.02547441330174834,0.012227371495107461,0.009120025518578878,0.008794970540798525,0.009595524229670572,0.011522137841658993,0.014151697597230034,0.011699582079019043,0.010541794371844486,0.00861391410171898,0.009791921664626682,0.01177141743179479,0.02385778938716515,0.06360836322326818,0.11397303614284747,0.46897202446641995
WIN_20260902_18_45_33_Pro_jpg,Rejected,148.8153302732062,66.46758564327784,233.0,243.0,98.90230346310412,71.64585074468505,127.93657034449976,70.16044416803004,0.048829869593883864,-0.07667625899741834,0.720842601237839,0.2963853922335219,52.34020233154297,27.946508407592773,0.8807524144649506,4.87969446182251,3.2878462970256805,17.704757690429688,0.16332733794384502,0.06836049458541478,11.025988488897259,0.3620746788338416,0.09162883463427368,7.219826103172013,2.773411357873882,0.3484865552502015,0.1136229512940223,0.06698856964300517,0.025207011482511463,0.010709027137015504,0.009078476853739153,0.009984664735563926,0.010160963904805007,0.011972138020927248,0.013186171791011782,0.011953479817300999,0.009335420402328442,0.009772811675588227,0.009551401169865515,0.012535580289628222,0.025966078037915882,0.06225252984868353,0.12152362120081109,0.46754846724726196
WIN_20260902_18_45_44_Pro_jpg,Rejected,153.12450312547725,62.15095633257128,234.0,242.0,98.96725828013453,76.36160203241002,136.24959506759853,68.94429422079745,0.14034749560362905,0.030659149029306193,0.6841202482829242,0.3718970396101524,55.85825729370117,27.224722862243652,0.6323143243789673,6.4890313148498535,3.8023523092269897,18.993815422058105,0.1643076895820088,0.11145663374338943,9.127181322236899,0.393390232737053,0.09943480239481009,7.149569741208914,2.89217657002149,0.34532941961383956,0.09592320936814357,0.06552127487086837,0.02679646362228828,0.014194157559733531,0.011109304170932185,0.009986868860361134,0.012055763221646799,0.015240728776942302,0.0176640857701008,0.014955503510734283,0.014095087253015327,0.012280589168408882,0.012027197670019397,0.01520503913904702,0.028506475093468056,0.0606273928442852,0.09963718023053514,0.47090634460998315
WIN_20260902_18_46_02_Pro_jpg,Rejected,147.97206653183804,63.80584244434842,228.0,238.5,110.63103544953506,74.9697577780747,126.49827605032942,69.50669232311725,0.05222442866369709,0.036783188928275055,0.7191561897220617,0.34290528319472335,52.08421516418457,27.875718116760254,0.9633490741252899,5.173316717147827,4.847493290901184,20.145747184753418,0.14291560184620103,0.07126057532950175,10.248717996902567,0.37184484056396944,0.09375947932464299,7.1917007911412405,2.9211741309615795,0.34801240232023695,0.10245611813788247,0.0637464790127438,0.026744348053596274,0.013215402723597188,0.01070090992801788,0.010258095029973699,0.012436972648272756,0.016546827984370842,0.01873757166257636,0.01744177497597211,0.013386572974109855,0.01202679582043268,0.010956336563879752,0.014239867861084884,0.026565778420070754,0.06267419225823924,0.11264583977999276,0.4650148468528759
WIN_20260902_18_46_34_Pro_jpg,Rejected,148.04555933045856,64.52531420754283,229.5,239.5,107.38048084872196,76.28114984357371,129.8240489191831,71.37234690843418,0.12150879242820123,0.08166110893957797,0.7234138566273464,0.36848590678779897,53.37906265258789,28.652029037475586,0.11696350388228893,6.329871654510498,8.294182062149048,21.21796989440918,0.12092556901203912,0.07601404765887516,9.260964446467318,0.38505820580595607,0.10086709167502134,7.124609846626686,2.8784627271056396,0.34820512603758275,0.10731679981163891,0.06409427960918782,0.026040034636935508,0.012940924991034414,0.010648540677196179,0.009639761076217362,0.012468739557586109,0.014254585484478655,0.017045165093134855,0.015290231717829835,0.01290359693580264,0.01159614950952757,0.011253252320622922,0.015218780876248027,0.02724033947867375,0.05853861281351228,0.1098491780671852,0.46231040681820645
WIN_20260902_18_46_45_Pro_jpg,Rejected,152.09591865022833,63.477944185481135,228.0,238.0,110.46322794345309,75.51552873406722,134.59739667654497,69.79966611175158,0.049732043362333556,-0.11476316653526836,0.73617484862938,0.3343210304004403,55.07720375061035,27.85345458984375,-0.06807264685630798,5.395379304885864,2.9239524602890015,19.689563751220703,0.14199129318041442,0.07413193036943588,9.994991983508697,0.37555268358625893,0.09960820358639874,7.120771889780249,2.8722988859685716,0.34964224933948745,0.10370665838363118,0.06569516426097993,0.0229894489954354,0.013022101646190578,0.010644665025570469,0.011792077180368152,0.011041084379167352,0.01591699733025404,0.015016268857084347,0.012867217462303047,0.013191115056248415,0.011863936183775394,0.01232648915789861,0.015221678353547406,0.0259831110853622,0.059587828943203525,0.11173813779649927,0.45798204772801376
WIN_20260902_18_46_55_Pro_jpg,Rejected,135.99627312190557,65.1201387564488,230.0,239.5,95.0726888755996,75.46189418498528,121.42209136620825,70.81397922000093,-0.056702292082884596,-0.22558623162771946,0.7140569741443309,0.2392054976392391,49.703054428100586,28.153462409973145,-0.4723760038614273,5.104501724243164,0.9743208289146423,18.168946266174316,0.12243570336214701,0.04585237906799037,10.414489360604358,0.35714408956276833,0.09153121897793912,7.265357283021702,2.8512795296928033,0.34978821115218095,0.1076222520973751,0.06447817643997908,0.026050495457662977,0.01097989026249055,0.00901850888739486,0.010905070457603909,0.011172895648635755,0.013445855980705577,0.015606346887282314,0.013547225793047925,0.011360232205793467,0.0102192138956467,0.01064402338969356,0.01415407075717272,0.02462173670081192,0.06440185095466551,0.11406168513635284,0.4700156586356695
WIN_20260902_18_47_06_Pro_jpg,Rejected,142.0872428459947,63.86083519117613,224.5,235.0,102.02375972294432,77.6521005815818,120.89547975383834,70.29519083854831,-0.05734492708011157,-0.12047119608851202,0.7149903704103654,0.2743769910068287,49.940895080566406,27.941173553466797,1.3669346272945404,5.760433912277222,2.0171270668506622,20.67729663848877,0.11333213308204021,0.07061525835493176,10.806275433758431,0.3610539779759512,0.09051717401344025,7.264705658474542,2.9056070538670715,0.3477493485487386,0.10478751971090927,0.06478085601154829,0.027737988246966185,0.013567210086525432,0.011037134990183248,0.010838060371096534,0.01089588229986976,0.013687000364580945,0.01578883779880102,0.01499867815108511,0.012591743670616804,0.012491100829223837,0.0110279186895655,0.01496215285955001,0.027275754523625018,0.06219808790274008,0.11559925716006049,0.4651186181252628
WIN_20260902_18_47_22_Pro_jpg,Rejected,151.44900042434045,67.24778990074086,234.5,244.0,99.4478072629746,75.09749141659248,131.0442423429805,73.53491223099536,-0.041256097692128804,-0.16793023571923044,0.7331531532388992,0.27627700794961874,53.7122917175293,29.465206146240234,-0.021765977144241333,4.932443380355835,1.8659829273819923,17.90511989593506,0.14973311153521585,0.09342298965732795,13.324949235862533,0.34427457256322924,0.09070509038397057,7.3405801355145215,2.808114722695026,0.34272634540229846,0.11195893881263053,0.06511395886586126,0.02744752570387525,0.012420898189618718,0.009055275172949144,0.009080080311466733,0.009519700350959047,0.011280576741065192,0.013929787621179197,0.011852870779867093,0.010383840944623197,0.009481891142006822,0.00945453295165707,0.013156981778388716,0.025960903956780412,0.06484060322623172,0.11924841066821817,0.46559573302798063
WIN_20260902_18_47_45_Pro_jpg,Rejected,145.34563520227113,68.13480605894522,231.0,241.0,101.52380952380952,72.0623619675575,125.82838892831795,72.70930527469028,-0.10566409170786784,-0.1843688548441401,0.7362414872078041,0.26460104195228956,51.7069206237793,29.163715362548828,0.6846723556518555,5.200288772583008,2.3579134941101074,20.827112197875977,0.14952899031444872,0.104480494399382,15.604058076627169,0.3470757306839435,0.08817869604317743,7.376930908690011,2.7506085862762513,0.3462981243830207,0.11171043293115684,0.06552549236149458,0.0248403122782115,0.010951592122216088,0.00837473385379702,0.008374746916988772,0.0099361249112846,0.010266535044422508,0.011881912073850653,0.010266535044422508,0.010785120190110593,0.009048533040855497,0.008650837474691699,0.010599694423223834,0.026231605886116442,0.06235902879129627,0.12221125370187562,0.4740882917466411
WIN_20260902_18_47_55_Pro_jpg,Rejected,147.54238701915443,67.79198545823732,230.0,240.0,92.60420121059471,70.95279617647785,126.7617644490388,71.99157668131407,-0.14981937304671444,-0.21766529149473673,0.6952425327724001,0.24914878874866359,51.827009201049805,28.543251991271973,0.49556882679462433,4.017571568489075,-0.11827701330184937,17.123475074768066,0.150084506188364,0.06903153699640269,13.165925653834773,0.34958442149016894,0.08916773868094435,7.368108059198527,2.781463232530016,0.34622837820262714,0.11143892459886048,0.06797901300913349,0.02384626384421214,0.010556371144394144,0.00902488317501278,0.009513547921315736,0.010518869975953698,0.011770518968921213,0.011514952678068688,0.011660322265895976,0.009861042248456735,0.009975804622138908,0.00926777980766207,0.012926458374992726,0.023029228835203856,0.06273216213394356,0.11595262595035177,0.472596111150328
WIN_20260902_18_48_17_Pro_jpg,Rejected,144.3291474923953,64.55287738441145,228.0,240.0,113.70805709383043,75.66989868253584,122.04001247952577,69.0355823615469,-0.10143685450602515,-0.207318115346319,0.8046174245378676,0.2430674846625767,50.53049087524414,28.067035675048828,1.5239602327346802,5.9280500411987305,1.2457876205444336,21.860795974731445,0.12066141486623508,0.058731768192808675,12.955217515137598,0.347101830828956,0.09218879033810572,7.221976298719066,2.7700657054591513,0.33908869465539476,0.11145776460494501,0.0658294984790578,0.025030674846625765,0.011534603811434303,0.010119750379490639,0.008770450328891887,0.009281647297402698,0.011533742331288344,0.013006134969325154,0.01263803680981595,0.011533742331288344,0.008601787822567044,0.009951087873165796,0.010797546012269938,0.023212494626737357,0.06147239263803681,0.12392638036809817,0.4628230949983216
WIN_20260902_18_48_27_Pro_jpg,Rejected,152.1094461463841,65.43526542078308,236.5,245.5,85.11909250835257,64.25708855029546,136.7235815020863,69.67108675996434,0.1257985667968241,-0.10154953872042237,0.7155301704811161,0.30512494001780816,56.280046463012695,27.766865730285645,-1.6142472624778748,4.32853364944458,5.13966977596283,17.24248504638672,0.16171994956451913,0.06882858800399046,12.804751457294955,0.3438922891217283,0.08820923740665657,7.403581248994175,2.858632536835783,0.3501886785947895,0.10427075841005018,0.06499140460240908,0.02634224392326912,0.013583172477437889,0.010303720886563571,0.010358718801610156,0.012340769177136184,0.014315922536385209,0.01440667544235074,0.014563751129403366,0.012429567076076842,0.01113978626670194,0.011912170891630148,0.014150455166825154,0.028336520646795073,0.06022339593385606,0.10662609610140014,0.4633035788437448
WIN_20260902_18_48_36_Pro_jpg,Rejected,152.6923862475888,66.14699504153623,229.0,240.0,83.95697074010327,67.25601217027805,132.86894360603654,70.08102551453541,-0.09967386921788231,-0.13642993294423222,0.7109951208442075,0.28106206740043116,54.12056350708008,28.075904846191406,1.1302862167358398,4.839061260223389,-0.26522430777549744,16.68060302734375,0.13738069159755906,0.07897424259616476,11.773480543365634,0.3546339846559662,0.09961432810982049,7.2796358136549735,2.874898112768829,0.34440667490729293,0.11204208885424785,0.06352683461117196,0.025954198473282442,0.01578332034294622,0.008963367108339828,0.00973423980222497,0.010043263288009889,0.012821967547940542,0.014297061159650517,0.014060568603213844,0.01236809259049132,0.012666666666666666,0.0105,0.01282442748091603,0.024833333333333332,0.06354249404289118,0.1092398022249691,0.4537404580152672
WIN_20260902_18_48_46_Pro_jpg,Rejected,149.58852169590915,65.5587623917269,228.0,239.0,107.17989606591738,75.88194944830305,129.9038571517009,71.34969235337957,-0.02062712656104157,-0.036835788279462274,0.7818891464714882,0.2925933016669871,53.32225227355957,28.50881862640381,1.0296219289302826,5.784475088119507,2.969083309173584,20.43820858001709,0.12762493066099018,0.06840609947323836,11.967409426644421,0.3717001461343096,0.09674721049607699,7.189444908534135,2.8024437585495745,0.34375589038406984,0.1078976681368376,0.06525597201465835,0.027725411299279357,0.013059718914880704,0.009534893476817704,0.008718831193675284,0.009592970678464197,0.011526716941721927,0.01431799503210271,0.012135149628918322,0.011036020725701683,0.009916202220013135,0.011338633647589962,0.013063692593137555,0.025524576594095308,0.06514672686230248,0.11376561655198274,0.4615262521999407
WIN_20260902_18_48_55_Pro_jpg,Rejected,146.54820913671642,65.88050120744667,233.5,242.5,96.65342705955587,72.29093053570864,127.8667995964561,72.68512505771763,-0.1679633578488473,-0.324105772011473,0.7619867239994714,0.2123944006132621,52.39229774475098,29.08060359954834,-0.15984083712100983,4.892811298370361,-2.522367849946022,18.60430145263672,0.16798041232475958,0.12954567181093385,14.967303670161106,0.3360863948013404,0.08745745016655859,7.4286697205560355,2.7871418160527717,0.34351164966817693,0.11653879329488356,0.0668116136492018,0.025481637049219713,0.011155557426979382,0.009292869747625738,0.009881166580260843,0.008434021530297948,0.009135984435680438,0.012651438911083326,0.011822573276471744,0.008108945041616824,0.009249188639594388,0.009425341497880359,0.010903719817277984,0.02350269249133643,0.06420652619149837,0.13135577353499756,0.460700743708698
WIN_20260902_18_49_05_Pro_jpg,Rejected,144.9923099970039,65.28477135477452,227.0,239.0,96.05796923076923,71.27986787100993,126.96164985518826,68.65770104827575,-0.08750847071261307,-0.292302073371337,0.7186257518605362,0.20449572309528546,52.1905517578125,27.440654754638672,-0.20778430998325348,4.4693827629089355,0.5260520577430725,15.846075057983398,0.12305025996533796,0.06587948645862618,11.072551859142266,0.36616068564604104,0.09147676371750005,7.246353125782996,2.822308441593238,0.34437761239677844,0.1104,0.06571457105762508,0.024697336561743343,0.012590799031476998,0.010686108059522621,0.008354883628406605,0.009685230024213076,0.013661538461538461,0.011138014527845037,0.013075060532687652,0.010653753026634382,0.010741993236522777,0.010940919037199124,0.012184615384615384,0.024975024975024976,0.06246973365617434,0.1170478378108459,0.47106598984771575
WIN_20260902_18_52_40_Pro_jpg,Rejected,146.91672931848578,69.12057277901974,235.0,245.0,104.74728998347999,75.94483037926778,128.51708024303701,73.51912317530726,-0.04680690439851453,-0.03530688057331457,0.7401331536860352,0.28240381414145493,52.69023132324219,29.311184883117676,-0.13993290811777115,5.569384813308716,1.9501206278800964,20.019237518310547,0.17940049591957144,0.10998740642662655,14.117583003903547,0.33356366171877005,0.0858443979827744,7.412110550650832,2.7814686420843913,0.3450207290441646,0.11440276619046061,0.06759669303471685,0.025115901296377464,0.01203350654609259,0.008954717351118,0.008669673157441021,0.010079392336588227,0.010716587453284285,0.011581576024328882,0.010051126704416942,0.009927378097566105,0.008138668825892488,0.008987840341599284,0.01237458655816464,0.025525671938160417,0.06574868040767928,0.12110229698149566,0.46270466011283007
WIN_20260902_18_52_47_Pro_jpg,Rejected,151.1991493442476,69.26506960409856,235.5,245.0,100.45754207640701,75.38285411090249,128.86882121787934,72.10519860887406,5.437891756136966e-05,-0.013268705814067458,0.7137011246617679,0.26539697810636886,52.71578407287598,28.551616668701172,0.7726781666278839,5.825523376464844,6.751157641410828,20.230506896972656,0.1690861044705716,0.08208853395841856,14.954355272001646,0.3386347714550734,0.09153854720087004,7.313711172930963,2.7777420312464813,0.3515113283121787,0.11552682263728078,0.06622053278990314,0.025147584373351024,0.011407467096427612,0.008818061123696163,0.00925760832716413,0.008539751977177264,0.01004706284348713,0.012473374194749295,0.011299484828896594,0.010133323566039118,0.009950236542075244,0.008159143917742518,0.012344829587320121,0.025450554675649523,0.06498480755627069,0.12535213814420681,0.46681346231705945
WIN_20260902_18_52_56_Pro_jpg,Rejected,144.23556045742149,69.7086847147468,235.0,246.0,106.06708074534161,74.14213929703678,125.49205020920502,69.57517533619394,0.04453012885636973,0.017786639786649558,0.7832789801363771,0.2490364660539579,51.99700164794922,28.223180770874023,2.2327191829681396,6.972337245941162,4.4054951667785645,21.369089126586914,0.1326986706913566,0.08033900272827538,14.201326841524981,0.3272852999948526,0.08404573193369264,7.455146746075572,2.8153130450286885,0.3469553607708829,0.11344080704183562,0.0694560669456067,0.02482566248256625,0.013112491373360938,0.008368200836820083,0.008674763112238089,0.008274389430134792,0.010676631522754571,0.012133891213389121,0.010088022945307092,0.009200841219768665,0.009475510476444682,0.0099023709902371,0.012092534174553101,0.026311888526534242,0.06513031868578395,0.12644530091906314,0.46543368608446245
WIN_20260902_18_53_05_Pro_jpg,Rejected,144.7683963116977,68.0034007026487,234.0,243.0,122.93653333333333,70.37839988261535,121.35643564356435,67.34202826469333,0.08484740674803345,0.043256707004370995,0.9207111111111111,0.3689595322919521,50.45701217651367,27.337722778320312,1.209269642829895,6.7909979820251465,8.407490730285645,22.604318618774414,0.06333921063339211,0.027261630272616303,14.675381420585298,0.3166443348447348,0.08366996894725706,7.435648037944752,2.7642079760177825,0.3457777777777778,0.11348158862170794,0.07161345987920621,0.027180136202012897,0.01006448502380522,0.008973252804141501,0.007947382844614962,0.007466666666666667,0.011028747062014102,0.011528550115285502,0.009522087627312723,0.008355555555555555,0.009401554872536612,0.008455565142364107,0.01276962899050906,0.026856673061112633,0.06826666666666667,0.13546666666666668,0.46177739430543574
WIN_20260902_18_53_14_Pro_jpg,Rejected,146.72332178305044,67.56402737249819,234.0,243.0,98.15755482126765,67.67406128562872,130.6358146413606,66.85688266034738,0.024337390452708888,-0.13766175577159231,0.8182637428657255,0.2525312686122692,53.695194244384766,26.858118057250977,-1.5637563467025757,4.811891078948975,2.4451496601104736,20.586162567138672,0.09559806943071467,0.03477350700703611,15.977978198005133,0.3214867643128108,0.08711925531193503,7.430382101787632,2.733442424707859,0.3404804447091523,0.11595073595674377,0.07169855207303599,0.02653652585023639,0.00999516363050137,0.007576978881186523,0.007738191197807513,0.00793045600122007,0.009161910483628717,0.009129499331278712,0.007960348452988885,0.00735956743766897,0.007659957945328927,0.009161910483628717,0.011041287367122805,0.02730956715804311,0.06739547595510845,0.12662242321019557,0.4683088014418744
WIN_20260902_18_53_25_Pro_jpg,Rejected,139.34828233751057,69.34272865796507,234.0,245.0,88.19356909249967,71.19363936013288,122.4684308685458,72.66355307486667,-0.05846730323042723,-0.19207892224421602,0.6899795562552987,0.24107475716684384,50.12565803527832,28.944588661193848,0.17646130919456482,4.6462671756744385,0.7589692771434784,18.454790115356445,0.1597698072438677,0.100891518599352,14.703085540252594,0.33773097841715943,0.08967600528821085,7.4037906943559655,2.7334420336689993,0.3417387851741094,0.11289014894009673,0.07049635637926836,0.024515139474413198,0.011072159628763416,0.007878995473842345,0.008223546298271989,0.007809695774681596,0.010125100191880225,0.009474619479226471,0.009594184931736562,0.008456811466564882,0.008946408085125045,0.008736514998664544,0.011391354540826567,0.025233152104011947,0.06709126231647175,0.12306602077336137,0.4694830096492919
WIN_20260902_18_53_44_Pro_jpg,Rejected,142.97738982517893,68.9740909052573,234.0,244.5,86.53780258697968,68.88024179291111,125.708374266556,73.11013012685476,-0.145333561306203,-0.2597634410555601,0.6996056882983532,0.21650104778236412,51.488603591918945,29.182860374450684,0.0744158923625946,5.086999893188477,-1.121220052242279,17.403762817382812,0.15433223245875594,0.11120512603936845,15.700802326964471,0.32057729447462563,0.08484697615399787,7.451245633605487,2.687281813847884,0.34632131734211913,0.11364026378918825,0.07287059083105739,0.026070784219287324,0.010024194743074174,0.007439477241737445,0.007317421328525449,0.0069502502110088665,0.008520879323243056,0.009711312732767166,0.007770582080335634,0.0072792141163890555,0.007781198651126398,0.008234405015245515,0.010366091335847927,0.0251219848297973,0.0667382587129065,0.1297343708548127,0.4761933657088284
WIN_20260902_18_53_54_Pro_jpg,Rejected,134.19369978305087,66.88315611925638,226.5,239.0,94.17405321585932,71.66613352669143,116.76135575720745,70.73634970348034,-0.0576808426970892,-0.12548542925469514,0.7516356133007527,0.2763719714176694,47.93471145629883,28.270227432250977,1.1280445754528046,5.130700588226318,-0.2959579527378082,17.33543872833252,0.11141892303853582,0.06522510244753299,14.935433929116684,0.3231448794755475,0.08532226608874782,7.408974536959052,2.662605624781301,0.3430275424442794,0.1136335870027562,0.06941787296167762,0.02528434574966716,0.010896904281219436,0.006997523013268425,0.007762812847778941,0.007098105285997758,0.008277719489164403,0.009414200602423428,0.008071859785132404,0.007819392220640129,0.006772002306627548,0.009451515232541566,0.01026082360740107,0.024530003294447243,0.065629730526689,0.133642173003176,0.48079470521738477
WIN_20260902_18_54_02_Pro_jpg,Rejected,144.82619332606637,67.9134237343664,233.0,243.0,104.29662779825551,75.04497117747763,124.33746995293947,73.75931509489189,-0.028225024077531864,-0.08857024025099072,0.7532956183255071,0.2953181582863274,50.96856117248535,29.34022808074951,1.8093572407960892,5.9763689041137695,2.286314234137535,20.910128593444824,0.1641456215762812,0.10486411867146181,13.097501866211164,0.3475760148796846,0.09457762541334691,7.309700700653641,2.739283693225971,0.34559789207637426,0.11194651479872782,0.06833639689610202,0.026534867828115045,0.010621428743845593,0.00764418706406742,0.007623724730315696,0.007916988804178397,0.009505910408460655,0.010500821764708772,0.009372523502505711,0.00939242088206952,0.009027020227226937,0.00827734505691341,0.010282783027637486,0.026181672809012395,0.06462947998303784,0.12870701170095183,0.4696881015371889
WIN_20260902_18_54_28_Pro_jpg,Rejected,141.48581141640142,69.18237353586673,233.0,243.5,97.27469520356006,73.71243926572521,124.81411721887791,71.3895940163174,-0.05190175330413467,-0.10663711224232106,0.6957222223620504,0.2375313975685723,51.172630310058594,28.66853618621826,0.6636125147342682,4.954913854598999,1.4563018083572388,17.655112266540527,0.14336440282714985,0.06140415244125104,14.61974251338071,0.32707749965413846,0.08310958209839137,7.500193520471103,2.761814174274153,0.3483381867336022,0.10844674807858048,0.07007529428732867,0.025776648728049717,0.01101743527478738,0.009082947277985772,0.009432764473703005,0.009576163072741345,0.012365574972503972,0.012327944985747883,0.011342607655084741,0.010001333140768554,0.010077673953565632,0.010553006100177065,0.011168382625788858,0.02476018292344823,0.065217510340321,0.1227379181268051,0.4729225508035917
WIN_20260902_18_54_39_Pro_jpg,Rejected,142.59333536678358,68.96780996788932,233.0,243.0,108.52190692395006,72.04712461181965,121.38547105561861,69.78214663978346,0.11549618569035092,0.07414775755559667,0.7861574253586662,0.34586212708579134,49.77455139160156,27.949260711669922,0.45517390966415405,5.202077388763428,6.052493572235107,18.379179000854492,0.11661180896083831,0.05877611338751931,16.271331483453757,0.31578052327276995,0.08204616852535687,7.521933895397034,2.7259906321976946,0.34627527372875666,0.11479814603345201,0.0707640689339637,0.025659971787465576,0.010787122872071465,0.008723517892113227,0.008127896822731242,0.008901548869503293,0.011514412078694525,0.010469174098487785,0.010546114059246322,0.008921763001372578,0.008598105729831397,0.00940417814200309,0.010896708286038592,0.025636460744169486,0.06248887306391312,0.12337546733131564,0.4721671496111026
WIN_20260902_18_54_44_Pro_jpg,Rejected,141.4139455782313,63.210568980472054,218.0,228.0,101.31725321888412,73.70422669230564,118.44704605365173,67.49599612176347,0.021528626402742123,0.03830438164867709,0.749098712446352,0.3492830675044305,49.26988983154297,27.2054443359375,0.7410997748374939,5.448750972747803,8.429351806640625,20.046062469482422,0.06218018297410451,0.02720809406617446,11.564636775480775,0.366199227095381,0.09368843045639305,7.279740404865436,2.757809360898466,0.34364427259545677,0.11006289308176101,0.06878441338415925,0.028193974544868695,0.01326223680612524,0.009980858627290128,0.00827540549486925,0.009233375688267683,0.01228293096145701,0.014231257941550191,0.012875900042354935,0.010080474375264718,0.010334603981363828,0.010801203171998907,0.013533107781536975,0.026980927275546598,0.06357574817801209,0.1131723845828039,0.4636909871244635
WIN_20260902_18_55_06_Pro_jpg,Rejected,145.53725806451612,66.9812818459736,231.0,240.0,98.47436996399794,73.45433208807121,119.9388611615245,68.41542853837392,0.19161521476929247,0.11363131351149434,0.734784844848277,0.3378978534418949,49.542091369628906,27.54573631286621,0.11220373213291168,5.597339153289795,8.230518341064453,17.954269409179688,0.11046692204161922,0.0467741935483871,12.965832309924068,0.33724658881861613,0.08660698690533025,7.421309343487019,2.792685335195043,0.34661290322580646,0.10760694991969631,0.06842359767891683,0.02640150865763758,0.012857877593005315,0.009919354838709678,0.009516129032258064,0.009274193548387096,0.011693548387096775,0.012903225806451613,0.011048387096774194,0.009429110234870563,0.010483870967741936,0.010564516129032258,0.015957446808510637,0.028127313101406367,0.06439674315321983,0.12034973427052975,0.46800451321727915
WIN_20260902_18_55_15_Pro_jpg,Rejected,149.10131250585815,70.09216484798591,231.5,241.0,80.42979564253773,66.58202218435729,133.4558201172315,71.37316742640024,0.27041600685433975,0.12434256973729077,0.6167177227173086,0.3603925602375409,54.50104331970215,28.39997959136963,-0.888504147529602,4.318680763244629,7.374881744384766,14.131714344024658,0.17090656878432403,0.13087929069635623,14.727916998965418,0.34521614717779786,0.09028159732315497,7.433801410390594,2.7921551245655882,0.3465339507409464,0.10505437986694396,0.0666391378970582,0.025440283444649464,0.011801302151186473,0.011439027622861718,0.008566022251556442,0.01002231531076457,0.01174991109439871,0.013909659596509635,0.011896636865496732,0.010611123042614714,0.011104093199654993,0.010830002487228148,0.01347628153908618,0.027206278728670055,0.06513551079161847,0.10995864750255618,0.4731331474495428
WIN_20260902_18_55_22_Pro_jpg,Rejected,146.2341492776886,65.21360397924468,230.0,242.0,85.33154602323503,67.07944676852661,131.74327394475668,68.56752543025542,0.06898810561784414,0.1314725351488717,0.7028596961572833,0.39454870420017873,54.13063430786133,27.324892044067383,-0.600501298904419,4.1248273849487305,8.687849044799805,16.837581634521484,0.13687183711898318,0.0797928680710839,15.311718250258549,0.31616490329320474,0.08348357302690991,7.490678197654591,2.779744417520684,0.34851326011251005,0.11096216860291927,0.06720018830175356,0.026009179710486052,0.011803588290840416,0.009681263032469467,0.009234435507893953,0.009308986752595776,0.010032102728731942,0.01043338683788122,0.010003530657879251,0.009931781701444624,0.009085492999702115,0.009830205540661306,0.012352309344790547,0.02437800963081862,0.06445055602056678,0.12530136619341012,0.47110515341078346
WIN_20260902_18_55_30_Pro_jpg,Rejected,141.0093728862692,66.73410553960908,229.0,240.0,94.90287049399198,77.97286798770018,125.87312783843849,73.367608100234,-0.13909620166210454,-0.15571186104269902,0.7456583198707593,0.20789579967689822,51.45167541503906,29.129779815673828,-0.24019750952720642,5.353236675262451,-1.7638354301452637,19.86784553527832,0.14572268052887333,0.07938750141258899,14.280394056553103,0.339498733312844,0.08624396187242576,7.412054250846529,2.7557813338339248,0.34342863600406826,0.11208812445646922,0.06812252391535414,0.026201602136181574,0.011712439418416801,0.008871058876709232,0.007967001921121031,0.00898626817447496,0.010905187026782687,0.010822301671659098,0.01029886914378029,0.008599864721229105,0.008306023279466607,0.00918292810184702,0.012683578104138851,0.024240027121708668,0.06802589622185719,0.12244321392247712,0.46759887300427844
WIN_20260902_18_55_47_Pro_jpg,Rejected,147.19905806166753,66.80934940188686,230.0,241.0,99.84207815144602,73.2812949025238,124.60070645374935,70.94532215336733,-7.738333740045565e-05,0.018025740493019814,0.6316138052836854,0.2909494725152693,50.97211456298828,28.39310073852539,1.374039888381958,5.441825866699219,4.149896621704102,17.027341842651367,0.12778461117944512,0.08038364923498516,13.085343916078948,0.3445208780144873,0.09034909048976432,7.381296809054588,2.791827625533669,0.35256954266855256,0.10938236680810938,0.06929069290692907,0.026496935407826498,0.012215435868961688,0.009254118082546734,0.01074964639321075,0.011290024060707015,0.009571950957195095,0.01301355130135513,0.011126826968411127,0.010372465818010372,0.008675153229608676,0.009020090200902008,0.012300123001230012,0.024705327675624705,0.0645937442161762,0.12400516240051623,0.4613912805794725
WIN_20260902_18_56_14_Pro_jpg,Rejected,144.3246035434309,66.23465554491561,231.5,243.5,93.72441807645725,69.78558149437822,122.0252885389136,66.1507348131187,0.22636379222283926,0.13771883259826986,0.7174389706392152,0.3551860376794852,50.493465423583984,26.683695793151855,0.35039177536964417,5.2700982093811035,9.185949802398682,16.550508975982666,0.0958467372077799,0.041255077840949235,14.215205058117125,0.33477396262827697,0.08777926465227055,7.4043004801336005,2.817011688523775,0.35042704045887685,0.1038409272005835,0.06876896127438549,0.026932798556297315,0.013272083100310686,0.010618523755658436,0.010484805919327475,0.011128335244345276,0.012352675871014913,0.012889563729634266,0.012740304771203144,0.011368372509528078,0.009255789562884288,0.009529791178237733,0.012159598163412146,0.024704521259558264,0.06363670349241186,0.11392167977642795,0.4696847413318444
WIN_20260902_18_56_23_Pro_jpg,Rejected,139.22913554050768,68.7250783656373,233.0,244.0,120.46283074865772,72.63866314044286,114.5877930753357,69.71275737840705,0.02780706241578792,-0.0759603141279629,0.822187570786135,0.29990323990709883,47.495901107788086,27.898341178894043,4.411925554275513,7.620818376541138,5.0075953006744385,22.018592834472656,0.08893613918215545,0.058501914237023535,16.0349862489762,0.31070644785927737,0.07949432784762009,7.5270710057083665,2.735796435966459,0.34616833702706973,0.11507278960845352,0.06923519565474189,0.025172449339617063,0.011077368930600635,0.00901514990508702,0.008452169715732955,0.008068128606313443,0.008525061143868147,0.008753866785470665,0.008942731650824385,0.007358674968704592,0.0077884959696704874,0.008067665245868492,0.011534764828600292,0.024574590948243234,0.06632658376135628,0.1288782414086115,0.468097670169479
WIN_20260902_18_56_41_Pro_jpg,Rejected,140.49803071417938,70.0170436957086,234.5,245.5,99.85316280818287,71.22012950881808,119.60910742050245,70.50185060749058,0.0920577603715465,0.03375511091000605,0.7629666362887952,0.37588360340854393,49.18575477600098,28.114643096923828,1.700910523533821,6.722331762313843,9.980209350585938,20.23618984222412,0.1033733366596728,0.06977593839473978,19.34850556952226,0.2927965903821602,0.07804245319639225,7.604764938535677,2.667759456683709,0.347918004231101,0.11727021389075426,0.06918862237189796,0.02543570824464247,0.010999264057630017,0.007961188312495503,0.007774711599300701,0.006655757064253797,0.008437327235377757,0.007602349056737722,0.008274808557511712,0.007073404105240044,0.008064831865856234,0.0077674387875381196,0.010020893283476667,0.024413903602539047,0.06555273450402385,0.12488931729288535,0.47991887986483506
WIN_20260902_18_56_53_Pro_jpg,Rejected,150.97758460986842,70.6498085701957,238.0,246.5,84.10859054074837,72.15809512410964,130.68170893874623,71.77975651545026,0.17898029506263952,0.06558071353411987,0.6941772416303494,0.37588359701317464,53.866310119628906,28.750534057617188,-0.4068240374326706,4.190443754196167,7.0298011302948,17.48813819885254,0.17746288962054374,0.09713765423133289,16.621591204403856,0.3334669914581858,0.0865110088028414,7.430474186055236,2.7903293771723834,0.3494306553010646,0.10615293261439882,0.07195976245617566,0.02628033284910122,0.013346733221090732,0.00909671791281318,0.009652395076568532,0.009729499339390851,0.011637367163022062,0.013526728234756888,0.011984526537917482,0.010487573082231572,0.008925386183000752,0.009358601491073065,0.011936821510145378,0.02478759651967316,0.06611943141809255,0.11886657410397254,0.47220273096878296
WIN_20260902_18_57_58_Pro_jpg,Rejected,139.62680593234967,70.65313427311837,234.5,245.5,84.31399881959649,69.52212098754114,120.52471298568261,73.67611637179108,-0.06416364547893486,-0.23630360428424385,0.6770859794111772,0.20688169988761285,49.313194274902344,29.353317260742188,-0.24488593637943268,4.403067588806152,3.147997409105301,15.28112268447876,0.14368466792433485,0.08883006405453595,15.206812516928334,0.3332729376418714,0.0872372348660225,7.41112243413678,2.7441799185157505,0.35129116282760553,0.10883506450552233,0.07015393969700759,0.026337433956758534,0.011188694611086035,0.008230874009196936,0.00810819151138756,0.008281432906386025,0.00925540165172297,0.011824063235177124,0.010568853867248158,0.009322259166148551,0.008953747059291504,0.008031303274444391,0.010890743267010047,0.024672638690697937,0.0649476643147188,0.12494345777129007,0.47504272346691745
WIN_20260902_18_58_09_Pro_jpg,Rejected,141.3801067370324,70.13343706032047,230.0,242.0,89.07116239155297,66.81641398002526,127.74064810106286,69.30704622316243,0.1822526561288313,0.07332119854342117,0.6759160215093545,0.3314506465318374,52.373226165771484,27.821471214294434,-0.5345702171325684,4.313194990158081,6.9852142333984375,17.814183235168457,0.10404478313790792,0.044593174042413884,15.651212272883134,0.3127672121189593,0.08264032792478462,7.498633792356851,2.780723142779456,0.3532928412722651,0.11000817402626203,0.06782359846235755,0.02569201781066479,0.012220840027335634,0.00970357370006943,0.00919465608052019,0.009750223620822101,0.011172098249501772,0.011141326581748837,0.009721908577564043,0.009403991801902795,0.009472890795977481,0.007901905533086591,0.012180630673381813,0.025785711807979908,0.06384090539397973,0.11988090197264843,0.4734585233282118
WIN_20260902_18_58_39_Pro_jpg,Rejected,147.7538337368846,67.54817143971802,229.0,240.0,90.47686787133154,68.99627464272733,123.68044771604316,71.66479451304708,0.11844024098532108,0.11537554890518688,0.6760220428040498,0.2769447648340382,50.925514221191406,28.417322158813477,0.4910070598125458,4.349649906158447,4.520192623138428,15.7013578414917,0.11434909750932742,0.06979596387557141,12.369096258478896,0.36195391044214675,0.09899636287054078,7.167586766406265,2.842576079703974,0.3380054451951195,0.10519384311465964,0.06728181468665898,0.027425349224657183,0.013005185611984526,0.009685230024213076,0.008807309243559141,0.01119290107895533,0.012211367673179397,0.01119290107895533,0.014634146341463415,0.010034563496487903,0.010083694665725522,0.010587879399011797,0.013099467140319716,0.027531083481349913,0.06127886323268206,0.1072380106571936,0.4662935221005844
WIN_20260902_18_59_27_Pro_jpg,Rejected,143.0217791411043,71.97093345764775,238.0,247.0,91.32966563401347,72.72899421405563,126.65746399719002,74.8758700291337,-0.04925668551591013,-0.11676360768074293,0.6704411921803226,0.2574639971900246,51.76121520996094,29.902029037475586,0.776593029499054,5.0242109298706055,1.594884991645813,17.234485626220703,0.1863013698630137,0.11644055122315992,15.764686069838774,0.32430263850623564,0.08660038176641996,7.447839657419986,2.7444185097564624,0.3448164842240824,0.11311908618191117,0.0668774148226203,0.026084732759355553,0.010041662215575259,0.007905138339920948,0.007515337423312883,0.008710923779416931,0.010677906568317528,0.012530901031455119,0.009905163329820865,0.008439178245673855,0.008781173164734809,0.007668711656441718,0.011349693251533743,0.02642570965817066,0.06603442219880576,0.12331288343558282,0.46978527607361964
WIN_20260902_18_59_37_Pro_jpg,Rejected,144.26367713004484,70.15013035107232,231.0,243.0,88.10492573992948,71.82721099892899,127.05854503464204,72.64509039903523,-0.11021357888737539,-0.17814464678913136,0.6920323325635104,0.2423728813559322,51.971656799316406,29.083106994628906,1.2667574882507324,5.145105838775635,0.3904207944869995,17.317211151123047,0.14772581678411276,0.108263933376041,15.555886220186823,0.33868846103032596,0.08549098876679306,7.407602712112367,2.7742485235037266,0.3394919168591224,0.11372881355932203,0.06835761827666846,0.02737047898338221,0.010508474576271187,0.008813559322033898,0.009189015920504327,0.008305084745762711,0.012218963831867057,0.011646543434127578,0.009930715935334873,0.011539694411796132,0.009509562987498664,0.009237875288683603,0.011872638963842417,0.023909045310148806,0.06254237288135593,0.1241446725317693,0.47113163972286376
WIN_20260902_18_59_50_Pro_jpg,Rejected,147.0289040872822,68.7357412948479,231.0,239.0,100.29578916372202,71.90894766955354,131.63735547956358,67.46545151593646,0.10500566472471107,-0.12056691419526488,0.7769230769230769,0.3130153121319199,53.9786376953125,26.964399337768555,0.021516581997275352,4.903532028198242,3.9080705642700195,18.03864288330078,0.12679900744416872,0.04632795961569777,16.461555398822945,0.30447745038353735,0.08136210070436117,7.4750092592537465,2.741348200904874,0.35374910977718993,0.11262590294027877,0.07020042730694882,0.025728708679368183,0.010669975186104219,0.008132780082987552,0.00874961847593855,0.009344385832705351,0.010248681235870385,0.011561634912880639,0.010503175378602833,0.009495101733232855,0.00903761602344895,0.010248681235870385,0.01175584024114544,0.02630272952853598,0.06379082307457523,0.12087415222305953,0.47508549096238395
WIN_20260902_19_00_06_Pro_jpg,Rejected,149.02958864565792,68.636067481127,237.0,245.0,81.33727887617066,68.25981425347645,132.22010808376493,73.54306938349421,-0.034219854965217976,-0.20938963868840063,0.6782639885222381,0.2467718794835007,54.07622528076172,29.16404914855957,-0.7487221956253052,4.117469310760498,2.201141357421875,16.657264709472656,0.18938307030129126,0.13326486070098859,15.383544387997848,0.3154308476499495,0.08253339889481724,7.540631398524329,2.70782792333502,0.35352398108534117,0.1149450075479836,0.06957892366584102,0.026303204208512673,0.011857198092537697,0.008194953633814967,0.008218869623958567,0.009457329430308489,0.01131633714880333,0.011446409989594173,0.01024544021616753,0.00824964131994261,0.009086561453849833,0.008601874438310437,0.010760401721664276,0.02536420395421436,0.06097560975609756,0.11824485891917742,0.4772482208324348
WIN_20260902_19_00_21_Pro_jpg,Rejected,145.82738427216955,70.53744083042618,237.0,246.0,76.44662921348315,67.89672646957351,130.92958594126142,72.57228998767077,0.27259308438317464,0.11885647986730179,0.6136814276272307,0.3652220582315846,53.60770797729492,28.840007781982422,-1.9476840496063232,4.233102798461914,10.517827033996582,14.827322006225586,0.17534246575342466,0.11230139624458353,15.61928075108253,0.3276145231514723,0.09013911283220656,7.474430937709284,2.8171162508205194,0.3538812785388128,0.10471277189068601,0.06517909571344686,0.025983558426306518,0.012130507529280535,0.010575016523463317,0.009899609592861127,0.010455104551045511,0.012331180270111567,0.013549239920687376,0.013014893331544345,0.012227362855254461,0.01045733407696598,0.010716382853787433,0.012397688974482426,0.02567650676506765,0.06365313653136531,0.11392988929889299,0.46827495042961004
WIN_20260902_19_00_33_Pro_jpg,Rejected,150.5229674796748,69.9425365889309,236.0,245.0,117.58700953225448,74.5682614626932,132.6284637552649,73.63830155228202,0.16272782870002897,0.1546286884634379,0.7642243960870433,0.3371010638297872,54.556644439697266,29.141164779663086,2.750023603439331,6.5625128746032715,8.725830078125,17.104442596435547,0.18466759832301857,0.1130569718465972,15.01069522953751,0.3512915961398799,0.09214269241272156,7.351054429083783,2.803083657996184,0.3512735326688815,0.10461626411319137,0.06699889258028793,0.0262551819438047,0.013744180891154955,0.0103840448327015,0.008739837398373983,0.009982032341784788,0.01314459049544995,0.014634146341463415,0.01314459049544995,0.011382113821138212,0.00910010111223458,0.010616784630940344,0.012197132025712872,0.025913621262458473,0.0654821321621082,0.11224657985824954,0.47041223404255317
WIN_20260902_19_01_18_Pro_jpg,Rejected,139.97662811929396,70.27019409905415,231.0,243.0,103.20208708168406,74.26003517503618,121.35106512477176,74.2527931921658,0.04316850742412246,-0.017909392364937243,0.7728545343883141,0.3252895752895753,49.741336822509766,29.565134048461914,0.40269598364830017,5.5161356925964355,4.743346691131592,18.98194694519043,0.1395009129640901,0.09175962576466355,15.268487344184779,0.31636371921017536,0.08265639625885858,7.555516178468381,2.7323359125758895,0.34544800287873334,0.1136238279095422,0.06649874055415617,0.026199669056811915,0.012738395106153292,0.009995296331138288,0.00888618381010347,0.0078757225433526,0.009860012172854534,0.012659768715763846,0.00903398008418027,0.00882515168229454,0.009289746001881467,0.010348071495766699,0.011807668898356665,0.023627167630057802,0.061265286923800566,0.12506894649751793,0.46378575776019476
WIN_20260902_19_01_25_Pro_jpg,Rejected,147.4701298341193,68.23909201595907,235.5,244.0,95.58330492024069,71.26515935781791,129.51405293888587,70.64956360227558,0.23979444027122837,0.23688009673230276,0.7559144016417727,0.37243342410030067,53.076528549194336,28.262882232666016,1.7391101121902466,6.009276390075684,9.033276796340942,18.9152774810791,0.1703126028680166,0.05968395034593539,16.684584776539516,0.3239273614373567,0.08408654967352192,7.506394265425435,2.79929898306062,0.35245106981436314,0.10753192665782436,0.06778711206823551,0.027808209427849038,0.013606570339832503,0.009839888696345556,0.010196668846190039,0.010184964526864276,0.011514777886028707,0.012676488419145843,0.011908769744380779,0.009255080411651219,0.011168258308718884,0.010524401801364758,0.013309510842333009,0.025895056511655617,0.061987403339779576,0.11389251285545322,0.4699595961680524
WIN_20260902_19_01_36_Pro_jpg,Rejected,144.15647567501478,70.4648616427448,236.0,245.5,90.52542120229941,72.93276376730591,125.93566313902105,73.49952530080918,-0.04770225531290095,-0.08491785619605072,0.7260787416422048,0.26236601678329696,51.608585357666016,29.296730041503906,-0.01276734471321106,4.580570936203003,2.4027640223503113,16.53281307220459,0.1645004019497901,0.10646819350833833,14.305265232416154,0.3260351668618986,0.08364130919997363,7.459347536430083,2.706436950984747,0.3446839001524721,0.11231674869594481,0.06898488022902269,0.02544113123326941,0.010411705172322547,0.008990383560209956,0.0073618975582194855,0.008631511073952549,0.009316994520864883,0.011286938374622815,0.010336017688877671,0.009831584988901413,0.00923791177429876,0.007214365366974902,0.010878081356217397,0.023243730534032208,0.0664003566515797,0.12376474913504779,0.4696839742213719
WIN_20260902_19_01_47_Pro_jpg,Rejected,141.58786777235034,68.62106108649718,233.0,244.0,101.29318018664752,72.12724586316577,120.5875787379821,72.15748217674515,0.0385978249774434,0.0189396418397863,0.7857221792463256,0.28853799840963307,49.97999954223633,28.873796463012695,0.43619436025619507,4.773863792419434,5.8938188552856445,18.590364456176758,0.13938430080654324,0.08099511530160172,15.494424479946924,0.3154402283557629,0.08271528532258729,7.473981606358089,2.777073148103468,0.3462248566708775,0.11534350403264988,0.06668064583770182,0.02443280977312391,0.01170055662842213,0.008545517963027554,0.008758076094759511,0.008860615699193457,0.011510289501220789,0.013315160410987629,0.00959190791768399,0.008551161208823243,0.008726003490401396,0.00890165111270639,0.012161878800587125,0.026190739308210854,0.06254834788374405,0.12465925770601803,0.47595118449389806
WIN_20260902_19_01_58_Pro_jpg,Rejected,144.22181530238544,69.04690307133605,235.0,245.0,88.7447292883302,69.24414703730056,127.62605166782144,70.70604135549438,0.07386913031788452,0.029701165670119996,0.7203030303030303,0.34087435035157443,52.21486282348633,28.21937370300293,-1.0276005268096924,4.572836875915527,7.042656898498535,18.107162475585938,0.15025985937022318,0.06828282828282828,14.79893486010504,0.31610932418591603,0.08493991551508427,7.423588390493576,2.7706629065874266,0.3492088860476267,0.11137468864903333,0.07016141921048426,0.025252525252525252,0.010392952588340098,0.008687700045724738,0.008865790278202385,0.010194991586657428,0.010516689529035207,0.011914657799944583,0.011360487669714602,0.01090909090909091,0.008630334025891003,0.00880926457487875,0.011283777095912105,0.025148605395518976,0.06275363753340592,0.12577912737733737,0.46684956561499774
WIN_20260902_19_03_59_Pro_jpg,Rejected,145.75485608960727,71.16065688431091,234.0,243.0,120.57578335460087,76.34991943581572,125.12051609244293,72.08361833697832,0.15700041861373773,0.18683430480663718,0.7963986955905289,0.3982702396143485,51.32538604736328,28.73236846923828,3.614640951156616,6.461737632751465,9.69591236114502,20.81216812133789,0.16758826031475968,0.10813931114104292,16.524710632587002,0.3264169470026577,0.08800798410425643,7.494395161489216,2.7521906619832452,0.34100763989262856,0.11042991800137941,0.06748901176804196,0.02646038172353962,0.011666322527359075,0.009832272990167727,0.008648801928257479,0.010066638309939034,0.009976865240023135,0.009655912330446777,0.009085277720421227,0.008790585566425634,0.010491989224443499,0.010066638309939034,0.011711972238288028,0.024725274725274724,0.06318681318681318,0.12099938054924633,0.46489779062564524
WIN_20260902_19_04_09_Pro_jpg,Rejected,139.23804386911183,67.06309050597397,229.0,241.0,92.51244472520531,73.61562506552525,119.22563825961885,70.09245201849721,0.07361678148741618,0.013264017922962204,0.7190145293746052,0.30652031454783746,48.926212310791016,28.00598907470703,-0.27360644936561584,4.664392948150635,5.060935974121094,16.368621826171875,0.1495740498034076,0.05142035239122618,13.788111934151452,0.3372211474683129,0.08883032492629434,7.346769181020844,2.8427574718655855,0.3556636553161918,0.1064628214037526,0.0689367616400278,0.025773847125710677,0.01267529665587918,0.009173036831132731,0.009501965923984272,0.009630818619582664,0.011235955056179775,0.014454482279360668,0.010338007910823444,0.011952744961779014,0.009079467817331896,0.009665792922673657,0.01320361362056984,0.023194238508790512,0.062034112444725203,0.1198501872659176,0.4641316073354908
WIN_20260902_19_04_47_Pro_jpg,Rejected,138.95420906567992,67.66328204460633,228.0,241.0,98.68051223116073,70.70127797343069,121.08660933660934,69.89849884531037,0.1286987137322918,0.136439703256791,0.783533081595797,0.33095647897713304,49.72675323486328,28.07245445251465,-0.41189584136009216,5.152052879333496,7.291075706481934,17.144638061523438,0.11589874857792946,0.06001137656427759,17.638431992431805,0.30847315252026053,0.08486953655258567,7.423404541072526,2.734454388481491,0.3495449374288965,0.11201501877346684,0.06958446029014015,0.02577319587628866,0.011100832562442183,0.009386733416770964,0.0085995085995086,0.008135168961201502,0.010595823095823095,0.011264080100125156,0.009958314034275127,0.009029715974388442,0.008934707903780068,0.008762886597938144,0.011627906976744186,0.02663230240549828,0.06673780988343457,0.12407862407862408,0.4689217758985201
WIN_20260902_19_04_57_Pro_jpg,Rejected,143.63562610231858,69.91550534948807,233.0,244.0,93.80408320548345,70.37369327040716,127.09060083325127,71.3094707378711,0.03800603926433387,0.006695162916191447,0.76003339029928,0.3279203940664961,52.0405158996582,28.433168411254883,0.6675403341650963,5.069103956222534,4.4362711906433105,18.406792640686035,0.1554629334458198,0.06334641089219206,16.95308892951371,0.3024446953513466,0.08188350682223754,7.569207560231282,2.762934545470018,0.348306430571396,0.1073341325051414,0.06772062861284367,0.026552476530348784,0.012419751887623601,0.010639167196482103,0.009626107392320622,0.009198235080377783,0.009356501414816743,0.010569717579113748,0.009609107757886355,0.008708175332159045,0.008810806322503242,0.009506280450226327,0.013487466693830684,0.025409771220612387,0.0643335580030565,0.11835267013320126,0.46992103565037485
WIN_20260902_19_05_30_Pro_jpg,Rejected,145.572800009127,65.84219204616895,232.0,241.0,94.19851502677365,71.93375920414056,125.82698715535497,71.17699842054847,0.05032210609312225,0.03518779065940386,0.7375264657185863,0.3035873249028066,51.49619102478027,28.322766304016113,1.046920420601964,5.680269956588745,3.0117678493261337,18.020453453063965,0.15944206633679386,0.09575791875782158,15.668717536723758,0.32079905990896784,0.08762097656382037,7.500606305048088,2.7741472066545283,0.3462843115281396,0.11305991998057455,0.06849833139409028,0.026310575588478942,0.01265543545182924,0.00900653917411065,0.008586046993831701,0.009846982266683606,0.009649000470786373,0.011903633469842065,0.011441306165102288,0.009297100361454008,0.00875393895448041,0.009729549621055295,0.01147225032911793,0.02521186279006723,0.06239740694201402,0.12573209026514626,0.47231996872712867
WIN_20260902_19_05_38_Pro_jpg,Rejected,144.56474820174947,67.05477909625984,231.0,242.0,96.94485488096792,73.67532179871364,124.66836542396976,69.60197748577244,0.03290064743430281,-0.016225143168178788,0.7649094724355207,0.258524320557011,51.321149826049805,27.742599487304688,1.944881647825241,5.678719997406006,2.3742292523384094,20.022350311279297,0.14479709855548084,0.08500798944465413,17.01982616646902,0.3097665752777465,0.08176504693975514,7.5524395190051985,2.83271243694159,0.3457278913392898,0.10690165317972446,0.06760395206815979,0.02636697759183835,0.011685820273862339,0.010172129481818679,0.010290545313093369,0.009313589108692632,0.012725915936577147,0.013430439166143334,0.011080959391865198,0.011686860103466406,0.009323919370536313,0.008521485288065723,0.012123750602928661,0.026177699676306714,0.0658080713518498,0.11953040172651982,0.46253210346650686
WIN_20260902_19_05_44_Pro_jpg,Rejected,142.4335235224459,69.10332053390425,233.0,244.0,96.79610894941634,70.55467169786262,124.34318754080014,72.16793588638434,-0.019759064772952566,-0.06437813993128788,0.7399221789883268,0.3273337685349249,50.97913360595703,28.9021053314209,1.023234486579895,5.151336193084717,4.283411026000977,19.15799903869629,0.1508171206225681,0.10474708171206226,15.327779098449126,0.32248023557465266,0.0839889230663474,7.525002147482396,2.74430958792022,0.3527828614490257,0.11233802816901409,0.06817122074046442,0.026432997676219986,0.01110065851364064,0.0090310442144873,0.00882764560232533,0.009310484415058697,0.009850222642018621,0.010538095682178495,0.009698778326960738,0.009365916675637851,0.008096073404398867,0.008952718455656067,0.011134779240898528,0.024868123587038434,0.06733234381325057,0.12306031574686277,0.4737535277516463
WIN_20260902_19_06_08_Pro_jpg,Rejected,145.86532850685563,69.98604018279187,238.5,248.0,93.74929347568568,70.1725055265428,124.21485193010322,72.417207808668,-0.029058753293358455,-0.12258622257288361,0.7254145758738408,0.2662565212875373,50.92169761657715,28.871851921081543,1.3971219956874847,4.938863277435303,2.7454484701156616,19.000666618347168,0.1438663964542197,0.07092537655384792,17.26219077269463,0.3167173973105414,0.08062976084644383,7.517730080204271,2.7403661022488484,0.35220815290048824,0.11270696127536001,0.06804972897478821,0.025947280167270107,0.011374006375811731,0.008697269418198716,0.00847884421585376,0.00837094963268541,0.010934049919252753,0.011574306701456344,0.010839111363592578,0.009025191856948434,0.009136472379748326,0.00815273892333283,0.011253412350847244,0.026846682197943443,0.0638959143563658,0.12116288304617617,0.47488317668677155
WIN_20260902_19_06_31_Pro_jpg,Rejected,143.78470254957506,70.07800302976142,233.0,244.0,97.99745045775872,71.34729085792289,120.25495422412794,72.57931257572827,0.021029499919679815,-0.01434022257636998,0.7424962336307799,0.3145435715342506,49.38015365600586,28.890804290771484,2.3309245109558105,5.1068596839904785,4.184607982635498,19.89974594116211,0.11376174146414195,0.06211612006026191,17.286807900978186,0.3303178586336766,0.0811848581399558,7.451384760135378,2.7869541013527517,0.35438637153783753,0.11264341175107197,0.07076101468624833,0.02528473804100228,0.010948365142772599,0.009250429143620065,0.009502839262950516,0.009616807220002958,0.01147294008575733,0.012397482357428952,0.009387153010594073,0.008984846452997184,0.009271062695561478,0.009059698645813465,0.012874308601945451,0.02749094810245407,0.06559276857109746,0.11998816392957538,0.46854054054054056
WIN_20260902_19_06_41_Pro_jpg,Rejected,146.67940999329812,69.5974644555852,236.5,244.5,92.8238759777656,71.56257128302522,127.5919615784116,69.40460151910142,0.07533771484142007,-0.012245203394661827,0.7350111347863961,0.31726638884495945,52.51010513305664,28.003825187683105,0.433005403727293,4.587145805358887,4.206655383110046,18.179838180541992,0.13542444686636135,0.059288517183449324,16.36406365069805,0.3067592517654525,0.07927708188423895,7.5267695248281825,2.7736277520788537,0.347138495970714,0.11178886310729394,0.06972615756493339,0.026507758367942492,0.011162444759121806,0.00895916689862034,0.0090055079583744,0.009355551867702313,0.011973035411826875,0.012198217430284852,0.012384101351361938,0.008769647120537594,0.008281089186450305,0.008607401043674003,0.012226438959097904,0.024981985607217608,0.06134944621100437,0.1251723237209689,0.4676217008705618
WIN_20260902_19_08_35_Pro_jpg,Rejected,142.42472057856673,69.81475497751745,232.10000000000036,244.0,92.82226714352356,72.92970171611209,126.00943925233645,72.9287020084131,0.020628562077717513,-0.06457624591981433,0.7398538329964236,0.2955292570677186,51.7719612121582,29.306007385253906,0.20323210954666138,5.735672950744629,3.052788734436035,19.076026916503906,0.13870315658529,0.11275476660092044,17.99201224556699,0.3168466880619782,0.0827426399508259,7.530418075822288,2.7438005311995335,0.3532887575804696,0.10807028455916654,0.0705607476635514,0.02560747663551402,0.012284248172912455,0.009174311926605505,0.008365284071104914,0.007889546351084813,0.01072928004975898,0.01101249178172255,0.010190664036817882,0.010683760683760684,0.008411214953271028,0.008785046728971962,0.011505588428665352,0.024205607476635513,0.06577515160939201,0.11817757735966412,0.47449750203322877
WIN_20260902_19_08_47_Pro_jpg,Rejected,145.91054894179894,69.65610277118647,234.0,245.0,83.00545634920636,67.77185215925546,131.4575066137566,73.47700996798278,0.0038452393927297943,-0.1291430461616367,0.6765873015873016,0.26625052018310447,53.836639404296875,28.93271827697754,-0.8507505655288696,4.469729423522949,1.6833741664886475,15.578060150146484,0.18832671957671956,0.10379619119687224,16.92616867954304,0.31166372740431536,0.08351128766591677,7.5237122777681,2.713436032872887,0.3537646613696557,0.11541005291005291,0.0666133226645329,0.025805161032206442,0.011408730158730158,0.00933282885609787,0.00882835162063312,0.008101851851851851,0.009424083769633508,0.011350737797956867,0.009424603174603174,0.010078534031413613,0.008597883597883597,0.009093915343915343,0.010582010582010581,0.023962668684575607,0.06671711439021315,0.11987433862433862,0.4793320105820106
WIN_20260902_19_09_16_Pro_jpg,Rejected,138.03697895359284,68.1602957019322,229.5,243.0,108.39112222316112,71.91076546795527,111.21477340911363,70.23049799616486,-0.19478166398831145,-0.24921469394781007,0.7800844490782488,0.23996187923307732,45.895490646362305,28.091798782348633,0.83835169672966,4.307953834533691,-2.961907744407654,19.478859901428223,0.09157650124752659,0.06411564909306501,15.635231046479198,0.31073878936282956,0.08350746139505638,7.4973704915262145,2.6811322961936193,0.3460106588666848,0.11355523205013301,0.06924379744254514,0.02557750536922352,0.010938874848367478,0.007174033810013285,0.007179352182026172,0.007565819192151801,0.007909493537331239,0.009749296933656334,0.00990314638029961,0.00929532422012275,0.007748878317080342,0.0078015100503350115,0.01019687116579047,0.021751546239038612,0.06479711467026092,0.13004674964711604,0.47646535784724653
WIN_20260902_19_09_28_Pro_jpg,Rejected,136.27308005557418,68.62558733536888,233.0,245.0,96.17942932979429,69.26037726692435,118.18861360042172,72.8576601831698,-0.05877656850354122,-0.2875875653339841,0.7916926172567431,0.2694733955019199,48.565677642822266,29.14154624938965,-1.1071375608444214,4.713449478149414,1.1244027614593506,17.38212776184082,0.1426675514266755,0.06731183825995304,17.905574856059328,0.32165730460820713,0.08447196348941272,7.505469989458801,2.6599339135893802,0.3413979782494131,0.11934077516408757,0.0724301528729573,0.023787740164684355,0.009910384818133895,0.007014333638304361,0.007801792303637322,0.007801792303637322,0.008434370057986295,0.008192401667225603,0.0076963626779124935,0.006850955780194509,0.007521678723710056,0.008434370057986295,0.010964681075382182,0.02467302256503617,0.06582556226001098,0.1314137881473674,0.4751161247511613
WIN_20260902_19_09_40_Pro_jpg,Rejected,148.25733568075117,71.85385470308691,236.0,246.0,88.28418427230046,71.76782480396632,132.79518779342723,74.11350272980671,-0.012382710163247145,-0.13564311200637807,0.6654929577464789,0.2579225352112676,54.24339294433594,29.44422149658203,-0.7038516998291016,4.515820503234863,2.9419877529144287,17.1267147064209,0.2009712898157406,0.07827453220968433,15.263757717557205,0.3397389848270116,0.09046861383826987,7.392393781036243,2.734948664506629,0.34565839694656486,0.11296948356807512,0.06893269884432358,0.024093511450381678,0.009860050890585241,0.008802816901408451,0.008428753180661578,0.008511845651865513,0.009976525821596244,0.010416666666666666,0.01056338028169014,0.008215962441314555,0.009363030217052063,0.009096244131455399,0.012508497620666213,0.023975031919421193,0.06719483568075117,0.12632042253521128,0.4722655695843382
WIN_20260902_19_10_58_Pro_jpg,Rejected,139.67661288413973,68.63693658756513,230.5,242.5,100.94664774282683,73.14144306851132,117.918933759548,71.98637725790108,-0.061623459132546465,-0.17002769936495304,0.7569475964494432,0.2569488433393916,48.45404243469238,28.632248878479004,0.7275765240192413,5.448763847351074,0.39813145995140076,18.041091918945312,0.1322812772638598,0.053974869311020926,15.257947558025284,0.3188964403339046,0.0848932462543978,7.470312545822127,2.7291660305956,0.3475050371308155,0.11722359681307123,0.07138187939356988,0.026428531869557202,0.011037419096672323,0.00806600178236445,0.007906034171723073,0.007801205026365093,0.00997524110604486,0.0093914371815315,0.009174274034930267,0.007575332972305642,0.007405253469325785,0.008069736016097187,0.011992620400535052,0.026467843873583648,0.06489148557926405,0.12603180132766564,0.4658767748181931
WIN_20260902_19_11_12_Pro_jpg,Rejected,147.61317289878525,71.9364966295312,240.0,248.5,85.63335373575347,72.15353105447284,132.96271114418818,73.29879584041376,0.0390842570267861,-0.027506474090472986,0.6733955665775526,0.2721408172525156,54.29422569274902,29.16380214691162,-0.3284081965684891,4.896373510360718,3.801805853843689,16.397106170654297,0.19297726965055184,0.10962399160452137,16.524081997537245,0.3179429070218087,0.0884625678160774,7.425407406581137,2.7786025375077106,0.34694652155313743,0.114150284554456,0.06958889621295913,0.026664176586202723,0.011815271738569492,0.009299810714374714,0.008164260599119878,0.008844290455462717,0.010249558819388879,0.011665064331773996,0.011507211135246768,0.00944040224409481,0.008834120436445774,0.009167487453684162,0.01178533406435293,0.02687351175438733,0.06765581655854083,0.1192858698159141,0.46852454742832034
WIN_20260902_19_11_20_Pro_jpg,Rejected,138.84191071936309,69.46238727420632,232.0,245.0,92.44697185100938,72.00429092297563,125.08053738982088,72.16420913006601,-0.18404049250424812,-0.2768417195656592,0.7605914131361956,0.20112878399179066,51.35860824584961,28.96160316467285,-0.6169012784957886,4.453307151794434,-2.295382261276245,17.08744239807129,0.14899948691636736,0.09102103642893791,19.111495754170356,0.28500208439935676,0.07660347624456192,7.640914915667086,2.719422319536248,0.3531413853371355,0.11482306359811928,0.07313034679422316,0.027706516162134428,0.010946829684390105,0.00989853996535511,0.008413758970551844,0.0077951002227171495,0.009527344716654293,0.009774808215788171,0.008413758970551844,0.00774808075063975,0.006928977975748577,0.00838783053738982,0.009474749333088032,0.02390969728065675,0.06644394951744617,0.12942341004701807,0.4690670626082653
WIN_20260913_18_12_17_Pro_jpg,A,146.06721909181306,67.66027453686374,235.0,247.0,67.0,62.16036122100871,132.9324494530991,73.17439458537534,-0.3167073598896868,-0.4861407669417858,0.5587669870732516,0.09824328803447133,54.24507141113281,29.0117244720459,-0.771789014339447,3.6357483863830566,-2.5208921432495117,12.761561393737793,0.1616175008286377,0.13742127941663904,9.10557797373321,0.4508325557162942,0.11229324719715858,6.948648851065515,3.0567057715539976,0.3185946304275771,0.09764666887636725,0.05906529665230361,0.031421942326814715,0.014915478952601922,0.01372224063639377,0.013788531653960889,0.016440172356645674,0.019887305270135897,0.021411998674179648,0.018362611866092143,0.017633410672853827,0.014650314882333444,0.01358965860125953,0.01710308253231687,0.028438846536294332,0.06052369903878024,0.10739144845873384,0.4340072920119324
WIN_20260913_18_12_17_Pro_jpg,Rejected,142.98576872229566,69.28091623980573,233.0,245.0,75.84790709766878,61.1436773049355,127.94314931969842,70.09283775478207,-0.14373903373681424,-0.381707813092225,0.708900251321605,0.18975036939108794,52.41341781616211,27.963714599609375,-1.0867844820022583,3.4144434928894043,-0.27249395847320557,14.290875434875488,0.1501671980713897,0.0754335484874407,17.39975636552449,0.3002832035663964,0.07803945142256213,7.567807872400396,2.6975988127726565,0.3487051870285403,0.11656122714273334,0.07473364958394899,0.024438859519889073,0.009954117738548877,0.00777665448324131,0.007654518450816863,0.008225751171027076,0.007426025362732777,0.009596709699531589,0.009368216611447504,0.007932187572906136,0.0071063350376982404,0.007799636016985874,0.010265183917878529,0.024729761256707363,0.06466354392779619,0.12427093864219613,0.48680452416314407
WIN_20260913_18_12_43_Pro_jpg,A,146.25362793025715,67.54732631392012,232.5,243.5,71.80151580467279,57.57823291447231,135.06871910969852,67.71532805741134,0.17930113685078342,-0.09818099534218425,0.6630373547299038,0.340435034445273,55.5007209777832,26.97016429901123,-2.482126533985138,4.387218594551086,7.501801490783691,16.65907382965088,0.15005099599276864,0.08437271084220822,10.192517771743951,0.3773599924394936,0.0905630781292763,7.301145697316304,2.8628121350850284,0.35546887418221085,0.1055681989253416,0.06551704313832066,0.0274498651540759,0.014526661190409509,0.008896641112802368,0.011784778047585768,0.010442590430631093,0.014635934026840387,0.013685915145887947,0.014420524165997154,0.01328450117100352,0.010326841721870775,0.012285486729087348,0.016457936926445264,0.027938925675608295,0.059630763541391456,0.10448320796693292,0.468664184929768
WIN_20260913_18_12_43_Pro_jpg,Rejected,143.4352660016625,69.45351614644004,235.0,245.0,74.7333748960931,62.325735308889726,129.69518023491293,69.17462009338917,0.1867310416850813,-0.027409065566271304,0.6929931146213042,0.3167082294264339,53.226314544677734,27.449594497680664,-1.381656289100647,4.734421253204346,7.504459857940674,16.122575759887695,0.15928927680798005,0.11308221952207372,15.864905533197227,0.3048694004679124,0.07990708798995677,7.503161328204117,2.7109475978278503,0.3488051842851357,0.11101431238332296,0.07408561928512053,0.027380211574362167,0.011221945137157107,0.008711885500933417,0.008832086450540316,0.007716241443683883,0.008462974486621033,0.009956440572495333,0.010329807093963908,0.008089607965152458,0.009559434746467166,0.008587429993777224,0.010806317539484621,0.02524937655860349,0.06514962593516209,0.11471321695760599,0.4804374240583232
WIN_20260913_18_12_54_Pro_jpg,A,151.34907827945497,67.66575870384634,235.0,244.0,63.39011488111141,58.97961482638123,137.6255944429602,71.07322520976872,-0.3856357549462919,-0.6790027040711757,0.563772375100187,0.055356665776115414,56.23321533203125,28.1664981842041,-1.722595453262329,2.950746774673462,-4.866994380950928,10.436514854431152,0.19332086561581618,0.09099652685012022,12.725457809330468,0.36929981706303305,0.09207700890489913,7.30336300304768,2.812690965528665,0.35158963398343573,0.10713331552230831,0.07309644670050762,0.026342506011220946,0.011862142666310447,0.009190488912636923,0.00892332353726957,0.011114079615281859,0.01228960726689821,0.015014694095645204,0.01341170184344109,0.01127437884050227,0.008282126636387924,0.009083622762489982,0.011808709591236975,0.027144002137323004,0.06310446166176864,0.11381244990649211,0.4671119422922789
WIN_20260913_18_12_54_Pro_jpg,Rejected,150.51519594774726,71.38437206234288,240.0,249.0,90.53649484536082,67.03843802834983,127.9146894161557,69.75607570654104,0.2600354678740892,0.16558439986753318,0.7630740924209185,0.41690721649484536,52.98894500732422,27.76763916015625,1.3882638216018677,5.456468105316162,11.58769702911377,16.00951385498047,0.1524308258438893,0.10522963696836742,13.96521604450409,0.37005594314801626,0.09048744685825232,7.275518341864422,2.8032283740948927,0.35175257731958764,0.11130365235937083,0.06865979381443299,0.02936630602782071,0.010130631831511597,0.009531374106433678,0.00866435617168755,0.008930951746201014,0.009896907216494845,0.013195876288659794,0.01134020618556701,0.009729944400317712,0.008797653958944282,0.009729944400317712,0.012907069102462271,0.02833590932509016,0.0653296266878475,0.10997067448680352,0.4739933479583894
WIN_20260913_18_19_39_Pro_jpg,A,155.52398344290236,63.33465145610545,233.0,244.0,69.76966348568558,64.87568177926443,142.68237066800603,66.93768484391832,-0.4097325812943969,-0.4023781976439049,0.5548970366649925,0.10129047966885804,58.23874282836914,26.383068084716797,-0.5074988007545471,3.223311185836792,-4.063209533691406,10.0682373046875,0.17093967851587255,0.06704001298595894,7.1137451607714395,0.43951932806296334,0.10304405131624232,7.016522603322561,2.9422832063467514,0.34234026617503027,0.09747585423261099,0.060547033520006496,0.03003003003003003,0.01420339258177096,0.01115017579105977,0.011250627825213461,0.012656956303365142,0.01761220680139599,0.01891080269458648,0.017855693531369208,0.01347293239185131,0.01258014771528285,0.010949271722752386,0.016151286421556693,0.02694586478370262,0.0635500365230095,0.10517327975891512,0.4621798091411351
WIN_20260913_18_19_39_Pro_jpg,Rejected,140.70187454938716,69.9655272048754,232.0,241.0,115.55996963562752,76.71577910604405,119.02577696526508,72.2570067267227,-0.08486560508213323,-0.10753661084230896,0.7968007312614259,0.22989031078610603,49.09015655517578,28.91069793701172,4.2874860763549805,7.425134658813477,0.6727290749549866,22.861804962158203,0.13482632541133455,0.06517367458866545,15.123876908248281,0.31530317318042494,0.08047437074067373,7.477707608886025,2.764142209899396,0.3419365721997301,0.10914304993252362,0.07522230233117039,0.024291497975708502,0.012483130904183536,0.009012256669069935,0.009615384615384616,0.008050949291035808,0.008940620782726045,0.01138663967611336,0.010329067641681901,0.008775137111517367,0.008409506398537478,0.008411439557798606,0.01201634222542658,0.023491773308957953,0.06764507422402159,0.12854251012145748,0.4645748987854251
WIN_20260913_18_20_16_Pro_jpg,A,153.74975845410628,62.97257822321195,230.0,242.0,66.55109624674841,67.24821193365868,140.27781493868451,73.0895477710937,-0.3396777313327649,-0.4354548214015831,0.5311036789297658,0.07231610337972166,57.0294303894043,29.126466751098633,-1.4682483673095703,3.1378509998321533,-4.666293621063232,10.000316619873047,0.14918820410868125,0.08996023856858847,8.103286840850792,0.41629154861583884,0.11264794790110831,6.990242451294512,2.93690677343087,0.34020874751491054,0.10720170077066171,0.06205871423262728,0.031363805276848754,0.012931995540691193,0.009513192121887774,0.012040133779264214,0.010851557322730285,0.015241882041086813,0.015830546265328874,0.013999337309476475,0.01174284652545522,0.011519881085098476,0.01092530657748049,0.015458937198067632,0.027127461910070604,0.06266276906723359,0.11661092530657748,0.4522034459907223
WIN_20260913_18_20_16_Pro_jpg,Rejected,143.30909374206465,69.21042535255876,232.0,244.0,122.40061192774473,76.73636997635973,117.53951733878955,71.8497845083169,-0.025293282381296994,0.023626222174864153,0.8413077224976735,0.32514319359413113,48.47951698303223,28.923150062561035,3.9194207191467285,8.055327892303467,5.648395985364914,25.959609031677246,0.10317475864641845,0.03548472908013667,17.40460231973793,0.3091223005428826,0.08032788289648313,7.542541300059183,2.771035340224147,0.3589913867695825,0.10871627500250186,0.07218749297945473,0.02579438533381714,0.011629001370410435,0.007862108662042355,0.010439372102854987,0.009160560636066507,0.00879228410589399,0.011230464162711902,0.0105160790058976,0.009205151735683023,0.008499786915814047,0.009751792664321607,0.013030038402808083,0.02583181122238841,0.06848828683718394,0.12222181280860614,0.4666432960515432
WIN_20260913_18_20_34_Pro_jpg,A,137.5723808941349,64.75623258912502,223.0,235.0,57.71801623875356,54.7516086883065,128.1530793223656,69.11308864427961,-0.17835885545449218,-0.4578672587851725,0.5271011630458635,0.11980918598250871,52.35157775878906,27.556772232055664,-1.2575467824935913,2.594454050064087,-1.2112820148468018,10.26192569732666,0.11754809450661985,0.04432740838270792,9.980998996739125,0.37272563295733696,0.08759797426203954,7.296484444237985,2.8300659264782584,0.3499480154119014,0.10984037673536787,0.07314537337165923,0.027428158975053008,0.010886184331233563,0.009479542535624733,0.009247981233364911,0.01015228426395939,0.01376062626139074,0.015106109718060057,0.014005259617148798,0.010947342670173077,0.00819521741789493,0.007950584062136872,0.012659776160479481,0.029784111063543513,0.06299308910769984,0.11944223594887163,0.4578313253012048
WIN_20260913_18_20_34_Pro_jpg,Rejected,147.20807420680933,72.88822175360889,238.0,247.0,83.13133761990092,63.201115334978745,132.23453146410878,72.67980373044074,0.13540908945079694,0.07551917443627187,0.716137872878676,0.3522715294613682,53.995235443115234,28.99346160888672,0.17204134166240692,4.800596714019775,6.65515661239624,16.711400985717773,0.16991672815431644,0.06767155054284811,19.000291197152904,0.3035554586720183,0.07975684037109296,7.619540405116256,2.7744619505204975,0.34910930747338464,0.1090966585854327,0.07325814272161905,0.023716664909876672,0.011700221355539159,0.010856962158743544,0.00843259196795615,0.009275851164751766,0.009170443765152313,0.014335406345525456,0.010856962158743544,0.009592073363550122,0.010119110361547381,0.008643406767155054,0.013175924949931484,0.025508590703067355,0.06640666174765468,0.11299673237061242,0.47285759460314114
WIN_20260913_18_21_23_Pro_jpg,A,155.0139218795348,65.83518006655362,234.5,242.5,66.91396571266168,64.16391152528068,140.36451872590465,72.90622034187896,-0.4576935662848481,-0.5955783330794554,0.5366665637636638,0.06051553685306715,57.09374809265137,28.89274787902832,-0.52326450496912,3.4862366914749146,-4.8999433517456055,12.274733543395996,0.22474052869194638,0.19425032200654305,8.669816298250247,0.4294525919984875,0.11274062299459289,6.968485875328785,2.880142110360157,0.3311848006552083,0.1067487527935111,0.06654675824219479,0.027444209207737016,0.012969512676360418,0.01067405152102956,0.010614012254248718,0.012226267362466563,0.014464929699212849,0.017671602288044083,0.014668586236553255,0.012118340509640883,0.011616092699969422,0.01108624043052976,0.013759820301725064,0.026471323120832682,0.059800721273515545,0.1138234309929618,0.4572953483894665
WIN_20260913_18_21_23_Pro_jpg,Rejected,135.89098169833613,69.08389816405108,229.5,242.0,106.2025792309953,69.04261203087052,115.50314347416247,69.4470068828898,-0.10505440422069026,-0.22560364131794192,0.8320192189529261,0.2750962937406196,47.56411170959473,27.892128944396973,0.681588888168335,5.496657609939575,0.9564439952373505,20.51129913330078,0.12377181172085393,0.07167224185672035,19.238866256357753,0.290116559336587,0.07886502187841452,7.562413740865019,2.6857774099104637,0.3480294684991423,0.11152012739759215,0.07474267537676757,0.025781192397223478,0.01090239460492625,0.007660785258604648,0.007242808540220563,0.006620850093360957,0.009261563678954574,0.009699268856410363,0.00869943665853358,0.007740293447831706,0.00772115162583706,0.007539406554191139,0.008939361691524176,0.024393142792168445,0.07083434593235274,0.12707101182513686,0.4724292539567294
WIN_20260913_18_21_36_Pro_jpg,A,143.402478347119,65.75759266661836,226.5,237.5,64.94116899168432,59.48413170500639,131.0118232990995,69.93755825420386,-0.2935711369411813,-0.404643062932764,0.5316234079271802,0.10970837221873553,53.51984977722168,27.969630241394043,-0.5888562127947807,3.250965118408203,-2.0631456822156906,11.641990184783936,0.13371026886632037,0.07991209143877531,10.05567138067632,0.40260757922489177,0.09957158422788775,7.1460029735727435,2.9457271860125003,0.33127258457547426,0.1023354556644208,0.0651118885660827,0.027561285500088434,0.01411001606651019,0.010548511813839496,0.011835899659669767,0.013468520200498057,0.016124651549815024,0.020007849695913828,0.01691756231056607,0.01316819460398215,0.012392256026337301,0.01296998068991704,0.01467989446289996,0.026153255556161298,0.06248998016679174,0.10997119308667389,0.45015360437983226
WIN_20260913_18_21_36_Pro_jpg,Rejected,147.7451069504679,71.5059054999837,236.5,246.0,79.69364145283052,63.96221067274732,133.30622153756866,72.71924805642499,-0.044769405965312016,-0.12108784679737088,0.7072983617409623,0.2760511128347378,54.43527412414551,28.96074104309082,0.2363574057817459,4.798682451248169,3.874181032180786,15.778124332427979,0.19031258421494118,0.14992797783933517,13.55952272247663,0.35547159110326537,0.08942617683155221,7.373086349868876,2.8252661641577816,0.33883864543796105,0.10777301265333719,0.07089020769646483,0.02581115801399777,0.013340888265837555,0.01033545708468309,0.01085866219740459,0.009386014237941217,0.011596986866841075,0.014123881052887137,0.013436935154386678,0.009690399179242993,0.010685467849768052,0.009289139363836088,0.011602746218475849,0.027960175837550196,0.06196710706649855,0.11306346424980229,0.4649941941289505
WIN_20260913_18_21_47_Pro_jpg,A,136.15925785678587,65.53982842166579,220.0,231.0,59.15836421134992,59.06909901675239,126.71884229298655,67.66967972353223,-0.24134060456454803,-0.49811176121488604,0.500772609273498,0.10732867469497125,51.936819076538086,27.151817321777344,-1.5910975933074951,2.6241495609283447,-0.5370308717247099,10.353469848632812,0.1077436381662635,0.05108937328064722,12.242022700653244,0.3645630939292451,0.08990608384832033,7.322793418594863,2.7675891377669224,0.3438619928959644,0.11308603071713214,0.0681461353687244,0.026451156013175832,0.010228336832761281,0.00904214596899187,0.007949900726234806,0.009040273743092691,0.011584166762256903,0.012830141203034169,0.010742870707637443,0.009607572374073295,0.009594936875472347,0.008680170137839675,0.01263967666350736,0.02768858994295198,0.0641365569313462,0.11835071373587386,0.4702006252958938
WIN_20260913_18_21_47_Pro_jpg,Rejected,147.16589495275264,71.74157692018808,238.0,246.5,74.52074050723564,64.72762139498428,137.16006710883815,72.11393845618909,0.13531701388361417,-0.10652506108212574,0.6165917320467031,0.272893426893801,55.99912071228027,28.62354850769043,-1.5911551713943481,4.442108392715454,6.396579384803772,15.589553833007812,0.18875490746743037,0.1405511527141387,15.315754076332704,0.33413801851375524,0.08899954940555468,7.43340422876077,2.75847659229828,0.34713630661730077,0.10897689848750725,0.07098576081428509,0.024020328544868283,0.011341010737467273,0.009751116459327268,0.00836281091733888,0.011494932290462848,0.010615866611698563,0.010446771877825254,0.011424886026663254,0.010113543366690401,0.00987793750973225,0.011412865401832076,0.012417511891848402,0.026021938424858802,0.059641887013843736,0.11257423253949667,0.47895503310595505
WIN_20260913_18_22_04_Pro_jpg,A,142.50222909994994,65.81886414672351,228.5,239.5,78.59321012831515,69.07928281927053,125.41005670121638,74.16160486259224,-0.5219516657069946,-0.6235608373481425,0.6161648917368653,0.05221115163657479,51.18008804321289,29.522154808044434,0.6331882327795029,3.515547275543213,-7.330550909042358,12.168137073516846,0.1499729384198018,0.10565533921051688,8.77269233994507,0.40348401340441653,0.09841242052568785,7.0725673483593035,2.8213687045244837,0.3428992664533962,0.1102531108655079,0.06777584718608304,0.02775663368963032,0.01135690452949992,0.009635541447983684,0.009158605887355726,0.01017412046064794,0.013299395007842349,0.014972663448707669,0.012618554363379705,0.010143349336271056,0.008323909621008657,0.00970679033437916,0.012372419102792135,0.02661803461883057,0.06645636233948313,0.11732494235256845,0.4620528154080286
WIN_20260913_18_22_04_Pro_jpg,Rejected,134.4889389340218,66.47126240458059,225.5,239.0,105.82611820526537,73.76879450244364,114.18238890858333,69.91013782069759,-0.16549045917131883,-0.22398322011183858,0.7959926903194766,0.2463728994340018,47.189592361450195,28.15304470062256,1.3617675304412842,4.930421829223633,0.11871689558029175,19.636893272399902,0.11243599738814514,0.07218136116450327,13.843972679303938,0.32504044396415466,0.08436760449719992,7.401942969929028,2.718052426182065,0.34806914912422415,0.10928296668802781,0.07415106654160569,0.025941497316653114,0.009219453969993298,0.008181726274045557,0.007289442581514795,0.007879572059622055,0.009470240545484919,0.009879171919587804,0.010121494208786774,0.007898894338528238,0.007158990267765121,0.007349199189472609,0.010650884576920247,0.02492743463057217,0.06729942241003367,0.12357493674872155,0.4707683590623494
WIN_20260913_18_22_17_Pro_jpg,A,153.6935462266829,64.94551313977477,236.0,244.5,55.81418254335547,53.53550655657112,142.39193394741955,70.10364298145261,-0.36895375287030785,-0.5235669642557278,0.504334732113121,0.08560916263274256,57.99125671386719,27.74103546142578,-1.194199651479721,2.86508309841156,-2.2378790974617004,11.065498352050781,0.19562443317154274,0.13253662036697833,7.429519439377826,0.4286982248669811,0.10282671423633653,7.031997423520225,2.9154808653194806,0.3457626038536613,0.10246653600665712,0.06637771661819329,0.02768079648297081,0.013128233470615265,0.009881479609849239,0.01210888711088071,0.01258003794754537,0.016679177449976185,0.018025737360887677,0.016758941394317987,0.014722967932785444,0.012451146840587617,0.01128260519924983,0.014483676099760033,0.028542609267534783,0.058847277620217776,0.10477497682111986,0.459207196766851
WIN_20260913_18_22_17_Pro_jpg,Rejected,141.53019728333925,71.81367465233441,233.0,244.0,108.29127560459199,73.56973014809202,116.68644271407766,72.48275857234738,-0.00036135249617657086,-0.11124386070427257,0.797245079518059,0.2894464439908423,48.06203269958496,29.018566131591797,2.3894673585891724,5.346691131591797,4.138717770576477,20.75105094909668,0.13732758350756802,0.06807528359340223,15.288755670659368,0.3239548338622873,0.0822749444984606,7.461485779073974,2.7459108751412256,0.34414061901731463,0.10901982323599078,0.06904488625066489,0.025620173973742756,0.010912273192260525,0.009108126021595102,0.009060894598117404,0.008577781238935281,0.010262398384337078,0.011688234884262367,0.011230041680697782,0.008920379272343213,0.00853766635001181,0.009672376596593054,0.011265082811881981,0.02596146280173296,0.06509029761591181,0.12032254394528248,0.4768641420449594
WIN_20260913_18_23_01_Pro_jpg,A,144.9158662526179,64.4487022887584,229.0,242.0,81.68866902578176,71.97560404065133,128.34455116631761,73.23869332284583,-0.4727028423777146,-0.6609528437179162,0.5589658409763848,0.04901920802577383,52.498146057128906,29.186918258666992,0.18875084817409515,3.861856460571289,-6.707558631896973,11.900397300720215,0.14098119978793688,0.0874557665920416,7.925745537875531,0.40790132600562806,0.09875464293328827,7.076410214201168,2.7833948201537693,0.34296237452155703,0.10883223802989818,0.06647363484360344,0.02544258488923285,0.013050038742302516,0.009869091798866279,0.008931120264263284,0.010038275438723189,0.013432512457572036,0.011699285043691774,0.01336029464866036,0.010032217283145059,0.010440030993842013,0.00958362220137841,0.011049324763486676,0.02601851474246564,0.06406753395049142,0.12089261211814833,0.4678846702826149
WIN_20260913_18_23_01_Pro_jpg,Rejected,136.61984540312602,63.14860580793829,224.0,236.0,106.37835438603136,72.92003575545499,115.64459557988032,68.74687797309113,0.0640228874473204,0.04495292302641824,0.7331889313940863,0.31473631826580567,47.50657081604004,27.591792106628418,2.9841253757476807,6.2914347648620605,4.010342359542847,19.851652145385742,0.10534125759567214,0.02553598300855287,8.448878778296919,0.3989224347405578,0.09540773370160333,7.153223647542272,2.876110780124126,0.3546809125526996,0.09868192085186807,0.06560929915236272,0.02979746608013261,0.012323310258344461,0.01265500885764901,0.01016058337331347,0.010498488410506988,0.013227224360599567,0.016174014040124585,0.012300226679619788,0.012669295388307904,0.011151589614644646,0.012227356888776207,0.014284985720114239,0.026579287365701074,0.06077103548682017,0.113562491500068,0.4629001311755546
WIN_20260913_18_23_37_Pro_jpg,A,141.57062691304841,63.23016049997177,224.0,236.0,67.78239428636209,62.521495642715934,128.8039201504412,68.3895206111625,-0.28848083644498584,-0.3938569504009458,0.5279907420801389,0.11109503833357443,52.53599166870117,27.176321029663086,-0.2618555426597595,3.029979705810547,-0.769978404045105,11.717424392700195,0.12129321568060177,0.06458845653117315,8.857901308530394,0.4167061471670564,0.10116338007914323,7.06983071639229,2.910830901603908,0.3395776074063359,0.10357297844640533,0.06343121654853175,0.027717945811132523,0.013943997279220043,0.010939802743453124,0.012413558553451989,0.013150436458451422,0.015261102271083467,0.016418342253724866,0.01482713727759294,0.012300192721913615,0.011790046479990931,0.011279900238068246,0.01462419226845029,0.026074141253826098,0.05878018365264709,0.11824056229452443,0.4508559120281147
WIN_20260913_18_23_37_Pro_jpg,Rejected,128.50318154828796,65.17971633376972,223.5,237.5,121.11472611823305,71.17242626886761,103.77027722984673,70.29371452673931,-0.13192440130729965,-0.09769439913204764,0.8237113053170467,0.27168580627224703,42.782522201538086,28.26301383972168,3.0383265018463135,6.516231060028076,0.5300761461257935,22.3182315826416,0.10654804366510268,0.05845889269224792,13.445187482697882,0.31945450310373175,0.08632295840398312,7.343468577958417,2.7329023709590112,0.34860266529486134,0.10839344233870268,0.07162897689060993,0.025044742375336666,0.011618754829418817,0.008588587559099784,0.007364252160643587,0.008810172950772757,0.009017099731552484,0.01041625748926098,0.00972904161541667,0.008343375583028454,0.008962995030033706,0.009310944231180333,0.011246162551961713,0.025444559325275944,0.06557681900313309,0.12303238481317233,0.4785803871251134
WIN_20260913_18_23_46_Pro_jpg,A,154.58916464514525,63.81598041934488,235.0,243.0,70.53592088076134,64.4400669162163,139.22684580456553,68.77540020043064,-0.23554156576407861,-0.3147971051127947,0.5316290352677738,0.1349231450439623,56.61524963378906,27.355146408081055,-0.1745196282863617,3.967040538787842,-2.1857852935791016,13.627238273620605,0.19076942215587486,0.1096843570118287,10.02540418706963,0.41367768338089356,0.10500504319710405,7.082425345305713,2.8727739923113003,0.33961667404642926,0.10373837687393257,0.0636978936049086,0.02838201781644914,0.015848353014294592,0.011512429628692518,0.011704992749119536,0.01132266430514264,0.014554954282515395,0.014422164589790626,0.013995148348572494,0.012751135162032717,0.010500347903093175,0.012844416822042676,0.01678060907395898,0.0268084841699322,0.060535138212410654,0.10797646909987982,0.46619394165578154
WIN_20260913_18_23_46_Pro_jpg,Rejected,131.45189645634613,65.70536989164529,221.0,234.5,111.16105057314809,67.14848254038642,105.93595244377374,70.67296552934508,-0.19559724107674412,-0.19656613678346863,0.7988377427167523,0.22103744414366913,43.75855255126953,28.433608055114746,2.7646902799606323,5.751886606216431,-1.1836536526679993,20.20651626586914,0.09894501816866577,0.04688895685935032,12.0198396507582,0.3479587589914166,0.08993268346073173,7.25064109294958,2.746624206387872,0.3445508504427405,0.10921018390016052,0.06961127995837907,0.02907433649764966,0.011719260839068147,0.008146192665847854,0.00825172868619849,0.008356282193285599,0.010407385625020223,0.010649677673539538,0.010367822617760182,0.008165312820174409,0.008876875509463028,0.008842058940932358,0.010387894036675522,0.02645188871967783,0.0644209258106696,0.12676401201253135,0.4757578857190814
WIN_20260913_18_24_00_Pro_jpg,A,153.65905481627513,63.460687184968286,235.0,244.0,73.35461641234794,71.1774279465071,138.88313892996,69.04085174920387,-0.28915033489781067,-0.42629570809886136,0.5567055473413285,0.11231586441049231,56.831512451171875,27.176876068115234,0.2585338056087494,4.273334980010986,-3.942525625228882,14.526304244995117,0.18438201631893106,0.16318931055254368,8.89491947707111,0.40887228232364453,0.0960771149758932,7.147587929236842,2.9089309089174935,0.3510200078462142,0.10168061317769496,0.06401620940802803,0.027775824484916674,0.01392307151395823,0.011664202398554296,0.011445156344121351,0.013142763265976671,0.014457039592574338,0.016665494690950005,0.014785608674223755,0.013008930454960974,0.013088001752368435,0.013033240238760199,0.015935600459996715,0.028256941021849846,0.05782815837029735,0.10656590548162752,0.46087289852691526
WIN_20260913_18_24_00_Pro_jpg,Rejected,126.12126179413336,61.370343366636135,214.0,228.5,116.60716042627047,71.81310365115198,107.57785403709846,65.34233412552415,-0.020088580985480407,-0.029866931052220956,0.8131135376247803,0.3000347052473031,44.4525146484375,26.48490810394287,4.0187733471393585,6.174309253692627,1.5854618549346924,22.045294761657715,0.06522380234157003,0.041255727396100665,10.743808208958729,0.35181499460966503,0.09171933900338052,7.214253231226678,2.7968870939063137,0.3454802855237098,0.10416684416628733,0.06668384058714652,0.028158552499722087,0.01061634276301971,0.009995345959946347,0.010200091772375297,0.009276193568306317,0.013083432327790955,0.014894031205041881,0.011819531682991463,0.009471697464893798,0.008851475011704833,0.008938305375289623,0.01175564648736014,0.026954372975602207,0.06468632622036569,0.1172528585551277,0.47184208792752064
WIN_20260913_18_24_16_Pro_jpg,A,152.87295443742786,65.03350137980875,233.0,243.0,74.26390596189306,75.9942876093622,138.0835894283958,73.47297912321345,-0.184375288398333,-0.37370209065857285,0.48748904026438256,0.14217306265596547,56.243797302246094,29.19865608215332,0.9397760629653931,5.08812141418457,-0.7180460691452026,15.503193855285645,0.17634277177972432,0.12000614628149969,7.2266895517054435,0.44480899500928933,0.1070087212441992,6.936130019039416,2.9735500275894027,0.3410669724151885,0.09987707437000615,0.06131595029537584,0.030284511441569906,0.015481768180892239,0.012018741087797923,0.011754763368162262,0.01229035105588375,0.01738303795749304,0.016594960049170254,0.015753378148978068,0.012901473484076866,0.012697766008012494,0.01290719114935464,0.016907720513342838,0.029540702771970056,0.05923478795328826,0.10840503995082974,0.4460781007621232
WIN_20260913_18_24_16_Pro_jpg,Rejected,138.61069258809235,61.79749184552485,215.0,228.0,127.07529305680794,77.11637374393405,107.85259092372063,66.32231886483105,0.0034043482949584914,0.12488836333580261,0.8598963029756538,0.2790473125201159,44.459285736083984,26.785959243774414,4.156704902648926,6.6253156661987305,4.224339485168457,19.427614212036133,0.07164424924512765,0.03505410279531109,10.597240829401535,0.35002851676849017,0.09199992888398839,7.228044477962307,2.8018455311465074,0.35584015562940746,0.10846475700032185,0.06500770041339062,0.0293713972001098,0.011586739620212423,0.009977470228516253,0.01078210492436434,0.009918845807033363,0.009816543289346637,0.01078210492436434,0.0119964334927454,0.010692588092345079,0.00899732511955905,0.010943031863533955,0.013517862890247827,0.028045716138445326,0.06368377710678012,0.11779851947215964,0.4689411007402639
WIN_20260913_18_24_47_Pro_jpg,A,170.25927461209864,63.92130532210387,239.0,247.0,51.82486724036369,51.6759921298795,159.46993333288742,67.43564391448704,-0.11995468101657215,-0.3309466390005785,0.4295880585394932,0.1306729025644741,64.73432731628418,26.61440944671631,-2.0909815579652786,3.0588901042938232,0.6820008754730225,11.570498943328857,0.24984970153383104,0.13629362418273616,9.987144275701102,0.4334667736132004,0.12266160381946144,6.849667659913365,3.0077146883055637,0.3415307634558312,0.10343186332322152,0.0594242396782662,0.029606768468243956,0.016594420911948404,0.013560602162660591,0.012842485646181777,0.014413578688734382,0.01840185671903609,0.019812835726658498,0.018778705425601075,0.016034600785825075,0.013025650064450911,0.013501970882670501,0.016118100093728816,0.031089102267879455,0.05798150806185285,0.10237936357770616,0.44300234751533374
WIN_20260913_18_24_47_Pro_jpg,Rejected,136.70593760116802,70.3387225267754,232.0,242.5,77.49864819523867,60.450295246401396,123.78386050743522,71.3187956870763,-0.046330372383590585,-0.22450131892848835,0.709208543545893,0.24198999338733534,50.732282638549805,28.57325553894043,-1.0485387742519379,4.2983081340789795,3.1501758694648743,15.755311012268066,0.14758116245509117,0.10397427715152222,16.612589624875472,0.32198603660944125,0.08276490875195736,7.490667229470768,2.691119793620475,0.3370556257154195,0.11675395317178947,0.0728723515644395,0.025469934363239542,0.009012874619631545,0.00673442776908185,0.007061584132755415,0.009925867179624476,0.00941017873697044,0.011098636766255696,0.009276542688541198,0.008256813498398394,0.007629948786326876,0.007775781126917632,0.009747311573171715,0.02229152685617721,0.06732456089678795,0.12450145067211271,0.4748562555977784
WIN_20260913_18_25_47_Pro_jpg,A,164.01758511302705,65.13098937596402,235.5,243.5,59.5804876934125,62.51416466206722,151.9825490421689,71.00654666556039,-0.275396033235039,-0.4707477206160341,0.4535757156830291,0.09407280905695116,61.72639465332031,28.09327507019043,-1.4345209337770939,3.0408599376678467,-1.6104363203048706,11.53990650177002,0.23202908423806368,0.13939829501875858,7.699566364875285,0.44578743007646804,0.11900953453511257,6.815852127002296,3.0025655610479385,0.34184823781058626,0.10120421457796569,0.06129138064302472,0.029975471109310474,0.016068888103368054,0.012813688110788563,0.012210811965735435,0.013177415291748821,0.01831703875052962,0.020678032442959546,0.0177646878429431,0.014155839887465415,0.01302586827871706,0.012401105995582685,0.017417778491664992,0.03091851799402162,0.06225128840647011,0.10282758859230887,0.4435003835153952
WIN_20260913_18_25_47_Pro_jpg,Rejected,141.3293564714389,67.39841531961308,224.0,236.0,89.41212044853219,76.77059180691099,127.86493637394481,69.3358940072286,0.07413304602784802,-0.1598462967011436,0.7289908025702406,0.259942154736081,52.68739700317383,27.951526641845703,0.0991935282945633,4.664466857910156,4.486984729766846,15.790811538696289,0.1028096258032002,0.043215320650119696,12.263307144922042,0.3496727922624051,0.08767563590267863,7.365973789918691,2.865559354732148,0.33731019522776573,0.10243164923774727,0.06576792238881189,0.029356179916845155,0.01335517197933728,0.011591281340556885,0.012599218848431397,0.011339296963588258,0.01335517197933728,0.015371046995086304,0.013733148544790222,0.012851203225400025,0.009953382890260805,0.009701398513292176,0.01335517197933728,0.027466297089580444,0.061610180168829534,0.11062114148922766,0.4578486472356555
WIN_20260913_18_25_55_Pro_jpg,A,163.3381165173398,65.06323669108828,238.0,246.5,48.326308909860785,51.82559193131357,153.68617981449825,69.08357906393802,-0.21110244069127274,-0.3536008921543859,0.40087784063856235,0.11378728353499744,62.38623046875,27.294589042663574,-1.347884640097618,2.883295774459839,-0.22287094593048096,10.451494693756104,0.23310201947506892,0.13935659549830703,7.801410258381379,0.43345274791149463,0.11005030861876217,6.9485555632581715,3.043987597227921,0.34666174396870386,0.0986926382338528,0.05988391349219023,0.028647462517501908,0.017508937576859604,0.014996158090785078,0.013535238892679942,0.016333741273215952,0.018436112621691685,0.021767009928037706,0.02088210854556681,0.016466502697802695,0.014814920394172903,0.013358311050617976,0.015782495529580987,0.0299198735373575,0.057539442139077246,0.1005599178871676,0.4408752155918414
WIN_20260913_18_25_55_Pro_jpg,Rejected,124.40086367824027,65.94747476008929,218.5,232.5,102.44337971913147,77.31568857975257,105.86881393651085,69.26942451777919,-0.23409351080116764,-0.2907437931523933,0.7493204892162293,0.19266233668290805,43.55991172790527,27.920429229736328,1.8814098238945007,5.119515419006348,-1.541489090770483,17.493181228637695,0.09335619238857285,0.06545266908119107,13.814284478121273,0.3444107675608585,0.0876657728070374,7.288923390889135,2.7079191156693865,0.3370113869752988,0.11283355290271435,0.07188137674320601,0.02652100920935953,0.00958554247659248,0.007625011970629319,0.008826919183305235,0.007647136004189108,0.009767334400939432,0.009825044312773224,0.008809327056216456,0.007234638307205802,0.007239170213676812,0.007194654397159604,0.009705360332032259,0.023975252895008133,0.0679337936659477,0.13834656992147099,0.4650483060075735
WIN_20260913_18_26_08_Pro_jpg,A,146.8257698012428,67.5475692280749,232.5,243.5,58.839992875746034,55.60765525755853,135.85952618882342,70.11723538364183,-0.21382207503924341,-0.43381641393305603,0.5093612115643346,0.12257391546276114,55.487789154052734,27.86378002166748,-1.2962290942668915,3.273960828781128,-0.7730076909065247,11.270069599151611,0.16886213018534948,0.09101641503712443,12.644127563752804,0.3594763733966524,0.08918301013634145,7.350257213708873,2.8448780426289213,0.35029291695425935,0.11115092637562358,0.0681954018835717,0.02579055166582505,0.012572234742236451,0.009758058817337722,0.009916347672130607,0.010655655132025509,0.013797090125472842,0.01255475439890667,0.012687126954624709,0.011580563275960045,0.010986313692757585,0.011998802219833628,0.012949626662843012,0.028183089154666725,0.0610726545167464,0.1145255452860309,0.4616252574234069
WIN_20260913_18_26_08_Pro_jpg,Rejected,144.86878856480473,71.05426031534752,236.5,245.5,79.03946023540391,67.19885894249143,130.1888680381137,72.89923803606365,0.028304679795369322,-0.07113299724240785,0.6977002807977171,0.2562885011079606,53.15464210510254,29.023422241210938,0.6522889137268066,4.972303867340088,4.466171503067017,17.04588222503662,0.18166672254796493,0.11161533016744218,12.551421468723458,0.3545292815893127,0.08898785894749175,7.359347060485932,2.8143718629365915,0.341849343702583,0.10748471697663076,0.06786016381124764,0.027735751042438785,0.011539945530673517,0.008771074965561846,0.009335902231343396,0.010888384665789237,0.01335772978216207,0.011616267346197251,0.013024794058473054,0.010356604137072468,0.009518405415639497,0.010705551426300447,0.013748577461578622,0.02717623542095043,0.06701607123027312,0.11479487426365062,0.46361447921576315
WIN_20260913_18_26_48_Pro_jpg,A,150.26519337016575,68.61043568721401,236.0,245.0,48.30386740331492,55.07366079621211,141.97004488950276,71.42318580343644,-0.15829305964103546,-0.3795454234439808,0.40063881215469616,0.11388508891928864,57.74322509765625,28.222942352294922,-0.6842695474624634,2.6853318214416504,-0.8343512415885925,9.17585563659668,0.19568503504191287,0.10471339779005524,7.628840053949482,0.41763000724506055,0.10106895198636855,7.027267208856539,2.873877459329035,0.34767441860465115,0.10184678522571819,0.06554898996839358,0.02762127250240484,0.014071132596685083,0.010359116022099447,0.011199670193761165,0.010856122028308369,0.015020718232044199,0.017437845303867404,0.015970303867403314,0.012505153222481791,0.011912983425414365,0.010993541294489487,0.01381063625120242,0.02641574585635359,0.061082863817507216,0.10643991712707182,0.4582932527140305
WIN_20260913_18_26_48_Pro_jpg,Rejected,133.50256711067004,64.62165874096375,229.5,242.5,85.91703606933231,67.22015122009513,117.64969014123622,66.20258854998315,0.1451879825403405,0.11154285574178385,0.710189186271992,0.337964857550111,48.290611267089844,26.34603977203369,0.1947253942489624,4.444854021072388,7.041707515716553,16.092517375946045,0.13361494436763255,0.08135561349847065,10.682653257101325,0.3700446304890583,0.088861400488572,7.2982445350643985,2.767090804986851,0.35440856301071355,0.10522067492113575,0.06539704416048503,0.028645025868922966,0.012990827122931578,0.00948139473162084,0.009712784479139619,0.009501650680929145,0.012082709550300746,0.011085372456088967,0.012671670959782708,0.0098981805719822,0.010459219368589567,0.009641227498370354,0.013385340574280667,0.02594357029840901,0.060705683135589675,0.11207649936528585,0.47419248906536615
WIN_20260913_18_27_16_Pro_jpg,A,144.9089661482159,68.89977136869096,229.0,238.0,58.55923661599471,63.96964481880876,135.46927416895394,73.16736901540013,-0.3839703942735505,-0.5167653009763925,0.5140449438202247,0.07344679444811633,55.1027946472168,29.10536003112793,-1.461327075958252,3.377582311630249,-1.7212684154510498,10.593460083007812,0.17490088441598048,0.060765477279658434,10.722283067238829,0.37116525380003645,0.09115166043255421,7.282320834727141,2.91078289050926,0.33865174170913037,0.10583911118536463,0.06599281597193217,0.02859103385178408,0.012947957564113273,0.010525436471472726,0.012530281513658008,0.011193718152201153,0.015370478656753821,0.016773406526379993,0.014618661765934342,0.011277253362292206,0.011193718152201153,0.012947957564113273,0.015119873026480662,0.02683745044220799,0.0626715462031107,0.10864177131526769,0.4515913457522346
WIN_20260913_18_27_16_Pro_jpg,Rejected,142.0946579194002,67.55722398765823,232.0,243.0,97.82727272727273,67.69524492454994,122.16419868791003,73.22518074502248,-0.14304667838121082,-0.08479611516619548,0.7454545454545455,0.2572516847348374,49.86015701293945,29.383981704711914,2.929204225540161,5.2585577964782715,1.27667236328125,19.2269344329834,0.1442361761949391,0.11329409728232646,13.218453993097754,0.3548013232767935,0.08905200167946896,7.376089264805243,2.7615801112287186,0.34280691473776737,0.11221799003808966,0.06768239085848228,0.027553889409559513,0.011152764761012183,0.008741561364029773,0.007764430120128919,0.00937591561675945,0.009174311926605505,0.010991864289423576,0.009520512376666089,0.009607062489181237,0.007764430120128919,0.009693612601696383,0.011866393202461177,0.025012982516877273,0.06569821930646673,0.1253245629219318,0.47377531590791067
WIN_20260913_18_27_26_Pro_jpg,A,154.5203007518797,66.36528302423635,236.0,243.0,66.60986279578445,58.133036224996815,141.0236842105263,72.09201698345235,-0.39617752001787204,-0.48594846887741594,0.5484962406015037,0.09154105581939569,57.46004867553711,28.505939483642578,-0.49893102049827576,3.8449981212615967,-4.376650810241699,13.654017448425293,0.2036842105263158,0.145639754972813,8.785824114425067,0.3875260217721167,0.09839881003785568,7.118728199991918,2.93743585141445,0.3444024656989461,0.10528932193278982,0.06392921057864387,0.025639097744360902,0.014416384967190296,0.009398496240601503,0.010638297872340425,0.01252734141976536,0.015510041757804733,0.01837703902539748,0.017757588271732398,0.015112348379399483,0.01332272817657586,0.013214949411521784,0.01620600517001392,0.02833565321137403,0.06421052631578947,0.10861036547594466,0.455756611652416
WIN_20260913_18_27_26_Pro_jpg,Rejected,140.42353231376418,66.42863873435162,229.0,244.0,92.64999541158117,68.38440060058096,118.47710379003395,68.8335293531947,-0.18766894490701302,-0.11025614435288007,0.738735431770212,0.2581401085347805,48.60688781738281,27.424545288085938,1.6237353086471558,4.584042072296143,1.2613282203674316,19.417621612548828,0.12003303661558228,0.071854638891438,15.11588671876699,0.3108129611217,0.07865746781011826,7.525325780551818,2.7165483640147388,0.3485362943929522,0.1113150408369276,0.0708959939340326,0.025653987109819285,0.011500063187160368,0.00890153253188951,0.008386778490379871,0.008626227402037258,0.011500063187160368,0.012131934790850498,0.013142929356754707,0.009351699734613927,0.009085069285124345,0.007523433645781944,0.01112094022494629,0.025653675382338433,0.0613930439570524,0.12352023492704414,0.4720029600394672
WIN_20260913_18_28_00_Pro_jpg,A,144.88568369339296,64.0572268061699,228.0,240.0,51.83561126157335,46.978528170328715,135.65201234490144,65.96198685823275,-0.14580984568641933,-0.47243731335028905,0.5004723814322605,0.13132203816841972,55.5767707824707,26.121646881103516,-1.9738812446594238,2.054307699203491,-0.370048850774765,10.590831756591797,0.14448573408074572,0.04975751086477294,12.726202894835348,0.33924340845458545,0.08480439684627185,7.43159905270932,2.7810191662104615,0.3451533665050072,0.1149461485167223,0.07318762990489387,0.029854506518863764,0.009132707690369717,0.007873023871008376,0.006928261006487372,0.010077470554890722,0.01032940731876299,0.013478616867166341,0.0118410279019966,0.00906972349940165,0.00799899225294451,0.010203438936826856,0.011778043711028531,0.02746110726207722,0.06298419096806701,0.11922907350255085,0.4636266297159413
WIN_20260913_18_28_00_Pro_jpg,Rejected,151.79623524407103,70.38145340257505,239.0,248.0,63.09428960378305,55.50368730671414,141.0882697011592,70.89131620787467,0.14092233379567476,-0.07380837915720849,0.5397291681593466,0.23035201531426142,57.650943756103516,28.22857666015625,-1.5031083822250366,3.746159315109253,4.790170192718506,15.503364562988281,0.16909077882066348,0.13289382373351838,18.643916135942195,0.3101623825619944,0.08552818552152062,7.540581519403105,2.6526353557045916,0.3368031459634513,0.1173029884079549,0.07680733682023358,0.024635669673837613,0.010460700723651215,0.00797617781559077,0.006663323063695637,0.006520025793508633,0.00882697011592045,0.009887511642903203,0.009146017228544082,0.00786982877804956,0.00786982877804956,0.007594755319911156,0.009358715303626503,0.022426022784265958,0.0659264399722415,0.12006806338402637,0.4720928566310812
WIN_20260913_18_28_15_Pro_jpg,A,146.28976110917162,66.55375008359636,232.0,242.0,67.97426562266222,55.732038208213936,133.45638621515135,70.06817807721744,-0.22794366603259825,-0.5145462203625097,0.6363273652186924,0.13729988529250411,54.663326263427734,27.841014862060547,-1.9724242687225342,3.338667869567871,-0.908938467502594,13.459996223449707,0.1623360430901202,0.09091815869532692,10.538800160125243,0.39003040312632975,0.09538261206864557,7.204503496272729,2.89506874798455,0.3374894020248367,0.11056805146875467,0.06458530746596179,0.02957458480873772,0.013665153857662959,0.01077253004837664,0.01127125829135704,0.01157049523714528,0.01381477233055708,0.015510448356690439,0.01231858760161588,0.01127125829135704,0.01137100393995312,0.01157049523714528,0.015261084235200239,0.02862700114707496,0.057702857712832276,0.11829833923495088,0.4522467707346267
WIN_20260913_18_28_15_Pro_jpg,Rejected,148.74082853595215,67.93649463704385,236.0,246.0,86.54358597907873,65.97667574206544,133.96907100124167,67.54475133778365,0.07397873708630072,-0.03644140890460441,0.6827858322628005,0.2986786566342448,54.888763427734375,26.831438064575195,0.041719578206539154,5.087568283081055,4.89658784866333,18.042207717895508,0.1427926402528502,0.09093411635162416,16.888421115041524,0.3113848460981524,0.08027501459688292,7.559879867152368,2.7396845943751895,0.35144063130849695,0.11483180428134557,0.06681957186544342,0.02798165137614679,0.01202055423013397,0.009726555331253441,0.008717195815746008,0.009369003273507167,0.009174311926605505,0.010703363914373088,0.010244648318042813,0.00856269113149847,0.008409785932721712,0.008350155991925123,0.01119471462653698,0.026151587447238025,0.06524132868416223,0.11758409785932722,0.47816113048265735
WIN_20260913_18_28_21_Pro_jpg,A,145.08561503882305,65.24011656190366,225.0,237.0,70.0104209235799,58.166288488935194,134.11815488353085,67.66340454981167,-0.04674246850363925,-0.4110939703108313,0.6469145892930118,0.20044953003677973,55.091976165771484,27.05680274963379,-3.1614181995391846,2.670754909515381,2.5290374755859375,14.156746864318848,0.12607274213322436,0.06318961994278709,12.886799330979157,0.369922960393263,0.09164501985768847,7.301194732819793,2.9147300548043074,0.3511442582754393,0.1090110339190846,0.07146505925623212,0.0323355128729056,0.012055578259092767,0.009348181446669391,0.010523089497343686,0.011595831630568043,0.014558643236616264,0.014201062525541479,0.013690232938291786,0.010880670208418472,0.011493665713118105,0.013179403351042092,0.015937883122190438,0.026460972619534125,0.05864323661626481,0.12086228034327748,0.44375766244380876
WIN_20260913_18_28_21_Pro_jpg,Rejected,147.97804112498113,70.43898252394712,238.0,247.0,83.88780846652637,65.12154924538197,131.5257842005576,67.77154722498463,0.11942910286273538,-0.0026403051665178125,0.6893005541854771,0.2925872544819026,54.052621841430664,27.04582405090332,0.20671293139457703,6.473953723907471,7.765677213668823,18.785877227783203,0.12048516188033714,0.07383309821707164,17.812748598830872,0.30840826979748137,0.08030594481111977,7.5471659631696735,2.685027585560629,0.3410170296918563,0.11642189580092421,0.07139377252589829,0.027296085872132836,0.008939384102177511,0.00797093483037857,0.007805919852630171,0.008190772518581718,0.008904910696628451,0.009065003211267499,0.008410186527240869,0.008292478351411232,0.007376191480725917,0.007909058897065639,0.010240469747015549,0.02536517263076221,0.06697034494373708,0.12381268027937518,0.47374106071649874
WIN_20260913_18_29_12_Pro_jpg,A,147.99667026215823,65.97423844945493,234.0,245.0,72.20991417717957,59.77065329936429,132.9315762322375,69.60800971272425,-0.2702710243829561,-0.4908116649507166,0.6355578483327862,0.12985977582891714,54.464420318603516,27.602100372314453,-0.8741455674171448,4.835382461547852,-1.3724008798599243,15.206326484680176,0.16170332504807017,0.09534305679313418,10.761996040045867,0.3904282636113886,0.09437196836962997,7.222524445397812,2.8446387903133026,0.3320827275711673,0.11171035970548235,0.06762650658912911,0.029686254279416593,0.011958917600712845,0.009473338648407822,0.009895418093138864,0.010505088402194813,0.013037565070581063,0.013694133095718238,0.011865122168550391,0.010833372414763402,0.01130234957557567,0.010645781550438493,0.013647235379637012,0.026215823289405808,0.06077944004126999,0.11790085822820429,0.45922243586737327
WIN_20260913_18_29_12_Pro_jpg,Rejected,148.1748698731531,68.65054842220314,238.5,246.5,104.64093519258549,67.8034017838201,123.71771018210296,71.9782199755734,-0.19042602862566615,-0.2629618622588707,0.8433692956326908,0.24335266744228828,50.82844161987305,28.64426040649414,2.3489752411842346,6.342705488204956,-0.5536468029022217,22.583781242370605,0.1672081500763919,0.11705037743755434,17.55600670299215,0.31152104295757355,0.08618707573385523,7.476721172897298,2.664021239222878,0.3463208505972881,0.11454671200633562,0.07286565429436614,0.025637054204523613,0.00782190135009532,0.006883813523864852,0.00632304702715104,0.008461941947791488,0.0077301787664967436,0.010383021316465853,0.008077917589173788,0.0084160806559922,0.006414769610749618,0.007654734967857842,0.010646698160231224,0.023971033499341855,0.07049458018797164,0.12383884274812147,0.4798320181434697
WIN_20260913_18_29_23_Pro_jpg,A,152.4407576480207,62.97839070372405,234.0,245.0,46.3436669619132,43.41810225528721,143.38495605368945,65.93330303850341,-0.2848741164839953,-0.6045633506692674,0.42883423042856167,0.06697553996048239,58.62436294555664,25.998823165893555,-2.3574554920196533,2.7538161277770996,-0.7616838812828064,9.251936912536621,0.1706752061047898,0.06888328677522655,8.372620201871396,0.39779252400251036,0.09445651256308485,7.17549915314714,2.9131068606104416,0.3460516454316277,0.1069700892552974,0.06302377870136949,0.027798596443414866,0.014853171629079513,0.010969544184778905,0.009947536962594535,0.012536621925461606,0.013626762962458268,0.016897186073448252,0.015125706888328677,0.011378347073652654,0.0141718334809566,0.01274102336989848,0.01723785514750971,0.030319547591469646,0.05995775703481638,0.10274579273693533,0.45969884853852966
WIN_20260913_18_29_23_Pro_jpg,Rejected,146.13142012919812,71.26953251300182,234.5,243.5,96.50006231384725,67.6103434711043,128.0559446508802,71.71044701231715,0.07760629560421486,-0.012556598774850727,0.8067909022233761,0.365049053280255,52.51509666442871,28.75049114227295,0.575687825679779,5.582721710205078,6.904569506645203,20.47364044189453,0.14413035110303396,0.09397998655012513,16.250872621588975,0.3242305550182627,0.08620453151988178,7.4629610961238,2.7839587730800375,0.3466103520766174,0.10613096139561382,0.071132665166627,0.02458906665801259,0.012701319926728832,0.009512158073891377,0.010325393219532247,0.010409905670582635,0.011334133835269683,0.013405252302344534,0.012062856529860163,0.011640970374216625,0.009988357564743299,0.009681182975992153,0.011943412265708948,0.023693685409950743,0.061790546144249,0.11832419246662773,0.4713339400200486
WIN_20260913_18_29_31_Pro_jpg,A,144.74402371980975,67.90410080084537,232.0,243.0,51.649329791833964,49.89137762315096,137.34616097350053,68.2527605132492,0.16293058898797325,-0.14391918266321668,0.42380628822039657,0.2064982395453703,56.144203186035156,27.16155433654785,-2.3104355335235596,2.5837936401367188,3.201741933822632,10.496201515197754,0.16628574958305023,0.0662178022113781,11.402390533095478,0.37676251441551484,0.08851299162110361,7.370090276529973,3.0261285328749405,0.34257829390326766,0.10142689480511459,0.06220273024893446,0.02816727407498919,0.01531904379516956,0.012415837914633392,0.012601148928284638,0.014145407375378343,0.018592871703008215,0.023781580085243066,0.020260670825869416,0.014639570078448329,0.013342392982889617,0.011921675211563407,0.01797516832417073,0.029835073197850392,0.06109086416702699,0.10352708629316203,0.43875470998826366
WIN_20260913_18_29_31_Pro_jpg,Rejected,140.7608470351408,69.96493236053038,233.0,244.5,74.7958027029702,57.67848284974019,129.06041292378876,68.84841526650231,0.17915792308619616,-0.04381846225020729,0.6908280995528042,0.34512871001056755,52.97789001464844,27.5838680267334,-1.5851067006587982,3.7508820295333862,7.656393766403198,17.092859268188477,0.13550386509943183,0.10529302922419076,15.831627318917834,0.3173401917005144,0.0817053765291008,7.5150021414832615,2.7038367695216143,0.35083394319123645,0.11587400135768366,0.07183038851947496,0.02669290555300615,0.010789985933277546,0.008331058863284854,0.007793059217202391,0.00849014679579658,0.009613135139512494,0.012785645944494932,0.00782217743265819,0.008158911473626644,0.008708595897155964,0.007289676505374248,0.011586550333772231,0.023915115278140192,0.06182940624834414,0.11865454099194887,0.47983469851524596
WIN_20260913_18_29_38_Pro_jpg,A,152.2410264243165,64.85555890001687,236.0,245.0,58.081156763912226,56.060017441378285,140.39127335675374,68.90711814038947,-0.34334425919253997,-0.6093010509038265,0.5095972710147141,0.07295962527366223,57.387386322021484,27.280601501464844,-2.0519487857818604,3.065960168838501,-2.3379085063934326,10.651877403259277,0.18145715594928974,0.07382516165164707,9.343934505754259,0.3987875139341466,0.09641326192853435,7.1568507369771766,2.792149780088262,0.3427014917774044,0.11588004684079221,0.0682755460516267,0.0254569522936714,0.015121429662440813,0.010284608726643246,0.00962272796700779,0.010131867012881218,0.009826383585357161,0.013288529097296472,0.009673641871595133,0.00890993330278499,0.009368158444071076,0.00946998625324576,0.012015681482612901,0.02637340257624357,0.06313324168830507,0.11654192760042768,0.4666259355429968
WIN_20260913_18_29_38_Pro_jpg,Rejected,140.07471726901815,68.74464141403853,227.5,236.0,102.3519777389704,68.29531699625065,122.16140546285982,70.82326792530606,0.04208028990877092,-0.09762497280250984,0.8450197911009928,0.36597795592676985,50.19131851196289,28.4307222366333,0.1392344832420349,5.505512714385986,5.840303659439087,20.049671173095703,0.14743298933803622,0.11603259074238594,13.088824711748057,0.35940952713578034,0.09536488376424976,7.260683530886062,2.7660583236876617,0.33271322134302495,0.10471806802336506,0.0717439799634648,0.027746464908177358,0.011157737732321675,0.009525958892172927,0.008876351825766838,0.011116190316909596,0.009889753680083532,0.01539333523556372,0.009946916135782628,0.008554197145288281,0.009796248822401363,0.008949036629732985,0.011750182343028666,0.023661442026296612,0.06460861956783587,0.11750256496644641,0.4750629517853617
WIN_20260913_18_29_54_Pro_jpg,A,154.74706459664884,65.51035233525195,236.0,244.5,52.13181106863426,53.87482647125302,145.1888626449508,68.90399500956528,-0.20982466022775373,-0.47832198920332125,0.44364536816116373,0.09068825676215114,59.19255256652832,27.21353244781494,-2.0329995155334473,2.7076594829559326,-0.47086280584335327,10.482126235961914,0.20528355239446053,0.12786799800176132,9.7054206979079,0.39364145777679316,0.10284600438578974,7.132244761250478,2.799727593995371,0.3485445902398604,0.1059620893736336,0.07024358264624347,0.024811709878383464,0.011881116623485595,0.009855021791566118,0.00933998541673798,0.010125288948744803,0.013231543562458363,0.01522984202882032,0.01241844366489402,0.011280873458143591,0.010268975255197998,0.009583685543404453,0.011682158074042017,0.02793384061277942,0.06431400942372849,0.10981852776097792,0.47201930593675834
WIN_20260913_18_29_54_Pro_jpg,Rejected,145.83250414599183,66.13222647389358,234.5,245.0,85.41069608111496,60.65170435718673,128.33021624418936,67.08804364738397,-0.10444424949026432,-0.2962099394486124,0.7880260339152974,0.2360090019626703,52.754350662231445,26.68269920349121,-0.3394578695297241,4.909200668334961,1.4580154418945312,17.873148918151855,0.16062069092372674,0.1408094576407697,16.87458005791131,0.30760940737446785,0.08633780980101878,7.444545750895517,2.678877351430069,0.3445921992209265,0.11994189049994047,0.07168063874685524,0.02817735001862231,0.010729745071208415,0.007089153673341166,0.006569042406615908,0.0071044710105223376,0.00857252584919196,0.009471777050853052,0.008895314745253936,0.007135293154094243,0.007867856659454395,0.0075348562052716395,0.008985040817229895,0.02387822891177057,0.06557610644492896,0.12611902852396956,0.4746716802108759
WIN_20260913_18_30_06_Pro_jpg,A,151.95313661973051,66.81259613821689,235.0,243.5,76.13375103341161,66.27660404017217,134.4636148883695,72.93549157362438,-0.4309233771451884,-0.5571813752234607,0.5790594761738698,0.0668926503593226,54.81562805175781,28.969472885131836,0.0267907977104187,3.9368854761123657,-6.616342902183533,12.270689487457275,0.20770157450128196,0.13699277103881188,11.916694242264192,0.3773515670448184,0.10015874266469357,7.1903525542352735,2.7420563833710867,0.34082239490139,0.11393850148035081,0.06912473126574914,0.024868416847266053,0.01080451890763414,0.00806680904694692,0.008110880283270106,0.00931928738486051,0.010578686884351578,0.011461445146724373,0.0098961321948159,0.008529577495833685,0.008815185620483867,0.008545852301845144,0.012757994720961154,0.026623704348633835,0.06721677200865618,0.12185792095926418,0.4694835831023524
WIN_20260913_18_30_06_Pro_jpg,Rejected,152.02898745030103,68.79577092659054,238.5,246.0,90.75120104479916,62.33331143111537,131.75721920257087,71.68297295741615,-0.1356122194831561,-0.20900725133389975,0.7700737044027386,0.25886607993560856,53.86607551574707,28.49088478088379,1.3409509360790253,4.747869491577148,1.0950332283973694,19.930808544158936,0.2013852948716579,0.17953377424387865,15.704194519197564,0.33511935002717985,0.09386540838553153,7.377569452380218,2.7387158583782316,0.3335681016722247,0.11594143642514934,0.0691649051426255,0.027885501968277007,0.010296207210836229,0.007294618355827169,0.009145585393005902,0.008312973570672495,0.009245306679507969,0.011206843442016414,0.0105281951003233,0.008509565402012058,0.009049480252779716,0.008610052093125434,0.011174298125533479,0.026475493899975173,0.06469962055300701,0.12140886995850633,0.4710510464268195
WIN_20260913_18_30_16_Pro_jpg,A,166.86268985155056,65.22636013202393,240.5,248.0,52.557765225811266,52.507277364696506,156.03794217860624,68.59166130731973,-0.07716942480080075,-0.2250925418640545,0.451513699081163,0.161478134702083,63.35044860839844,27.008559226989746,-1.336197629570961,3.151829719543457,0.687976598739624,11.898201942443848,0.25552085532059293,0.16638111154105034,10.278552153284847,0.40237430391016865,0.10652776632908546,7.108867211180634,2.9524621674352494,0.35043331621335905,0.0971129997642789,0.06521205995483968,0.02766125441721113,0.01448086935197613,0.011730029401334597,0.013081990612179786,0.013670090429953888,0.016603737629075764,0.018339466822795178,0.018702401258290688,0.014298559359101876,0.013395630929430325,0.013883844527330942,0.016438089355296774,0.031035009390635557,0.057270500358700446,0.09799390635192483,0.4590895600856435
WIN_20260913_18_30_16_Pro_jpg,Rejected,144.72341772151898,67.73996165629869,235.0,244.0,71.20688306609308,53.51530855498428,129.44661712944858,69.81865059404592,-0.01343272301761577,-0.05272381707916801,0.7121626906531091,0.3271097046413502,53.143707275390625,27.77813720703125,-0.6010462641716003,3.3849542140960693,4.790407657623291,15.515863418579102,0.15611814345991562,0.1409282700421941,13.723766314117313,0.34206998977766934,0.09421011683584062,7.406375642552359,2.7580225227840565,0.33849720729265464,0.11015512970929475,0.06791813322904446,0.025738396624472575,0.011732499022291749,0.007821666014861166,0.009777082518576457,0.01068961022031026,0.009516360318081084,0.011697755295605438,0.010643903467172516,0.009777082518576457,0.008114659078933502,0.0102985269195672,0.012119296026978607,0.026687763713080168,0.06361621692087081,0.11181434599156118,0.4773823491070265
WIN_20260913_18_30_53_Pro_jpg,A,148.99546739615323,65.93841530934327,233.0,243.5,60.992783927653285,56.66571240142144,137.1933003014791,69.39471647044601,-0.21236017180452121,-0.42003607462472603,0.5347143976223451,0.1412745376931943,56.07200813293457,27.539626121520996,-1.2989695966243744,3.326958179473877,-0.6576827168464661,13.485986232757568,0.16828106880241253,0.10692114514511387,12.50384103100645,0.34641042771838015,0.0868688784563058,7.404302905988522,2.819210065993534,0.35141269541944176,0.1087326353219209,0.0709591884055441,0.02577868223165966,0.011812013103486004,0.009966600642388246,0.01027765779685784,0.010304325717629776,0.012362229779265606,0.0139997587876278,0.011510727327845818,0.009232651419334405,0.009670200556162765,0.011585141976316014,0.014524288508678575,0.02773341259156146,0.06183683585105686,0.11244607510031024,0.46726757488235393
WIN_20260913_18_30_53_Pro_jpg,Rejected,139.0846232052059,70.49434237065101,233.0,243.0,66.43053233980149,55.34196857170592,128.42727778093786,70.88766469138044,0.005632457732505508,-0.12729195329393866,0.6153709104912543,0.2585076231143261,52.45582389831543,28.315884590148926,-0.6984159499406815,2.650803327560425,4.525810241699219,12.958041667938232,0.14575406687052506,0.10350979049920464,13.679043273228038,0.34605634599574797,0.08577626170203455,7.420573873568445,2.7498604522953674,0.34215638777032653,0.11004847684821048,0.06720094501903573,0.028659333517708156,0.010020951387159013,0.008948226634577602,0.009426081060848267,0.010019905288876772,0.012108767415084607,0.011877873909851172,0.012231373402820413,0.010276297439739835,0.009620295745060618,0.008031991646905216,0.010123648816960915,0.02509150090912479,0.056723796709105566,0.12272207195456272,0.47686846229436813
WIN_20260913_18_31_01_Pro_jpg,A,152.62243016661327,66.93730424474957,234.5,243.5,77.82810096840024,67.23582834610525,135.9427128218761,72.96323565947944,-0.3074726266195944,-0.4479050305994658,0.6151167007374487,0.12429517907879435,55.47192192077637,29.002586364746094,-0.4551973342895508,4.303537607192993,-3.743590533733368,13.92339277267456,0.1949041214384149,0.14098539090585335,12.755238091119931,0.36504454580574874,0.09572108906475152,7.285074985291353,2.81990433911536,0.341017015592697,0.10814748629170491,0.0707728546466172,0.026570485152728397,0.01139751466210483,0.009313317245056987,0.00897661690835665,0.010106021846331758,0.01286515502289502,0.01425720554358332,0.012343782870150987,0.010239304144029526,0.009683591014992722,0.010863617928256387,0.013668000278706599,0.027301578283724946,0.06175797774928543,0.12002633413927746,0.4617091562721969
WIN_20260913_18_31_01_Pro_jpg,Rejected,154.15786782564234,71.19393590345638,239.0,249.0,87.86475776556308,59.04198974690648,138.17295155311263,71.02734276489176,0.2222126547667627,0.13248510246808096,0.7525246069282884,0.42928571428571427,56.41971206665039,28.35382843017578,0.936900794506073,4.652327537536621,8.372583389282227,18.675296783447266,0.16719928416208615,0.11057139204908603,13.780875306123544,0.3488187411964434,0.08612243044996144,7.4391816807918545,2.8612718279811653,0.34718138821424005,0.10509414683987739,0.06641366223908918,0.02492649878563211,0.014061101879074524,0.009487666034155597,0.012015850696663685,0.01299080426215151,0.011823091519486207,0.012698876076485184,0.01278281989006775,0.012015850696663685,0.01227150709446504,0.010993225105458264,0.014404761904761905,0.027142857142857142,0.059312284289914356,0.10865396906557587,0.4676190476190476
WIN_20260913_18_31_13_Pro_jpg,A,162.58654300358265,66.15153840630884,238.0,246.0,59.66687371511367,56.669202693650874,149.5854408281545,70.82085935233994,-0.31968820143851706,-0.4532045005589744,0.5228961161376516,0.1135024931428491,60.80756378173828,28.02735424041748,-1.1446439698338509,3.240166425704956,-1.9699723422527313,12.365888118743896,0.2330728258667809,0.10034364310073857,11.694666472634172,0.39212278696351255,0.1052485550594493,7.150040229887045,2.9144603013724364,0.34166010888537346,0.10523925103857704,0.06614623680602302,0.0280860505374749,0.01362196087329045,0.010936633580254242,0.010461778944217993,0.01112005040839752,0.01626253520571882,0.017502801288541904,0.016305746421327486,0.012991248806898325,0.011841149393147708,0.010905770443182902,0.01584500185811333,0.028271890107759733,0.06257336701362819,0.10554722166143365,0.4563413056120128
WIN_20260913_18_31_13_Pro_jpg,Rejected,155.49100131296746,70.25824504079662,240.0,248.0,85.85019040377503,61.83968877174081,137.86993528399887,73.59739978725864,-0.05323025342718179,-0.08378312706278251,0.726652225959387,0.3126132861693237,56.19071960449219,29.274985313415527,0.7481549215590348,4.146168828010559,4.861467854119837,18.727312088012695,0.1914183835160349,0.1285331110382043,12.933158522868828,0.3585677590628756,0.09410785966816174,7.299995974869697,2.8263087763933905,0.33140965312544024,0.1092355573809897,0.06741437910809055,0.029444642680941168,0.013093079912463923,0.009631492940093545,0.0077620321799101695,0.011076236228743973,0.014482885126909898,0.01557371408007655,0.015385397085822154,0.011125102830384155,0.010609801567877174,0.009385593694660577,0.011188756554126994,0.025760659234778868,0.05699553871144189,0.11505575942743526,0.4667793712552535
WIN_20260913_18_31_31_Pro_jpg,A,150.8937708064219,67.6049730705135,233.0,242.0,68.24888241599734,66.90691138850711,136.89754051877023,73.89492326898191,-0.35693141117312893,-0.4388747595716581,0.5198239914153576,0.10165197955752302,55.71322250366211,29.42288303375244,-0.27732914686203003,3.5884066820144653,-3.699649930000305,12.259232997894287,0.1862157205566482,0.09593117235998438,8.603081922443673,0.41970691221738066,0.10374945906428974,7.036794068204186,2.8791276460730364,0.34386781966339575,0.09996538369746912,0.0663175773034011,0.02725365702937451,0.014027634050379111,0.010510874991197742,0.01088397696375016,0.011015313506953258,0.013959482306347751,0.01661157395044418,0.014784683307351072,0.01309337741337856,0.011411415125653673,0.011085621467810992,0.013828864502086778,0.02903755179141063,0.06460980464149498,0.1100585949017027,0.46154461304979366
WIN_20260913_18_31_31_Pro_jpg,Rejected,144.09730389676758,65.27141842211489,226.5,238.5,102.61279042952381,65.16009787291051,120.28667621072691,68.64528473866861,-0.19623389210052036,-0.16241915448843947,0.8346431380040186,0.2578050778523653,49.34933280944824,27.578548431396484,3.131767988204956,5.52972674369812,-0.004692792892456055,21.088374137878418,0.12004403599641907,0.0934991087795829,14.961129764463749,0.3252491161422213,0.08894943091073018,7.411829686620725,2.6883814061423585,0.3320441080221385,0.11295004086676691,0.0692215727403007,0.02736481917434256,0.008389271514649993,0.007200382303907044,0.007841531086731102,0.00858775815250898,0.010570385959995193,0.011577302582004609,0.009661305904582362,0.008390886221675591,0.008500392716320831,0.007838509627372592,0.009122213945353617,0.024917388163434185,0.0637640709484652,0.1287733990620216,0.47532876902956694
WIN_20260913_18_32_08_Pro_jpg,A,145.44498505595328,65.30756709800039,230.0,242.0,73.08417321192744,62.618569293972364,127.98790574824494,71.84040542607532,-0.35000954075618895,-0.46873542419988484,0.6120803503162577,0.11703573427132465,52.22653579711914,28.513694763183594,-0.4872021973133087,3.731013059616089,-4.600947856903076,13.970769882202148,0.15847640230763885,0.06344097752563822,9.333517698995225,0.37461820042760635,0.0908582415951602,7.2498095261138715,2.880449368240795,0.35212344477653434,0.09998909011564477,0.06679641342878988,0.02847479816713943,0.014346497927121973,0.011400829151210996,0.010364390137464543,0.010528038402792931,0.013582806022256163,0.01636482653283875,0.013691904865808423,0.011509927994763256,0.010637137246345189,0.011509927994763256,0.014182849661793584,0.026511018983198777,0.061095352389264675,0.11364426218113574,0.4584333406065896
WIN_20260913_18_32_08_Pro_jpg,Rejected,150.67282381102206,67.71578924491973,235.0,245.5,92.42838543708277,63.32183423046972,130.91806348292675,70.87779587317563,-0.04164710984333611,-0.02596199958278829,0.7772479055305515,0.3177939919885593,53.54998779296875,28.28173828125,1.7686966061592102,5.0994648933410645,4.255742788314819,19.96906280517578,0.15184451988440797,0.11189923631264666,14.007812573442626,0.3341971135371485,0.0864775308519499,7.422299792292141,2.7765746849090265,0.34623908978660356,0.10840722469862439,0.06900645730624974,0.02910124371409454,0.01105144555645413,0.009310695304739163,0.007982448071338966,0.009607692251406718,0.011494581783815608,0.012509324981123556,0.013324894247193677,0.01192240140665373,0.010041406226317336,0.008711983026124349,0.012820477083630228,0.02545356894016762,0.06141646274531393,0.11616574546364276,0.47167194719310956
WIN_20260913_18_32_19_Pro_jpg,A,153.1828812422122,65.00132499019182,230.0,239.0,80.48547876928976,72.88758221101048,135.92935876545576,73.06002600293937,-0.3599369362058397,-0.4740752020892616,0.6118086839835138,0.07760832383124287,55.509925842285156,29.208070755004883,0.02605314925312996,5.1501545906066895,-3.7414002418518066,15.545562744140625,0.1687913351864277,0.08065804184635042,9.533484704406511,0.3964972710950212,0.10054476404671676,7.16231220181238,2.935203265651437,0.3474551902616697,0.10497434435575827,0.06463797035347776,0.02872006841505131,0.01539338654503991,0.013227259656858047,0.01102271638071504,0.011402508551881414,0.014609464082098062,0.015464652223489167,0.01596351197263398,0.01354047890535918,0.012186431014823262,0.011758836944127708,0.01596351197263398,0.027152223489167616,0.06499429874572406,0.1146362503594364,0.4523945267958951
WIN_20260913_18_32_19_Pro_jpg,Rejected,150.11009729564086,66.3151583947415,231.5,241.5,94.25278576379762,66.03160466930498,129.29275319735154,70.78077072689078,-0.10418332372429352,-0.06360461470693386,0.7549648118151195,0.2775782152082872,52.92619323730469,28.28059482574463,2.3721715211868286,5.325855493545532,2.0762429237365723,19.816329956054688,0.1472992878871079,0.11004311762592947,14.023015200563545,0.3376857790819564,0.08764095986966226,7.391637524884583,2.811686400409481,0.3449291947018397,0.10747379063981896,0.06626478140019662,0.028476464675796648,0.012973593149256533,0.009372636019617856,0.009505512073990377,0.010912374286132401,0.012068852412389653,0.015736580160754104,0.013554504413375043,0.011347725142681772,0.009802642474187455,0.009972906405070805,0.011962010247489392,0.025129905667864456,0.06355188955575404,0.11551034910184228,0.46638348217378156
WIN_20260913_18_32_58_Pro_jpg,A,147.94651490116883,65.37998184794805,235.0,245.0,41.572792362768496,38.616495791694284,140.54549905146564,66.56733102725016,-0.14324842211816688,-0.5760926119740895,0.36956122636313565,0.07784101340187259,57.50210189819336,26.222396850585938,-2.7080225944519043,1.9595801830291748,-0.6594274044036865,7.723631381988525,0.17759011076433512,0.10507312893947739,10.488289668235934,0.3847010783559612,0.09542306560083436,7.230587346378071,2.8787845600420137,0.3401872590416743,0.11235542500458968,0.06498990269873325,0.028823205434183954,0.011504803867572364,0.010036105501499297,0.00899577749219754,0.012055565754849765,0.015115354017501989,0.017073618505599412,0.01652285661832201,0.013218285294657609,0.01089284621504192,0.010158497032005385,0.013646655651428922,0.026252983293556086,0.06009424147848969,0.10966281133345572,0.4586010648063154
WIN_20260913_18_32_58_Pro_jpg,Rejected,149.98882300899606,67.2836386543664,235.0,243.5,74.2943320986781,54.19981731537379,137.02133337934913,67.66780619923622,0.08871360889523885,-0.16238127804136657,0.7162366537124246,0.3070511024497757,56.2078742980957,26.875924110412598,-1.8918688893318176,3.549160957336426,6.185591101646423,16.77774715423584,0.14751802860523916,0.1284767022327637,14.475525531196404,0.33364876830252793,0.0894076137062976,7.375398596773928,2.755013257466726,0.33414835770744467,0.11753347859050575,0.07006954930276163,0.027954980375440745,0.01102058992537315,0.007461653085634772,0.008618283409028909,0.01037390966559983,0.010646162581863034,0.011500375042058586,0.010367345386754356,0.00881973432102239,0.008446272958345722,0.008837736691100273,0.012408594612487788,0.026015905576954226,0.05855044740500007,0.12459637917891542,0.4667786018911534
WIN_20260913_18_33_09_Pro_jpg,A,153.4618875369944,66.71851039495054,236.0,245.0,44.10194015126603,44.951483212423,145.39394935876356,68.30989035933021,-0.2101403836112462,-0.598351625985338,0.3555409404801052,0.06511016113120684,59.30094528198242,26.991485595703125,-2.5484626293182373,2.0367178916931152,-0.8145110607147217,8.003786087036133,0.1969746793817823,0.15685629727063466,14.094003904757926,0.3583935855627517,0.09355938577613615,7.333922836803678,2.8885452821745807,0.343373890167708,0.11417296941795461,0.07070042749095692,0.025452153896744493,0.01012824728707662,0.010851693521867807,0.008812890496547189,0.010720157842814864,0.016178888523512003,0.01894113778362381,0.014074317658664914,0.011706675435711937,0.012167050312397237,0.012956264386714897,0.013153567905294311,0.025846760933903323,0.059454126931930286,0.11246300559026635,0.4522196645840184
WIN_20260913_18_33_09_Pro_jpg,Rejected,145.78920281483036,67.49556792013418,231.0,239.0,105.88558594266085,71.65727516138755,128.06974057346918,66.04994184029613,0.08351110273330656,-0.13747045088872656,0.8223834196891192,0.36173867089443784,52.81779861450195,26.34750747680664,0.35459116101264954,7.041349411010742,9.17172622680664,20.753765106201172,0.11454617518826793,0.08066379581976683,14.956194238457599,0.3080698164291069,0.0844115995454947,7.437628947732479,2.6219272915626552,0.3511917098445596,0.11699481865284975,0.07467702972376851,0.026839378238341968,0.010466321243523317,0.007461139896373057,0.0062176165803108805,0.0077722928263837835,0.006010362694300518,0.006321243523316062,0.0059067357512953365,0.005803108808290156,0.005776704127717676,0.006735751295336788,0.009380367287620558,0.024892343241256172,0.06606448902426215,0.1277720207253886,0.4812435233160622
WIN_20260913_18_33_23_Pro_jpg,A,146.4144038440049,66.11714012981534,233.0,244.0,44.58794278690357,42.03617633152563,138.3976980668231,67.55894161791808,-0.2127351550789075,-0.5902141322835799,0.38546206280031287,0.07375125712370097,56.575374603271484,26.727319717407227,-2.2622437477111816,1.7667734622955322,-0.9901559948921204,8.329465866088867,0.16716951614705552,0.06375013968041122,13.870094561800089,0.3496883061796614,0.08900517169222084,7.3834327825166755,2.816524476505009,0.33657391887361715,0.11425857637724886,0.07023131076097888,0.027600849256900213,0.008827801989049056,0.00843669683763549,0.009386523633925578,0.008492569002123142,0.01363280813498715,0.014861995753715499,0.014861995753715499,0.009889373114314448,0.00966588445636384,0.009945245278802101,0.012962342161135322,0.027433232763437256,0.059950832495250864,0.11777852273997094,0.46178343949044587
WIN_20260913_18_33_23_Pro_jpg,Rejected,149.85442948263642,63.376368371075515,227.0,235.0,72.95974486180015,57.972852914609355,134.79702338766833,63.27037516758597,0.0875912859319169,-0.0027777724737349206,0.7002126151665485,0.2888731396172927,55.30795669555664,25.1926212310791,0.8253034353256226,5.980630874633789,5.349917888641357,16.345996856689453,0.12274982282069455,0.03571934798015592,14.88902169416718,0.31592912237772697,0.08688725432490545,7.425616415503267,2.617949832444461,0.3553508150248051,0.11452870304748405,0.07101346562721474,0.029057406094968107,0.010772501771793055,0.007795889440113395,0.0069454287739192065,0.00595322466335932,0.0073706591070163,0.007937632884479092,0.007228915662650603,0.005244507441530829,0.007654145995747696,0.006094968107725017,0.010063784549964564,0.023954642097802976,0.06165839829907867,0.1261516654854713,0.4905740609496811
WIN_20260913_18_33_42_Pro_jpg,A,143.31445954834467,67.03324617062184,235.0,244.0,46.17315281736461,42.970244347318406,135.12091646568734,68.5341905952478,-0.24660142869591684,-0.6627143877970687,0.41498574873931154,0.062157421618066214,55.286888122558594,27.083213806152344,-2.4627573490142822,1.8706669807434082,-1.5855555534362793,7.665287494659424,0.17704450778338085,0.10414382810787108,11.86866642275941,0.3670144710313606,0.0926668333375611,7.28429409523504,2.8029853480931273,0.3318899364174523,0.11384564788423591,0.06862530146897611,0.024939706204779654,0.011072133304099977,0.009318131988598991,0.009263319447489586,0.010140320105240078,0.014415698311773735,0.014799386099539574,0.013593510195132646,0.009427757070817803,0.009044069283051962,0.009372944529708398,0.012113571585178689,0.02576189432142074,0.05837535628151721,0.12014909011181758,0.46574216180662137
WIN_20260913_18_33_42_Pro_jpg,Rejected,152.89476995086875,69.93896524359866,238.5,246.5,82.26068204531188,58.815904780291795,138.40581131847318,69.43233209231886,0.1446476397152351,-0.03941115486831351,0.7455204533438113,0.3756062444677933,56.684852600097656,27.625760078430176,-1.2030797600746155,3.8273452520370483,9.374374359846115,16.896015167236328,0.16352651026804654,0.1412611757978463,14.818775437243836,0.33831433876170125,0.09041443735822088,7.374077049995259,2.8303816361836134,0.34172157154450233,0.11066866082046037,0.06998547652990063,0.026664450226104024,0.012232681452822617,0.008566797564284237,0.01066929435152426,0.011501951574079086,0.012731334671369304,0.014602695913398692,0.01317698704837556,0.010312083829197637,0.0103083193692528,0.01034877583664778,0.013892349208015013,0.02700315980504321,0.059310225609134376,0.11621092140528391,0.4618138347851065
WIN_20260913_18_33_49_Pro_jpg,A,178.05746673238048,64.02832626661571,243.0,249.0,56.930507639231145,60.49161663718009,167.92272055199606,64.60919359338772,0.32240427813578326,0.01785930358503242,0.40108427796944307,0.23489403647116805,68.29595184326172,25.332698822021484,-3.524146795272827,3.2786238193511963,6.8958353996276855,17.77601432800293,0.30172498767865946,0.126761951700345,10.680819208211997,0.4377596668338589,0.126743685077528,6.851787571573451,3.070135567769781,0.31434204041399705,0.09452932479053722,0.061409561360276,0.028881222276983736,0.016954164613109907,0.01429275505174963,0.015968457368161656,0.014785608674223755,0.020798422868408082,0.023854115327747658,0.02483982257269591,0.018235584031542632,0.015574174470182356,0.01350418925579103,0.01665845243962543,0.029866929521931988,0.056875308033514045,0.0913750616067028,0.4415968457368162
WIN_20260913_18_33_49_Pro_jpg,Rejected,145.73759891912758,68.57494173386122,234.0,244.0,82.1455317506273,60.265170759009955,131.7172360548157,66.22161437292509,0.18207479997210302,-0.06315352335655884,0.717374026386902,0.3562053657595059,54.27237319946289,26.579378128051758,-1.7925161123275757,3.890674591064453,9.55768871307373,20.73488998413086,0.09438332368268675,0.06475583864118896,16.67226699633724,0.3037427126464254,0.08363299356072804,7.480124452939073,2.709333161851507,0.354554124940391,0.1156413924654268,0.07344142057517854,0.028372900984365953,0.008597883597883597,0.006835161341599109,0.007720517274657402,0.008504212366873312,0.00992063492063492,0.010912698412698412,0.009537434430138292,0.009259259259259259,0.007629947544110634,0.007947862025115243,0.010888570974407884,0.026455026455026454,0.06398028930217771,0.12184072484501669,0.47369257669686854
WIN_20260913_18_34_00_Pro_jpg,A,164.2556578742001,70.15281123413473,242.0,248.0,49.70079600437022,51.6232380374292,155.1480412049321,72.80148274126599,-0.20547082855959414,-0.5853477731490426,0.4241454658966755,0.08123926954893086,62.97391128540039,28.69053077697754,-3.041254997253418,2.4193766117095947,-0.5329656600952148,9.3841552734375,0.2878102075854534,0.20079600437022008,8.922549889887566,0.43876624631277916,0.12142596606952458,6.856775266472805,2.9406506091510582,0.3287029811144061,0.10730451069143125,0.06563134072108631,0.02895270797565163,0.014437334165756203,0.00975495551740284,0.011003589823630405,0.011862025909161853,0.017871078507882002,0.019900109255501796,0.017558919931325113,0.013500858436085532,0.011081629467769628,0.011003589823630405,0.015061651318869987,0.02629936007491806,0.060870922428593724,0.10902138286249415,0.44888403308880914
WIN_20260913_18_34_00_Pro_jpg,Rejected,139.7429362158926,68.64510142773094,229.5,239.0,79.54770448517084,58.90377238423048,126.14859954337953,68.43953017886163,0.005899096227676884,-0.24557038263396685,0.7374296900908743,0.27161920550964436,51.8615608215332,27.4028263092041,-1.6068004965782166,3.379889726638794,4.110770583152771,16.01867389678955,0.11776187127968471,0.05307770190047686,16.696030111695286,0.3132530305592962,0.08441892983623561,7.468272876761759,2.7003494185702204,0.34296667017723437,0.1185683328032244,0.07198230700323893,0.027328216625898714,0.008038374072436006,0.006606606447877694,0.007862955807238737,0.008436385232341217,0.009462917944202764,0.01004543211938608,0.009588133329862407,0.00939151731447652,0.008473891485402228,0.008257938717117004,0.010353873149403375,0.023867025951464046,0.06339286850862673,0.12388050001231121,0.47446272347549195
