image,source,split,original_sha256,crop_top_px,width,height,annotations,physical_fish_id
1000094977_jpg.rf.08b8b35c172abd099098436be0f7a31e.png,1000094977_jpg,train,a78d74d69ce73f35d9c3683ff11ddcf92521fed9d055ba96f5a8f761bd123fc7,140,640,360,6,UNKNOWN
1000094978_jpg.rf.78fecc7a96dc8b5e9a8dd522d1342b5d.png,1000094978_jpg,train,6aa3542423081077164155b426ec877575f172ed91d311e9eb142ffdcf0d652b,140,640,360,6,UNKNOWN
1000094979_jpg.rf.19b619f556da6ce076aa19901f733558.png,1000094979_jpg,train,7594495d1dd6042ad3682744920f800569d2d21efbe9e242d94451283c89cc63,140,640,360,6,UNKNOWN
1000094980_jpg.rf.295f4943c56a571b6f5484592f2cac47.png,1000094980_jpg,train,0426759ed53670172c57bcad46a5e688fee5fe45a619414817cf1ea79ca400d2,140,640,360,4,UNKNOWN
1000094981_jpg.rf.f925c58c0f5f2a7a354ab159950af0c5.png,1000094981_jpg,train,e3b6ae3780b1b86f4621b31e2ece545caca744ca0d7808a69a141985762fc90b,140,640,360,5,UNKNOWN
1000094985_jpg.rf.a8555a32cd5cbb7f6027f4efeab0f06a.png,1000094985_jpg,train,63e157ebd6732dce8cf012c61c2bcae0eb503b53df8d9731184567c9eba66a5a,140,640,360,18,UNKNOWN
1000094986_jpg.rf.1cd692434a837c2075f143b18192eb3f.png,1000094986_jpg,train,64b06240eaeb0a06fafc25b9f7b8237e59e6e9f2ff3fb6d412747ff4efe118d0,140,640,360,19,UNKNOWN
1000094987-1-_jpg.rf.3ba341de0fca2bfc23d6defeb2f03d9f.png,1000094987-1-_jpg,train,b725cce7cce790870a99a0d59da0a78eec20853782ca97f40b86f20ace86d970,140,640,360,11,UNKNOWN
1000094990_jpg.rf.1d4ba0e4514295e0bbc975df3d78bde5.png,1000094990_jpg,train,6ffa3204a2a396aa07b21632317f06e513f14cd90a4f9e6ae4a7e8b1b9b19e45,140,640,360,12,UNKNOWN
WIN_20260823_19_55_42_Pro_jpg.rf.1a61ccfcbef13f255712acf092635940.png,WIN_20260823_19_55_42_Pro_jpg,train,b493dd73bfc6325a988650b6c0cbfde025745ab935dbfdedb802f2c489a84afe,140,640,360,9,UNKNOWN
WIN_20260823_20_08_46_Pro_jpg.rf.224baa173f829c014abae4b8acf70df0.png,WIN_20260823_20_08_46_Pro_jpg,train,6c990bfd502177e640784478c9fd26df540b6ca413abe6fad20bdd06a5e602f0,140,640,360,6,UNKNOWN
WIN_20260823_20_09_56_Pro_jpg.rf.50dd1be2478982a1aa34ec5cd47279bd.png,WIN_20260823_20_09_56_Pro_jpg,train,a9e35e14b158d55d18eb40961437ff66dabc8b604b452facd8d11e7f20892a91,140,640,360,4,UNKNOWN
WIN_20260823_20_10_03_Pro_jpg.rf.538f8c9d25d95b3936035d6b20bf4537.png,WIN_20260823_20_10_03_Pro_jpg,train,66a9a22ef0703a97a33485173a0d3e657ebc35750872130966149575009e66b1,140,640,360,5,UNKNOWN
WIN_20260823_20_10_07_Pro_jpg.rf.1189821d2d438ac1059a99085e1a2829.png,WIN_20260823_20_10_07_Pro_jpg,train,dce353c06345fb8ca4f1138e2dd116c620e7a8c892d3544ec3fd96b8baa31c2c,140,640,360,3,UNKNOWN
WIN_20260823_20_10_24_Pro_jpg.rf.73da3fcf65adf1d8a45bea14e97aeb19.png,WIN_20260823_20_10_24_Pro_jpg,train,875749cd38bfff58917db3c84af63776eef5a8ceca0c5ffd2ecaa3092ee136b2,140,640,360,5,UNKNOWN
WIN_20260823_20_10_28_Pro_jpg.rf.513cfc64100d40eed082d080ab1578ca.png,WIN_20260823_20_10_28_Pro_jpg,train,7468aad48201bf595614cdee8ecc2c47888b7a4ea23d1a1515b7e2e0a6ee215a,140,640,360,6,UNKNOWN
WIN_20260823_20_10_47_Pro_jpg.rf.744a7f93459b7477e626ba91eba12729.png,WIN_20260823_20_10_47_Pro_jpg,train,680685ecd1f0a8a1fa1cb3cb5feb15b523c3aa88d4107fb00f14d58d4a65cb9f,140,640,360,5,UNKNOWN
WIN_20260823_20_10_54_Pro_jpg.rf.2056ff7332ff4b3a07917f7c4279c98c.png,WIN_20260823_20_10_54_Pro_jpg,train,62f5687237a831750249d85a40be82c9736825c4bcc582d332e990ce4a94f130,140,640,360,6,UNKNOWN
WIN_20260823_20_11_03_Pro_jpg.rf.3c4e1ffaa1309af036f700a54a5a08af.png,WIN_20260823_20_11_03_Pro_jpg,train,3e528d32d0c32ae0d8e979944ec3aac1fa5eb157b98113cc661330fbd0948966,140,640,360,5,UNKNOWN
WIN_20260823_20_11_11_Pro_jpg.rf.934ad2c51275e01c558a3e9ed12a2d27.png,WIN_20260823_20_11_11_Pro_jpg,train,dfec06893743c0f3051c36676a3920e2a9779535fb73c5fb9ae980e957042d42,140,640,360,4,UNKNOWN
WIN_20260823_20_11_17_Pro_jpg.rf.0329cab6b5aa26bb1e0290d20608e014.png,WIN_20260823_20_11_17_Pro_jpg,train,8ebe661b097078198109fb21fdc9a0003c0aad23d02b7190b4c02c2cd8bd9bf6,140,640,360,5,UNKNOWN
WIN_20260823_20_11_29_Pro_jpg.rf.6fd5dd244bdcbedd481e820278eafa49.png,WIN_20260823_20_11_29_Pro_jpg,train,d03a357267b7ef6e34832f4a73969ca6b77eeb5a33e9ff49ea40f5a035c4ccd5,140,640,360,4,UNKNOWN
WIN_20260823_20_11_31_Pro_jpg.rf.14155eac1242400721c3782e5f8b7bb9.png,WIN_20260823_20_11_31_Pro_jpg,train,dab9194871c0b983e065d80231450fa24b0901d81da1edc1cc4c93df635aa7a2,140,640,360,5,UNKNOWN
WIN_20260823_20_11_34_Pro_jpg.rf.070048f4752c6a445cb1305582d40a56.png,WIN_20260823_20_11_34_Pro_jpg,train,fde915f9aedda9757413a23b351a69f0c928a1411dac2183f3573907ccec1fd0,140,640,360,5,UNKNOWN
WIN_20260823_20_11_36_Pro_jpg.rf.83e91d8adc8d588cfef53d3dc7389aa3.png,WIN_20260823_20_11_36_Pro_jpg,train,ec89a34e4cef87ffe7fb9b76659d68e19686c1ff01bc7637da02c8a1d1e61e1d,140,640,360,5,UNKNOWN
WIN_20260823_20_11_39_Pro_jpg.rf.0885f47572098ad79166d8ca473bb69f.png,WIN_20260823_20_11_39_Pro_jpg,train,a1ac710ef179df5e13f97a4744fc8f6364c39ca3f79418fbca8811219aa36be5,140,640,360,6,UNKNOWN
WIN_20260823_20_11_42_Pro_jpg.rf.369df7efeff191a0f71f1cdeafada2dd.png,WIN_20260823_20_11_42_Pro_jpg,train,d7517c4e0ea0d7fe348a410a3dc0174409f80fcade7a93a0878ae93dc4b00b17,140,640,360,6,UNKNOWN
WIN_20260823_20_11_44_Pro_jpg.rf.76946b68a4b09619db8bd6d2b1d6dc9f.png,WIN_20260823_20_11_44_Pro_jpg,train,026d61d7f6240f1562f49530286fdb39883a3872163d4f0efe1bf91d92018389,140,640,360,5,UNKNOWN
WIN_20260823_20_12_08_Pro_jpg.rf.46efb22f904ca2e91dfe7b42214ebc21.png,WIN_20260823_20_12_08_Pro_jpg,train,3e1041354b3dd8f4b2dcb24003e7ddbeb2f1dff07bc5f4811168bf8826d54f71,140,640,360,5,UNKNOWN
WIN_20260823_20_12_19_Pro_jpg.rf.0fd04834e5f8486258a5007ad6f5bb57.png,WIN_20260823_20_12_19_Pro_jpg,train,01fc274476f3788ae4cbc48af487b565d1c171b00c46a4e91f7dcd97be79ffae,140,640,360,5,UNKNOWN
WIN_20260823_20_12_29_Pro_jpg.rf.125625ebe3229ab5a85fa59088822cae.png,WIN_20260823_20_12_29_Pro_jpg,train,705fa628cd554c87f949642d2db0270a9b3d6c9eab46826e2894c3925fdcb81f,140,640,360,5,UNKNOWN
WIN_20260823_20_12_34_Pro_jpg.rf.a9df27daf4c6d019a87d609eb20a7812.png,WIN_20260823_20_12_34_Pro_jpg,train,3e80fe0294ea74b7abb828190860a637d2b181b20f076fa65a43649485965081,140,640,360,6,UNKNOWN
WIN_20260823_20_12_38_Pro_jpg.rf.3b20475a61fabec322d67b7f6a66ec61.png,WIN_20260823_20_12_38_Pro_jpg,train,9f19d24e937b2ad7f827d6d24e0a14380e309dffb8b8ba3d724e6027d615910e,140,640,360,6,UNKNOWN
WIN_20260823_20_12_43_Pro_jpg.rf.b08389e71a8593bdd3bd4e1ec983a9a5.png,WIN_20260823_20_12_43_Pro_jpg,train,10e7365c1937e677ae069aa0484c297c187c38af733dc7201d8a02b559becc6f,140,640,360,4,UNKNOWN
WIN_20260823_20_12_46_Pro_jpg.rf.8b4685ca427978b03ad4fc200820a783.png,WIN_20260823_20_12_46_Pro_jpg,train,86c43e5512189fa11a74500fe1d78f4c48a0f1bfa5f23cc7cf247f31cbbacc7d,140,640,360,5,UNKNOWN
WIN_20260823_20_12_49_Pro_jpg.rf.17f50763c5782a3076fedbf22223c974.png,WIN_20260823_20_12_49_Pro_jpg,train,a92b468e53a5cd82d891b4620c9f2006931a8ac847cdbc70792e496fa780f4f8,140,640,360,6,UNKNOWN
WIN_20260823_20_12_52_Pro_jpg.rf.247c2d1d58ac88f95d7978338eb731fe.png,WIN_20260823_20_12_52_Pro_jpg,train,0e1aaa76943636c5e4ba75fb7c4e0be8d5ca66bf426efa73c841e4afe61d38b1,140,640,360,5,UNKNOWN
WIN_20260823_20_12_57_Pro_jpg.rf.208680c91309814fc29709d786337fe4.png,WIN_20260823_20_12_57_Pro_jpg,train,a57bca85294ce80e23fad385d90fb8c6bb2eec1234b7a29b2f28fd42972ed4fe,140,640,360,4,UNKNOWN
WIN_20260823_20_13_02_Pro_jpg.rf.0bef30fa62dc6a279d829976cf750bea.png,WIN_20260823_20_13_02_Pro_jpg,train,12f1fa25865c8fd6561b20ec596a0ff604df84ed6bfbb649199a5d6b3053f936,140,640,360,5,UNKNOWN
WIN_20260823_20_13_06_Pro_jpg.rf.53374785eeffc40edd701ef8c2ec6597.png,WIN_20260823_20_13_06_Pro_jpg,train,2697427440329e5877d093e5cd3b2abb2763903971176c7b298769c9cebd54e3,140,640,360,5,UNKNOWN
WIN_20260823_20_13_10_Pro_jpg.rf.4807e1314377d4e6b1e2a63aefce99c1.png,WIN_20260823_20_13_10_Pro_jpg,train,38211e4e2c876915ae5184522c5bafc36127f701a07854e06fedc019e09a67e2,140,640,360,5,UNKNOWN
WIN_20260823_20_13_36_Pro_jpg.rf.23162596ba8ae5a905da1e62206b980d.png,WIN_20260823_20_13_36_Pro_jpg,train,ded80e91c278e335837af071d5a99c6a61cb9c42d0ff4a259b6f42f95cb488d4,140,640,360,5,UNKNOWN
WIN_20260823_20_13_50_Pro-1-_jpg.rf.0b246e4541673d0884efee48a6c4dec8.png,WIN_20260823_20_13_50_Pro-1-_jpg,train,267ad2d32d5676d11524fbe1ab7769843d7b0eb83f54f7b770e4bf47f36d32e4,140,640,360,3,UNKNOWN
WIN_20260823_20_13_56_Pro_jpg.rf.58f91851180a63af28e86309c1c110a1.png,WIN_20260823_20_13_56_Pro_jpg,train,9a16b06297b0ff2f08aa828b3cf9424ca0faf27da43f3ca0690fbe849af3c6d5,140,640,360,6,UNKNOWN
WIN_20260823_20_14_00_Pro_jpg.rf.1da5dcb833a0ad5f508d1d4e76818e6d.png,WIN_20260823_20_14_00_Pro_jpg,train,bcdbd9f1c8b7a33dab2357743352e440cab83c9e7502db1bdffc95150fb0adcf,140,640,360,5,UNKNOWN
WIN_20260823_20_14_07_Pro-1-_jpg.rf.2d00e9d6187bb0270f6bb76027deabaa.png,WIN_20260823_20_14_07_Pro-1-_jpg,train,12fe6089f981edce35f105c6210af54c3fbe03d1fa078a43036a15cff8390c19,140,640,360,6,UNKNOWN
WIN_20260823_20_14_12_Pro_jpg.rf.2822ee87e55ac545bac72c3f8e60f2d6.png,WIN_20260823_20_14_12_Pro_jpg,train,bef01ae3b4c8c496d1048e65226989a0aadc25944a92ce0516c3d23b0d486ec2,140,640,360,5,UNKNOWN
WIN_20260823_20_14_22_Pro_jpg.rf.8ccdcc7dc610b5a775a9cfbe14f56ed9.png,WIN_20260823_20_14_22_Pro_jpg,train,99e4ebf2f2b67e4b4193a66a225c4e9f7fd2fb4eeff5990008e7b62caaee77d2,140,640,360,5,UNKNOWN
WIN_20260823_20_14_26_Pro_jpg.rf.88106f52f15a915c8f4b071327250f1a.png,WIN_20260823_20_14_26_Pro_jpg,train,9a8146986da55a863defdcab3ecaae14cb9059c900d2b68f0b664f634e6d92b1,140,640,360,5,UNKNOWN
WIN_20260823_20_14_36_Pro_jpg.rf.209717ad483e0b767f9b9d3987455b3a.png,WIN_20260823_20_14_36_Pro_jpg,train,c08dbe0bf179926590042c8149fa426e27470b17faec85a4fa19b9f45fe7592b,140,640,360,6,UNKNOWN
WIN_20260823_20_14_44_Pro_jpg.rf.7d4bf5849a0712b0392e052253e1ebe7.png,WIN_20260823_20_14_44_Pro_jpg,train,21dafa35f97c9abfc29a622e63f7fa152e6b551c2c9d523dcb79e937b8869cd3,140,640,360,5,UNKNOWN
WIN_20260823_20_14_48_Pro_jpg.rf.456909667067a919c6bfc3ef8e803ccc.png,WIN_20260823_20_14_48_Pro_jpg,train,e4cf553584999abb961734d750d9281420aa7d9a81604baae5715e0ffff744e0,140,640,360,4,UNKNOWN
WIN_20260823_20_14_53_Pro_jpg.rf.2453b7a4af3da572e680cbf50ca0dede.png,WIN_20260823_20_14_53_Pro_jpg,train,4b650b973f83278d436bf3784dea5315cc3edeb67260418c88babc5596b5d69b,140,640,360,6,UNKNOWN
WIN_20260823_20_14_58_Pro_jpg.rf.f9e4b640a7b8f940ce839de4aec1af51.png,WIN_20260823_20_14_58_Pro_jpg,train,224f887de8bb9c8d19fb7f48e7645f74e80c9495e6cd7a6dd6ec517929016e69,140,640,360,6,UNKNOWN
WIN_20260823_20_15_10_Pro_jpg.rf.76f3ff8f29ab70ab98b50cb0bd1f6566.png,WIN_20260823_20_15_10_Pro_jpg,train,f6c2342de235bf54c55e39b14a61cd9eee1d3cbd64a43f4c69e725764b8da0ae,140,640,360,6,UNKNOWN
WIN_20260823_20_18_09_Pro_jpg.rf.231c5227e49ed8711d4680ff1a07f87c.png,WIN_20260823_20_18_09_Pro_jpg,train,93413ace1cf27b72cce0db5526ef2811953fe63defc301300f8f001398b91861,140,640,360,6,UNKNOWN
WIN_20260823_20_18_15_Pro_jpg.rf.0c0ae39fc92a8d4c520f3a79b1607155.png,WIN_20260823_20_18_15_Pro_jpg,train,ad9af39c5dc8ae4293f56136b88b675388cb6ab4d8774582cd66543d71cdf348,140,640,360,6,UNKNOWN
WIN_20260823_20_18_24_Pro_jpg.rf.4fe6f2f093672cd0c27bd9f3f6394020.png,WIN_20260823_20_18_24_Pro_jpg,train,02df31133a7f784bf2ea10a8fae275b91f613b4a143b03befb23b91bf9d28383,140,640,360,5,UNKNOWN
WIN_20260823_20_18_52_Pro_jpg.rf.4c943c73e4bb13a05ec76717750f0d37.png,WIN_20260823_20_18_52_Pro_jpg,train,4b14493607a57ef35c013e4700e4464c6a2ce081268aa21631f54de3abab7ac2,140,640,360,5,UNKNOWN
WIN_20260823_20_19_10_Pro_jpg.rf.06b8f835e3d37e20dc8a5d1a3bb4a2aa.png,WIN_20260823_20_19_10_Pro_jpg,train,589b3fa1fc2bcb349452d8929f2c05dd6059795b7a08bc8cfa123b4ee46fb212,140,640,360,4,UNKNOWN
WIN_20260823_20_19_15_Pro_jpg.rf.073a2120d5160903fbf05c537ee5f6f8.png,WIN_20260823_20_19_15_Pro_jpg,train,d28ce2ad30d6615e259e3584bdb65de91a1e9f1f79d97fbdd35b7659564c7e53,140,640,360,4,UNKNOWN
WIN_20260823_20_21_58_Pro-1-_jpg.rf.602c03026bc4cd9d2d234f5ecdaeaddc.png,WIN_20260823_20_21_58_Pro-1-_jpg,train,229d301ecbb0a8baaf2ad5d202c23097f84dd4815c6afbf29658267fb8201562,140,640,360,4,UNKNOWN
WIN_20260823_20_22_05_Pro_jpg.rf.603f972e631a811eddfb09657f6a7159.png,WIN_20260823_20_22_05_Pro_jpg,train,fa7b3c90d32510004a70d81d95080cff18e23e5c3a4b3bb584893549c76279cd,140,640,360,6,UNKNOWN
WIN_20260823_20_22_08_Pro_jpg.rf.3203b492fcc9919a27f83b8d1aadf608.png,WIN_20260823_20_22_08_Pro_jpg,train,b564ed29ff0138a0f15579220414b48f22bb7f4ace66052fe72fbb038fee9d31,140,640,360,5,UNKNOWN
WIN_20260823_20_22_16_Pro_jpg.rf.76a51943509613ba5afb882a34294b38.png,WIN_20260823_20_22_16_Pro_jpg,train,c9e6e1d238160bc55b8cbcc99eb55d815c1b3595e4511b93f32f239222291d2b,140,640,360,5,UNKNOWN
WIN_20260823_20_22_19_Pro_jpg.rf.58c09f2a91a464ca635090adff7dbb62.png,WIN_20260823_20_22_19_Pro_jpg,train,255f793c88425b5eed93d21ca8c75b00561729b47d03a307bff418047de9db33,140,640,360,4,UNKNOWN
WIN_20260823_20_22_23_Pro_jpg.rf.144d19bd2cd12f0c771f390b9bb99285.png,WIN_20260823_20_22_23_Pro_jpg,train,8b534274044ec264e8e77ea82a602061aca1eb6049ee9eac80b7257aae10c028,140,640,360,5,UNKNOWN
WIN_20260823_20_22_33_Pro_jpg.rf.1c4885a7c6aeacdac4188630b958ca32.png,WIN_20260823_20_22_33_Pro_jpg,train,ddc2c975c14553095dede6ab254bcad75eba58e86c566d96ef778df111fdc89a,140,640,360,6,UNKNOWN
WIN_20260823_20_22_41_Pro_jpg.rf.0e93b941fccf45e9b31997dc3ba8582d.png,WIN_20260823_20_22_41_Pro_jpg,train,08e7a22fdb860007adb545ba920b5620fcc8d17b39948047a9ef0907fc1163a1,140,640,360,5,UNKNOWN
WIN_20260823_20_22_48_Pro_jpg.rf.8f98d35c2b785ac109b0b1c2233c3974.png,WIN_20260823_20_22_48_Pro_jpg,train,1c2084c522022e7c5e7e7f15b256911de1a0a1bebe179eb91ffdc15fa4e4e0d5,140,640,360,5,UNKNOWN
WIN_20260823_20_22_53_Pro_jpg.rf.a2b7ca2706007d59d651fbef4edcaa11.png,WIN_20260823_20_22_53_Pro_jpg,train,a0cd7bfdf1da9557d7afcd979140f9dde6778e8b9189c70a2c1d73a4886deb5b,140,640,360,6,UNKNOWN
WIN_20260823_20_22_55_Pro_jpg.rf.119f3d7a8ddd7bca395d2a3e8ecc0010.png,WIN_20260823_20_22_55_Pro_jpg,train,02bef50681aafa41c3c0d99ad5b8345856e74712282beb4780cfd5943452f231,140,640,360,6,UNKNOWN
WIN_20260823_20_22_59_Pro_jpg.rf.2a25593a7072e4056ca463ff3f2ecafc.png,WIN_20260823_20_22_59_Pro_jpg,train,da0b10911e3f02b7bad4babcdbd11f0054f11ec2300e54d9aaa7978d2e35f4ed,140,640,360,6,UNKNOWN
WIN_20260823_20_23_03_Pro_jpg.rf.41bf4f4cf5b8703d81d8412b34fe0625.png,WIN_20260823_20_23_03_Pro_jpg,train,5ed4b952c8dc1504011d27dac6e6ae8b2bcd0447a7178e338add8b290241888f,140,640,360,5,UNKNOWN
WIN_20260823_20_23_07_Pro_jpg.rf.11d43fdbae75b19da10a2fec431b74c5.png,WIN_20260823_20_23_07_Pro_jpg,train,e96fdfa398cf77d640175cd2bed7df41819ecdae6039c47339d2f0dcbc1e1b92,140,640,360,4,UNKNOWN
WIN_20260823_20_23_14_Pro_jpg.rf.5cba6127bf214cf98c262be44d9f59db.png,WIN_20260823_20_23_14_Pro_jpg,train,1da08e2ad0a53e62be316674816ed009a5a1f41ca176bb98835589a81b3368d2,140,640,360,4,UNKNOWN
WIN_20260823_20_23_30_Pro_jpg.rf.114ec9035e8b5b071a097d0ae88f4e2e.png,WIN_20260823_20_23_30_Pro_jpg,train,8a94cfe0a1e0ee8f2c939051ee7c74647d93ec3c65faa722b261c54614c6e86b,140,640,360,6,UNKNOWN
WIN_20260823_20_23_37_Pro_jpg.rf.15af5b8ba8d9c135a99110b677f7f555.png,WIN_20260823_20_23_37_Pro_jpg,train,999285f18c88b78e84f16fa560f5d955ee1b81e93f6f442c77113ca262552fc7,140,640,360,5,UNKNOWN
WIN_20260823_20_23_45_Pro_jpg.rf.1256e4af6b24ed256024f658e6f5c230.png,WIN_20260823_20_23_45_Pro_jpg,train,f7881a956005527af638cbba50b7c9c83ffc7d5f23aa9ed320c3169de7ca8f0c,140,640,360,4,UNKNOWN
WIN_20260823_20_23_49_Pro_jpg.rf.42be971b41516c9ef5d16a03c2ddf75e.png,WIN_20260823_20_23_49_Pro_jpg,train,3e7c14510aec82607e39f1653f5cc96ffbce7f034f7d71c9e63a87a555f5a478,140,640,360,5,UNKNOWN
WIN_20260823_20_23_52_Pro_jpg.rf.25b4e2a8e68f6b6ca7030b8ec2b34a28.png,WIN_20260823_20_23_52_Pro_jpg,train,70b19b97d2f5121a24806fb41befd0271bb4cd1afffa01bb93bed19467a16303,140,640,360,5,UNKNOWN
WIN_20260823_20_23_56_Pro_jpg.rf.3a299b32673d11a5ecc459e828b1b83d.png,WIN_20260823_20_23_56_Pro_jpg,train,a7c7b57e6061c36612830ff83f4a5051f307ef3ae30fd2f1d1b207c67aac1239,140,640,360,6,UNKNOWN
WIN_20260823_20_24_10_Pro_jpg.rf.4803fb884f6ed610515afda88d8faf77.png,WIN_20260823_20_24_10_Pro_jpg,train,2789c6d8dac2eec9423999d3e15bd98e6099e5b38f9f493d92e68dc0eba62c5a,140,640,360,5,UNKNOWN
WIN_20260823_20_24_20_Pro_jpg.rf.0387033b2208546f0189f5e555ccba0d.png,WIN_20260823_20_24_20_Pro_jpg,train,615d086a0f9c51ded78dc0445595c9260996044e16b1a0521674e4c6b23b006a,140,640,360,5,UNKNOWN
WIN_20260823_20_24_23_Pro_jpg.rf.3f05b0e785fe662fb9f7c8ef5fb9aec9.png,WIN_20260823_20_24_23_Pro_jpg,train,e53af12ffabdce781eea1ad50752213bbf958fcb8a3d65d21ecee216ca2b9a40,140,640,360,4,UNKNOWN
WIN_20260823_20_24_27_Pro_jpg.rf.0c0d72afa42276b37e826fe5ecce4671.png,WIN_20260823_20_24_27_Pro_jpg,train,f5c20ac9ab42b9706c3b8f444c267e87f43375cd9888fb842d620c544d20d5a9,140,640,360,6,UNKNOWN
WIN_20260823_20_24_33_Pro_jpg.rf.10a15a8bd4cdc55845a324c08837602c.png,WIN_20260823_20_24_33_Pro_jpg,train,26950fa6473e6a4a6266f79fe7cf6351e79626041a47898481490072396a9636,140,640,360,4,UNKNOWN
WIN_20260823_20_24_37_Pro_jpg.rf.6029ef5562f01caa4c947595ed0dcd9b.png,WIN_20260823_20_24_37_Pro_jpg,train,615e264e2cb6ba2670244ba4616d8bf6d3ade1a96cea2c2c52a1bfe34a70cee9,140,640,360,5,UNKNOWN
WIN_20260823_20_24_38_Pro_jpg.rf.54f1b788e00ba6993293ca4a89e66964.png,WIN_20260823_20_24_38_Pro_jpg,train,4be0d76558bc567f8eea75f6633fe7fab0f1e61ff68b6678c6b4d97fc8dc7e3b,140,640,360,5,UNKNOWN
WIN_20260823_20_24_41_Pro_jpg.rf.74237422f8528b83b708700f34a9517c.png,WIN_20260823_20_24_41_Pro_jpg,train,8a622b7d0188ee9c2064c280aed135569e638aba8b3e7acfa44f029ba47f952e,140,640,360,6,UNKNOWN
WIN_20260823_20_24_45_Pro_jpg.rf.0e077e05f1b84b6a2323f2822d64c9b3.png,WIN_20260823_20_24_45_Pro_jpg,train,3bef20e5e517ac06c31f51af33442c20d130f7b074b993bb20d8833cc8276c74,140,640,360,4,UNKNOWN
WIN_20260823_20_25_03_Pro-1-_jpg.rf.5267f8ad801da144f2e02d1748ae96f0.png,WIN_20260823_20_25_03_Pro-1-_jpg,train,a7de875e75d5b3621942dc17f68d5e909e006e0922c687572b8f76d3df7710c9,140,640,360,6,UNKNOWN
WIN_20260823_20_25_05_Pro_jpg.rf.07c4947d448e157cf7fa79fe4e77c460.png,WIN_20260823_20_25_05_Pro_jpg,train,cb6da47db6d6ca42ead279dcbc61f942b101704fb86741a9b40d13157316cfbb,140,640,360,6,UNKNOWN
WIN_20260823_20_25_08_Pro_jpg.rf.95b2c75fadd70f5f4889f753fe0b1ef8.png,WIN_20260823_20_25_08_Pro_jpg,train,3129f7d8631dfc6eed11f592b5a00ce9f234b1a3bf230e068b4138b091be8546,140,640,360,4,UNKNOWN
WIN_20260823_20_25_09_Pro-1-_jpg.rf.508a826e9e51bf24d575fb88bed0486e.png,WIN_20260823_20_25_09_Pro-1-_jpg,train,c0d82396bd847a6e31e54400d0e763457fe4574d538928e1aa445d1dcd6e6696,140,640,360,4,UNKNOWN
WIN_20260823_20_25_11_Pro_jpg.rf.8ce4cbde158a8eba8cad59af6d67528b.png,WIN_20260823_20_25_11_Pro_jpg,train,1858b25706dfc7ebabddca0614a8a5ac39af3cb255a2a9cf4094978c6efdaf8a,140,640,360,6,UNKNOWN
WIN_20260823_20_25_12_Pro_jpg.rf.0de5c0be55d0c7bfaae978643b4898fc.png,WIN_20260823_20_25_12_Pro_jpg,train,151785e0fce9813636c34bbc2556e79e083eb3f0089cfd4c3988b197f5066188,140,640,360,6,UNKNOWN
WIN_20260823_20_25_14_Pro_jpg.rf.96bc9ec0a126ed0847a412e2e5f01508.png,WIN_20260823_20_25_14_Pro_jpg,train,9befc5733af6dc4ba3a58df1f454df1d3eb253c115940d1805f58278b45040c1,140,640,360,6,UNKNOWN
WIN_20260823_20_25_16_Pro_jpg.rf.325fc392e63ba72b40f33a4e2453d335.png,WIN_20260823_20_25_16_Pro_jpg,train,bdbc35e18f391e01ce8ee16e28ee47db618a59e1b97225d7deee302854e0b91f,140,640,360,4,UNKNOWN
WIN_20260823_20_25_18_Pro_jpg.rf.631a3cbaf6c12e8b51ed51ae9710268b.png,WIN_20260823_20_25_18_Pro_jpg,train,2f2e4c9f6b35312f42b26eea72fc3992b5fc787616ddb7ee8fc78d71e1146eac,140,640,360,6,UNKNOWN
WIN_20260823_20_25_20_Pro_jpg.rf.114b254089bc60453c429da4fcd6dc79.png,WIN_20260823_20_25_20_Pro_jpg,train,c9f37a210477d1bf3b570688250157fb4525658fe395d316b21be76230675859,140,640,360,6,UNKNOWN
WIN_20260823_20_34_04_Pro_jpg.rf.2301a01247fdd8f1c2d203c8ffe9e40d.png,WIN_20260823_20_34_04_Pro_jpg,train,99d87e247939f956ae22c3ef1ae02a31536bf5bbe18e5a549d5e2163324db5c6,140,640,360,9,UNKNOWN
WIN_20260823_20_34_06_Pro_jpg.rf.41b1ec124a8fafca09e39dad8e311b2b.png,WIN_20260823_20_34_06_Pro_jpg,train,5f05e2fdd79c19382ec20984febbc0b843674bfc7742e35761c0204de93bfdfb,140,640,360,11,UNKNOWN
WIN_20260823_20_34_09_Pro_jpg.rf.0598a9a0b4a0bc9f6b5abcd2234b1ebe.png,WIN_20260823_20_34_09_Pro_jpg,train,23bed7632c17f387bb971b7f89880c812996242a17b548b243aba2a683f1e13e,140,640,360,10,UNKNOWN
WIN_20260823_20_34_11_Pro_jpg.rf.1fc65e049e888b61fbf93110f620586c.png,WIN_20260823_20_34_11_Pro_jpg,train,cb60d591fa2ca3f5994627889f40d3134446cfe875ff4d2e598e1f08e1f2ac39,140,640,360,10,UNKNOWN
WIN_20260823_20_34_12_Pro-1-_jpg.rf.0344b1f577103b5deb0ac12fefcd1833.png,WIN_20260823_20_34_12_Pro-1-_jpg,train,12cc870d53ac298329b375887daa700ad32035a7ec5bfb4a8e628b4c3acdd235,140,640,360,15,UNKNOWN
WIN_20260823_20_34_14_Pro_jpg.rf.22b90db68d697f7916e02443aecd8fe7.png,WIN_20260823_20_34_14_Pro_jpg,train,50378800f4341092b02a425755560e3fe303288d98e5791131375f7039642d55,140,640,360,9,UNKNOWN
WIN_20260823_20_34_43_Pro_jpg.rf.45a3331e8d51bc8ff6daaf04b8d15d4c.png,WIN_20260823_20_34_43_Pro_jpg,train,fed07e3f392737a891e978452430887b53ca8d2459c4cb78e921d2b515854150,140,640,360,11,UNKNOWN
WIN_20260823_20_34_57_Pro_jpg.rf.12bc1f26d61022bd5c4afd16d7092320.png,WIN_20260823_20_34_57_Pro_jpg,train,b18f9d92a19b31dab671e0156d2d8bed9ab745d8300dca81059d992a6a64bb31,140,640,360,12,UNKNOWN
WIN_20260823_20_35_00_Pro_jpg.rf.130b89edeaa94181150519d792dccd38.png,WIN_20260823_20_35_00_Pro_jpg,train,904d509abe3a0d03a5a51d0230ab6ad14cdc3e40e4d9b7f985ff86b899cc458b,140,640,360,13,UNKNOWN
WIN_20260823_20_35_07_Pro_jpg.rf.e3db2843f861752d8e5288f7d86ec481.png,WIN_20260823_20_35_07_Pro_jpg,train,32bc6756138a34bb87ba5c35f97aa36bc2279c2844a323ef0f7a650daf913e6e,140,640,360,15,UNKNOWN
WIN_20260823_20_35_12_Pro_jpg.rf.6cb94a745e0406200e83a61cf9536b3e.png,WIN_20260823_20_35_12_Pro_jpg,train,c97b6c9c0aea1f4409a1018ad2df50d478dcc62255e0f780fed4584fb53c5d0a,140,640,360,14,UNKNOWN
WIN_20260823_20_35_18_Pro_jpg.rf.71e7ab529b04139aec5be23a4127b9a7.png,WIN_20260823_20_35_18_Pro_jpg,train,75dde578c92547ae0a8a89e0041aafa9d7a75e7e94e1806701ae3c20ccac69c4,140,640,360,14,UNKNOWN
WIN_20260823_20_35_22_Pro_jpg.rf.34698cfdf1abdc5516eb34b66a613a2e.png,WIN_20260823_20_35_22_Pro_jpg,train,5efb8a8e47dc430ddd138e7d7bdc056ce8873fed6232a6e53852832f2d6924b6,140,640,360,15,UNKNOWN
WIN_20260823_20_35_24_Pro_jpg.rf.0d61636cb671215853ca861dca0c5e4e.png,WIN_20260823_20_35_24_Pro_jpg,train,fec07b00719b46d085623f5f123bbdffc72279fd8f01cacfcf89a6d2b3a40e46,140,640,360,17,UNKNOWN
WIN_20260823_20_35_26_Pro_jpg.rf.13adae76555253145260c491b076f19b.png,WIN_20260823_20_35_26_Pro_jpg,train,976e8c03989967b102bbc4f30beee3ed813c1a018431f4e6b0914308770ae1fd,140,640,360,9,UNKNOWN
WIN_20260823_20_35_30_Pro_jpg.rf.03c6d88109e5089e73820b5ca430a054.png,WIN_20260823_20_35_30_Pro_jpg,train,9fe875ae728338894f33c7b892a765c26ca1342e63c1bf7f330b39482314347e,140,640,360,11,UNKNOWN
WIN_20260823_20_35_32_Pro_jpg.rf.3d860cc304d4af050c95cd1469d0af0e.png,WIN_20260823_20_35_32_Pro_jpg,train,17f9595103e1da935235df844129613e992244c203681a2aceb4f000829751ee,140,640,360,9,UNKNOWN
WIN_20260823_20_35_55_Pro_jpg.rf.0020994d8c969d0357b9d1d5acac1d94.png,WIN_20260823_20_35_55_Pro_jpg,train,a354a8cd2a62010f91d6144711c166604f26f1b8bf0179d35c2b3823ab4ce102,140,640,360,9,UNKNOWN
WIN_20260823_20_37_18_Pro_jpg.rf.53a22142ad753b40b959933102bf76dc.png,WIN_20260823_20_37_18_Pro_jpg,train,3b99a4c8266b68fd1b88deb6ae6c02f96892d0b43879a00497eaef4353b98e96,140,640,360,18,UNKNOWN
WIN_20260823_20_37_25_Pro_jpg.rf.1cb23b1cd61e18910a04fe280eb61a4e.png,WIN_20260823_20_37_25_Pro_jpg,train,337b1578cecb0b93b8af451ce7402123acd06bdc24f5e40e8ba253a48cfa9146,140,640,360,11,UNKNOWN
WIN_20260823_20_38_36_Pro_jpg.rf.70060f1576e8804a402909eec05cd2b3.png,WIN_20260823_20_38_36_Pro_jpg,train,69244e2757bb5506cc99e05e5f3ce98a2f276e4081ca28e12c624b9c73fe741c,140,640,360,17,UNKNOWN
WIN_20260823_20_38_40_Pro_jpg.rf.0da3733ab03b75a8b4270632a4401d7c.png,WIN_20260823_20_38_40_Pro_jpg,train,a80524b50399e86ea490ddf8ad16652acf9ae450887ba2c96e677576d7bdebe9,140,640,360,17,UNKNOWN
WIN_20260823_20_38_49_Pro_jpg.rf.81433fba27ff062b483399169b7bc85d.png,WIN_20260823_20_38_49_Pro_jpg,train,b3f6e6d73b729d90fee6598271ee59cfb4e512eb5d643e8d2789576e2443f75b,140,640,360,18,UNKNOWN
WIN_20260823_20_38_51_Pro_jpg.rf.65eef2ec4297c266f29b1a568cea1ca7.png,WIN_20260823_20_38_51_Pro_jpg,train,6d2f8ac3b1a295ea4bb45a2884195628aef3c748a8dd7e26e1d04600e53a3ad8,140,640,360,20,UNKNOWN
WIN_20260823_20_38_53_Pro_jpg.rf.17623e685cb217caa0667618d352d9d9.png,WIN_20260823_20_38_53_Pro_jpg,train,5b6c1f829b5b0836a35dd5ddde55c6dc9a2db28f0a8e51359c1eacc096619e35,140,640,360,19,UNKNOWN
WIN_20260823_20_38_54_Pro_jpg.rf.48e6aa686d719d8053a8b441c6fb82db.png,WIN_20260823_20_38_54_Pro_jpg,train,52dd3c69914b4e8b5f686a3b3222dec64d8f19a9f9d3c44f0871dfa64731a09b,140,640,360,18,UNKNOWN
WIN_20260823_20_38_57_Pro_jpg.rf.5d9771d9fbf5ada33246e9b491138a76.png,WIN_20260823_20_38_57_Pro_jpg,train,a78b3bbf6bb064e2ad7bb630ad95a76fe2cde3bd70b57d5f6bb21aa5b5bfd577,140,640,360,17,UNKNOWN
WIN_20260823_20_39_00_Pro_jpg.rf.74a9a3dd2061e83c58e93f898eca22b8.png,WIN_20260823_20_39_00_Pro_jpg,train,7959124956bf5dcc82c2815c940e506cf8988af96f037031ea2aa68b05751614,140,640,360,13,UNKNOWN
WIN_20260823_20_39_10_Pro_jpg.rf.58c2f74c931d788b2f600e303d899af4.png,WIN_20260823_20_39_10_Pro_jpg,train,d6524ebc5901fca387e50088d0dbd4d090778dd5f55ce42c2ccb0f75422058fa,140,640,360,17,UNKNOWN
WIN_20260823_20_39_15_Pro_jpg.rf.7feb1d5973ec3f9daf8683d79527ad62.png,WIN_20260823_20_39_15_Pro_jpg,train,d1a69cab4c134d0bc35f684955f3ea03a96d30e3d7015c6c71bbfa9a5ea069c7,140,640,360,15,UNKNOWN
WIN_20260823_20_39_26_Pro_jpg.rf.57003922cc3db3e11c95cc16fd7f13e5.png,WIN_20260823_20_39_26_Pro_jpg,train,b0a927481d16dea2c1c546dc5878cba6a524ba3cd0b130a61d4b3a33fee79763,140,640,360,16,UNKNOWN
WIN_20260823_20_39_41_Pro_jpg.rf.2ab50043a0b33ec38e77dc319a7931d1.png,WIN_20260823_20_39_41_Pro_jpg,train,47defef02a7c9530d6d1bd6126b902a119d80424e36cd5e7f8705fb14414e6db,140,640,360,20,UNKNOWN
WIN_20260823_20_39_51_Pro_jpg.rf.19cf03630d6647796d47ec56cfdfb314.png,WIN_20260823_20_39_51_Pro_jpg,train,6def0c7a8ac44c65d79a30d0ebb2f4c94a6042e12b6da71264c2c519b5142b20,140,640,360,17,UNKNOWN
WIN_20260823_20_40_59_Pro_jpg.rf.774413d908e90d540a29590ce0afbcef.png,WIN_20260823_20_40_59_Pro_jpg,train,e31af73639ec0ade18be0319b70fcaee458c2631ade369fafb07436b5d4b1abe,140,640,360,15,UNKNOWN
WIN_20260823_20_41_01_Pro_jpg.rf.0848ef3656528c98088acd2df423a7e6.png,WIN_20260823_20_41_01_Pro_jpg,train,9cce1a39f22a990aaeeaa0afd95f31315f2980cba51ae2c0a5b3d0c5dbdbd49b,140,640,360,15,UNKNOWN
WIN_20260823_20_41_07_Pro_jpg.rf.bda75f19c45ed0b01a27f6a53de15cae.png,WIN_20260823_20_41_07_Pro_jpg,train,4a40b82aaf763d94871b4e452473ddd1b144872340590118f0d0e8edd118a533,140,640,360,16,UNKNOWN
WIN_20260823_20_41_12_Pro_jpg.rf.28fdd1c4929c7e67af1e2067635a68d6.png,WIN_20260823_20_41_12_Pro_jpg,train,9965258ff2145e887b7a2dd415c1e08b079c11c3f972072391958263a6a9318d,140,640,360,20,UNKNOWN
WIN_20260823_20_41_18_Pro_jpg.rf.1022261dbe0d0c88a74a2968c124b39f.png,WIN_20260823_20_41_18_Pro_jpg,train,10a4d0e48bb7518bb1e736e2992e10daa6a391fec2e9ac179b1354836e4f0ede,140,640,360,16,UNKNOWN
WIN_20260823_20_41_26_Pro_jpg.rf.1aae3f52def1e887c205d7ad45a43753.png,WIN_20260823_20_41_26_Pro_jpg,train,c88d6457611bde5b153b450b7ecab95bf30a4792616e6b8b80d3870909d94e31,140,640,360,19,UNKNOWN
WIN_20260823_20_42_06_Pro_jpg.rf.782588bbc32f9ba46ba9a7a61f799c92.png,WIN_20260823_20_42_06_Pro_jpg,train,6c9f4af44fc18deb7654f3843e670d46535ce92a25f0f15e8dafc3cd3b18b386,140,640,360,14,UNKNOWN
WIN_20260823_20_43_58_Pro_jpg.rf.2312031dd10df7067c15ed93f8460708.png,WIN_20260823_20_43_58_Pro_jpg,train,1d42cb07daf35524fadfaae3d985af0a4e29e7e2327fed0625989d7d0b39d00a,140,640,360,12,UNKNOWN
WIN_20260823_20_44_27_Pro_jpg.rf.4d7479d2a30d83055ed608bb47d446fb.png,WIN_20260823_20_44_27_Pro_jpg,train,80d186e5335c366345ff1c05b362bc56a6d48f92d8b7cbbb41633f971d7b8761,140,640,360,15,UNKNOWN
WIN_20260823_20_44_29_Pro_jpg.rf.47851f7616dd6463a15366f571adf4e3.png,WIN_20260823_20_44_29_Pro_jpg,train,3569c94f1265ca3d78ef4df26cc7732ed295d0ddb29fbd547c8a91114a741ea2,140,640,360,16,UNKNOWN
WIN_20260823_20_44_30_Pro_jpg.rf.318f11aef0d3058cb82f7d31aad194e2.png,WIN_20260823_20_44_30_Pro_jpg,train,decd06552db01cf62b38a99161f18074a9519439d00c46c291170b8e41ac5936,140,640,360,15,UNKNOWN
WIN_20260823_20_44_34_Pro_jpg.rf.36d61b44818d5877a5badb45e32598dc.png,WIN_20260823_20_44_34_Pro_jpg,train,4c0c3325970670282e5ca3b378bef80d1419e0d0039565ba6861b8bfd700db20,140,640,360,15,UNKNOWN
WIN_20260823_20_44_36_Pro_jpg.rf.3c455ec056787dd07c1ffe790c1b8fe5.png,WIN_20260823_20_44_36_Pro_jpg,train,ef7a1e7ccb9c5b75f81c854eb67c9dbe18a1346b3cdb58e2b7622121bcc768ad,140,640,360,17,UNKNOWN
WIN_20260823_20_44_39_Pro_jpg.rf.488d8fc257d031f0be7ff271a59eb8ac.png,WIN_20260823_20_44_39_Pro_jpg,train,4d627c41116e258b6172566dcdabb216a10015a49d5eb9764e6cc5264e90047d,140,640,360,15,UNKNOWN
WIN_20260823_20_44_45_Pro_jpg.rf.a11a55e6a812645a5bd6c5a2ac82963d.png,WIN_20260823_20_44_45_Pro_jpg,train,76a81cbd7c484e817d20e3df90674c305e382ac9292f21343ac2fbb1049e408f,140,640,360,20,UNKNOWN
WIN_20260823_20_44_47_Pro_jpg.rf.301ceba46102d0372d7b41da991d0d2a.png,WIN_20260823_20_44_47_Pro_jpg,train,91d357cb602b362b5556811d1824eeb66e803d0b3490dfdf44da52d5d43bdde2,140,640,360,20,UNKNOWN
WIN_20260823_20_44_49_Pro_jpg.rf.54d3cc1c14d99f3652e5593c8ccef906.png,WIN_20260823_20_44_49_Pro_jpg,train,9bdfc8e36f19ba61436edcfc6caa0f945fcf15b81c3413901f2f0bb4ccf25768,140,640,360,16,UNKNOWN
WIN_20260823_20_44_51_Pro_jpg.rf.0113ac86264814073297cff1ddafb530.png,WIN_20260823_20_44_51_Pro_jpg,train,7b5743b7f190894be4c428a3980d1fbdf5f6c6aa306d54526383628483a2166c,140,640,360,17,UNKNOWN
WIN_20260823_20_44_53_Pro_jpg.rf.3ea9734e3f11594ab33606f01784b458.png,WIN_20260823_20_44_53_Pro_jpg,train,736255f2455226a9433e4eab16780e8c740b3ee1c8393c2efeea64e1c74373af,140,640,360,18,UNKNOWN
WIN_20260823_20_44_55_Pro_jpg.rf.17fff9320b4c46d754754dba9972aa4f.png,WIN_20260823_20_44_55_Pro_jpg,train,1de979a3eb8b18dbdf911fcb0ce56360f9a6ae5f6880c4b41d82c640eab60a7d,140,640,360,19,UNKNOWN
WIN_20260823_20_45_02_Pro_jpg.rf.3fff04810d943c5bc9b4e2a26f5e6425.png,WIN_20260823_20_45_02_Pro_jpg,train,87d354bb05b00cb8e77808a22d195a57446d1dc00096d2b7253483a228d14ced,140,640,360,16,UNKNOWN
WIN_20260823_20_45_04_Pro_jpg.rf.128e9b7bf10b8dc1b3548e43293e259a.png,WIN_20260823_20_45_04_Pro_jpg,train,b4728e8cc299adb0a12c35e9d4023d44caa5328553c25116bd159e94016035fb,140,640,360,15,UNKNOWN
WIN_20260823_20_45_06_Pro_jpg.rf.98f21f042c679ef2c1f4c9da10f64cca.png,WIN_20260823_20_45_06_Pro_jpg,train,454bbc11c38ed966fcb7c63a42214e3810dc9ea7c9aced4684280997fc9f9c28,140,640,360,18,UNKNOWN
WIN_20260823_20_45_07_Pro_jpg.rf.07a78be056a4a84be49334e34d206ef4.png,WIN_20260823_20_45_07_Pro_jpg,train,1b53d5a0de48c0bb66a3ca1ca552be5d583849c6a3d0b3ae90443f225b148b55,140,640,360,18,UNKNOWN
WIN_20260823_20_45_14_Pro_jpg.rf.43ff6abad08929b58f2c32d57fe4dbe6.png,WIN_20260823_20_45_14_Pro_jpg,train,619e6c36f5208574089de65af6ffd968535e6ab757112d2c6ccc55f61d6b49c7,140,640,360,18,UNKNOWN
WIN_20260823_20_45_19_Pro_jpg.rf.1631c8761ab17f2e59d535f030f7fffd.png,WIN_20260823_20_45_19_Pro_jpg,train,77f51a89017a2fd432ac42857ed2299066bfa8e97a17ba27e5459f4d06b1c794,140,640,360,19,UNKNOWN
WIN_20260823_20_45_23_Pro_jpg.rf.5ea3652e7dc493e0029267fcadfc491e.png,WIN_20260823_20_45_23_Pro_jpg,train,1828634c31886f112d17d034faf0ec06a2362565bb27ae8d9d66de598bc7af1b,140,640,360,19,UNKNOWN
WIN_20260823_20_45_25_Pro_jpg.rf.50f838e75cfbdc614786d5f4c320482e.png,WIN_20260823_20_45_25_Pro_jpg,train,43802add89489f235c7ff8a25ffcf0a434b279d599ecfcb863e747dff61e1180,140,640,360,17,UNKNOWN
WIN_20260823_20_45_27_Pro_jpg.rf.5a30a87b9062b076a1dc565b6fa0570b.png,WIN_20260823_20_45_27_Pro_jpg,train,2ba1337fa8552a60cd7739101e242feb3bb7113affa4c6c5ced25c0d5215060b,140,640,360,15,UNKNOWN
WIN_20260823_20_45_28_Pro_jpg.rf.398df7c72c9bfde2cf6edf259636ffcf.png,WIN_20260823_20_45_28_Pro_jpg,train,664e74e313006d247a0994e5796a902869a2fb4f5cf17b492a34355d663e3837,140,640,360,15,UNKNOWN
WIN_20260823_20_45_34_Pro_jpg.rf.12ae9899c4d6a67523ece3900aa3e660.png,WIN_20260823_20_45_34_Pro_jpg,train,e01318579de5266de9b521449f635e266350bf6c7c72043eb356b6bc4a496c32,140,640,360,21,UNKNOWN
WIN_20260823_20_45_37_Pro_jpg.rf.5736f4c5edf40109749ffdc49413a772.png,WIN_20260823_20_45_37_Pro_jpg,train,cfe2483d244aa0041110db73f82c44d96040d24f82c819fee7fb4b3483c3ce8e,140,640,360,16,UNKNOWN
WIN_20260823_20_45_40_Pro_jpg.rf.6a6ba0074e9be3955df788b958924044.png,WIN_20260823_20_45_40_Pro_jpg,train,a2bf571a51680bbb1ddef4fa2ea8fca9d7e3cf21153de0272edd21f3c51bb053,140,640,360,15,UNKNOWN
WIN_20260823_20_45_44_Pro_jpg.rf.220f9ec22b1adaefd295aef760d2ba39.png,WIN_20260823_20_45_44_Pro_jpg,train,cf8320424e06afc6afb0ca7f3798304289c3cb31e4d86f2e4d9ef51ee914342c,140,640,360,11,UNKNOWN
WIN_20260823_20_45_47_Pro_jpg.rf.25ea3fae3cf3769bd114c2dba04c8664.png,WIN_20260823_20_45_47_Pro_jpg,train,043b3eb82eb1c5f98626c36d0208fd26d290252e4fc6bb2f69582650492c728e,140,640,360,17,UNKNOWN
WIN_20260823_20_45_49_Pro_jpg.rf.19a286f52aa3de72faac8c56f19da66b.png,WIN_20260823_20_45_49_Pro_jpg,train,718290a22568d2c6064d0bffd11c2e43fd4197e74b77a1b47d452f1d6d95702c,140,640,360,13,UNKNOWN
WIN_20260823_20_46_33_Pro_jpg.rf.97737b8c4be5514b14cdf79f31119c07.png,WIN_20260823_20_46_33_Pro_jpg,train,71d39b9be645c49da7183514def1a6f50c3a3ee299bfc57670d90f8dcf6907d8,140,640,360,12,UNKNOWN
WIN_20260823_20_46_35_Pro_jpg.rf.5a65189fc31e10c1fcdf2d5ad23171a0.png,WIN_20260823_20_46_35_Pro_jpg,train,60101cc82dbe73ae729d0605952fbf8cc3b3dec1f4ca4fbed9d5f6246e68617b,140,640,360,12,UNKNOWN
WIN_20260823_20_46_43_Pro_jpg.rf.1407e1041a979329d16f6b8a3655047d.png,WIN_20260823_20_46_43_Pro_jpg,train,4d017befbf3aa1d9116847c7fca37b36d6ff745f27be9a18375a71af8285696b,140,640,360,16,UNKNOWN
WIN_20260823_20_46_52_Pro_jpg.rf.3cb6de98ab610b6573ce2a8515b7faef.png,WIN_20260823_20_46_52_Pro_jpg,train,464eb8796629361c69b15c6577477a62e18323dbe2d3d289d5ca8848de89930a,140,640,360,18,UNKNOWN
WIN_20260823_20_46_57_Pro_jpg.rf.3ae9f00229e55c26e7c3d7c848ff45c9.png,WIN_20260823_20_46_57_Pro_jpg,train,50eabb7e2863664bad5a6ebb2b992990642d77e513471d3c3fd92ad516b9ab82,140,640,360,15,UNKNOWN
WIN_20260823_20_47_00_Pro_jpg.rf.b79ae495fdd6e15622bdc319a273dce1.png,WIN_20260823_20_47_00_Pro_jpg,train,d4b5b681397698f3fabc3751b486c05e772ce7e1178c515913a61641aba066f7,140,640,360,16,UNKNOWN
WIN_20260823_20_47_04_Pro_jpg.rf.9f8e9931a31d90c8585846e216e33bab.png,WIN_20260823_20_47_04_Pro_jpg,train,fca482c40c15351640b662e45208b8a3dbcc9e357851ebc5833466c9374203fe,140,640,360,20,UNKNOWN
WIN_20260823_20_47_07_Pro_jpg.rf.7e45527adf59d57d122e2015d384c3e9.png,WIN_20260823_20_47_07_Pro_jpg,train,1bf965a37622f4e450c5cdda929f2cd1f502548deeaa734d3ba0a98645b3a35f,140,640,360,15,UNKNOWN
WIN_20260823_20_47_10_Pro_jpg.rf.175e40d587101bb5a5f6d55c247a9485.png,WIN_20260823_20_47_10_Pro_jpg,train,faec7affe511dd5bf2aa207a6cbe3960f6d5f9f7d6b08f6f3de60436369994f6,140,640,360,15,UNKNOWN
WIN_20260823_21_45_01_Pro_jpg.rf.793a269692edc6a1ff5c315386011224.png,WIN_20260823_21_45_01_Pro_jpg,train,6cc79fec675b64e087493e4ffd88e6a9ae8ed91684efb1fc2f640f16b571a05d,140,640,360,18,UNKNOWN
WIN_20260823_21_45_02_Pro_jpg.rf.2497251913a0fd3996bb1dde7768feb8.png,WIN_20260823_21_45_02_Pro_jpg,train,5b332b0b2c087f269835974e48b8d60b5818833ea77554513d928d174f93b043,140,640,360,18,UNKNOWN
WIN_20260823_21_45_03_Pro_jpg.rf.387402fe2640c569e30e250a21672bf1.png,WIN_20260823_21_45_03_Pro_jpg,train,2fa0cb677de98426df9f7bcce95c9f391e0b76965b90b26d55aaefe0d076830b,140,640,360,17,UNKNOWN
WIN_20260823_21_45_04_Pro_jpg.rf.0a92d9ade502efdabeb8b41f3ac08e75.png,WIN_20260823_21_45_04_Pro_jpg,train,14851bc474a180fe95df8f3a634cc61449616840bf2ff4a2d15a26ca22f5f596,140,640,360,14,UNKNOWN
WIN_20260823_21_45_08_Pro_jpg.rf.394966b5920d84c22f2212d87cbc56a2.png,WIN_20260823_21_45_08_Pro_jpg,train,3c895f605733cce00ae39f5990c3fa7a5fe3c5d23c17d412f19c27d531d2256f,140,640,360,16,UNKNOWN
WIN_20260823_21_45_09_Pro_jpg.rf.270469625ef6bac7cf1d13a68b1b9502.png,WIN_20260823_21_45_09_Pro_jpg,train,b4639b90e7595848af9162fbe25b551dcdb7291af6c50a861d1db91d12b283b9,140,640,360,16,UNKNOWN
WIN_20260823_21_45_10_Pro_jpg.rf.92817fbfaa5c3ae7351dd0e1833ad360.png,WIN_20260823_21_45_10_Pro_jpg,train,a58ab70311a6a828bd4ca3f1c1b69a4d4b77aef089da7de9a443907f3e21e6b2,140,640,360,15,UNKNOWN
WIN_20260823_21_45_11_Pro_jpg.rf.01a0867ea638f10c1ffa3acd30d37830.png,WIN_20260823_21_45_11_Pro_jpg,train,a9c8cf263bcc09ea65c54141be6f23223e4fa34e5e639231a6f48596c2e0e51b,140,640,360,16,UNKNOWN
WIN_20260823_21_45_13_Pro_jpg.rf.471140b6f652c5be61a10093f836d2e5.png,WIN_20260823_21_45_13_Pro_jpg,train,20a1ee969bc653f4263a7b8a7c85041d38a325413f6da7c761341c406885c224,140,640,360,17,UNKNOWN
WIN_20260823_21_45_14_Pro_jpg.rf.9c22d1a7e6eb234981e31aa3f71a05c7.png,WIN_20260823_21_45_14_Pro_jpg,train,276ea516083f3d17342a03537a1305c3f95d3e44f0f677c0422f1addd5c828bb,140,640,360,14,UNKNOWN
WIN_20260823_21_45_15_Pro_jpg.rf.76a913a28690f6ef459fe3896fb74651.png,WIN_20260823_21_45_15_Pro_jpg,train,cc26ece4e70a29ef23c020805f66eb414108993a976939fca6ce8d9b2ffb4f52,140,640,360,13,UNKNOWN
WIN_20260823_21_45_17_Pro_jpg.rf.0e5285dff192ac0dae7f4dfe0ea6112a.png,WIN_20260823_21_45_17_Pro_jpg,train,7ed38425c12fa67e9137dc92d196c4350598fc09db6bb966f7faeee48cde0df3,140,640,360,14,UNKNOWN
WIN_20260823_21_45_18_Pro_jpg.rf.1ed298ea99254f22afb23af76d7cb7e6.png,WIN_20260823_21_45_18_Pro_jpg,train,f943b478f37a0838894df6e91e4237b5d1f318664a9e0f3f2b4178dfc75d8abb,140,640,360,16,UNKNOWN
WIN_20260823_21_45_21_Pro_jpg.rf.cbdcc95fbf754a740d08b274eabf6e3c.png,WIN_20260823_21_45_21_Pro_jpg,train,fce1a0d81fc4f31982e64b4beb54f9945e50e77d72a2c0246584c63c0ce2f383,140,640,360,16,UNKNOWN
WIN_20260823_21_45_22_Pro_jpg.rf.035495c87827e2c164251ca0b361c4c3.png,WIN_20260823_21_45_22_Pro_jpg,train,6b9cb2975a6836ecf2c6a77f2027a8da0554d3c9a200e2fcf29b409b6670b2d6,140,640,360,15,UNKNOWN
WIN_20260823_21_45_29_Pro_jpg.rf.48136cf69eed62819ca80bfc41e530c8.png,WIN_20260823_21_45_29_Pro_jpg,train,979a5fb13bc9bc60fa1e7db48a1ad05b71b7e54742d719beb759ad55f0245b74,140,640,360,17,UNKNOWN
WIN_20260823_21_45_31_Pro_jpg.rf.0ff9773e87a4a07f45a0bf872e941ea4.png,WIN_20260823_21_45_31_Pro_jpg,train,95997608bcc89a72c524252dd07489d00099bcc83fd8e5687926a31a9866dc9f,140,640,360,13,UNKNOWN
WIN_20260823_21_45_32_Pro_jpg.rf.48d33c0e3ac3d246438721ab3e5b15af.png,WIN_20260823_21_45_32_Pro_jpg,train,1001132f97a9b7ba6422ec97f9a45f870bb0af9551a940b528d7ad30a7c7b917,140,640,360,15,UNKNOWN
WIN_20260823_21_45_34_Pro_jpg.rf.14046681f60a0bc57b13a27caa343013.png,WIN_20260823_21_45_34_Pro_jpg,train,e5ac6cbefa40f597d7f5d5833f2a3f2394fbdf126915ed1c9c0a20623167633e,140,640,360,14,UNKNOWN
WIN_20260823_21_45_36_Pro_jpg.rf.0de2730943d1503c10647a8ca5c7aa41.png,WIN_20260823_21_45_36_Pro_jpg,train,324ed7c5767e7b1605239071d51947b1320ac089d2f7dae40010cb7f5cdbed18,140,640,360,18,UNKNOWN
WIN_20260823_21_45_37_Pro_jpg.rf.4c85e0c15620c5c9c75012216e89bac2.png,WIN_20260823_21_45_37_Pro_jpg,train,55d8276030211829a5f008fe74cf36bc9b243e83978db9481aa316ee3a9dcd76,140,640,360,16,UNKNOWN
WIN_20260823_21_45_41_Pro_jpg.rf.b6e03028db67a6c80d3c87c935cc92d5.png,WIN_20260823_21_45_41_Pro_jpg,train,c28c5b19c3b3098cd37de18e85389ab7894ccd1ebf912fec045cfa965b1ba170,140,640,360,19,UNKNOWN
WIN_20260823_21_45_43_Pro_jpg.rf.f31b7cf6cc3d1c38c0df62aeb0ade0f8.png,WIN_20260823_21_45_43_Pro_jpg,train,55700ee872d5623fd774a1320098ebfaec347152a8d94cbcee126446053851bf,140,640,360,16,UNKNOWN
WIN_20260823_21_45_44_Pro_jpg.rf.28d9962a6e33522012ef130959650657.png,WIN_20260823_21_45_44_Pro_jpg,train,84e3e6df2f0764b27cee9b0e3a487c06fa704e8054707b3411af57711a0e7368,140,640,360,13,UNKNOWN
WIN_20260823_21_45_47_Pro_jpg.rf.091c91d1b9c8e860a5096fc9ef6d7da1.png,WIN_20260823_21_45_47_Pro_jpg,train,b17532bd8fa96adf24a090038a533a040e4c9e78588db804c5e552c989737ccd,140,640,360,16,UNKNOWN
WIN_20260823_21_45_48_Pro_jpg.rf.1f3cade96b6657a1d5ce52d7adcada1b.png,WIN_20260823_21_45_48_Pro_jpg,train,923f7ac733e7275734a075731b91e3d62849ed882ac65d905f9ec557f2d66887,140,640,360,16,UNKNOWN
WIN_20260823_21_45_49_Pro_jpg.rf.391a658776a7a53099fb7eaf6b70247e.png,WIN_20260823_21_45_49_Pro_jpg,train,5d65ce22a3ce767826166c6ce2c3ea26a1071fcb903222eb753a72c8efd39a5a,140,640,360,10,UNKNOWN
WIN_20260823_21_45_52_Pro_jpg.rf.0406452825064021f7c0c831fb3a9e19.png,WIN_20260823_21_45_52_Pro_jpg,train,e078e0a5a830d641dc85029f4675103aa38c2efb37b0ebd035fe361913eca92d,140,640,360,17,UNKNOWN
WIN_20260823_21_45_53_Pro_jpg.rf.4f32fbf9f09924c8df0a9feb10b6794b.png,WIN_20260823_21_45_53_Pro_jpg,train,05f235b77ac83c6f8e8fa41c9a5d36c96ddafd6487416d63ca7a828a9a8ee367,140,640,360,18,UNKNOWN
WIN_20260823_21_45_55_Pro_jpg.rf.2e190db1c61f1e595b3e23033d51fa18.png,WIN_20260823_21_45_55_Pro_jpg,train,9b9c487286d93c6def20b9828b9bc36e17e88b69d1b2164fc6514e07ce4157d3,140,640,360,17,UNKNOWN
WIN_20260823_21_46_00_Pro_jpg.rf.0e5f7c38e680a6334ca0399a57364a1b.png,WIN_20260823_21_46_00_Pro_jpg,train,824d864c773e237ff030da0e260548c219c35d4b52923bdf8a420a0319cdcced,140,640,360,15,UNKNOWN
WIN_20260823_21_46_03_Pro_jpg.rf.05b74648b1d2e25d663d26ea6089cab8.png,WIN_20260823_21_46_03_Pro_jpg,train,34c1dab22bdee1ea2004c02001947fb0725f1cff7e5bb6d4ca7d63c687596e11,140,640,360,15,UNKNOWN
WIN_20260823_21_46_05_Pro_jpg.rf.30dfe5cee2db5c0e98789f04be107493.png,WIN_20260823_21_46_05_Pro_jpg,train,59be22c96655a53e1265b49f7508c93acae8a77ae46b1a7811d1773a4fdf9a3b,140,640,360,13,UNKNOWN
WIN_20260823_21_46_20_Pro_jpg.rf.4d153ef6d7776fcbac807e9aa8654319.png,WIN_20260823_21_46_20_Pro_jpg,train,f2bacb09d490d152da7895f54461594d077723dd03ecf1368b559666b2587841,140,640,360,14,UNKNOWN
WIN_20260823_21_46_26_Pro_jpg.rf.ac642f21b91edfcdf4f319845152e9b4.png,WIN_20260823_21_46_26_Pro_jpg,train,367cfe62129f8d77db0428ea1240a390e764175c0b3cdda2096310b880a55b2e,140,640,360,15,UNKNOWN
WIN_20260823_21_46_27_Pro_jpg.rf.43c3cefc9f76b9240d595b9f38f5960a.png,WIN_20260823_21_46_27_Pro_jpg,train,d9e71b51ce8bf82b5eef87c1d5ee7b023eba34e39d32adf2d95cd0fab2c3c39c,140,640,360,16,UNKNOWN
WIN_20260823_21_46_28_Pro_jpg.rf.29b67340d8382d47c236d8043b31fa18.png,WIN_20260823_21_46_28_Pro_jpg,train,f1e33719c127693cb47329b0d5a07614de4bab7a654f18ea6c1d7115143c3337,140,640,360,15,UNKNOWN
WIN_20260823_21_46_30_Pro_jpg.rf.a559519d0f96b8b9449486fe1d38b099.png,WIN_20260823_21_46_30_Pro_jpg,train,5fdbb89458feffe2694a3b27868bc74b6cc7b3782585627dab12b74a1202a026,140,640,360,14,UNKNOWN
WIN_20260823_21_46_31_Pro_jpg.rf.122caf8a99e2d91359d60708b02f6210.png,WIN_20260823_21_46_31_Pro_jpg,train,27146cec53bf60cdef94d02263b8f407e322fea8bb174667841f0bc25a38ebf9,140,640,360,13,UNKNOWN
WIN_20260823_21_46_36_Pro_jpg.rf.4a19b81a818ff5d10546b8936424ad68.png,WIN_20260823_21_46_36_Pro_jpg,train,8504050e7162f5fbe8e396a23cdd6d1bb701ff54e1556c309b769eb804605ed0,140,640,360,15,UNKNOWN
WIN_20260823_21_46_37_Pro_jpg.rf.719bf6f9f959f22881464301232ed957.png,WIN_20260823_21_46_37_Pro_jpg,train,4c1bd3953fd8d308bc45b34c796da27cba913859ae1fd08b7c450398563e60ee,140,640,360,19,UNKNOWN
WIN_20260823_21_46_39_Pro_jpg.rf.311eb2508433514d7659f54f17c6e7f7.png,WIN_20260823_21_46_39_Pro_jpg,train,a804d37ddffe0e6631bf0977c9ad48ebe572e8cedaa38ebfc1e41d509ac4b280,140,640,360,16,UNKNOWN
WIN_20260823_21_46_40_Pro_jpg.rf.27668f608ca129cd62f2a1bb3b27fff1.png,WIN_20260823_21_46_40_Pro_jpg,train,167a647b11fa7c7cf857fd0e088e0c82547b0014ad34b2d655a3f18352ed7e93,140,640,360,16,UNKNOWN
WIN_20260823_21_46_42_Pro_jpg.rf.9f76010434073848c4c73c6110b68d24.png,WIN_20260823_21_46_42_Pro_jpg,train,4336eec4223ec752c15fbab837ad5985ed9ae0b2191fe4c655efb8db7a67851d,140,640,360,16,UNKNOWN
WIN_20260823_21_46_43_Pro_jpg.rf.6a050d291f60b8fb1bafc23ae22190ba.png,WIN_20260823_21_46_43_Pro_jpg,train,0242463f9ecebe147ce867813923a369189abdc32f3cbafc323ca67c90226304,140,640,360,14,UNKNOWN
WIN_20260823_21_46_44_Pro_jpg.rf.5a380e6333d129630f4eb99026c629db.png,WIN_20260823_21_46_44_Pro_jpg,train,5468e8167ec37f9b3c6fc6420a0031ed6f0cba25983b174368af1d70bb425f47,140,640,360,17,UNKNOWN
WIN_20260823_21_46_45_Pro_jpg.rf.28e98cb0ecf9365998eda81be205a50b.png,WIN_20260823_21_46_45_Pro_jpg,train,bf6fbcd8c077bca081994090cace215d857697ee8977ea18f8f93350be8183f6,140,640,360,12,UNKNOWN
WIN_20260823_21_46_49_Pro_jpg.rf.27637bce0bf6ec46b8675421e8906eb6.png,WIN_20260823_21_46_49_Pro_jpg,train,5b4ff796444611da8ad57df04ae6172a870ed85085125cddd10e65a6491b0b7b,140,640,360,15,UNKNOWN
WIN_20260823_21_46_50_Pro_jpg.rf.2184a70c98ae9d60324f267b61d267db.png,WIN_20260823_21_46_50_Pro_jpg,train,05fd3bb32613cac189cf4d544d178d758184bdc2c06bd7c95c3e71ed69a9648e,140,640,360,13,UNKNOWN
WIN_20260823_21_46_51_Pro_jpg.rf.10175ae84ca31745a4f3753bc37f65e5.png,WIN_20260823_21_46_51_Pro_jpg,train,f53f91dfe4ea8b4ed4c7faf29d27fb2ba6e3af0d745f2cc159e07c8239c91d17,140,640,360,13,UNKNOWN
WIN_20260823_21_46_53_Pro_jpg.rf.4704f134d190cc6401b7b2ea38a5d7d4.png,WIN_20260823_21_46_53_Pro_jpg,train,6cb68dc2d2fa850aff65befb9400115f40e38392c9180b284914f213a1c38a18,140,640,360,15,UNKNOWN
WIN_20260823_21_46_54_Pro_jpg.rf.be93afbe1a47bd2c64b3e9fef17fd458.png,WIN_20260823_21_46_54_Pro_jpg,train,da2a2f1b442c7c9b5267cf7fd4edae11638502842ef8b17b67be5dce1c141971,140,640,360,20,UNKNOWN
WIN_20260823_21_46_55_Pro_jpg.rf.52a6ce81fef66c91b1524293ea538528.png,WIN_20260823_21_46_55_Pro_jpg,train,1d86440bb61cd8b9fab27a3a2242c5a96f192e686489d43715db01751857b737,140,640,360,19,UNKNOWN
WIN_20260823_21_46_57_Pro_jpg.rf.25c00636b78a8c6cafe313fd5e07cdf3.png,WIN_20260823_21_46_57_Pro_jpg,train,ca6116d30aebeab5034fbe1ac4e8f7c96f0d8b11f6373b3b4c4882758a25795e,140,640,360,16,UNKNOWN
WIN_20260823_21_46_58_Pro_jpg.rf.1a979e2d8ce3ee01c3253cad4ba252f5.png,WIN_20260823_21_46_58_Pro_jpg,train,11b9258e7e396c8a278e0ff36cfdfac87a53fb3f96bb005f8ab0661cbf6866f4,140,640,360,15,UNKNOWN
WIN_20260823_21_46_59_Pro_jpg.rf.81e31ce300054c0aae2630e0753e611a.png,WIN_20260823_21_46_59_Pro_jpg,train,3afd79ebeb8b0c62a31197ef12d82f12190e8b8af6619067c389a742e63b014d,140,640,360,15,UNKNOWN
WIN_20260823_21_47_00_Pro_jpg.rf.04d347e06a08ed83c5188e45f719b686.png,WIN_20260823_21_47_00_Pro_jpg,train,129a2cf683678eafeb9f0ef034e873197109182a6edd1e1c4810c8bca3366ed7,140,640,360,16,UNKNOWN
WIN_20260823_21_47_02_Pro_jpg.rf.2535a76a7b54a2a0e039e6b7edc842c1.png,WIN_20260823_21_47_02_Pro_jpg,train,31c0f213ccb22886620887c2f108f430c1e219fbcd96c3e424a0a1bf6704438d,140,640,360,17,UNKNOWN
WIN_20260823_21_47_04_Pro_jpg.rf.7b5b0683aaea5e2d71b1630708a23bac.png,WIN_20260823_21_47_04_Pro_jpg,train,02244758071c332c2cb91d313ed1e3ef4b6221040356b79cb83e69f0465e3f89,140,640,360,17,UNKNOWN
WIN_20260823_21_47_05_Pro_jpg.rf.752421d07fd5f0844ea31a5a55aa8963.png,WIN_20260823_21_47_05_Pro_jpg,train,654ee917adb73769c13863a267c05dca63798e7541201fe288eb5d1fe4c5bc2f,140,640,360,16,UNKNOWN
WIN_20260823_21_47_07_Pro_jpg.rf.2a271e954557851d8bd495bb7ada1af9.png,WIN_20260823_21_47_07_Pro_jpg,train,5721fc4d6c587bee697e59887d4cee947e5bf131040a3b96314300fd415758d0,140,640,360,18,UNKNOWN
WIN_20260823_21_47_08_Pro_jpg.rf.61f39620fc46e89276c1aca4f79b65c8.png,WIN_20260823_21_47_08_Pro_jpg,train,e6822885feb9e26f69842c41e2fded49af781b270d650d03891b3db82eada67e,140,640,360,15,UNKNOWN
WIN_20260823_21_47_09_Pro_jpg.rf.43a68b4936fdc904ef9fdcb3508b07d5.png,WIN_20260823_21_47_09_Pro_jpg,train,e38fe95489e3bbdc3a856d39ac59faea55d722f008718f3e0aee6366aca61427,140,640,360,17,UNKNOWN
WIN_20260823_21_47_10_Pro_jpg.rf.693eac24c0532d6d588a0f2436587a3e.png,WIN_20260823_21_47_10_Pro_jpg,train,cb7446f5a992560ca4e451fe796dff781d6adb314bd60d976410c9130c323bb4,140,640,360,15,UNKNOWN
WIN_20260823_21_47_12_Pro_jpg.rf.2e8d7e8e1585118fc36f74fbf5b9714a.png,WIN_20260823_21_47_12_Pro_jpg,train,7d541d8be0a15ffa81647dc2773383784224d44015b63d7e82228ebb7cb010f9,140,640,360,17,UNKNOWN
WIN_20260823_21_47_14_Pro_jpg.rf.9e7ccdfa67d44325d0f0d46fd0eb41a9.png,WIN_20260823_21_47_14_Pro_jpg,train,1196536b57e8715d0833867b05e1f5092195eea2fd574114ec5de5ea889723c2,140,640,360,16,UNKNOWN
WIN_20260823_21_47_15_Pro_jpg.rf.b52e8ac15e197a623862780da4c47910.png,WIN_20260823_21_47_15_Pro_jpg,train,88f551574b31bed6ecf4bdc2767b0a26a0752f82593ac8d50c7133769816fbd0,140,640,360,17,UNKNOWN
WIN_20260823_21_47_16_Pro_jpg.rf.7f0197806f452b8ac3232d509dbd1d0a.png,WIN_20260823_21_47_16_Pro_jpg,train,1545db3c88fced81c166145edc0087c5b005f34454b78fed649389ab3fbf591c,140,640,360,15,UNKNOWN
WIN_20260823_21_47_21_Pro_jpg.rf.36b3aa6002a7638b4016ce2261e655a3.png,WIN_20260823_21_47_21_Pro_jpg,train,a6ff0c8d4d3bc6487694556803c686912a840d35e576b577e9b37ca906a324e8,140,640,360,16,UNKNOWN
WIN_20260823_21_47_22_Pro_jpg.rf.1726a66e08156c28ce4cfd63aa64f4fc.png,WIN_20260823_21_47_22_Pro_jpg,train,819ec1af90f4094f4e53162c9b80fc2485e8c2e03e84d90e5d97677512681b07,140,640,360,17,UNKNOWN
WIN_20260823_21_47_23_Pro_jpg.rf.44b65205fa9e47313a9e8d9d06955c43.png,WIN_20260823_21_47_23_Pro_jpg,train,27d1d6670b45081b8124c9d9fbb6fd1a74b17622cee625ff00e9055c9d2f8dbf,140,640,360,18,UNKNOWN
WIN_20260823_21_47_25_Pro_jpg.rf.4c21208375465e41b31b70fc698dbd29.png,WIN_20260823_21_47_25_Pro_jpg,train,2de7eb5ab87b6e25becf9f21f442312c47fb5eecc786fceb12489a25018695af,140,640,360,18,UNKNOWN
WIN_20260823_21_47_26_Pro_jpg.rf.4c7d00c6594f91f38749f78bd615a80b.png,WIN_20260823_21_47_26_Pro_jpg,train,edd4f76d966ae3b9938fc7ffab8d2cd5050f52a4a433551f3dbec025ba732734,140,640,360,19,UNKNOWN
WIN_20260823_21_47_30_Pro_jpg.rf.40602da3bc881eaa2ed175fd83b431ca.png,WIN_20260823_21_47_30_Pro_jpg,train,d2bec34955d5502d77fa8e9427c2c4923aa0ced0ba4924b0593a290e51df5fba,140,640,360,15,UNKNOWN
WIN_20260823_21_47_32_Pro_jpg.rf.4b99704e0eaf4dd2444c1f72e1f5adc2.png,WIN_20260823_21_47_32_Pro_jpg,train,d7c2f15a5fb0fb3cc790cd2daf64ae18187c39d82423c1255166387031eec5c2,140,640,360,18,UNKNOWN
WIN_20260823_21_47_34_Pro_jpg.rf.8b69cdb81d7f4dcb5108f0a22dedf577.png,WIN_20260823_21_47_34_Pro_jpg,train,824a3bf21f9ef8aa84c03168173289e5b738c9526183da91b84712dfec17b99f,140,640,360,17,UNKNOWN
WIN_20260823_21_47_35_Pro_jpg.rf.2d0fedd0905377afab098662b8377b24.png,WIN_20260823_21_47_35_Pro_jpg,train,60a216ef0740fe0b422da70f2fb845ab9a9ea54f6f93cbc2d4c92c6f6f6c014c,140,640,360,16,UNKNOWN
WIN_20260823_21_47_36_Pro_jpg.rf.25f06c82bc8a3e14eba9cbd4078e4777.png,WIN_20260823_21_47_36_Pro_jpg,train,1e86b1f49d5f8ac2096b925ab1828be0bae0beafef79fc29c3caeaa86bc509a8,140,640,360,15,UNKNOWN
WIN_20260823_21_47_38_Pro_jpg.rf.03f720bb2b6731d00e768117cb9fa944.png,WIN_20260823_21_47_38_Pro_jpg,train,554e2bdf0be3ed5c2920a91095d960560050c70fe4f2db42d73515a209e87c8a,140,640,360,15,UNKNOWN
WIN_20260823_21_47_39_Pro_jpg.rf.6aa17a41ba6f46d5dd13f82101d52c53.png,WIN_20260823_21_47_39_Pro_jpg,train,10053cce99fd7b395a58f71f39baf0907806355cf27a293ee168f1b852eebd31,140,640,360,17,UNKNOWN
WIN_20260823_21_47_40_Pro_jpg.rf.02da3eff3a61093f9eac3bd2227ba2cb.png,WIN_20260823_21_47_40_Pro_jpg,train,1cd9d6b5aa5ba4bc232c4a294608a0ccb93eaf8b553f037abfa83578ab004881,140,640,360,19,UNKNOWN
WIN_20260823_21_47_42_Pro_jpg.rf.7c34a06c21aae82aab39e6f861825406.png,WIN_20260823_21_47_42_Pro_jpg,train,d94b6916bdbc21b7d1e2b10dc096e903bb7b09518c5a6ae3a67234e88d546460,140,640,360,17,UNKNOWN
WIN_20260823_21_47_43_Pro_jpg.rf.7808f5878afa3d4cd4208db177bb15fb.png,WIN_20260823_21_47_43_Pro_jpg,train,38406df59e7ece77969437a3e18090aea5ee1e9919edbb83023262d1f174470f,140,640,360,18,UNKNOWN
WIN_20260823_21_47_44_Pro_jpg.rf.3cefb3a39c04ca57660ab33df6bff755.png,WIN_20260823_21_47_44_Pro_jpg,train,3428f959274476212062964befa8c646d63185488cf0b1862d59441288e5f3fd,140,640,360,19,UNKNOWN
WIN_20260823_21_47_46_Pro_jpg.rf.0c4e7d1feca21894c412ef0814a47d87.png,WIN_20260823_21_47_46_Pro_jpg,train,1af4c8620bed5ddb2662ccd217af93e04c7247b297f48d6ac5e1aa7d07caf65a,140,640,360,18,UNKNOWN
WIN_20260823_21_47_47_Pro_jpg.rf.00f38680059a9c567c00e6878b395679.png,WIN_20260823_21_47_47_Pro_jpg,train,d27f133a0510e417ce9a4a7b175956f5419fa971c1558f8db971e9731403aad0,140,640,360,16,UNKNOWN
WIN_20260823_21_47_50_Pro_jpg.rf.74c6aa60c5714e114c460475401285cc.png,WIN_20260823_21_47_50_Pro_jpg,train,e343d310f92a334c2e343409a6570c036c3357fb2bef41e8d022b0a441a1a6f6,140,640,360,17,UNKNOWN
WIN_20260823_21_47_51_Pro_jpg.rf.2947d6ff009ca263eeb3c71c67d44674.png,WIN_20260823_21_47_51_Pro_jpg,train,02bfde52aa5394905303dceeeeb280e48118358593314363d17280fafc139c78,140,640,360,17,UNKNOWN
WIN_20260823_21_47_52_Pro_jpg.rf.01c0042071eb9cb69e831f2697a54576.png,WIN_20260823_21_47_52_Pro_jpg,train,d6da2fd1c287fd132331b9b504f7948c4274706ab3a07d5fc4a89c07f7bc9c2f,140,640,360,16,UNKNOWN
WIN_20260823_21_47_56_Pro_jpg.rf.2de0a1dd3d280b8470c1ad5a2613d7ae.png,WIN_20260823_21_47_56_Pro_jpg,train,695e6611bae02c21f354d9afbaa675632141534c2395943298f9bef646953eda,140,640,360,16,UNKNOWN
WIN_20260823_21_48_01_Pro_jpg.rf.5e216fcc1842c662d1780b32f522c14c.png,WIN_20260823_21_48_01_Pro_jpg,train,882a48b71507db9c14a4d7a4e8487fa5a3b5bf09d37fed890a1ab6eafc745536,140,640,360,19,UNKNOWN
WIN_20260823_21_48_03_Pro_jpg.rf.8b56b5f7876b76d1cd73db36217faf5b.png,WIN_20260823_21_48_03_Pro_jpg,train,182e8f67b1ec1adcb54f2979506279bc02aa85bd434b9707efe020aed72ad21b,140,640,360,18,UNKNOWN
WIN_20260823_21_48_04_Pro_jpg.rf.0c43432f20a842eb9cb16f001d651369.png,WIN_20260823_21_48_04_Pro_jpg,train,592f1b6d87e794c445d27bfb24bd41464f584e18408f3a79c87cdd7e972791f1,140,640,360,18,UNKNOWN
WIN_20260823_21_48_05_Pro_jpg.rf.29bd9994d0cb3c3acedd377c0f65f47a.png,WIN_20260823_21_48_05_Pro_jpg,train,b44c4bcfe2174f4834479e7e144210c21e486b255659aea2cd22be5f36dc277f,140,640,360,17,UNKNOWN
WIN_20260823_21_48_07_Pro_jpg.rf.00139fb02f26f148ea5a58ac44043d73.png,WIN_20260823_21_48_07_Pro_jpg,train,2d390d407a818a2ef1c83a7d2108293a43369561a65173480ceeaf7c33c3b795,140,640,360,16,UNKNOWN
WIN_20260823_21_48_08_Pro_jpg.rf.02dbdd5482fed471414d59c5fe5c0f21.png,WIN_20260823_21_48_08_Pro_jpg,train,cf5e22bb9fd0d2081f9446783267413f5f9fadec1573b1f9e1fa40606cb4dfc6,140,640,360,17,UNKNOWN
WIN_20260823_21_48_09_Pro_jpg.rf.422acb5cb5b84756e850d15bf17d0550.png,WIN_20260823_21_48_09_Pro_jpg,train,da611f6c163a956037883f4f78376290ba288a6c9b34cf60ca7341a28df1a555,140,640,360,20,UNKNOWN
WIN_20260823_21_48_11_Pro_jpg.rf.678170e0b3012adbfc7b57d9b3edf3a9.png,WIN_20260823_21_48_11_Pro_jpg,train,9d4dad7812938705d1d19a866d68e1239f2b2c60ae93ddcf71fe1968a5f363bd,140,640,360,16,UNKNOWN
WIN_20260823_21_48_14_Pro_jpg.rf.953c52523c68b9a500fd6ec58ecaaa7a.png,WIN_20260823_21_48_14_Pro_jpg,train,3b32a77ded5f74c25ee697b2f7892620b29949a85300eb3bb026917e3ae7dd45,140,640,360,17,UNKNOWN
WIN_20260823_21_48_15_Pro_jpg.rf.191eb9518f2bb7ba7ea310bf7e3c63d5.png,WIN_20260823_21_48_15_Pro_jpg,train,c60c0bb9cf23b5c3e8f9d27a3cb7207893365f18c2f37f4592f9cf862b2b296b,140,640,360,14,UNKNOWN
WIN_20260823_21_48_17_Pro_jpg.rf.0788e77707bd93255251a39ac663cc72.png,WIN_20260823_21_48_17_Pro_jpg,train,3d7d0d2cd25f43a5cc79e0f9bbda27a205fb65970e8796fffb8d99698974a94f,140,640,360,12,UNKNOWN
WIN_20260823_21_48_18_Pro_jpg.rf.c0842a05e8219de0aa08c2ab001b7f85.png,WIN_20260823_21_48_18_Pro_jpg,train,21060abaca5dcfa8466ab65032c353193e2e0cdeb5e922bf63256b3d9fe5c29d,140,640,360,17,UNKNOWN
WIN_20260823_21_48_21_Pro_jpg.rf.1444975e607dcb22140f004ac729340a.png,WIN_20260823_21_48_21_Pro_jpg,train,4f297e8c409b81aa8493ff75a0f5edae74e33dd89f319facba86bd9aabc81b09,140,640,360,16,UNKNOWN
WIN_20260823_21_48_22_Pro_jpg.rf.232fce5333f663864707974b6e1cce07.png,WIN_20260823_21_48_22_Pro_jpg,train,bc8b2f71a2e401a3e88beefcb664a50b05fc5d764969be3a52365add7d6bf607,140,640,360,15,UNKNOWN
WIN_20260823_21_48_23_Pro_jpg.rf.8ebbb5d3cd0276dfc2fb757b25eba40b.png,WIN_20260823_21_48_23_Pro_jpg,train,c6cac05199a0c2377ed9a9e1458cd7a6fd2edef232cf6367613230277cc3bf2c,140,640,360,14,UNKNOWN
WIN_20260823_21_48_25_Pro_jpg.rf.21ae6cd2dcafd954025bce88bb336af3.png,WIN_20260823_21_48_25_Pro_jpg,train,4f389555209ca91231672b009e0b6646ec4a153760bd10dbef97acbbc18fe2dd,140,640,360,14,UNKNOWN
WIN_20260823_21_48_28_Pro_jpg.rf.2af3557ce32f9e511644b8892be400ea.png,WIN_20260823_21_48_28_Pro_jpg,train,08575942ab9d057044921c9d2bc674300744f5d2e0e1013e093863583f0f58af,140,640,360,18,UNKNOWN
WIN_20260823_21_48_30_Pro_jpg.rf.3be2119e1dc82b2cfdb49342c9ffcf3c.png,WIN_20260823_21_48_30_Pro_jpg,train,1ce618dcf71ed9f9e73ea641470671494105923aa9d19272c5e2f14e19955d42,140,640,360,17,UNKNOWN
WIN_20260823_21_48_31_Pro_jpg.rf.6438bd49e3a2ef4798839a9d478edb79.png,WIN_20260823_21_48_31_Pro_jpg,train,583d487cbf9d823713778991d1518c4eaf72ce89fc4cfe68b1adf9b1b85dcc3b,140,640,360,14,UNKNOWN
WIN_20260823_21_48_38_Pro_jpg.rf.2938b9bfc4d462e697df634008358350.png,WIN_20260823_21_48_38_Pro_jpg,train,8bd639327030624c022da34a7a1d4695191140be15b8d6fc36b75b7e1a2caf91,140,640,360,16,UNKNOWN
WIN_20260823_21_48_43_Pro_jpg.rf.87a5eca1242781883eb4bc49ce8ee484.png,WIN_20260823_21_48_43_Pro_jpg,train,e78bc4ce1e4aedb0c9fdc0a49233d4881f82d9a194176e7147e5337416b8b8ff,140,640,360,18,UNKNOWN
WIN_20260823_21_48_45_Pro_jpg.rf.19eec7ea3d9b57464df6648770fea1cf.png,WIN_20260823_21_48_45_Pro_jpg,train,9e55a1184141e58a681ef50874e9dfd0612961290100e20882b8f3534aaf6208,140,640,360,15,UNKNOWN
WIN_20260823_21_48_46_Pro_jpg.rf.1bab57195931b4da6c86ddd997832d9a.png,WIN_20260823_21_48_46_Pro_jpg,train,286b84b9c9e577c9b69c2f7deb920ba2b24a47db31b42c1fa2e6ca3770782edc,140,640,360,17,UNKNOWN
WIN_20260823_21_48_50_Pro_jpg.rf.498a1735adafe3166dae1d09bea8e545.png,WIN_20260823_21_48_50_Pro_jpg,train,524acf9217e6145fb4fd09ee71421cf6eaeab02446e027fbe4e098231ffe2c3a,140,640,360,15,UNKNOWN
WIN_20260823_21_48_51_Pro_jpg.rf.c68829cbf40323fe164c7c178d43d185.png,WIN_20260823_21_48_51_Pro_jpg,train,0bd988d2a2db7463a6439fae85c7c2d11f07c892c594a907a64c0a18e4e860f0,140,640,360,16,UNKNOWN
WIN_20260823_21_48_52_Pro_jpg.rf.35a471ebd8914dc7bd1bb27b334fd0a4.png,WIN_20260823_21_48_52_Pro_jpg,train,6e1ff370f8c1a7fbd7b4b3c7a43588e651e7717f73da6f387acfcbc527699de2,140,640,360,16,UNKNOWN
WIN_20260823_21_48_53_Pro_jpg.rf.6afe7c81904f1b23aac9f824e6e86bdb.png,WIN_20260823_21_48_53_Pro_jpg,train,c74472fa70aaef27c6e6aeb30b055d677bfc6845dcf26834ea6d17927db0923c,140,640,360,17,UNKNOWN
WIN_20260823_21_48_56_Pro_jpg.rf.055011dface1beb64e80144410c18fd3.png,WIN_20260823_21_48_56_Pro_jpg,train,55928139c489f2ca6df5f5d21b332093ca0f3c8fd0dc9d4ac86b4aba59142d29,140,640,360,17,UNKNOWN
WIN_20260823_21_48_57_Pro_jpg.rf.89aa27116167eed4f29cea6c705ac869.png,WIN_20260823_21_48_57_Pro_jpg,train,7692220e61c71c4eb049ef1a0ef6206690cfa4d1eb72fba13522859f9e02ca37,140,640,360,16,UNKNOWN
WIN_20260823_21_48_58_Pro_jpg.rf.70ac55c4a552bb0b6e4c363b75680eb6.png,WIN_20260823_21_48_58_Pro_jpg,train,3fad2656781aa7bb4d2d73643851fde7006639b3aabb9dfb307520bb178907f2,140,640,360,16,UNKNOWN
WIN_20260823_21_48_59_Pro_jpg.rf.b46470b6fd861e77f8b57a55c00794cf.png,WIN_20260823_21_48_59_Pro_jpg,train,f136bbea98ae637ffdb86d0e29464f155a244b57c7149ee3a536d732977eeb6c,140,640,360,15,UNKNOWN
WIN_20260823_21_49_00_Pro_jpg.rf.f4292fb2c2093fc56165d74eb49a14b7.png,WIN_20260823_21_49_00_Pro_jpg,train,05b2aaaebbcc2e2cb51de85bb85c06f59df31f42c6e86331b685e56c0d4a6c19,140,640,360,14,UNKNOWN
WIN_20260823_21_49_01_Pro_jpg.rf.232b685d824fb98f124feb1c642dce93.png,WIN_20260823_21_49_01_Pro_jpg,train,9c263f5428e22bacf4d9a4cb0b9dcc653d1c9e71be0f6edbcdc080579cd3f371,140,640,360,12,UNKNOWN
WIN_20260823_21_49_03_Pro_jpg.rf.a7affd06112314a91e04a3c4e066bfd6.png,WIN_20260823_21_49_03_Pro_jpg,train,5ea6f3ac5174700d0d82eef32b5adce75de219d1a06761efe305d6286e7d9614,140,640,360,15,UNKNOWN
WIN_20260823_21_49_04_Pro_jpg.rf.5a2592560b911c6971678303b74a8f23.png,WIN_20260823_21_49_04_Pro_jpg,train,958ce87f6de96a936cf28e4a3ce88726615fc151f38820a14338f2681b94d364,140,640,360,14,UNKNOWN
WIN_20260823_21_49_06_Pro_jpg.rf.d11257302f9545768ccf759b60a7b7f2.png,WIN_20260823_21_49_06_Pro_jpg,train,7befe961fb6fb4d01581f0c6b110d765c7efb2562c4e057ca194aebd4d6be9d1,140,640,360,14,UNKNOWN
WIN_20260823_21_49_07_Pro_jpg.rf.0e4b5105bf96414267bfaadefe0c5955.png,WIN_20260823_21_49_07_Pro_jpg,train,e6f06e271da56c0c484d4bbdf382ec8113674d54c5f7180c715dd3ed40c5ac3f,140,640,360,14,UNKNOWN
WIN_20260823_21_49_08_Pro_jpg.rf.8520419fc479bffe03ed329423d779bc.png,WIN_20260823_21_49_08_Pro_jpg,train,819e6d71838103e8a5eb5dba51508f760cd19cd16789bd569b7dbe3797ca1574,140,640,360,12,UNKNOWN
WIN_20260823_21_49_11_Pro_jpg.rf.71cafe15439f0f858a1bb12a4cdee28e.png,WIN_20260823_21_49_11_Pro_jpg,train,1fe53d80cedacc458c028737aa96d6717e0be160844cd8c4e5f446399231d844,140,640,360,10,UNKNOWN
WIN_20260823_21_49_12_Pro_jpg.rf.46f32a462e2e133c91354d35d183f1ef.png,WIN_20260823_21_49_12_Pro_jpg,train,ecf1ef31982b03ebcddce45cf0a5baf8409fa1658403f7e104a01aee12832640,140,640,360,11,UNKNOWN
WIN_20260823_21_49_13_Pro_jpg.rf.2faacb71917ea22457dcdbedf4796397.png,WIN_20260823_21_49_13_Pro_jpg,train,72ae6f6a14aed6ca9f26a334e6002e77b950327658fb36a6f5c3f77aabed16ce,140,640,360,12,UNKNOWN
WIN_20260823_21_49_14_Pro_jpg.rf.30f2537832b7ef96e329cc7dfedb0434.png,WIN_20260823_21_49_14_Pro_jpg,train,46a8dc39c9dee90fcbcccbb818da25929c8db4f24e9360071410bc3891c09b25,140,640,360,17,UNKNOWN
WIN_20260823_21_49_16_Pro_jpg.rf.5d42d23fa087604767b1199a6d7cb74c.png,WIN_20260823_21_49_16_Pro_jpg,train,dd1d569498c119f22e45dfdbc0f6491a710cebfa45b46ee353bee2f5cbce69ef,140,640,360,14,UNKNOWN
WIN_20260823_21_49_17_Pro_jpg.rf.3039b5302aa636b12b69dd5522c06492.png,WIN_20260823_21_49_17_Pro_jpg,train,e6b03a1d59ef5fa526e515be4f88faa301c40dcd9e3726c4c664c38824e9de45,140,640,360,14,UNKNOWN
WIN_20260823_21_49_18_Pro_jpg.rf.0e59b2dfa4046a496489c9d657da2fbb.png,WIN_20260823_21_49_18_Pro_jpg,train,dc22ab28e8ace74b0173f9e209cffb4bc9363feb2d900e1f547715264e1edfa8,140,640,360,16,UNKNOWN
WIN_20260823_21_49_20_Pro_jpg.rf.5f9728f639abecece9433fb7a85a8f25.png,WIN_20260823_21_49_20_Pro_jpg,train,56f18c9b7471812729f6f07ff7c36b5d9b8ec4b8ac463540470c26825ffe284a,140,640,360,16,UNKNOWN
WIN_20260823_21_49_23_Pro_jpg.rf.17c45e3192aba82aa01ffa20d2cf2ba6.png,WIN_20260823_21_49_23_Pro_jpg,train,2b8e4d51b4e003dac4c0b39ca9451636332903acc45679b05871f0906a0147fd,140,640,360,16,UNKNOWN
WIN_20260823_21_49_24_Pro_jpg.rf.7be9ab1a54a15bb3e356943cb98f8c1d.png,WIN_20260823_21_49_24_Pro_jpg,train,8e2aefb25abcec221ad70bd5e16bebb0fdb3c305cf2e6163d88d599d9a3e755b,140,640,360,16,UNKNOWN
WIN_20260823_21_49_25_Pro_jpg.rf.1cf6887cf135d382c5a0edd527818200.png,WIN_20260823_21_49_25_Pro_jpg,train,3301eb28378f5427c0cbf9209bc470488f436ebe165132f41e5318683321d84e,140,640,360,15,UNKNOWN
WIN_20260823_21_49_27_Pro_jpg.rf.266fe6c63ccdcabfaf1719d2f2ba3b4e.png,WIN_20260823_21_49_27_Pro_jpg,train,4fd9ac145b24c962b5d90944f7153a57890b145fa211314731eeb12b6b86e772,140,640,360,12,UNKNOWN
WIN_20260823_21_49_28_Pro_jpg.rf.1aa72290ad41a232b04ff886e6cb384e.png,WIN_20260823_21_49_28_Pro_jpg,train,f964d7308fb009b630c8803148ea3540e80b569de8410674f20ecbaa041eca67,140,640,360,14,UNKNOWN
WIN_20260823_21_49_33_Pro_jpg.rf.217d411c17f0b8ff17fd1eacd5562854.png,WIN_20260823_21_49_33_Pro_jpg,train,4ffc1445fba68fa3641f8a5f25309774ae49d8dccc0b5aca1a3dd9dc140471fc,140,640,360,15,UNKNOWN
WIN_20260823_21_49_34_Pro_jpg.rf.1dfaa1d82fb91a3261963bf56291874a.png,WIN_20260823_21_49_34_Pro_jpg,train,db57f3071cb9492844120d08868c8470858c909ff3a36da4911a529e3228e746,140,640,360,12,UNKNOWN
WIN_20260823_21_49_36_Pro_jpg.rf.400c9b2e13c4560ae695bb7598ed9866.png,WIN_20260823_21_49_36_Pro_jpg,train,23d08d57945382420e9d191ae021146433d19ad667f2e5f7c496cd1765893f8b,140,640,360,15,UNKNOWN
WIN_20260823_21_49_37_Pro_jpg.rf.0e7c0f977091af1ad6439b8d97bdec11.png,WIN_20260823_21_49_37_Pro_jpg,train,22be536790d7fb5be2474171985ef4bde085c2153433c2f8029e5867feab3406,140,640,360,12,UNKNOWN
WIN_20260823_21_49_38_Pro_jpg.rf.69e7b5cf3b38d98c392c803039e44e8f.png,WIN_20260823_21_49_38_Pro_jpg,train,5109ed6c5823cb971f63c05cd4a1aabd8b0601e3b4c2ddfa5e44f82a4b5a4670,140,640,360,15,UNKNOWN
WIN_20260823_21_49_39_Pro_jpg.rf.458bb5b63a2ec44916749e50eab13d5e.png,WIN_20260823_21_49_39_Pro_jpg,train,43fbd9e83ace66244d65e7b1cf1ee736eba5e7a58504e9c72754326f86429b32,140,640,360,13,UNKNOWN
WIN_20260823_21_49_43_Pro_jpg.rf.2d902b80ed6c586a19996d1cbb7c48b6.png,WIN_20260823_21_49_43_Pro_jpg,train,f9590d326d6f2d8dbedf28e345ca3791c33c6da28ecfd3a13b7b58e5462a5f6a,140,640,360,13,UNKNOWN
WIN_20260823_21_49_44_Pro_jpg.rf.900b48a9fdf9ac638fb178f7342efd20.png,WIN_20260823_21_49_44_Pro_jpg,train,fc383bb50bf8118c87af035db861189d9cfc1c28bc2f59bc6bf3975e29f7852b,140,640,360,17,UNKNOWN
WIN_20260823_21_49_45_Pro_jpg.rf.7d7943c398a5f76d31b87dd8e49fe7a8.png,WIN_20260823_21_49_45_Pro_jpg,train,d2dfec96fab76325bc1455dfcd1ae99d84f71609ff9b36d22f5e7bdb4736885d,140,640,360,17,UNKNOWN
WIN_20260823_21_49_47_Pro_jpg.rf.0a742cfcf61606be24700de0a8dd0cca.png,WIN_20260823_21_49_47_Pro_jpg,train,3ca40fefe356843909bbf986ee8987a8b56ab68674ae4542b26bf0aeea34e623,140,640,360,13,UNKNOWN
WIN_20260823_21_49_52_Pro_jpg.rf.4421a8708b7d1d17b0afbfd4ce132b34.png,WIN_20260823_21_49_52_Pro_jpg,train,ce86493b0da9296169832c403cb2d82cfa7c8a820ce1549becf9fdbe75728f8c,140,640,360,15,UNKNOWN
WIN_20260823_21_49_54_Pro_jpg.rf.64ea376c988f84139252b50fb7332c4a.png,WIN_20260823_21_49_54_Pro_jpg,train,13a825d297ca877175b4caa8d7ae60195a777ee0d375762293034b37831406b0,140,640,360,16,UNKNOWN
WIN_20260823_21_49_56_Pro_jpg.rf.9f900624bdb40286add95a607e4c126c.png,WIN_20260823_21_49_56_Pro_jpg,train,d8e669847db125b181a44b141982c99bf602d3436615ef358670668b3cbc686a,140,640,360,20,UNKNOWN
WIN_20260823_21_49_57_Pro_jpg.rf.0c1fa665afe5cfe5bb1e1186f5914463.png,WIN_20260823_21_49_57_Pro_jpg,train,6a1aea5595077f993ca1a7d32a8bd88ef7ab074728c04618349649d2ff015561,140,640,360,18,UNKNOWN
WIN_20260823_21_50_00_Pro_jpg.rf.52b2df49fa421b92850aba0c8aa6f072.png,WIN_20260823_21_50_00_Pro_jpg,train,b4f3d632087bafe7b5529511480a8b25235322064aaaf7ec2fb82e3e8bcaf27f,140,640,360,17,UNKNOWN
WIN_20260823_21_50_02_Pro_jpg.rf.8813f3175bd16d7134181db212afa00c.png,WIN_20260823_21_50_02_Pro_jpg,train,c6e3d3dee218b0e22c7bf22fdea3877da9e66de94b956449191ff9cc839a243f,140,640,360,14,UNKNOWN
WIN_20260823_21_50_04_Pro_jpg.rf.1eb63542a5d2afb86af13a464e56bebb.png,WIN_20260823_21_50_04_Pro_jpg,train,b827856a25d9e84a49c1437d73719cbbc9efa503d38b313fcb4e31ea948612f3,140,640,360,15,UNKNOWN
WIN_20260823_21_50_05_Pro_jpg.rf.1e4eeb08d5465526c59a4c7c7b2df7c5.png,WIN_20260823_21_50_05_Pro_jpg,train,95fbc2a0b2ac16604e3349bf165f3695dd60f57da6ffd6ba1058ce56cb8b68e1,140,640,360,15,UNKNOWN
WIN_20260823_21_50_07_Pro_jpg.rf.4aedac3e45c122f20430f1f6fbac6a26.png,WIN_20260823_21_50_07_Pro_jpg,train,0c00ac4daed02876651d1b817aff69e33ea7d2b57c49e9ae246993aacccb7a5f,140,640,360,15,UNKNOWN
WIN_20260823_21_50_08_Pro_jpg.rf.0dba90fe5a6a58d4880bc5c9b963d68f.png,WIN_20260823_21_50_08_Pro_jpg,train,2280351b8be2bfa47c4cf9c8235059e911a64813a8c7ff94fe064bc8fb98a2b3,140,640,360,15,UNKNOWN
WIN_20260823_21_50_10_Pro_jpg.rf.218e19cd0089b759165bafdcce1f7434.png,WIN_20260823_21_50_10_Pro_jpg,train,3f7cc037a9f66e17931b8929fedde57f70c13ef85858dadc4e2977efe380f70c,140,640,360,14,UNKNOWN
WIN_20260823_21_50_11_Pro_jpg.rf.1d025eb939e87655f928969aabea51cf.png,WIN_20260823_21_50_11_Pro_jpg,train,7feb4f7f4983ce06c30e6a4f36df1a5fb692c4080b39bf8a53d8808d859c07a9,140,640,360,13,UNKNOWN
WIN_20260823_21_50_17_Pro_jpg.rf.05e1c82d552804fc62199183ef773af7.png,WIN_20260823_21_50_17_Pro_jpg,train,696801f3314d64a1da310c04acd142edfbca335c4dab588857df066c66fce107,140,640,360,12,UNKNOWN
WIN_20260823_21_50_18_Pro_jpg.rf.8bde4339eb728e91e1d30d1b50343b45.png,WIN_20260823_21_50_18_Pro_jpg,train,23333a0b3e8940e57d8629c3ac67a2995204d9951251ce85aa32509abf9fc239,140,640,360,17,UNKNOWN
WIN_20260823_21_50_19_Pro_jpg.rf.93cf3f9074dffdd2a6b9a916b3159bf5.png,WIN_20260823_21_50_19_Pro_jpg,train,5e2088b1b0088274f580c0d0e08863e9d931a760b8d8a3b7ade3a2b5549650d5,140,640,360,16,UNKNOWN
WIN_20260823_21_50_20_Pro_jpg.rf.302d76547a7c79bff4a676c0f5b27aa0.png,WIN_20260823_21_50_20_Pro_jpg,train,5e8857f517719d246f892966b40a513f8fecc942d8899ba1b483d6a8bd4c1216,140,640,360,17,UNKNOWN
WIN_20260823_21_50_21_Pro_jpg.rf.cf567f823c155f55aeafeb1806c7dbe8.png,WIN_20260823_21_50_21_Pro_jpg,train,51a25f41c6aba2660ae6acfa2447dfb5acf5c9033cccb4a10b93b1c9b6fbd87d,140,640,360,18,UNKNOWN
WIN_20260823_21_50_22_Pro_jpg.rf.00b2f20f667d9af22da19be746be0af4.png,WIN_20260823_21_50_22_Pro_jpg,train,3d484078549c9597b819ea6ea96f53b52ba10eb96824a91760904acb56baa310,140,640,360,16,UNKNOWN
WIN_20260823_21_50_23_Pro_jpg.rf.5c1046117b47405800691e555b38a4af.png,WIN_20260823_21_50_23_Pro_jpg,train,b784d9d871ba786fbe5a799584301a1d053c59e933550fcaffb350001ed44e53,140,640,360,18,UNKNOWN
WIN_20260823_21_50_24_Pro_jpg.rf.77356d882b5f2082d97631e108eb1c3d.png,WIN_20260823_21_50_24_Pro_jpg,train,ad13059d997e2f59bcb08c7a0296d923ce7ccd03583c3a1776bf14b0ae140571,140,640,360,14,UNKNOWN
WIN_20260823_21_50_25_Pro_jpg.rf.4f7db4dbdca8a7ddc3317a91137b20d3.png,WIN_20260823_21_50_25_Pro_jpg,train,4058768e28b405247f99f7c4b54e30fa9f05d7045f582fefe7352cb09f7e3435,140,640,360,19,UNKNOWN
WIN_20260823_21_50_26_Pro_jpg.rf.6565b32e95c684016c4a45be7ef192c2.png,WIN_20260823_21_50_26_Pro_jpg,train,70113fa98b706ed620bfd95cc93b9739467702e6c80a0b8face824f58dbf371a,140,640,360,18,UNKNOWN
WIN_20260823_21_50_28_Pro_jpg.rf.599b30937abca99fd610a8a331b0c9ab.png,WIN_20260823_21_50_28_Pro_jpg,train,50cff9309b8dcf45df059fdedab219999919eea81e51c277db9aba2566c55b19,140,640,360,21,UNKNOWN
WIN_20260823_21_50_29_Pro_jpg.rf.304df533a4cf6b88c085010c503e0bb7.png,WIN_20260823_21_50_29_Pro_jpg,train,bf514f249ca36cd105f0d8c5a8b397bb15e32a34296a733af854f1cb755f9511,140,640,360,17,UNKNOWN
WIN_20260823_21_50_30_Pro_jpg.rf.022b0cc7d0c5e3b7acd0552e951a25fe.png,WIN_20260823_21_50_30_Pro_jpg,train,27b73b0c5a72280ba845d6c78dedfa70b190aa09fd8442333ab73f72696af214,140,640,360,19,UNKNOWN
WIN_20260823_21_50_31_Pro_jpg.rf.5778dceb58041759f9583eb253a5a145.png,WIN_20260823_21_50_31_Pro_jpg,train,137cc662cc1a7ea597d14923ad4fe027a0ccd783a29faddfa19175e715844905,140,640,360,16,UNKNOWN
WIN_20260823_21_50_32_Pro_jpg.rf.26ef4b559161d85e7ca65a91a6663666.png,WIN_20260823_21_50_32_Pro_jpg,train,d27084a828e547f00e274cb71f2902de081e4ca434d07f664b51e2114c07be26,140,640,360,17,UNKNOWN
WIN_20260823_21_50_33_Pro_jpg.rf.a4b966cf17afd75af61d61b4f57b69ad.png,WIN_20260823_21_50_33_Pro_jpg,train,e62923df455d3b9f0269a24ebcdd244d8c259913bf2026c56944e0247b5707a7,140,640,360,14,UNKNOWN
WIN_20260823_21_50_35_Pro_jpg.rf.6422c370947e3b3e2555cf47acbaf8b7.png,WIN_20260823_21_50_35_Pro_jpg,train,48bdc31fc3379a9f4f9e9cba4a1790e0dff6d7ed7c9f2471007ff597ea2778e3,140,640,360,13,UNKNOWN
WIN_20260823_21_50_36_Pro_jpg.rf.1896d959bb9c3f1e8e314071e384e817.png,WIN_20260823_21_50_36_Pro_jpg,train,8493f389c2d86806f4ef05c7e163cb46213eb943ac78706d26401cb4df6eb137,140,640,360,16,UNKNOWN
WIN_20260823_21_50_37_Pro_jpg.rf.11804f987223b809d0a6e361fe2fe858.png,WIN_20260823_21_50_37_Pro_jpg,train,4e9df8852be73233a24c5befa9de8fad756baf8aaa38438c8ed94d52913ea68b,140,640,360,15,UNKNOWN
WIN_20260823_21_50_39_Pro_jpg.rf.68727ab5bb92744c815685a48bc7f8c6.png,WIN_20260823_21_50_39_Pro_jpg,train,fcbefa8f8fbb2b0e859ed47d55dd4d9511158c1b18cfbca0930f261509a96f24,140,640,360,14,UNKNOWN
WIN_20260823_21_50_40_Pro_jpg.rf.1cffbb50c8cbf0005d93f5db30eb2634.png,WIN_20260823_21_50_40_Pro_jpg,train,22732fe8eac39b5260d5247c60493da60dc5d51e11953fdeacc78563d06dbc75,140,640,360,15,UNKNOWN
WIN_20260823_21_50_41_Pro_jpg.rf.8a94f1c9ece33ef8599bcb16eb40e4e0.png,WIN_20260823_21_50_41_Pro_jpg,train,51198652a06532e068473d3c94ef42af6d6e518156dcc66bc35806a31fea4b0e,140,640,360,14,UNKNOWN
WIN_20260823_21_50_43_Pro_jpg.rf.69122d01100ff41f7796ad3463f0524a.png,WIN_20260823_21_50_43_Pro_jpg,train,26eabdd03da0ac0070b7f6cd8842e0ea28f17ec1e9a6302015baf19d00ec4748,140,640,360,7,UNKNOWN
WIN_20260823_21_50_44_Pro_jpg.rf.0f6f75a5de551b5641045ae3e28ce6c5.png,WIN_20260823_21_50_44_Pro_jpg,train,1d04c76e2bc4414a053b6f0e602ea60c72d9062d10b11c2d218047e4bdb64cc4,140,640,360,6,UNKNOWN
WIN_20260823_21_50_47_Pro_jpg.rf.57b24dc54c09086233532507cf3ba550.png,WIN_20260823_21_50_47_Pro_jpg,train,0c1c953677ff16eeec24d69717e440ef6bd596a883b41524247ab2cdd44d7514,140,640,360,10,UNKNOWN
WIN_20260823_21_50_48_Pro_jpg.rf.4e4d43ce176a15b5a1692a8bd59bbed1.png,WIN_20260823_21_50_48_Pro_jpg,train,993c699c15fe3685a55dfcd600972a9a80370324806ac3b69a1d87d181a2340a,140,640,360,11,UNKNOWN
WIN_20260823_21_50_51_Pro_jpg.rf.46afc0a5b4acf65a2fefec8cf33c874e.png,WIN_20260823_21_50_51_Pro_jpg,train,5fc35b01c97e0a61c0ed288c2f740c0342b05b0c54aae50da90461e9784f8cf5,140,640,360,12,UNKNOWN
WIN_20260823_21_50_52_Pro_jpg.rf.a1a3f8ad930b92edb4dcfdaecf7a5d4b.png,WIN_20260823_21_50_52_Pro_jpg,train,009dda3ea1b279b896ab0302cfb4fc19edb8c15d96dc6f35755d24488e8cfe7f,140,640,360,11,UNKNOWN
WIN_20260823_21_50_53_Pro_jpg.rf.c331808087e22f2d89ce1291277bc1aa.png,WIN_20260823_21_50_53_Pro_jpg,train,4957b8c1d30fa77b745b25b12d2a56b677e0d7aed80622bcaba7e3b799d31b35,140,640,360,12,UNKNOWN
WIN_20260823_21_50_54_Pro_jpg.rf.00ca798a48ff76874d703a89941a34f1.png,WIN_20260823_21_50_54_Pro_jpg,train,ea45f0e5d075459b2acb2e2bd524afd8be392c0c8aa05be28537dbeb0ab68585,140,640,360,10,UNKNOWN
WIN_20260823_21_50_56_Pro_jpg.rf.330500372d99a2a5afcd262696f42fae.png,WIN_20260823_21_50_56_Pro_jpg,train,565231710ca94fae4ed0ef3fae75d2b1b547d5c279c71d86144555af03b01b84,140,640,360,9,UNKNOWN
WIN_20260823_21_50_59_Pro_jpg.rf.bb66a3cdfec04ae9b010c6f52d931350.png,WIN_20260823_21_50_59_Pro_jpg,train,632b8e847bf879270e3b1bb699ffc734a16609e0a7e378fe52e12c2a824ecdb0,140,640,360,11,UNKNOWN
WIN_20260823_21_51_00_Pro_jpg.rf.15df5b97eb19196b31a7814a38c26ec5.png,WIN_20260823_21_51_00_Pro_jpg,train,d83894de1faa0ed1b6494fa70a8fd494f4cac9eb8bc592d13bb0704f7f0ae121,140,640,360,10,UNKNOWN
WIN_20260823_21_51_01_Pro_jpg.rf.2d32ee78b83b1fea4fa30cac60d7582e.png,WIN_20260823_21_51_01_Pro_jpg,train,a693215bb96840f6f3de980373336a8e6c36592230d0918860e45c508ae2c9e8,140,640,360,10,UNKNOWN
WIN_20260823_21_51_06_Pro_jpg.rf.9eb7e4f502be70a6654ae2de16e2c415.png,WIN_20260823_21_51_06_Pro_jpg,train,84902c3f0a8d8c4c8b86d00e4bd0e5e7e3ca717472e346dee7bc02c06e1b71ad,140,640,360,8,UNKNOWN
WIN_20260823_21_51_07_Pro_jpg.rf.66f814f9ddbe3cdd04c23cf57dcc41ef.png,WIN_20260823_21_51_07_Pro_jpg,train,669bea40010011a8d6b19fb9423f10d502aec8b2be8d429e32a0975f50bb32e4,140,640,360,10,UNKNOWN
WIN_20260823_21_51_09_Pro_jpg.rf.20528b7c2ed00dbec84e3b023f68a4f1.png,WIN_20260823_21_51_09_Pro_jpg,train,8558bbe12583992303047a388825a6870493bb61b94e485ac50ec34768545abf,140,640,360,10,UNKNOWN
WIN_20260823_21_51_11_Pro_jpg.rf.18c222ed20db4c2cd91f6d76f43ecbcb.png,WIN_20260823_21_51_11_Pro_jpg,train,78f0af9eb1d114e015264c75146b494b28d93915d035e7a66422d7fd7b684101,140,640,360,8,UNKNOWN
WIN_20260823_21_51_12_Pro_jpg.rf.08a37d457f05b5af13d8360b38c956a5.png,WIN_20260823_21_51_12_Pro_jpg,train,d0bcbcded9e9dee859e8479bbf0de75361c3b212ea82c34e4cc930cf14c9cd15,140,640,360,7,UNKNOWN
WIN_20260823_21_51_13_Pro_jpg.rf.64d93c7aa9a922ef1a9cac067e1f6080.png,WIN_20260823_21_51_13_Pro_jpg,train,d92fb87d85e8cfe99f27d1974a83146e6551eeae85ce02ef003977eed929045d,140,640,360,10,UNKNOWN
WIN_20260823_21_51_14_Pro_jpg.rf.5c622d4992187e2cb561724739154729.png,WIN_20260823_21_51_14_Pro_jpg,train,af8de53245e1ab914db077bec3d1dcdb5131c6c9cf19dd7357bfc6c260fa4b87,140,640,360,9,UNKNOWN
WIN_20260823_21_51_21_Pro_jpg.rf.8ce0703cd3930d06ed50d59630da9b30.png,WIN_20260823_21_51_21_Pro_jpg,train,b8c6a5e693953c5d4b95c8d2ecf5c056012318764cd76c9ff25ce6aead581479,140,640,360,16,UNKNOWN
WIN_20260823_21_51_22_Pro_jpg.rf.700a114e4dcb1e84102b5514657303b5.png,WIN_20260823_21_51_22_Pro_jpg,train,c58493aa9d0b4156fbc595e4e1b13ba68549b11b3d7635bb8cc2c7f80a7c25e7,140,640,360,15,UNKNOWN
WIN_20260823_21_51_23_Pro_jpg.rf.6bcc87857605fad462528f7d6bc08adf.png,WIN_20260823_21_51_23_Pro_jpg,train,26e0bcc5cef9e43db72ff7d5afd1ceadc6493d11bb5bef6770ab755ecd09780c,140,640,360,14,UNKNOWN
WIN_20260823_21_51_24_Pro_jpg.rf.07a72f43f04f1d4e3ae2db584f0924a3.png,WIN_20260823_21_51_24_Pro_jpg,train,3cf15ba6016714a0809e5fbd53e06603ff75699aeeaf08449e6a53c598efe270,140,640,360,13,UNKNOWN
WIN_20260823_21_51_25_Pro_jpg.rf.1241d6196ea96c11bb86779353a4b6e0.png,WIN_20260823_21_51_25_Pro_jpg,train,5bba8bd198c99cc4a578f4a4324078fd757f4b366cbcc364df55fd947c213521,140,640,360,14,UNKNOWN
WIN_20260823_21_51_27_Pro_jpg.rf.82adb0cbe8d3153c1bded0cfd74adde8.png,WIN_20260823_21_51_27_Pro_jpg,train,2083115eac4826da320437a67884e28ab59ac22411584d906da0d48c342c2589,140,640,360,15,UNKNOWN
WIN_20260823_21_51_28_Pro_jpg.rf.402a0baac4fc9ec4619b1cdf842b4534.png,WIN_20260823_21_51_28_Pro_jpg,train,94e73cc6cf85860818944829c2acd40c3644c2a8a7403f01bc5c676f6b03d044,140,640,360,13,UNKNOWN
WIN_20260823_22_03_43_Pro_jpg.rf.990264c4c7cb9de1b302720f1b83b016.png,WIN_20260823_22_03_43_Pro_jpg,train,92236e7f3b62707e1f3fabcf851b04f091381ed2d844ec35eb9398f9aa9a5a33,140,640,360,19,UNKNOWN
WIN_20260823_22_03_45_Pro_jpg.rf.91366fccd7b13d49fa582c4d44c10109.png,WIN_20260823_22_03_45_Pro_jpg,train,4a482aff8431be90357add777f8eb03eee71cd9b321e8703a743a35f10cbd0ec,140,640,360,18,UNKNOWN
WIN_20260823_22_03_48_Pro_jpg.rf.47ad3eb7e683cc1d7b1488ee4c72b54a.png,WIN_20260823_22_03_48_Pro_jpg,train,3f8c2282a0a1f05af5b2bc8a36d82ea450b6ff47afc517b096a3dffd64bcbea2,140,640,360,17,UNKNOWN
WIN_20260823_22_03_49_Pro_jpg.rf.13d7fa0263e35b17db395ebe7b422a60.png,WIN_20260823_22_03_49_Pro_jpg,train,cc0ac98ff2ef02f0109c0a665406202026678196489b7cfb10af812bd2e4b2b9,140,640,360,19,UNKNOWN
WIN_20260823_22_03_50_Pro_jpg.rf.6c79226daff9c01d0ac010122d224e52.png,WIN_20260823_22_03_50_Pro_jpg,train,d321e4e162235668cab2c8d02a72037aaeca38826eb5d3a3b9f83636baa5065d,140,640,360,18,UNKNOWN
WIN_20260823_22_03_51_Pro_jpg.rf.792a8451da87f5f0f6d20c1169880545.png,WIN_20260823_22_03_51_Pro_jpg,train,0a6bda0abc3cdbea264663cd3782b2c6af5a8eb2a9e1ee5f7748ce776f87d1c4,140,640,360,17,UNKNOWN
WIN_20260823_22_03_53_Pro_jpg.rf.6095c792d0ff0a14330235661cce9eb4.png,WIN_20260823_22_03_53_Pro_jpg,train,b39152e6f5dcc7af150c90152e5a717cf4578f005b150183c218f9e88535857e,140,640,360,16,UNKNOWN
WIN_20260823_22_03_54_Pro_jpg.rf.3f82fc13155d8ac3c0e2f67e6cec8533.png,WIN_20260823_22_03_54_Pro_jpg,train,cc71c3ef92b250a9956361031f84b10e98abe96da121922f500e69119a2dbc67,140,640,360,17,UNKNOWN
WIN_20260823_22_03_55_Pro_jpg.rf.4b9d3d7a6eadddc0aa4783acb81b6467.png,WIN_20260823_22_03_55_Pro_jpg,train,7dc5733b81cf12f768b103a184ed269153745294c67e884e2f94474ca06a9ced,140,640,360,16,UNKNOWN
WIN_20260823_22_03_58_Pro_jpg.rf.18f3e5e69e33d1fc7dcfec3f15be3bc7.png,WIN_20260823_22_03_58_Pro_jpg,train,94cf428f68424f2500d903d7002c0783f0d824c846521cb97b122d02105ca5ab,140,640,360,20,UNKNOWN
WIN_20260823_22_04_00_Pro_jpg.rf.581263b8540547dde3cf3b31bf1afc39.png,WIN_20260823_22_04_00_Pro_jpg,train,5deddd352d5fa60c10297619be5a7f1a464c32d7cf9ebafeacb7d80daef99ecf,140,640,360,21,UNKNOWN
WIN_20260823_22_04_02_Pro_jpg.rf.8604402527f90ea4b8d908a21be8fde6.png,WIN_20260823_22_04_02_Pro_jpg,train,c1ce5a38ecfb800a7fb495ff492a43fea4e3099e9f4749143342130c08e7c4fd,140,640,360,17,UNKNOWN
WIN_20260823_22_04_04_Pro_jpg.rf.8775a0627931401ee7ef1409771d394b.png,WIN_20260823_22_04_04_Pro_jpg,train,79fb5e37742e265b018d6adaec2f658dd1d91bde77440e7ba66a5fbe923182d9,140,640,360,18,UNKNOWN
WIN_20260823_22_04_06_Pro_jpg.rf.347d6d0a3981695a9523b331aa473ba9.png,WIN_20260823_22_04_06_Pro_jpg,train,e40a8ef6ea6b46dc6c7d7333e785722533705bcc8446032acf178af01543f513,140,640,360,16,UNKNOWN
WIN_20260823_22_04_07_Pro_jpg.rf.20d74e7907fbd5e2a5fb010e6810c6d4.png,WIN_20260823_22_04_07_Pro_jpg,train,e9f24b1d8fbfd4529bf00e5a8320fa3e4599f7e591fd6b4fa57f7bb170f9f905,140,640,360,17,UNKNOWN
WIN_20260823_22_04_08_Pro_jpg.rf.2b6dc88d777a295317ddd3cc1f834f9c.png,WIN_20260823_22_04_08_Pro_jpg,train,0c3ff5910ca229818574cec4378624e5e9007dcd868f7122e87360a8e51a9826,140,640,360,16,UNKNOWN
WIN_20260823_22_04_09_Pro_jpg.rf.a1ae42b1735423d6bb4ff6201ef8dde6.png,WIN_20260823_22_04_09_Pro_jpg,train,d5b16ca613f6f21c0fb5ab461f77b35d145750e1570868d7715f1837695cb1a5,140,640,360,15,UNKNOWN
WIN_20260823_22_04_10_Pro_jpg.rf.7fe7815bf1c7427e03a85932ba113aeb.png,WIN_20260823_22_04_10_Pro_jpg,train,8ef986d8d68ff533a19c828d5cd3bdbb66dfb622e95516a80028c868032a697d,140,640,360,14,UNKNOWN
WIN_20260823_22_04_11_Pro_jpg.rf.243bf823561bb8d35920d5e1096f7173.png,WIN_20260823_22_04_11_Pro_jpg,train,aa1156828d00399ff9486730b9d042ef9808eeb8a55b014dbb6d0cfbb8464f4a,140,640,360,17,UNKNOWN
WIN_20260823_22_04_12_Pro_jpg.rf.022c87ec4c8d8827b63af83192cdf16b.png,WIN_20260823_22_04_12_Pro_jpg,train,5b9c3364480c592d16c6c662c2e2cc8a75d74291585d1bb754c28aec3e471aa7,140,640,360,15,UNKNOWN
WIN_20260823_22_04_13_Pro_jpg.rf.3539adab52ac96babb0f943e5a7ec5f2.png,WIN_20260823_22_04_13_Pro_jpg,train,22d05a4fb6f5678f95c03efb9a8be90556884ea3831f40e1d09b387ecfea4df1,140,640,360,16,UNKNOWN
WIN_20260823_22_04_21_Pro_jpg.rf.05d91ab76c6dbab533f0f79750613a1d.png,WIN_20260823_22_04_21_Pro_jpg,train,646b0dcc953b69e0c7b3bd90cb0eb40485ab1b2344fb84f14f25ad158a4754c1,140,640,360,19,UNKNOWN
WIN_20260823_22_04_23_Pro_jpg.rf.040e24c4dc7f39f578c34997bea2f17f.png,WIN_20260823_22_04_23_Pro_jpg,train,b1fa7701df9001fa1221598dc4ca5d5a6f0df42c5e5c6ac07ad6dec40d75c2e2,140,640,360,21,UNKNOWN
WIN_20260823_22_04_24_Pro_jpg.rf.0ac119109ae643c86637d896e9f3d147.png,WIN_20260823_22_04_24_Pro_jpg,train,5d4a78f5e2d68b8f7937239db5d4ad053ff5762356ef298eaed5943e297b095b,140,640,360,21,UNKNOWN
WIN_20260823_22_04_25_Pro_jpg.rf.20673c7b766a7e77a433d5cd4f14b2d8.png,WIN_20260823_22_04_25_Pro_jpg,train,1d7d02061d3160ddb27cebb6b1287e89f1e8ca0cf544b5232dd7686683ca7b0b,140,640,360,17,UNKNOWN
WIN_20260823_22_04_26_Pro_jpg.rf.68688b099787cad1bb969f2653ddf871.png,WIN_20260823_22_04_26_Pro_jpg,train,a7cfdffe8a629ba8c6cad64983031328a8c8714280da84a9b297fa350d97bc8a,140,640,360,16,UNKNOWN
WIN_20260823_22_04_28_Pro_jpg.rf.0ae19bf0764b273bbe5ef95986d06a2a.png,WIN_20260823_22_04_28_Pro_jpg,train,8905100c432abb14ed22d4487227fde499f92c37aaae25617e26c9111dfa7473,140,640,360,19,UNKNOWN
WIN_20260823_22_04_29_Pro_jpg.rf.02c2c2e684e42fa2283c5d8e3ba2dc86.png,WIN_20260823_22_04_29_Pro_jpg,train,8f8b11d9db44dbe10c3e862d70d21be65919d4b83d9dc3ad02ed1834528cb33a,140,640,360,19,UNKNOWN
WIN_20260823_22_04_30_Pro_jpg.rf.46a1e76b3a16de7eef343c2daae372c5.png,WIN_20260823_22_04_30_Pro_jpg,train,ede6bce5ee0cb1a15bee2c30fddcd66ad758b8f352e0fea408e41b140fdf318f,140,640,360,18,UNKNOWN
WIN_20260823_22_04_31_Pro_jpg.rf.22f523bdc4ec5185590d4b8f0bbb805b.png,WIN_20260823_22_04_31_Pro_jpg,train,e46dbe6e7eb2cbc4ec0b7a7b929e2105ab23ec061d2ba546edf92cf30fe93395,140,640,360,20,UNKNOWN
WIN_20260823_22_04_39_Pro_jpg.rf.14c822ae920aa10fa77e375cb657160b.png,WIN_20260823_22_04_39_Pro_jpg,train,a1070d10e873ce5bf7c1f6e5a88d5f0b736ac5b70326c21a1a1f02cbb2c391f8,140,640,360,16,UNKNOWN
WIN_20260823_22_04_41_Pro_jpg.rf.1676ed6ec4f76964e204cd495c87409c.png,WIN_20260823_22_04_41_Pro_jpg,train,0778103391a59c74d239a4f7007562d82a7c3a17eacfb5fcbc4ae07480efdceb,140,640,360,10,UNKNOWN
WIN_20260823_22_04_42_Pro_jpg.rf.3022566ed8d5b8acca55d33ce67178be.png,WIN_20260823_22_04_42_Pro_jpg,train,5e44da032517d3014a0d7bd6495a5a628802231fc6515f6d5b7502e38c7f0910,140,640,360,17,UNKNOWN
WIN_20260823_22_04_43_Pro_jpg.rf.8e91db0abd70ef7f7c21301812e02d4d.png,WIN_20260823_22_04_43_Pro_jpg,train,50340f04a13d3a1dbc06a861b33d595597399b8c15c4283fa2d42f10ada1b00a,140,640,360,18,UNKNOWN
WIN_20260823_22_04_44_Pro_jpg.rf.1af3793bb2f6b2a4fd1132d3bdd62b0e.png,WIN_20260823_22_04_44_Pro_jpg,train,f800eaa8a782087bb274863485dd8824a10f9f5b44c34c1a483b585be0d0b08b,140,640,360,16,UNKNOWN
WIN_20260823_22_04_45_Pro_jpg.rf.3a880f011d64f9b8e67de96bb05210ee.png,WIN_20260823_22_04_45_Pro_jpg,train,6644b19d9c974b114dc85b26235684366a305fee8c280a82f109b4af8218d45a,140,640,360,16,UNKNOWN
WIN_20260823_22_04_48_Pro_jpg.rf.4554b53e5e45e48485e568bd08966578.png,WIN_20260823_22_04_48_Pro_jpg,train,3c7d5d5c5105b6a197e61a01e6403ac6348117938c0bdf98e214251784c9ab4d,140,640,360,18,UNKNOWN
WIN_20260823_22_04_49_Pro_jpg.rf.b8fd842aa5e623b9375b65511d3e7263.png,WIN_20260823_22_04_49_Pro_jpg,train,3998bd09d0183744ffb037bf954294ae2c77aec0ebf57cf06a56566553b29de0,140,640,360,10,UNKNOWN
WIN_20260823_22_04_50_Pro_jpg.rf.a914086d8156669e3697e4955945d9c9.png,WIN_20260823_22_04_50_Pro_jpg,train,4a5fe454217b8207efd90ba86210b30a2a413f35c343b293081246aaf9ed1b89,140,640,360,15,UNKNOWN
WIN_20260823_22_04_52_Pro_jpg.rf.2f0c2822f798fc568cd5ef2d93e622b7.png,WIN_20260823_22_04_52_Pro_jpg,train,9802e67f949dec2be391d8dd447d554770b8c53dec21dd120bbeb240a7ecbae6,140,640,360,20,UNKNOWN
WIN_20260823_22_04_54_Pro_jpg.rf.53e4621c62d7cf31148f06bc9611e3ab.png,WIN_20260823_22_04_54_Pro_jpg,train,bf17bb8d03036a78dd7d7c354994030976fc51f2e34c511c21476bdd70a6e8b2,140,640,360,18,UNKNOWN
WIN_20260823_22_04_56_Pro_jpg.rf.39da67eb0bffdc64ace9b43f918e70e4.png,WIN_20260823_22_04_56_Pro_jpg,train,7151c27a3abd0d59df9347444b8e8d8ebeccad2c7e7a948401d40ad4d38528ac,140,640,360,15,UNKNOWN
WIN_20260823_22_04_57_Pro_jpg.rf.54bb772e617e6b1ed8e3b466f6a6cb71.png,WIN_20260823_22_04_57_Pro_jpg,train,70db34a0702c73069fa0f592e9e039cdd826c374f7f85916a443e35c391299bf,140,640,360,19,UNKNOWN
WIN_20260823_22_04_59_Pro_jpg.rf.005c89c428ba3d32bb8ce0ce080f975a.png,WIN_20260823_22_04_59_Pro_jpg,train,ede6445e4b4d0be6ad4415adec3ed91ebc3d69af75bbdae41f11646ffb186d0d,140,640,360,18,UNKNOWN
WIN_20260823_22_05_00_Pro_jpg.rf.2637ecbc4e2f70b2666e0a7ad41ef438.png,WIN_20260823_22_05_00_Pro_jpg,train,cf4d2e7dd108083065b5983e0d868f0836b6eb21f0d4ce502c3a1d0261fd0d3b,140,640,360,17,UNKNOWN
WIN_20260823_22_05_02_Pro_jpg.rf.412b7c8db410dca0174ffe5ab98c7c62.png,WIN_20260823_22_05_02_Pro_jpg,train,7763fefe834a69b69abd8696bee05a9c6e39aa50473f6ceff32424e0493a53de,140,640,360,14,UNKNOWN
WIN_20260823_22_05_03_Pro_jpg.rf.10fe0cc7d58ef5b8cd67b4ea44677cb4.png,WIN_20260823_22_05_03_Pro_jpg,train,8326d5e32b26367ee59529f2873706f5286f0d421eb6350726fc5625ef82cf0a,140,640,360,13,UNKNOWN
WIN_20260823_22_05_04_Pro_jpg.rf.072352670484fd21deb96e67188d6f56.png,WIN_20260823_22_05_04_Pro_jpg,train,fa4510474df903f60d400c5fecf3f0549335ce96b9305bddcce03b3ff032c1e0,140,640,360,12,UNKNOWN
WIN_20260823_22_05_22_Pro_jpg.rf.1929a38230d7d7668456d5f6d272b482.png,WIN_20260823_22_05_22_Pro_jpg,train,5c07141caec9522cb2ace685b3a5956e2e2367acafc20efd21ab75308f53b57d,140,640,360,16,UNKNOWN
WIN_20260823_22_05_23_Pro_jpg.rf.45456aaf9002a2a64b7df466c419d8ec.png,WIN_20260823_22_05_23_Pro_jpg,train,a33036f4366d3955a81bcd5a6c8714875877cc68960d1d7d204716e58214f98a,140,640,360,16,UNKNOWN
WIN_20260823_22_05_24_Pro_jpg.rf.538b748363c81a91b655bcda4f4ece80.png,WIN_20260823_22_05_24_Pro_jpg,train,f6f5c38a2ce07f7f135f97de76cb02f84b24fc7311019c04b97100b8844b025d,140,640,360,18,UNKNOWN
WIN_20260823_22_05_31_Pro_jpg.rf.5b66f4c31cc74ead1860d26a2dba21df.png,WIN_20260823_22_05_31_Pro_jpg,train,87c1165697e46f5439109623445b8e1a70dc61077ecf2fa1df71c91a723de99f,140,640,360,21,UNKNOWN
WIN_20260823_22_05_34_Pro_jpg.rf.1c76f6998db8024fcd92365fde547a93.png,WIN_20260823_22_05_34_Pro_jpg,train,560310fdba520d58900a9195a3495a4f8a6b651407f396a04ebec3d3aed030ba,140,640,360,19,UNKNOWN
WIN_20260823_22_05_35_Pro_jpg.rf.66d829c81b66bf5a930fd5fb1fd2f89b.png,WIN_20260823_22_05_35_Pro_jpg,train,b7bffd5cf1e9d955cdb643474dfc8f952f2f49191dc469cdbe59eefdbc42f8a7,140,640,360,20,UNKNOWN
WIN_20260823_22_05_36_Pro_jpg.rf.165828e45278bbab7b2532821e080890.png,WIN_20260823_22_05_36_Pro_jpg,train,c45a5e4a629a15a02a05b5eb982e6d8e08b6af2181dfc43b44f99093f9a05015,140,640,360,19,UNKNOWN
WIN_20260823_22_05_41_Pro_jpg.rf.78b4d10ee3a444724ba53327f40840c2.png,WIN_20260823_22_05_41_Pro_jpg,train,41448839ac51dc4955b308999a5d973fe525c17f25ee1caa47ade6c079f45513,140,640,360,17,UNKNOWN
WIN_20260823_22_05_47_Pro_jpg.rf.4db9c4d1f24a12e17a4791a70af0095a.png,WIN_20260823_22_05_47_Pro_jpg,train,ce801a60f85ff8fc653f672a9ec9519b4311e660e299b7cce385eaab87b2b48b,140,640,360,17,UNKNOWN
WIN_20260823_22_05_49_Pro_jpg.rf.1a6c15cd65d6d142b7639413f4025bd3.png,WIN_20260823_22_05_49_Pro_jpg,train,cad3c48476cf77b5d43be2fad94d4ce4954dcb3478f0c7b24b90cd73ab5a0a8c,140,640,360,20,UNKNOWN
WIN_20260823_22_05_50_Pro_jpg.rf.7a37d8fe324cb63cb04b18c688621d9b.png,WIN_20260823_22_05_50_Pro_jpg,train,a1b81d679e053739acf2eb67a76d36d6433219f6dfbd4edeeba2b2337dc61e23,140,640,360,16,UNKNOWN
WIN_20260823_22_05_52_Pro_jpg.rf.62cd6d1de233e8bad48b6fd1047119c5.png,WIN_20260823_22_05_52_Pro_jpg,train,9ef9fdaefb4f9e49e392bf7450520871ddf3745e89887df9c3af44848427098d,140,640,360,20,UNKNOWN
WIN_20260823_22_05_53_Pro_jpg.rf.2b12e7fc0068821391bf0f00d3fd938c.png,WIN_20260823_22_05_53_Pro_jpg,train,466b00d316d533ef2ac0f8032630125bc147c3615fdf3fbc98d2923a2c1fe811,140,640,360,19,UNKNOWN
WIN_20260823_22_05_58_Pro_jpg.rf.6b8d374479768f1b818950b410708f40.png,WIN_20260823_22_05_58_Pro_jpg,train,3fe3f0fffcf5b343991dd381a3fc97935793d70b8499d2da19c254f892dad79a,140,640,360,15,UNKNOWN
WIN_20260823_22_05_59_Pro_jpg.rf.79d3d982313cef3b65065c5fc850c42f.png,WIN_20260823_22_05_59_Pro_jpg,train,40558ae4b3623746f83f68deaaa81d8046b14bf3b0419a86a5e5eca9a18bd1b2,140,640,360,21,UNKNOWN
WIN_20260823_22_06_00_Pro_jpg.rf.0f79a7039f95d299531bcc0429c48966.png,WIN_20260823_22_06_00_Pro_jpg,train,cde4b47cc4252fa8e22280adc33ec8afb947b07ad9d4f8ff1938b8df726b92d6,140,640,360,18,UNKNOWN
WIN_20260823_22_06_01_Pro_jpg.rf.5a129a3057a3da39b2a2277b2c7efec2.png,WIN_20260823_22_06_01_Pro_jpg,train,911162b980ae8e85f332b389f9352fccad7d8b3fb71ff8a2beb44c664ed92aa5,140,640,360,17,UNKNOWN
WIN_20260823_22_06_05_Pro_jpg.rf.1b9b90ac5efb9b4bcb1cf77635fa828e.png,WIN_20260823_22_06_05_Pro_jpg,train,08882fb190062af10b686a823f64c15aca4fe75889bd15cff3cf03bcf8354dc6,140,640,360,16,UNKNOWN
WIN_20260823_22_06_06_Pro_jpg.rf.03c32a07307fd362ded0c941aa68aedd.png,WIN_20260823_22_06_06_Pro_jpg,train,b79a742d40e021bcdd2f2a2368d6e9f33cad708d3abe6bd3477548b647fac40b,140,640,360,18,UNKNOWN
WIN_20260823_22_06_07_Pro_jpg.rf.8184e05a7a34f9d4a38b45529761e46b.png,WIN_20260823_22_06_07_Pro_jpg,train,d048e54b2e1db1b2ec8584bfc2257a8b3b9bb5e06a7e807b84bab437c488f692,140,640,360,18,UNKNOWN
WIN_20260823_22_06_08_Pro_jpg.rf.2d0e939035d0db969bea9a1eb623da56.png,WIN_20260823_22_06_08_Pro_jpg,train,d305c3a21c1a2776c24adfcc90a409731fd29b531741685bbafe5a6dcd8cdd07,140,640,360,18,UNKNOWN
WIN_20260823_22_06_10_Pro_jpg.rf.079d391551771cf7d2fce379e1e33824.png,WIN_20260823_22_06_10_Pro_jpg,train,6952ae30b48e932d72a801a1b4845dd558c83f1112dcf3aac9e39abe40e0b9ce,140,640,360,17,UNKNOWN
WIN_20260823_22_06_13_Pro_jpg.rf.b017a374eb4f4f97ca2780eb9299de0d.png,WIN_20260823_22_06_13_Pro_jpg,train,838ef422557b75b8a4f415d5c5208b030d5bcfde293a58bea3ba00e0d77f27ab,140,640,360,19,UNKNOWN
WIN_20260823_22_06_15_Pro_jpg.rf.bcc3c3beb776a3e631fb34298d0d81d3.png,WIN_20260823_22_06_15_Pro_jpg,train,6210fe337e4c42d5eab7a1cb44acc8a42beec2212ae6c0b2dde76abbea3bb91d,140,640,360,20,UNKNOWN
WIN_20260823_22_06_16_Pro_jpg.rf.06602671168fcde9d20433ea0aa98a7a.png,WIN_20260823_22_06_16_Pro_jpg,train,ce121dedc792266942b301f18eeb7a1d6b6173b2b97d3cfaa2617aeceb6afc5f,140,640,360,19,UNKNOWN
WIN_20260823_22_06_19_Pro_jpg.rf.7822d36ffe015ec516977c83c8cef364.png,WIN_20260823_22_06_19_Pro_jpg,train,747e4f0287c3b9876cb4730cb681db96d9e6d3a59a868708b0e04704825bb6c1,140,640,360,19,UNKNOWN
WIN_20260823_22_06_20_Pro_jpg.rf.346f0ab03de3ef778310beec305bc3b3.png,WIN_20260823_22_06_20_Pro_jpg,train,8ee7e403716f3968925c607e7ae8ca7c26b32635415d4c82e535be09a23e9715,140,640,360,18,UNKNOWN
WIN_20260823_22_06_21_Pro_jpg.rf.2b63c9e9aa83af0170c1ea15eada300f.png,WIN_20260823_22_06_21_Pro_jpg,train,81a262693a9b3b15b0c011723264b3f94d47f173367608a21c62d49f29187cde,140,640,360,17,UNKNOWN
WIN_20260823_22_06_22_Pro_jpg.rf.5a17b2e30f9b7651b3549a3f0b231451.png,WIN_20260823_22_06_22_Pro_jpg,train,fd9ba52704df509fe2f6af54d7b3e3f5b27f01da3f15340212f377ac002aa2a3,140,640,360,16,UNKNOWN
WIN_20260823_22_06_23_Pro_jpg.rf.7d4a5f4737693353d0986a519afd64e3.png,WIN_20260823_22_06_23_Pro_jpg,train,46e24bad1d071d6af7fae12802861d586294bb479695e7a5e3e2c9ec65b8d267,140,640,360,15,UNKNOWN
WIN_20260823_22_06_24_Pro_jpg.rf.19b8f878826e29db1080bd2b9b4188e2.png,WIN_20260823_22_06_24_Pro_jpg,train,dc1c83a6914239dc150d0fb48aebdb42ec2f181659b5eb527ab63c999411a531,140,640,360,15,UNKNOWN
WIN_20260823_22_06_26_Pro_jpg.rf.aa111d56cc33f91707366e753c963df3.png,WIN_20260823_22_06_26_Pro_jpg,train,4e47812e2020861b1ca9188880d9e36a99af19813d2b6431f17a79153c36a5dc,140,640,360,15,UNKNOWN
WIN_20260823_22_06_28_Pro_jpg.rf.336110d8ea0891c7ad729fffbe5885fd.png,WIN_20260823_22_06_28_Pro_jpg,train,86ad281639b67e501d0d824232808d2fda5b3cd043b0bd9d5d5b0c4531173c47,140,640,360,16,UNKNOWN
WIN_20260823_22_06_29_Pro_jpg.rf.d68b566b5140fbf60c2a7ff00f249995.png,WIN_20260823_22_06_29_Pro_jpg,train,3c3007c2be594358f059739640506b6af11bfa6ee3f6b000204225b4cb63394e,140,640,360,16,UNKNOWN
WIN_20260823_22_06_31_Pro_jpg.rf.a7c24beef9be93a316f4e64a00fae276.png,WIN_20260823_22_06_31_Pro_jpg,train,50476287f564d19fa5814d622d7c7cb4f1d35639b12e533eb7af5163c894e38d,140,640,360,16,UNKNOWN
WIN_20260823_22_06_32_Pro_jpg.rf.121e69d991eb80a4606c1bc19c63d9d8.png,WIN_20260823_22_06_32_Pro_jpg,train,35673a4bea14802f1ee707679d1cf119bad5d6d23ec6575894ee19dc958662d3,140,640,360,15,UNKNOWN
WIN_20260823_22_06_33_Pro_jpg.rf.0ed060b2edb84030dcb0ade025e7ad4d.png,WIN_20260823_22_06_33_Pro_jpg,train,df3eec1d436d0ef060ceb67d87ea47464e2559d33ed9566de2d8db895e825d88,140,640,360,18,UNKNOWN
WIN_20260823_22_06_36_Pro_jpg.rf.3648d67b64f7d9f94203877719a07d18.png,WIN_20260823_22_06_36_Pro_jpg,train,b8bd525ec40c69b56c7cd4a1206d5c5ac695e82a0d3dd9d625e7c1e338486d46,140,640,360,14,UNKNOWN
WIN_20260823_22_06_37_Pro_jpg.rf.2e904a21a63fc49a859c76dd19246096.png,WIN_20260823_22_06_37_Pro_jpg,train,8194f7977743543923850972bcd1bd30b4b0623f803532d4f1310894f7248e11,140,640,360,15,UNKNOWN
WIN_20260823_22_06_38_Pro_jpg.rf.5edbfd1c5229cbe9839b83b045c740d2.png,WIN_20260823_22_06_38_Pro_jpg,train,95587679c7af55c383420916c7bf1c3b9d947492eb1f062e5d00d90d6f4820dd,140,640,360,16,UNKNOWN
WIN_20260823_22_06_40_Pro_jpg.rf.f1729a6afd1cd8f4659226d6a0306bbc.png,WIN_20260823_22_06_40_Pro_jpg,train,8cb71d846ec45414c972359a6beb434b6994780c7a2a368692575f6b49506e2e,140,640,360,17,UNKNOWN
WIN_20260823_22_06_41_Pro_jpg.rf.f6e48b936a8108f0f04b681222e7b52b.png,WIN_20260823_22_06_41_Pro_jpg,train,f71c8e460811477ea039a9e94ca4b877ea2bb9ee0cd7b3bb6460f18eb7b2b6b0,140,640,360,16,UNKNOWN
WIN_20260823_22_06_42_Pro_jpg.rf.53fab639b9eab0c138e7ca0420928c79.png,WIN_20260823_22_06_42_Pro_jpg,train,0e2a501fdfbcbd816ce7db69db64ceabbdee7548e53e0c024594e526dfb3948f,140,640,360,19,UNKNOWN
WIN_20260823_22_06_43_Pro_jpg.rf.1b1c0fdcec3a239c4a2b582b0a1724a9.png,WIN_20260823_22_06_43_Pro_jpg,train,379cc7fbabb6e3b71885193fccae620182b8c2d98ff8338d23afa2b0d4e44192,140,640,360,17,UNKNOWN
WIN_20260823_22_06_45_Pro_jpg.rf.051ff29a2dd45c13afc57f94e4505491.png,WIN_20260823_22_06_45_Pro_jpg,train,d500b0205c93b52d4ae162eb3ca28ef423d91fe408a1c8f976c640cfcfa58ef6,140,640,360,16,UNKNOWN
WIN_20260823_22_06_47_Pro_jpg.rf.45ac900ec1c64a6cb5842bc7c9699696.png,WIN_20260823_22_06_47_Pro_jpg,train,870428e146771462f433e1e799bcd9bb7b6022d4af3e3704e0ebed3b52e59be7,140,640,360,17,UNKNOWN
WIN_20260823_22_06_48_Pro_jpg.rf.7bda16634fa08007d2c119ce13643994.png,WIN_20260823_22_06_48_Pro_jpg,train,ab63e1bfab59dfab01b00bab69197ab1f6870b48d6b187b3603fa3fa18b1de61,140,640,360,19,UNKNOWN
WIN_20260823_22_06_50_Pro_jpg.rf.b5b02d985aa013ddec11830721561706.png,WIN_20260823_22_06_50_Pro_jpg,train,67451fdc74d58fe8e6a86746018cc0a7209ece26ee425f81288deeaf95d46f82,140,640,360,18,UNKNOWN
WIN_20260823_22_06_51_Pro_jpg.rf.27ee58006bb757a263e1657466e1f83e.png,WIN_20260823_22_06_51_Pro_jpg,train,a7c976d664736c099e7ad6bf4d268bb60ec22ae2ef7f86b65a9df7a9ffd3a1de,140,640,360,18,UNKNOWN
WIN_20260823_22_06_52_Pro_jpg.rf.183ee10e5df3c88f5c2241a28922ab14.png,WIN_20260823_22_06_52_Pro_jpg,train,c92aa4ad5f3a042cc0a87a6293df1574fa8fca5129eeecfcb650e7023f8feeab,140,640,360,18,UNKNOWN
WIN_20260823_22_06_53_Pro_jpg.rf.75899ebe1d649540c6ee7e7b883a425d.png,WIN_20260823_22_06_53_Pro_jpg,train,011bc04620605b7f35dafeafcfed8c2f863d87b89432acea2d6fdfe0d5572c67,140,640,360,19,UNKNOWN
WIN_20260823_22_06_56_Pro_jpg.rf.15235112e87d84e132532f0186f26bed.png,WIN_20260823_22_06_56_Pro_jpg,train,ece82b993f84ef349991b5a702499f9bf0be3f670d4125fbfa2df82287923abe,140,640,360,18,UNKNOWN
WIN_20260823_22_06_57_Pro_jpg.rf.1eed18429f3cc64d214ff26ec9fb37c6.png,WIN_20260823_22_06_57_Pro_jpg,train,1c4f5d806b38e5268329cdc6d025566f80249c42dcd62b6a47b40c0217be694f,140,640,360,18,UNKNOWN
WIN_20260823_22_06_58_Pro_jpg.rf.3497ce6815bfe128ce01c0f95ea3b300.png,WIN_20260823_22_06_58_Pro_jpg,train,ca686fbbe47482775b6c7dfdcbfcd61987c1d54f29f0c923b1f1bd9da7acff29,140,640,360,17,UNKNOWN
WIN_20260823_22_06_59_Pro_jpg.rf.1e5bc4f32bc0ffc806956589ca68dc5b.png,WIN_20260823_22_06_59_Pro_jpg,train,726770c78ac5b9dd38bffcf4916566d685ed3397433d5f890f39d8cd28b1e1f4,140,640,360,17,UNKNOWN
WIN_20260823_22_07_01_Pro_jpg.rf.13f69f1dfcbb387e33397e07dccbb0cb.png,WIN_20260823_22_07_01_Pro_jpg,train,83e8da167078856dc2b75eaf8381e5c073d1e0253bb29eb55193418b695e1c9b,140,640,360,18,UNKNOWN
WIN_20260823_22_07_04_Pro_jpg.rf.5ce0eb5630ab544d62f2da232d7f1085.png,WIN_20260823_22_07_04_Pro_jpg,train,202b6d9d178c406ef453994c82d7d715bf85ea4603e9579fe5dc1e6c3ab2ebf0,140,640,360,19,UNKNOWN
WIN_20260823_22_07_05_Pro_jpg.rf.611a2852127d8709777799719c35df4c.png,WIN_20260823_22_07_05_Pro_jpg,train,9ae21de469a11e8be535be559041725dc3de7ed3ac6d4236cf245f7496a04a56,140,640,360,19,UNKNOWN
WIN_20260823_22_07_06_Pro_jpg.rf.258ca424a6401b4e88ce0b689ddddce4.png,WIN_20260823_22_07_06_Pro_jpg,train,ffd75f7f3a3bd366590b1b6bdd6a7d8ffe3546b2a463c3daff90c3353fca0d1b,140,640,360,20,UNKNOWN
WIN_20260823_22_07_08_Pro_jpg.rf.35cb5b16e94846a146f27a4e390526cc.png,WIN_20260823_22_07_08_Pro_jpg,train,7c3a711cdc0a595826e73cd1a9352773583f17c222e2bfc68f48ded1ff728e7f,140,640,360,20,UNKNOWN
WIN_20260823_22_07_09_Pro_jpg.rf.59b8d5b7255d94b0925bdd4c8736312d.png,WIN_20260823_22_07_09_Pro_jpg,train,33adeaa9c22969529cca2ac00d07f046e903c7cfdff1767d47fdfc3f34e871ba,140,640,360,19,UNKNOWN
WIN_20260823_22_07_10_Pro_jpg.rf.a129d11f892e49d33ce3c41ab16f0a98.png,WIN_20260823_22_07_10_Pro_jpg,train,4e1e37bbc28383cbeaf5fbf5b5b5af13ac936968fb322507ac705dc2523d12b9,140,640,360,19,UNKNOWN
WIN_20260823_22_07_11_Pro_jpg.rf.3e14820254d3844662aae19e9228f838.png,WIN_20260823_22_07_11_Pro_jpg,train,dfe64bfe143a2df3c5218be2bd305d01424a69bfea9f4b08d7148bff56a34e15,140,640,360,17,UNKNOWN
WIN_20260823_22_07_12_Pro_jpg.rf.0d71fc9ba0f55e9e16ed91792e6a0eda.png,WIN_20260823_22_07_12_Pro_jpg,train,6f897b905b7d83c48413b92d94011c1a6b099bc48b0a8881b2b0b29efa880ae0,140,640,360,20,UNKNOWN
WIN_20260823_22_07_14_Pro_jpg.rf.59b65e2f2888658e1fb921698c697943.png,WIN_20260823_22_07_14_Pro_jpg,train,1175ed7cc3e39be2796dc1e28fb9eb755e9d3c3653835a21c33c781539ca9212,140,640,360,18,UNKNOWN
WIN_20260823_22_07_15_Pro_jpg.rf.4e49af592d25d0d3864190878901bf6c.png,WIN_20260823_22_07_15_Pro_jpg,train,f2d5904eef629064c6f7d6311ae965dc4846cd6e325a7f7592332a7331d20ad8,140,640,360,20,UNKNOWN
WIN_20260823_22_07_17_Pro_jpg.rf.33b2c3ab5c46b88c747755140a1199b4.png,WIN_20260823_22_07_17_Pro_jpg,train,7f409807d9bcf785645a66f0c737fa34aa2236ff2d2d9fcedbcd1d0a96427865,140,640,360,17,UNKNOWN
WIN_20260823_22_07_18_Pro_jpg.rf.1fca4d06db9a981e5e6ff62c14af1a9a.png,WIN_20260823_22_07_18_Pro_jpg,train,86cd6630aa0956cceed4288724eca325d319eac12d3d2685dd113ad56ebc297c,140,640,360,20,UNKNOWN
WIN_20260823_22_07_20_Pro_jpg.rf.1306a2eb0b2e8e8ba196eac10adedb89.png,WIN_20260823_22_07_20_Pro_jpg,train,27127f489bd921191e5a3c38274e5e50dda32946080413233ddbf5674eded2ba,140,640,360,20,UNKNOWN
WIN_20260823_22_07_21_Pro_jpg.rf.167fb8768a69458336bb982df0836c8e.png,WIN_20260823_22_07_21_Pro_jpg,train,5fed066a68068db3b240fbe1045ba33cb85ac32fcfd271150203b74ddff38325,140,640,360,20,UNKNOWN
WIN_20260823_22_07_22_Pro_jpg.rf.353262aea7739b46260b2477f18a2151.png,WIN_20260823_22_07_22_Pro_jpg,train,91966bc123202908aa16f24f288e48fcda586e42a25468b94b79201b632f606f,140,640,360,21,UNKNOWN
WIN_20260823_22_07_24_Pro_jpg.rf.93ea66590b6a82009f91bd1d1ae97b0a.png,WIN_20260823_22_07_24_Pro_jpg,train,ce2dd04cb7661d5123342270ff9c5f37e4418fb5b34f4e8422a1a691d03e4ce1,140,640,360,16,UNKNOWN
WIN_20260823_22_07_25_Pro_jpg.rf.b134e34ee42f32a3564c789aeeb8983f.png,WIN_20260823_22_07_25_Pro_jpg,train,0c8b158d63ecea5b2bece91047e79f7d3fee4cf212ada8ad0092ec6d1239c908,140,640,360,17,UNKNOWN
WIN_20260823_22_07_26_Pro_jpg.rf.03b43baaedfea782d4062d9c49ab2e20.png,WIN_20260823_22_07_26_Pro_jpg,train,935f767758effec74bc13e681805f31bb7e12cba8b05497769e3ce371e0dafd3,140,640,360,17,UNKNOWN
WIN_20260823_22_07_29_Pro_jpg.rf.5a94c47b599783d81189d147b14420c4.png,WIN_20260823_22_07_29_Pro_jpg,train,e515bb8846ef5de4889cc981c93b68187192cafa0bb6ff7b857c927dad5e12be,140,640,360,17,UNKNOWN
WIN_20260823_22_07_30_Pro_jpg.rf.77ee8ffd5fd0e999131341ddc42a4b0e.png,WIN_20260823_22_07_30_Pro_jpg,train,8e1300fd10b73a664d4b45a7da12431ee8243a4f42dc9df7396aa7eca6e79fa6,140,640,360,18,UNKNOWN
WIN_20260823_22_07_31_Pro_jpg.rf.8ed1e04f894c83b0ffadc1400ca78ec1.png,WIN_20260823_22_07_31_Pro_jpg,train,0a8ed703756ca94b4efd9ef5323826545f263a0fc5d71d9352737d990555d9d1,140,640,360,17,UNKNOWN
WIN_20260823_22_07_32_Pro_jpg.rf.f169d936398c41306cd2c49d991e60c9.png,WIN_20260823_22_07_32_Pro_jpg,train,43390cf6fd3d51ed4b3221ea9063e831796299271c34edf71e30128eaf701507,140,640,360,18,UNKNOWN
WIN_20260823_22_07_34_Pro_jpg.rf.4c7574d970ed31b4d7847d7bd4ee990b.png,WIN_20260823_22_07_34_Pro_jpg,train,2d877ab0d961af71cceb448bb8605ccdbccc9fe8550546754a9fef20c7e03842,140,640,360,17,UNKNOWN
WIN_20260823_22_07_36_Pro_jpg.rf.0ef3784030da8183aafafac3911b22a7.png,WIN_20260823_22_07_36_Pro_jpg,train,a1972cbf2e0759e17fe35f9cb9c01d77cd827b3e30b3f87f38a2f4f43aaef2c8,140,640,360,17,UNKNOWN
WIN_20260823_22_07_41_Pro_jpg.rf.758d5b09ca7787d22041869f25bcfe47.png,WIN_20260823_22_07_41_Pro_jpg,train,48b4f660cf1653a2eac557c056c4ca9a6200007e7ae6306f107cb76261d3a28a,140,640,360,17,UNKNOWN
WIN_20260823_22_07_47_Pro_jpg.rf.2fcf1d4e5242fb83e8c5646019b7f3a6.png,WIN_20260823_22_07_47_Pro_jpg,train,7e01fd1e7eab27695d82ed9ce2507392a8abe0cec1dcbf669f81b173ca4a8a24,140,640,360,18,UNKNOWN
WIN_20260823_22_07_49_Pro_jpg.rf.0839606f576296d15b54f99f20403cac.png,WIN_20260823_22_07_49_Pro_jpg,train,4c04a974aae924dfcd1b0f1fd4b8afcffecf45a6d6caf51f04d300dbd329c4b8,140,640,360,18,UNKNOWN
WIN_20260823_22_07_50_Pro_jpg.rf.30c033f6ee6d273fcd057f6173b618e4.png,WIN_20260823_22_07_50_Pro_jpg,train,49998a73023bfa01799443e2637698c11f0ba739b781feca77f7d02fa34ee312,140,640,360,15,UNKNOWN
WIN_20260823_22_07_53_Pro_jpg.rf.1263a858afbd5f5f26999f1993f66ac3.png,WIN_20260823_22_07_53_Pro_jpg,train,45ecc0d2781f7ee8f4c2450dd8131d1b27732b23a2d5bf47e9deae8bb0ba0bb8,140,640,360,14,UNKNOWN
WIN_20260823_22_07_55_Pro_jpg.rf.374c4835a8915f3845d6e2ae68fb8c43.png,WIN_20260823_22_07_55_Pro_jpg,train,f77e76c278610ef73381429748edfcf53b719f9d8980995905ddb69cb45ec192,140,640,360,17,UNKNOWN
WIN_20260823_22_07_57_Pro_jpg.rf.0a41864dc555f234440e3ca46f138a7e.png,WIN_20260823_22_07_57_Pro_jpg,train,ada894384e41458e0ba5cbae8e58364e8b50f0426db09b8abcc29c8fc5e6ac71,140,640,360,18,UNKNOWN
WIN_20260823_22_07_59_Pro_jpg.rf.0447e38dee397f016514de242e4bb5cd.png,WIN_20260823_22_07_59_Pro_jpg,train,3f1cf2b0b2f4b91460e15deb249807f1c41b2943db269c202c700e6d514fd68f,140,640,360,18,UNKNOWN
WIN_20260823_22_08_00_Pro_jpg.rf.07f1a7eb814ab730ad8a23b838ce19d3.png,WIN_20260823_22_08_00_Pro_jpg,train,5ea2f0627e0438897cbad4378105b602f411f1bf58623c2f35b1cd8587a572f9,140,640,360,20,UNKNOWN
WIN_20260823_22_08_02_Pro_jpg.rf.8be1442da798ee49f3f3ddf436275cc9.png,WIN_20260823_22_08_02_Pro_jpg,train,d0a0d25b8fb6528bb63cc20d5ceedc7f4ac75d73da217bdcd3d290a9672beda0,140,640,360,16,UNKNOWN
WIN_20260823_22_08_03_Pro_jpg.rf.9ab1baf1aa1bed3e73eb3b6a2021c6f8.png,WIN_20260823_22_08_03_Pro_jpg,train,58ee5a334e1dee350bb2eab4f1bc6a6c0a59126209d8ff929c6afce3c15148e8,140,640,360,15,UNKNOWN
WIN_20260823_22_08_07_Pro_jpg.rf.e382f28f414e39b17ff959b5e55c6b85.png,WIN_20260823_22_08_07_Pro_jpg,train,77e1bdb32f8a4df9e11e82cbd5806a6ca319a5be4a2928c196a9e859da7d8097,140,640,360,16,UNKNOWN
WIN_20260823_22_08_09_Pro_jpg.rf.0b4ec9629bdef9610a5940bdabfb5c00.png,WIN_20260823_22_08_09_Pro_jpg,train,c12de4556aa151c1fb2f7d58fdb1622462b82f59cfc595a348dad52453982755,140,640,360,17,UNKNOWN
WIN_20260823_22_08_11_Pro_jpg.rf.800212138f091f3e136b7f2a0d653d6a.png,WIN_20260823_22_08_11_Pro_jpg,train,b3da41caa2608e7c60f2e1a6c34d3772846c751cc6e3b7fcb2359e17719c02bd,140,640,360,12,UNKNOWN
WIN_20260823_22_08_13_Pro_jpg.rf.1db589e93e5a23314ac0c180e85f2d70.png,WIN_20260823_22_08_13_Pro_jpg,train,780f318fa868a8f3833c7f8e0d526654923775ff4d1a9d60b9e246e50f9a3a83,140,640,360,16,UNKNOWN
WIN_20260823_22_08_21_Pro-2-_jpg.rf.3d691050253460b0382846feaa78b29f.png,WIN_20260823_22_08_21_Pro-2-_jpg,train,2d0be0c8e1e814cbe1b801fcae625281b49d4c895322121d1f38e33e250f863b,140,640,360,17,UNKNOWN
WIN_20260823_22_08_21_Pro_jpg.rf.492a82c9854930e9a142903c649b1fd4.png,WIN_20260823_22_08_21_Pro_jpg,train,cf1fcf1fcc432a7f3afe32fb8d2b12bb8853d56a600cf531e3efaa186ccda6e4,140,640,360,18,UNKNOWN
WIN_20260823_22_08_23_Pro_jpg.rf.06aaefdc43a89a264eca4c2ff84231be.png,WIN_20260823_22_08_23_Pro_jpg,train,0e15d48626a9fbc63ab98a9971075f1f0ea49485514dcc0bab3b23c9d91156dc,140,640,360,18,UNKNOWN
WIN_20260823_22_08_24_Pro_jpg.rf.29bf0cecbdec1ccc24e9007553203d6c.png,WIN_20260823_22_08_24_Pro_jpg,train,30e19b52bdc283919858fe2658c795b6aa3c764ce93cf83687e529b905c87417,140,640,360,17,UNKNOWN
WIN_20260823_22_08_28_Pro_jpg.rf.c75f01586cbfedb02cf19594d26d813e.png,WIN_20260823_22_08_28_Pro_jpg,train,56cbc14b34562b7162babe6e30e35d8a782efd1fe0420769711ddca55a88f7bd,140,640,360,12,UNKNOWN
WIN_20260823_22_08_29_Pro_jpg.rf.076fd5cc2055bea688268ccccbf3aa04.png,WIN_20260823_22_08_29_Pro_jpg,train,fec83ad9d2c996f4553e6861e90c8792e3fe5086606f6658663fa115528cefc0,140,640,360,17,UNKNOWN
WIN_20260823_22_08_30_Pro_jpg.rf.bdbee1834c23476886669f6b2b524a3e.png,WIN_20260823_22_08_30_Pro_jpg,train,cbcb94d152c0b5708fb5afb843923c70f78af5382dcc8dc430b6575b951eaa94,140,640,360,18,UNKNOWN
WIN_20260823_22_08_31_Pro_jpg.rf.11ddfe385edac3a08590b7155fbbac59.png,WIN_20260823_22_08_31_Pro_jpg,train,27572100422e27273da99f8d65fe73fdd1ee26403a178acde4d9df4430ce9b99,140,640,360,16,UNKNOWN
WIN_20260823_22_08_32_Pro_jpg.rf.1148d5f86ff88cfa3b9f9db72998481d.png,WIN_20260823_22_08_32_Pro_jpg,train,e3d87ba32ceb351db0505fed8f6d17ef16785ec130298d5af4850a57527dd826,140,640,360,15,UNKNOWN
WIN_20260823_22_08_34_Pro_jpg.rf.ab161fc4cf65bf6fd17a1a2d48733cdc.png,WIN_20260823_22_08_34_Pro_jpg,train,36486ba010e5026536339f241d9793911df6b2d9a83d62a89519d1c487132b81,140,640,360,14,UNKNOWN
WIN_20260823_22_08_38_Pro_jpg.rf.b013543da28264f8d3a950925f09c555.png,WIN_20260823_22_08_38_Pro_jpg,train,0d8598af7dd664589f29411944f201f5562ff9200b32e10520d1586806bf76a1,140,640,360,15,UNKNOWN
WIN_20260823_22_08_39_Pro_jpg.rf.121bc7c409d438f127aeb6621c8ca3dd.png,WIN_20260823_22_08_39_Pro_jpg,train,d6b8969b19d5e8d5227c65ed398f29304da1ac6b39ebe10848456381446f5a0b,140,640,360,13,UNKNOWN
WIN_20260823_22_08_40_Pro_jpg.rf.061b1676b39ad6cdcf50a65f911855c0.png,WIN_20260823_22_08_40_Pro_jpg,train,80de25c2f4f343546985ca8d236060b01681b9ef909e5f63df12dd3d9fc6d009,140,640,360,13,UNKNOWN
WIN_20260823_22_08_41_Pro_jpg.rf.44dc3fd918383ddb1aaebbebad4d6484.png,WIN_20260823_22_08_41_Pro_jpg,train,a3d60e72b805fa8bf25b92dcaff7f31faf6f1903f84e0f8a651bf92ca739f49c,140,640,360,14,UNKNOWN
WIN_20260823_22_08_43_Pro_jpg.rf.04ad6673fbaf24ba031dae7d3daee758.png,WIN_20260823_22_08_43_Pro_jpg,train,7a9c4dd5733e9167e59b82f4ffba3e9ea52a95790eb5fbf78d0fe6523bfde5c6,140,640,360,14,UNKNOWN
WIN_20260823_22_08_44_Pro_jpg.rf.79af3c695498cff52de936b8003e4dbf.png,WIN_20260823_22_08_44_Pro_jpg,train,7522fdaeacf91398f40e6125362b6c30eb197824e78fbfe44ad4b9a50bd4477c,140,640,360,13,UNKNOWN
WIN_20260823_22_08_46_Pro_jpg.rf.32e142515a59161a4d79bd11268fdff4.png,WIN_20260823_22_08_46_Pro_jpg,train,59b0cdad237d3e62b3c509fbddd7b19cf79257392656a3f53feb127f0791d28c,140,640,360,16,UNKNOWN
WIN_20260823_22_08_48_Pro_jpg.rf.a3b4a8264be5bfdbb300224e2e53bfb4.png,WIN_20260823_22_08_48_Pro_jpg,train,797a674f7df18b722c499bf1b20fe490b141641845ec7b7daba9673094d2a148,140,640,360,16,UNKNOWN
WIN_20260823_22_08_53_Pro_jpg.rf.b7d5b54113a298cc7af0593e046cb14c.png,WIN_20260823_22_08_53_Pro_jpg,train,b91b4b7abc8b6b4912860aca6f35995ee455897d24b3dbdf5d7c5ce89b826284,140,640,360,17,UNKNOWN
WIN_20260823_22_08_55_Pro_jpg.rf.9c478d909ad955d9230a2d97426d3ca4.png,WIN_20260823_22_08_55_Pro_jpg,train,218bc18eb64773bbc1bc5c06580e8325bad7e4cc551934b10dd19efe5596ba64,140,640,360,15,UNKNOWN
WIN_20260823_22_09_10_Pro_jpg.rf.aa463303da8fe73f8a77b5b36b12e32a.png,WIN_20260823_22_09_10_Pro_jpg,train,abb32c28ceed69751964bf0f2de851f722e6e821c571f4ee52a0219db534d7a2,140,640,360,15,UNKNOWN
WIN_20260823_22_09_12_Pro_jpg.rf.38a41d15fceb5b2b8774a2d9310a4a52.png,WIN_20260823_22_09_12_Pro_jpg,train,544ad4b97e9eb38599675bc68827797664b072236ae92e57ed1f668ef3018433,140,640,360,17,UNKNOWN
WIN_20260823_22_09_13_Pro_jpg.rf.4c600e3010904d1311a6d1f8909fa96f.png,WIN_20260823_22_09_13_Pro_jpg,train,737ff606d9b5003dede0a7347f39f3ae405181131938b3f5cb575ab0d74b7c7c,140,640,360,18,UNKNOWN
WIN_20260823_22_09_15_Pro_jpg.rf.77431572411fb9214612d15cdc725a0e.png,WIN_20260823_22_09_15_Pro_jpg,train,3d81438d67f3fa5405b948c99ebfee06c493d8d2b2b7df0ab7777bb40c23ccea,140,640,360,16,UNKNOWN
WIN_20260823_22_09_16_Pro_jpg.rf.39d581bda5dba982c282b591f9f21c5f.png,WIN_20260823_22_09_16_Pro_jpg,train,8f8ed22093f2162051e7683b56595415552a8c04bfb6002d750e987c2f84d0fd,140,640,360,18,UNKNOWN
WIN_20260823_22_09_17_Pro_jpg.rf.3baab60c6c97775a854bae0d91caec6b.png,WIN_20260823_22_09_17_Pro_jpg,train,842699c52a2a5d220f904b5a35bd3cd5a4597938eabe7e69d916de1770c1cd1c,140,640,360,14,UNKNOWN
WIN_20260823_22_09_19_Pro_jpg.rf.28116b3711dcc1ccff21eb0e53effa75.png,WIN_20260823_22_09_19_Pro_jpg,train,bd6aa28bc187345e84a1188ffcea331b72d98e5cc013c673fa05c9b7aecc53f8,140,640,360,15,UNKNOWN
WIN_20260823_22_09_20_Pro_jpg.rf.24b9cb7bb2722314c5659d786f060590.png,WIN_20260823_22_09_20_Pro_jpg,train,fa494c2af478b14b5ee3c142738fd1b19ad35cf8eeb1e2291bb7b57fd8406531,140,640,360,15,UNKNOWN
WIN_20260823_22_09_21_Pro_jpg.rf.22fb9bfebc96d2cbef4bd463dccd6ef3.png,WIN_20260823_22_09_21_Pro_jpg,train,838e6f6e9a10e66f69ff60fe3f838b6af5ba5f01c1e120a2ebf021b47293d64d,140,640,360,17,UNKNOWN
WIN_20260823_22_09_22_Pro_jpg.rf.45e5167b663490b135edfdd25cea16f7.png,WIN_20260823_22_09_22_Pro_jpg,train,d7c9ad24bb662b2bf6f912af7e990fbfd3dc824dfe7626993a84f61d31180bf7,140,640,360,11,UNKNOWN
WIN_20260823_22_09_25_Pro_jpg.rf.882c78f9487808db7c361399ce91825c.png,WIN_20260823_22_09_25_Pro_jpg,train,f6d9c20002f6609e5866279c31183286644b45f4753a00b09b7e37f243ceadd2,140,640,360,14,UNKNOWN
WIN_20260823_22_09_27_Pro_jpg.rf.ce29099562193954574117a4abc26406.png,WIN_20260823_22_09_27_Pro_jpg,train,f30ad321d780b2045f407cb7840dc4d1f9df3e63c57930393c44bb34df83e1a0,140,640,360,17,UNKNOWN
WIN_20260823_22_09_28_Pro_jpg.rf.23a4ff807e455329eff0d3320c08ac08.png,WIN_20260823_22_09_28_Pro_jpg,train,671c5de50e0caad7e63f98ca2d5b569eb036d0d528cd27e6a1a01310ffff19e3,140,640,360,16,UNKNOWN
WIN_20260823_22_09_29_Pro_jpg.rf.5231e6d1a7667a076fbff23b006903d4.png,WIN_20260823_22_09_29_Pro_jpg,train,d823529dfba12b3b17a5a0f96d23a6c93894760c1ac88e1a878f2009a32d20f2,140,640,360,15,UNKNOWN
WIN_20260823_22_09_30_Pro_jpg.rf.03962b6bafeadb9a65e61af089d00853.png,WIN_20260823_22_09_30_Pro_jpg,train,3cd4e750dff748d7d852702b42b2c18f666bf938ed16e7b189c1cd3c5212e48e,140,640,360,14,UNKNOWN
WIN_20260823_22_09_31_Pro_jpg.rf.4a39ea0f103bda4e475eebfef39d72ce.png,WIN_20260823_22_09_31_Pro_jpg,train,2acbc7bcc68bea8d09d8c4ba1a98719de43fde9f265ad2ee6fc474a71dc815f2,140,640,360,12,UNKNOWN
WIN_20260823_22_09_32_Pro_jpg.rf.0cd3b66434c499ff53a039e04fad91c1.png,WIN_20260823_22_09_32_Pro_jpg,train,09297ad6b6e77c94ddb1e35db45c008defdf4c9d85c1997d6f92b59c0f114f08,140,640,360,12,UNKNOWN
WIN_20260823_22_09_34_Pro_jpg.rf.5b4ee02a0f77df29287b889dd0d840e1.png,WIN_20260823_22_09_34_Pro_jpg,train,abe6adf32ff25a818693a7c3b59bb6826aee597b1c9bebe9ba4d5afad8330369,140,640,360,12,UNKNOWN
WIN_20260823_22_09_35_Pro_jpg.rf.2a92bd2738382a3bfebd402cd57ca1c7.png,WIN_20260823_22_09_35_Pro_jpg,train,a3731d7ed8d2703e5cc0f1e9f15ffd35298a5799cfc4c8af537c065fa7f365ac,140,640,360,11,UNKNOWN
WIN_20260823_22_09_38_Pro_jpg.rf.077137ceda3e505abb5c09258efce3bf.png,WIN_20260823_22_09_38_Pro_jpg,train,1ad0f5648efc372253038545b4657bc7572d72d0d6cb91be411195cb7517e452,140,640,360,11,UNKNOWN
WIN_20260823_22_09_39_Pro_jpg.rf.2f01101744378f18547c9ccdef48d922.png,WIN_20260823_22_09_39_Pro_jpg,train,e0128c1e832609dd6f5045b4f2694e61cbc9d8f6f04b011a8561df245a3b2bcc,140,640,360,14,UNKNOWN
WIN_20260823_22_09_40_Pro_jpg.rf.df1905743f226427c6b0ee1197f5052b.png,WIN_20260823_22_09_40_Pro_jpg,train,1e0f977e4c60526394ed2f0ad24576813e2821dd71ce9911af65f4c9ace3e991,140,640,360,15,UNKNOWN
WIN_20260823_22_09_41_Pro_jpg.rf.1c81bc37fa743699dc9a0204e1197afd.png,WIN_20260823_22_09_41_Pro_jpg,train,b04d11ccbdb969b79f1e07fc16dc5e1fe2f912bd360bc70249d2be768e3d0f73,140,640,360,15,UNKNOWN
WIN_20260823_22_09_43_Pro_jpg.rf.14900b807b7fcb498f832352142e4835.png,WIN_20260823_22_09_43_Pro_jpg,train,ee4e7fd4f2564921f8b35d2f1630fab7ecf1030daa0a981d7eeb641a1cdc12d2,140,640,360,15,UNKNOWN
WIN_20260823_22_09_44_Pro_jpg.rf.02e4bd9bc7c523cd91c8f4becfe27d8c.png,WIN_20260823_22_09_44_Pro_jpg,train,5c77daa4d4303b416f96dbbe4d37dd3ee9217dac4011a409584456c3439d1f2d,140,640,360,15,UNKNOWN
WIN_20260823_22_09_45_Pro_jpg.rf.637f907e3ad4cc258cb081e68afa96d6.png,WIN_20260823_22_09_45_Pro_jpg,train,ebe25550007e4cdf6997f37d8e43fbb62f0a99db816a703a33db9d658f6a31b2,140,640,360,14,UNKNOWN
WIN_20260823_22_09_46_Pro_jpg.rf.45328de64068375b96acae1052615b7a.png,WIN_20260823_22_09_46_Pro_jpg,train,c66ef499ee71c4bb6dfb2bbe011d2a372e2f39e73d9569fc2e03ed8b4d6a5753,140,640,360,15,UNKNOWN
WIN_20260823_22_09_50_Pro_jpg.rf.0815b1dbe2ad876a1b7dcdae46704d57.png,WIN_20260823_22_09_50_Pro_jpg,train,ea81ecc96cab5a7fd30d7a52148c9d4bd61af2d69d7af047b5b4b541ac8c4e87,140,640,360,16,UNKNOWN
WIN_20260823_22_09_51_Pro_jpg.rf.0b30425610004db2124f29b2f4fefff6.png,WIN_20260823_22_09_51_Pro_jpg,train,6999637494277a7874864bdd05c4fbffab387cd1e9261a4b8ba881900673a794,140,640,360,16,UNKNOWN
WIN_20260823_22_09_52_Pro_jpg.rf.f756dad30f4eaab3d8f1e97800981dd0.png,WIN_20260823_22_09_52_Pro_jpg,train,51fc3b5e884065e0bad6e99e130b95967639c2073a3bb581c4ced805aac9ba10,140,640,360,13,UNKNOWN
WIN_20260823_22_09_53_Pro_jpg.rf.005247bcae3af3f032baf0d59d73e67a.png,WIN_20260823_22_09_53_Pro_jpg,train,ba2b12c1f48221a797f642c42380cfae277be67e13dadb1901b59857840b7310,140,640,360,13,UNKNOWN
WIN_20260823_22_09_57_Pro_jpg.rf.0487151c3979be5116388907aca9e1eb.png,WIN_20260823_22_09_57_Pro_jpg,train,cb75891e68e0e5d76d0cff8bf0336a69f14c209862948ea7ad73759080cc31e0,140,640,360,9,UNKNOWN
WIN_20260823_22_09_58_Pro_jpg.rf.4095f3a1882b4bf71a6a9e05582f9539.png,WIN_20260823_22_09_58_Pro_jpg,train,341db1a114cad0256da3c3760d87bdf9a268161f22bc7bd396bfb5d87ab5f4ef,140,640,360,14,UNKNOWN
WIN_20260823_22_09_59_Pro_jpg.rf.0f656d59ca0baff95e748453df92099b.png,WIN_20260823_22_09_59_Pro_jpg,train,ad313c803f581b6d73a93b2783d975e36729fb280654a3c1884d7db5527f9abc,140,640,360,13,UNKNOWN
WIN_20260823_22_10_06_Pro_jpg.rf.452ac867b7bf10b2c0bd12bac4fab7be.png,WIN_20260823_22_10_06_Pro_jpg,train,ec01f72dbcc7af2628391c5cff2e6c880d422b1abd143c44fef695fb67c05dbd,140,640,360,13,UNKNOWN
WIN_20260823_22_10_26_Pro_jpg.rf.03f6996445db0467ea73bdf00a056d9d.png,WIN_20260823_22_10_26_Pro_jpg,train,ed88332750e0cc35ef1b1c25f3c53ff81d5690a8ae53a986d07c7709b27b9ffe,140,640,360,13,UNKNOWN
WIN_20260823_22_10_28_Pro_jpg.rf.14d6b612f6910853c0ce2367b50d0e0a.png,WIN_20260823_22_10_28_Pro_jpg,train,121752cd3e00a887f1c5c5347dc9a4a6669fc843259da57dc2985474a2dbc660,140,640,360,14,UNKNOWN
WIN_20260823_22_10_29_Pro_jpg.rf.774c0e5ced51f5ae6fa7606b02365f44.png,WIN_20260823_22_10_29_Pro_jpg,train,cb337ea18cc1a45b2a8d7991f8a983b4520bfbe63d2663e47168c781a11920bf,140,640,360,16,UNKNOWN
WIN_20260823_22_10_30_Pro_jpg.rf.6c07d46fe6128450647f036f7b8b627c.png,WIN_20260823_22_10_30_Pro_jpg,train,1fbdff22f456cadb6b2860f0b9383a53d239ceede96f1aaf0f9cdc3f6db394b2,140,640,360,15,UNKNOWN
WIN_20260823_22_10_31_Pro_jpg.rf.427650f3b90dc3163e00a06b8f43fe9e.png,WIN_20260823_22_10_31_Pro_jpg,train,2288a0b867eb45bdc8092afb477fdcac0997a0f0cc3b74b3b8f1b1f66f7f332a,140,640,360,13,UNKNOWN
WIN_20260823_22_10_32_Pro_jpg.rf.3334aa526077357f5dd291c150b03a1c.png,WIN_20260823_22_10_32_Pro_jpg,train,cae8f4145c65212ceddc4b6e3f385833c014cbe8cd98ede3422ecdcdb231ce47,140,640,360,13,UNKNOWN
WIN_20260823_22_10_34_Pro_jpg.rf.384fa3d8a9a64dc2c0925a428118e65f.png,WIN_20260823_22_10_34_Pro_jpg,train,2fe34d9b0bef9b82c6fac7a4b7d73d3881bc0d390f039e34182d233ae021ffa1,140,640,360,12,UNKNOWN
WIN_20260823_22_10_35_Pro_jpg.rf.70a40e900d2683b5681c74b277d058ee.png,WIN_20260823_22_10_35_Pro_jpg,train,9869c837596015967537f629c325132f1af741b1b7288e795f2174545b985102,140,640,360,15,UNKNOWN
WIN_20260823_22_10_36_Pro_jpg.rf.32f52911b085d267b80b60dcbcbca1df.png,WIN_20260823_22_10_36_Pro_jpg,train,5efd1bbf4eed8798ab73f62f272f67b0625dc9dda50c1184fa2b8ded9c1e9e17,140,640,360,14,UNKNOWN
WIN_20260823_22_10_38_Pro_jpg.rf.0ce48ba69f47dd821e49b411d283dfd3.png,WIN_20260823_22_10_38_Pro_jpg,train,a63b39cbce4193e1c58c87ec4dcc6de9fc71d85e8633bdace518564df8514067,140,640,360,13,UNKNOWN
WIN_20260823_22_10_40_Pro_jpg.rf.15c2a356b821d9c7a8a2f8ebe90b284d.png,WIN_20260823_22_10_40_Pro_jpg,train,de3707cb9373f37b2edece55ff3caeb5db849bff247d3c142ce2f7d6517289d7,140,640,360,10,UNKNOWN
WIN_20260823_22_10_43_Pro_jpg.rf.7dbd269c836ad6d3659612d62f37fd48.png,WIN_20260823_22_10_43_Pro_jpg,train,3fd03c1b6627286aa9dfba5c42b7d0604b0ac304017481f6d38acd14236b0a0f,140,640,360,12,UNKNOWN
WIN_20260823_22_10_44_Pro_jpg.rf.08fe2001e3b855554d432f6214d7804e.png,WIN_20260823_22_10_44_Pro_jpg,train,2fc19e2a9fc9c33c2f39332899c3583f576397325de196d9404d6d0387171b02,140,640,360,12,UNKNOWN
WIN_20260823_22_10_45_Pro_jpg.rf.acc45881221b969061ede686100f400a.png,WIN_20260823_22_10_45_Pro_jpg,train,554e3531e9530fd24d1fe22221b69c64e3c699be1be87b983ed6cc3456b4a0cb,140,640,360,11,UNKNOWN
WIN_20260823_22_10_47_Pro_jpg.rf.327307c5fffe8fd9cf46dda7656ae7b2.png,WIN_20260823_22_10_47_Pro_jpg,train,4df5f6830514347718a657b28b2c4b1f4d75bf413683a4f1b675ca7d73015fba,140,640,360,12,UNKNOWN
WIN_20260823_22_10_48_Pro_jpg.rf.603a097b08587df1f6f3e5155d2a0e43.png,WIN_20260823_22_10_48_Pro_jpg,train,d3ca71f6ccb7911e65065279d696b65255007aef105c6ff632a5d5442bc5fa73,140,640,360,10,UNKNOWN
WIN_20260823_22_10_49_Pro_jpg.rf.4dfb4c1a8ec002ffd26c0de14377e41c.png,WIN_20260823_22_10_49_Pro_jpg,train,8e02ae0ea61c3891b71739e83f8c5cb0bf863f28687a0e2b20a5f8bab42749b4,140,640,360,8,UNKNOWN
WIN_20260823_22_10_50_Pro_jpg.rf.7ae529c40883660268e081dd6d3c1c8e.png,WIN_20260823_22_10_50_Pro_jpg,train,52fcc5174123e750a43fe9b4f175c9a59eac3ed971e211d4e6a0f1f6486017da,140,640,360,12,UNKNOWN
WIN_20260823_22_10_52_Pro_jpg.rf.220be68ca16d9728303beb9d548df9c1.png,WIN_20260823_22_10_52_Pro_jpg,train,8f9484a5279042cb978986581bc2a2b62728eacaa9667a50234e468228b8ac74,140,640,360,9,UNKNOWN
WIN_20260823_22_10_53_Pro-2-_jpg.rf.6efcb74da2e3533b83ab5ba334156088.png,WIN_20260823_22_10_53_Pro-2-_jpg,train,128f3ed44adaea8c1c9a7094951a3a4dada0d89b4c84bc7675fd25183ed915b0,140,640,360,10,UNKNOWN
WIN_20260823_22_10_53_Pro_jpg.rf.3294631295d07e2114b0ab29d2bc96c5.png,WIN_20260823_22_10_53_Pro_jpg,train,57b3d931bf303776327135883373eaa1da4bb3e5719c78ba20ed6fdd8f78c43b,140,640,360,9,UNKNOWN
WIN_20260823_22_10_55_Pro_jpg.rf.cd91726520a068d731b83214fc7f7c5b.png,WIN_20260823_22_10_55_Pro_jpg,train,13583bff6d66fa55b0fba00ec5834d749ba43b9fc6767afb87cda7850e4162eb,140,640,360,8,UNKNOWN
WIN_20260823_22_10_56_Pro_jpg.rf.06b460d836030dd248e2ddd0e93095aa.png,WIN_20260823_22_10_56_Pro_jpg,train,9f69ccca570ec3e0b07cb80ffa13a98b7703a99299287c33ae967c3910ecac87,140,640,360,11,UNKNOWN
WIN_20260902_18_03_39_Pro_jpg.rf.16881d26306f0d27a65caf3d9868f9de.png,WIN_20260902_18_03_39_Pro_jpg,train,c15be3ce5fe31571104a8aa7f0363ca2b33526cb78466016bb242b1d517c57cb,140,640,360,14,UNKNOWN
WIN_20260902_18_05_42_Pro_jpg.rf.39e8646454b0b936dccd6986031029f3.png,WIN_20260902_18_05_42_Pro_jpg,train,badb658845995d3de73f256cb38ba0186d7622f366bf98544197ae25b97cc2d0,140,640,360,13,UNKNOWN
WIN_20260902_18_05_55_Pro_jpg.rf.0eff26fe05b8b9b38d0a87e57b2fcafa.png,WIN_20260902_18_05_55_Pro_jpg,train,f9da6399173bdd62cd1983f86408a686072be9192e12bdab1fc77623e1254ccd,140,640,360,13,UNKNOWN
WIN_20260902_18_06_06_Pro_jpg.rf.36e93bbf2b8f7b900621d6501a30a2bd.png,WIN_20260902_18_06_06_Pro_jpg,train,0272a0d2884bbd0e6dd3aa052ac2cddba927e513979402d66c85dc44432495da,140,640,360,13,UNKNOWN
WIN_20260902_18_06_21_Pro_jpg.rf.21d781a5a7821488644c0810832740e4.png,WIN_20260902_18_06_21_Pro_jpg,train,8509fa8b186c31b2cba5b2a88697ea3699d2defb10ae8f328f779cdeee2ffbdf,140,640,360,14,UNKNOWN
WIN_20260902_18_06_31_Pro_jpg.rf.5328a095d5285d2926a468ee2eac5ad9.png,WIN_20260902_18_06_31_Pro_jpg,train,30d1ecd89f7492321845d888948b0fd925c72458a218c0b93e6062e36a82cdf0,140,640,360,13,UNKNOWN
WIN_20260902_18_06_49_Pro_jpg.rf.21684bc0a6efa6b7c59a6a439c48972e.png,WIN_20260902_18_06_49_Pro_jpg,train,5b4fb45db5ea5eb5a6f42b58a57bee131b42b83a3295853bddfa9bd299c27174,140,640,360,12,UNKNOWN
WIN_20260902_18_06_57_Pro_jpg.rf.0cce1f16eec0e8aa7e455a11030cc3ca.png,WIN_20260902_18_06_57_Pro_jpg,train,df1c1e6e6ae69e5b5328cd145cb3c950ef829ea5ceab73f229f8350e1d5cda8e,140,640,360,14,UNKNOWN
WIN_20260902_18_07_14_Pro_jpg.rf.2d5bf49f683e17bbfa3279c411204417.png,WIN_20260902_18_07_14_Pro_jpg,train,14951a1d2b119526b0187c43c8870853e26246aec345a125e212a830d5195f8a,140,640,360,13,UNKNOWN
WIN_20260902_18_07_27_Pro_jpg.rf.6a0354f01d30af12e7197e8dfbacaeec.png,WIN_20260902_18_07_27_Pro_jpg,train,87e263b5f0bb2ea60a784486d32ab7f6effdc16ad729262a487a767af448642e,140,640,360,13,UNKNOWN
WIN_20260902_18_07_40_Pro_jpg.rf.522f8ed2ec8d05418297386606402be8.png,WIN_20260902_18_07_40_Pro_jpg,train,c97785e0bda3b81c14292ef58d31041abd1b36b5385afe363ee68e8d817f6562,140,640,360,13,UNKNOWN
WIN_20260902_18_07_46_Pro_jpg.rf.4c8440655a5b29423e88759f126a34ca.png,WIN_20260902_18_07_46_Pro_jpg,train,ded57af4359f4a498842a7a57f7f6cf23e0b0fc1d75ca2519233557ca77ec244,140,640,360,12,UNKNOWN
WIN_20260902_18_08_00_Pro_jpg.rf.d3347cb17a2e7f7513f0007dccaddfbb.png,WIN_20260902_18_08_00_Pro_jpg,train,7dd56cc30c3cc51b4e1412ccc42440d04e9448b26c1ae629e127b93d580c46eb,140,640,360,11,UNKNOWN
WIN_20260902_18_08_30_Pro_jpg.rf.1f076c0380329e5048db6178cdf3cd47.png,WIN_20260902_18_08_30_Pro_jpg,train,6cd5b1eda4693c071d1905f96f9a6a6ae870d974c84d21be55fa371aff288a80,140,640,360,14,UNKNOWN
WIN_20260902_18_08_40_Pro_jpg.rf.2f7cf4c1027f43b25eec85c7266b40f0.png,WIN_20260902_18_08_40_Pro_jpg,train,0acf372c213dde3cd3172bae7b0c3d998d4b9db35e9d4b6dc1db183d45064a59,140,640,360,13,UNKNOWN
WIN_20260902_18_09_08_Pro_jpg.rf.0fa0618c66afb173bd5088dd9faa6cd4.png,WIN_20260902_18_09_08_Pro_jpg,train,71374888b5e58959081dd1981df06640eb09b34e0961f248682a34a4e1681626,140,640,360,13,UNKNOWN
WIN_20260902_18_09_17_Pro_jpg.rf.16a21faef6164387bccf292a218ee951.png,WIN_20260902_18_09_17_Pro_jpg,train,aa3f54707d6e1269043f4a567d9f97567ed38c20dd31ff741eabb14743969dda,140,640,360,12,UNKNOWN
WIN_20260902_18_09_29_Pro_jpg.rf.0cbb7477cc97685316aaed7292a45f67.png,WIN_20260902_18_09_29_Pro_jpg,train,1ae1a6cc541fe35254fb73729352cbe620ea1684df0e57afc271877488737007,140,640,360,13,UNKNOWN
WIN_20260902_18_09_47_Pro_jpg.rf.368afa41bf0d80719b65110aad1dae10.png,WIN_20260902_18_09_47_Pro_jpg,train,a3d824996a3e1c354383ac8cacf425018a7d325c18c33ff0a08d75c8a6814edb,140,640,360,12,UNKNOWN
WIN_20260902_18_09_57_Pro_jpg.rf.193029db23272e1cc99e37bc41cbe2d6.png,WIN_20260902_18_09_57_Pro_jpg,train,9a7856dba69f0374e8c4b91878232e06bd9d51b1b648722e17ece375c2c4b02c,140,640,360,13,UNKNOWN
WIN_20260902_18_10_13_Pro_jpg.rf.c5568182498e48338f7730386c383274.png,WIN_20260902_18_10_13_Pro_jpg,train,8144eab6cf3dd4a5332c2449f375577648e29830413792705e0d4cd2d38cb38b,140,640,360,14,UNKNOWN
WIN_20260902_18_10_22_Pro_jpg.rf.b81daced5787550072d63c7da8d52264.png,WIN_20260902_18_10_22_Pro_jpg,train,02bf660d4b18e651b262e948e768adb7b080ad7306400624bafebedcac03e830,140,640,360,14,UNKNOWN
WIN_20260902_18_10_30_Pro_jpg.rf.558438aa94d634f115be230b94293c7c.png,WIN_20260902_18_10_30_Pro_jpg,train,a522d456db13f6ae2f48e56d5ac869ccd080bdbf31c96704b921f5c0539779a8,140,640,360,13,UNKNOWN
WIN_20260902_18_10_50_Pro_jpg.rf.0eacfaa26dd3c3feb7c8a130871eec37.png,WIN_20260902_18_10_50_Pro_jpg,train,8b2a30278ea472ce05f07dbbbbaa81cfd756fae742caecd944929870ae78760f,140,640,360,13,UNKNOWN
WIN_20260902_18_11_26_Pro_jpg.rf.32cc2c76b771cccaaa80a6d431aa4fdf.png,WIN_20260902_18_11_26_Pro_jpg,train,a9c49fcf021126e62ac3a5c6d1bed2921f5a15060840144a963bcc2f7098ba24,140,640,360,12,UNKNOWN
WIN_20260902_18_11_41_Pro_jpg.rf.3b1793f6568dc066440340fcdb1e286f.png,WIN_20260902_18_11_41_Pro_jpg,train,e8c0b88423f33241544b363bcb5c6d8c4aa95fcb0404f6665e854c9f8d45e422,140,640,360,13,UNKNOWN
WIN_20260902_18_12_01_Pro_jpg.rf.20d7213101a79f273c57e9905199c695.png,WIN_20260902_18_12_01_Pro_jpg,train,6bb23a1167393e99715cb695c9d6a0dac6941e4c1e84285418f43fbe0a0c407e,140,640,360,13,UNKNOWN
WIN_20260902_18_12_13_Pro_jpg.rf.25eb4594c9ad45e83bdc49f5cda577f8.png,WIN_20260902_18_12_13_Pro_jpg,train,61b4e969398b08d5af85a169cbd663300dbdf35b17f6016eafa536a39c6bd1bc,140,640,360,12,UNKNOWN
WIN_20260902_18_12_28_Pro_jpg.rf.0df0ce1c1b60b6b880abda38eb6637d1.png,WIN_20260902_18_12_28_Pro_jpg,train,044cb5034aadd5ee604a0dd55c0ecfd778175c88a670a22f4425236a56c1126a,140,640,360,12,UNKNOWN
WIN_20260902_18_13_33_Pro_jpg.rf.90d07bd2878af5a8f7d12c38c8b24108.png,WIN_20260902_18_13_33_Pro_jpg,train,42eae0f2cc99a97123075750b1db302ac7d5ccb0bfebdfff31aafd6d50192b3c,140,640,360,11,UNKNOWN
WIN_20260902_18_13_50_Pro_jpg.rf.3b8407cc80e28ef03810fe8692a2891c.png,WIN_20260902_18_13_50_Pro_jpg,train,d53fd5f6525750c9e436ef44bfe1a039ea2bc6edfffe34d02092993bc4049932,140,640,360,14,UNKNOWN
WIN_20260902_18_13_59_Pro_jpg.rf.49b76bc26998fde3270c6e816e3586f7.png,WIN_20260902_18_13_59_Pro_jpg,train,53986e67653f2320b87fc6ea2e75728beb6fabe43fb914212b5aa1e7de8ac7c2,140,640,360,14,UNKNOWN
WIN_20260902_18_14_33_Pro_jpg.rf.34cf886592a6d10fb5df6c57b7a58b02.png,WIN_20260902_18_14_33_Pro_jpg,train,49a63dfbc3538631ffb4e4d6b56f8a7b72e1c1d71a41552b3732fcb8d5fbb7ae,140,640,360,11,UNKNOWN
WIN_20260902_18_14_46_Pro_jpg.rf.78093036c4ad9af204759ac19f1243bb.png,WIN_20260902_18_14_46_Pro_jpg,train,525d21b7d2ecc121050fb92f03adf775aea39af52d712545d0775259728213c6,140,640,360,13,UNKNOWN
WIN_20260902_18_14_59_Pro_jpg.rf.6fe07e88c01197b20a2abd85a970b4d0.png,WIN_20260902_18_14_59_Pro_jpg,train,a48148eb625a5c95b69e619044b75b3f616204aa417e3cd46c41427afafdf543,140,640,360,12,UNKNOWN
WIN_20260902_18_15_16_Pro_jpg.rf.1bd54c1980fd9e8375784ca6dc210c73.png,WIN_20260902_18_15_16_Pro_jpg,train,f42f30e7920aceaa021df20bc889339a51b880a4c8b796a08b507bf70e40b1bc,140,640,360,11,UNKNOWN
WIN_20260902_18_15_25_Pro_jpg.rf.628b3fb88f5c3ddcbc89ec29e8585c05.png,WIN_20260902_18_15_25_Pro_jpg,train,f46beb6f2ea43a90b1f702a2f32c0a2a8243f3de32b442b92b5c16d71247276d,140,640,360,10,UNKNOWN
WIN_20260902_18_15_45_Pro_jpg.rf.d0dbaeffdf8377fd8bdb3693bc1cf51f.png,WIN_20260902_18_15_45_Pro_jpg,train,99a21750cd8cb83803af4cf1ff833311255cd7ace5493c24060f6f8d1f5e6343,140,640,360,11,UNKNOWN
WIN_20260902_18_15_54_Pro_jpg.rf.0849d6a47a1c9b108581dacfd4497e16.png,WIN_20260902_18_15_54_Pro_jpg,train,f82416c62705bc0edf79125c97b7179b6d0add407075709361a3039b25569356,140,640,360,11,UNKNOWN
WIN_20260902_18_16_17_Pro_jpg.rf.1ad21f41ffdef5439a9b22b7a004e19f.png,WIN_20260902_18_16_17_Pro_jpg,train,f0f654a5a817c4c1f8a918b173b7d92172d4d58118ce95faaff40663ec30934c,140,640,360,12,UNKNOWN
WIN_20260902_18_16_27_Pro_jpg.rf.5ea014d858105b575998c38da13b5364.png,WIN_20260902_18_16_27_Pro_jpg,train,7ac5e6d347c842f921e3ef35743cf2e73593b4522529befc8f845021fca1893b,140,640,360,15,UNKNOWN
WIN_20260902_18_17_08_Pro_jpg.rf.45e3efe71c30ca65d6d361263e1d2d69.png,WIN_20260902_18_17_08_Pro_jpg,train,6b9fa9ba4223e36589af80a279e440ac9032dff6f541d62a0723e5dcd116fec5,140,640,360,11,UNKNOWN
WIN_20260902_18_18_08_Pro_jpg.rf.07c1cf297de373ef76334dfb08dd9523.png,WIN_20260902_18_18_08_Pro_jpg,train,8e17da3003a4fab5ad556ac8570fe5e7469cef2b234e0a95ebddec9963580280,140,640,360,12,UNKNOWN
WIN_20260902_18_18_19_Pro_jpg.rf.403b746eb3ce9c4cb6393e6cab5b367d.png,WIN_20260902_18_18_19_Pro_jpg,train,e61e6e63e010d1496d15e827d0165493602c36856234155fdf6dd45890b477df,140,640,360,10,UNKNOWN
WIN_20260902_18_18_29_Pro_jpg.rf.33cc3dcc0780a86e2b5c9dce2838a5b6.png,WIN_20260902_18_18_29_Pro_jpg,train,034b2a3d6a0019ec03edaee5da904fb92090b5949c143f8288b454dec678a43b,140,640,360,11,UNKNOWN
WIN_20260902_18_18_37_Pro_jpg.rf.65089293e18e4785b43def93b7802004.png,WIN_20260902_18_18_37_Pro_jpg,train,8174e381414526df501e781fa7081608a88aca8e963756950592c23200c94c6d,140,640,360,11,UNKNOWN
WIN_20260902_18_20_23_Pro_jpg.rf.5b277fc6ba557b80d7237309ca0bf851.png,WIN_20260902_18_20_23_Pro_jpg,train,f37c65e42af4fa5eafcd4ebc4d77996efd86a20aaa66e66bd1821278a39fc287,140,640,360,9,UNKNOWN
WIN_20260902_18_20_51_Pro_jpg.rf.07491862daf3cf9ba93ca23e923ed81a.png,WIN_20260902_18_20_51_Pro_jpg,train,cbde6f72dd9edb68ea239c1e9dab623ca8358ce6a41b783970f78f2bb9490644,140,640,360,11,UNKNOWN
WIN_20260902_18_21_14_Pro_jpg.rf.d3281d0dcad3942d7bc9b6c21c4bbd4f.png,WIN_20260902_18_21_14_Pro_jpg,train,8c91d9b8ad78e12cf51ba8c1e109956ba46533d22cc4637708169248c4e485ba,140,640,360,10,UNKNOWN
WIN_20260902_18_21_19_Pro_jpg.rf.857b812daca87ad04cfa3e0e18858637.png,WIN_20260902_18_21_19_Pro_jpg,train,b2d82ccfecea2a48c86cac30f1c27deabeea2bd8548f4fd0d7d81c3618f3c54e,140,640,360,11,UNKNOWN
WIN_20260902_18_21_25_Pro_jpg.rf.90dc7b942da3c0c00470400109081a82.png,WIN_20260902_18_21_25_Pro_jpg,train,535095290b119bf368ae136728a28638220ed1725f1e4c05882067030b14b231,140,640,360,9,UNKNOWN
WIN_20260902_18_21_33_Pro_jpg.rf.4819af48974d79cee85ad12eeac025e2.png,WIN_20260902_18_21_33_Pro_jpg,train,4a61147f9450af8503a108b22dcd8685748adde25aae3f6d07b4656c2fd7c734,140,640,360,10,UNKNOWN
WIN_20260902_18_21_40_Pro_jpg.rf.45a79681ceeca5b28b89a7f4b5182c8a.png,WIN_20260902_18_21_40_Pro_jpg,train,bcec280e6c4a1dd95a5269b5e08b9e97ceee94a30bcf3827890f2282b64bf44e,140,640,360,8,UNKNOWN
WIN_20260902_18_21_47_Pro_jpg.rf.258427d0544e995085e40cbef1a17149.png,WIN_20260902_18_21_47_Pro_jpg,train,95cdcdf7606dcf17543f3c57eb8e5576dd0af16756e33f943376bbadb8c0ae24,140,640,360,8,UNKNOWN
WIN_20260902_18_21_59_Pro_jpg.rf.837fd70ec9e2fbc9f979b706609e1f5a.png,WIN_20260902_18_21_59_Pro_jpg,train,4b361ae29a87e6f1004605dfc9f16dc24ed1fccac61f55e672952ff14ac0973d,140,640,360,10,UNKNOWN
WIN_20260902_18_22_31_Pro_jpg.rf.00428942b74f8fe5e593904c1eca0f8e.png,WIN_20260902_18_22_31_Pro_jpg,train,bf564f1851ea68d0d47f6f0f23b8340c16c3f5ddf1b1a587f10d27175918d418,140,640,360,10,UNKNOWN
WIN_20260902_18_22_40_Pro_jpg.rf.476774657b93ac3d6c6c48f3e823ec4e.png,WIN_20260902_18_22_40_Pro_jpg,train,272ee579a8eff954362a7ba87431c0acf1e72afdaef644e32b6d5049a3cf25da,140,640,360,11,UNKNOWN
WIN_20260902_18_22_48_Pro_jpg.rf.211d38009e861ccfadda9b50a9c46f67.png,WIN_20260902_18_22_48_Pro_jpg,train,2fb06e27c8b0a95b33741ff6f089164973845784d1dc99136df6dda7db391a45,140,640,360,7,UNKNOWN
WIN_20260902_18_22_55_Pro_jpg.rf.f60591bf4f7e1d642da5676760cacd44.png,WIN_20260902_18_22_55_Pro_jpg,train,0b408b7e85641566aed0fd200abf2dad08acd49d8cc4ecb4d3e739b70ec3663a,140,640,360,9,UNKNOWN
WIN_20260902_18_23_02_Pro_jpg.rf.effb3a1733f871f8ee9fe6cb040dc68c.png,WIN_20260902_18_23_02_Pro_jpg,train,d41a4eba81a621d67e7ab04cc1a5be6481f3d997ac8d65dc15e10113958b0368,140,640,360,8,UNKNOWN
WIN_20260902_18_23_42_Pro_jpg.rf.aeac6c53faa252b77744fc22576c65d5.png,WIN_20260902_18_23_42_Pro_jpg,train,8c50160b9af45a4440bbafbf4e4e3a58dcb1ba44280025ab04dc2b9ddb111413,140,640,360,8,UNKNOWN
WIN_20260902_18_23_56_Pro_jpg.rf.4b5e62206d7f2e687f7805c44838ffc6.png,WIN_20260902_18_23_56_Pro_jpg,train,6d73f90c6df14ccb87abffce0d0b5217853b5cfea8a04e331fc4ce29994b27b3,140,640,360,7,UNKNOWN
WIN_20260902_18_24_15_Pro_jpg.rf.5f6e391f0b5afa5863fd3235068364a3.png,WIN_20260902_18_24_15_Pro_jpg,train,9e85c29183ba369e931722cbf2db0c278a905718db977aaae980e757fb93bd42,140,640,360,10,UNKNOWN
WIN_20260902_18_24_24_Pro_jpg.rf.24c455fd151ca46c278830f0eff41000.png,WIN_20260902_18_24_24_Pro_jpg,train,55a00a26af8c8ddaa9407881f92ffc0c0545479f1f69ad15c81bbb42108c2dc2,140,640,360,10,UNKNOWN
WIN_20260902_18_24_30_Pro_jpg.rf.cf12906eb3e59d2167d0960de7bfccb2.png,WIN_20260902_18_24_30_Pro_jpg,train,4b1ce70bf44e6b4f6b23a323646e0f6e3a0978a212ee3c87a972e142a97c3c54,140,640,360,10,UNKNOWN
WIN_20260902_18_24_36_Pro_jpg.rf.93b9c1dcd338a2c7e3bdc498171af074.png,WIN_20260902_18_24_36_Pro_jpg,train,6843d6a5d69a3ac4d9a2b306a181393de24e73f736fea9ea8c87c160a791885c,140,640,360,7,UNKNOWN
WIN_20260902_18_24_44_Pro_jpg.rf.6d7d87547334d75b65ca5d8f95a2986c.png,WIN_20260902_18_24_44_Pro_jpg,train,9d39658de87461c9257d9efc5b1ad68daff347bb9ea2d5d3451f1e85ae7a19a0,140,640,360,10,UNKNOWN
WIN_20260902_18_24_55_Pro_jpg.rf.1481b899504ad2f48f24ae64b3f54fe5.png,WIN_20260902_18_24_55_Pro_jpg,train,6faaa702eed960e9770c184d54c0aafb8993fecabcbf716b05c235f48fa61ed9,140,640,360,11,UNKNOWN
WIN_20260902_18_25_02_Pro_jpg.rf.1c95c362b732bb420efe403b7a3d9659.png,WIN_20260902_18_25_02_Pro_jpg,train,f3dbdcaeaba82120758c03644eb154e82d9193f6b5c5e3c74c619a04864bccd4,140,640,360,11,UNKNOWN
WIN_20260902_18_25_06_Pro_jpg.rf.f077a8109c4eb1ec35f7780a917a425f.png,WIN_20260902_18_25_06_Pro_jpg,train,4a6c158dad575fb34a5740617b9858ccfef26ac2bb70256f712918b700bfa9f1,140,640,360,12,UNKNOWN
WIN_20260902_18_25_12_Pro_jpg.rf.3ab7923e131570df099cb55e90dc1090.png,WIN_20260902_18_25_12_Pro_jpg,train,893264bb51de76ea9014df0947f2c633dbd04896b6df46eb4b100536caa09ccc,140,640,360,10,UNKNOWN
WIN_20260902_18_25_17_Pro_jpg.rf.f9f066fbb093d4ab47012ea070bec389.png,WIN_20260902_18_25_17_Pro_jpg,train,fb54703deee4f57bd31ab1b1171d5a0f2418193cf97d65d07c2056e21083def4,140,640,360,13,UNKNOWN
WIN_20260902_18_25_23_Pro_jpg.rf.2853a3b2ab8e31beb5289e4ab70f9d29.png,WIN_20260902_18_25_23_Pro_jpg,train,318f713ac8939c0362449a238ffd6a352678a293821cb951d28fc10312cb6127,140,640,360,13,UNKNOWN
WIN_20260902_18_25_29_Pro_jpg.rf.17c183f13dabb82cdb0861031193f323.png,WIN_20260902_18_25_29_Pro_jpg,train,437171296f877e53ad05820c2538952ad1afca87a571172c39b6745e0854b3b2,140,640,360,11,UNKNOWN
WIN_20260902_18_25_37_Pro_jpg.rf.25cbe230151668b69d97dd5500af64c3.png,WIN_20260902_18_25_37_Pro_jpg,train,85a8ea3ac89d12d75fdc1beea94af07285b25ca47df90fab2c8e184b8ba3b99a,140,640,360,10,UNKNOWN
WIN_20260902_18_25_49_Pro_jpg.rf.6785ee01c0b48af61b5e314299345ca5.png,WIN_20260902_18_25_49_Pro_jpg,train,e97dcce0d58de6e8e208d4e775fc16f312f9146a00e5debd3dceae91a96bc640,140,640,360,10,UNKNOWN
WIN_20260902_18_25_57_Pro_jpg.rf.08fb5fd1ace47ec4727ddf91247a9d1d.png,WIN_20260902_18_25_57_Pro_jpg,train,151a20721012d40fc53d08dc1e165b9613009558669267b2369c64fbd655af54,140,640,360,8,UNKNOWN
WIN_20260902_18_26_48_Pro_jpg.rf.064f93facefe1aa362f2e611d80aa2e8.png,WIN_20260902_18_26_48_Pro_jpg,train,e958b81254e706bb21ae2ff00057db60d8204b07759c6d19d03a3dc79fbdb76d,140,640,360,10,UNKNOWN
WIN_20260902_18_26_57_Pro_jpg.rf.04d6521ccfd98f2b23a49e76c5c442bd.png,WIN_20260902_18_26_57_Pro_jpg,train,7c2be8139dcb2d6d43abc6a34fb4f2cdf1e9d61da75364f95a3530b3bfb92816,140,640,360,10,UNKNOWN
WIN_20260902_18_27_07_Pro_jpg.rf.7c9e8cbb6251b760d92e397d5713ded9.png,WIN_20260902_18_27_07_Pro_jpg,train,a23a11b49ecad8a8ae76036b3bf5a965e8a4f37cde1383158557f115660bd886,140,640,360,10,UNKNOWN
WIN_20260902_18_27_25_Pro_jpg.rf.75c51975fe26bde15d4f2e603e0981c7.png,WIN_20260902_18_27_25_Pro_jpg,train,0d295e43b21ce38b208fe65ffd942f6df68a684e2173c38c4aecb5438e11db11,140,640,360,9,UNKNOWN
WIN_20260902_18_27_34_Pro_jpg.rf.1a15a90f730bc51007b314b7a2a79eab.png,WIN_20260902_18_27_34_Pro_jpg,train,24bebaaf1b18d22135df84e33fd86007acca50b1541f1b24050b4ad7c95dbd0f,140,640,360,7,UNKNOWN
WIN_20260902_18_27_45_Pro_jpg.rf.553f18dd7acab369e6e6b755c33f20ba.png,WIN_20260902_18_27_45_Pro_jpg,train,8405a83aa57626b09c04213f064ff9e1279f7df5b204117198f45d706db89d90,140,640,360,11,UNKNOWN
WIN_20260902_18_28_09_Pro_jpg.rf.6658051011b17b1b3b1fa387778222d0.png,WIN_20260902_18_28_09_Pro_jpg,train,c7e99a22f008cf72b6b695185d76f41fe207c6446fe3f0e6af25ea3bdfe6e607,140,640,360,13,UNKNOWN
WIN_20260902_18_28_20_Pro_jpg.rf.646d66caa48e7a3bffccbeb924d64ad4.png,WIN_20260902_18_28_20_Pro_jpg,train,e2b7c024d7abd2efd14dd61a39f1a85bc10cd5f0fa482f6842bc63de8040f3d2,140,640,360,12,UNKNOWN
WIN_20260902_18_28_29_Pro_jpg.rf.2579e8b5715e32fe2cebcf0763b003d7.png,WIN_20260902_18_28_29_Pro_jpg,train,10fd68a61d11442106cc5fe0ec5c6ecdeb5c3e5536b256e7217c579a75f40832,140,640,360,11,UNKNOWN
WIN_20260902_18_28_39_Pro_jpg.rf.22be8b419b89f4c809909407893a0846.png,WIN_20260902_18_28_39_Pro_jpg,train,5a562bf10f2903a3d31e24da6821c52307b927a96c64b439959293e012dfaf46,140,640,360,11,UNKNOWN
WIN_20260902_18_28_47_Pro_jpg.rf.1f54d6266e421135952c7e68534113c7.png,WIN_20260902_18_28_47_Pro_jpg,train,962594ec1cec97bac29141dd0fd33515921605a77d01d298b8e05caa7a04b5ed,140,640,360,12,UNKNOWN
WIN_20260902_18_39_18_Pro_jpg.rf.4f86080da6cfcd1b67551a904e4caa5d.png,WIN_20260902_18_39_18_Pro_jpg,train,1565b30844af403b4e6646854bb75d80b364cb37a894c6774390687742b712ee,140,640,360,19,UNKNOWN
WIN_20260902_18_39_47_Pro_jpg.rf.39b484066c21c571428152c30e8b33c9.png,WIN_20260902_18_39_47_Pro_jpg,train,23c6b021cd4e7adaf7c88bd2862b21ce0ca0ffb18091d84e92234c793516a087,140,640,360,18,UNKNOWN
WIN_20260902_18_39_55_Pro_jpg.rf.110f4f64e57225c1e767e3d7a98f7b1f.png,WIN_20260902_18_39_55_Pro_jpg,train,733a98e3c0ac1d1ae121f66c9befd4be2b1355348a702e06525c9421f34ed4d9,140,640,360,19,UNKNOWN
WIN_20260902_18_40_02_Pro_jpg.rf.258b8fb132387005aec5d4d284ca3570.png,WIN_20260902_18_40_02_Pro_jpg,train,ecaad038c1e5d2b52f2d96752082b44731b547880706bd46a01ffb292db662bb,140,640,360,17,UNKNOWN
WIN_20260902_18_40_10_Pro_jpg.rf.168c7210470dd3e5210bb00041d0bc17.png,WIN_20260902_18_40_10_Pro_jpg,train,47651f85298db54d38c095b9c8d48cf9e2ff57083518bb7985773e2d01bce6c6,140,640,360,10,UNKNOWN
WIN_20260902_18_40_23_Pro_jpg.rf.0a76ac0c6fedeabc51c30d2c465869ae.png,WIN_20260902_18_40_23_Pro_jpg,train,3af9500382f1d0cfa25c22b1ca38a9d4fa5a6ab678ff5d5ab82a103592c04704,140,640,360,13,UNKNOWN
WIN_20260902_18_40_32_Pro_jpg.rf.2bf77c6d7eff30709e54ef354898feb4.png,WIN_20260902_18_40_32_Pro_jpg,train,eca39d87cbc6e77cf413a954123023bc5f305b3ec5506aea5ce5a670420ca4bf,140,640,360,12,UNKNOWN
WIN_20260902_18_40_40_Pro_jpg.rf.2f885fd47733d71f19a6c61b0fd2033e.png,WIN_20260902_18_40_40_Pro_jpg,train,79e9a0f1ae88e91cc65e71bfca713503bb5e49ff694113f8afc15257dbf08f42,140,640,360,14,UNKNOWN
WIN_20260902_18_40_49_Pro_jpg.rf.1605d1e0a7764dea8d3e35f7dabf2fae.png,WIN_20260902_18_40_49_Pro_jpg,train,cccd3d7a46d4633efe3181bdc638286f046bdd0457fca8ece7a1caf24a3be706,140,640,360,16,UNKNOWN
WIN_20260902_18_40_58_Pro_jpg.rf.92ea377c674b004a98176908ec99ce06.png,WIN_20260902_18_40_58_Pro_jpg,train,f95ab9c4a19c24b9efa614f213fb598d0015f4d5f48d464d12eda28da44a86d7,140,640,360,17,UNKNOWN
WIN_20260902_18_41_09_Pro_jpg.rf.8397a0cf61da91998e788fae57db6bd9.png,WIN_20260902_18_41_09_Pro_jpg,train,5c092f3bb291fdc8cadd89dc6b6e3b68597a1269c1ab2ccd46304c75e961a5fc,140,640,360,17,UNKNOWN
WIN_20260902_18_41_15_Pro_jpg.rf.35c7a1f47037bcba5968363e6c55ad48.png,WIN_20260902_18_41_15_Pro_jpg,train,89a7252243db58e5ea873e41154f168688367d35cdfe899c3a12bb9de2886774,140,640,360,18,UNKNOWN
WIN_20260902_18_41_24_Pro_jpg.rf.af8d59afe3177d14fffd4c9d7b6ae354.png,WIN_20260902_18_41_24_Pro_jpg,train,b72b68de3605e405d265e560f17832c63469aa18d7ee0d1c8c70978e9988fba0,140,640,360,14,UNKNOWN
WIN_20260902_18_41_32_Pro_jpg.rf.74b817509e29ec834e81bd8fdd297399.png,WIN_20260902_18_41_32_Pro_jpg,train,64fbb4cbe4c276c279001e57292631a889f432cc23ea0e0af7e17d5f464037cc,140,640,360,14,UNKNOWN
WIN_20260902_18_41_43_Pro_jpg.rf.345956e6f9f1f0c15f417ef110d66929.png,WIN_20260902_18_41_43_Pro_jpg,train,6104383728211fcdc2dabf172cfc3edba20da5f62be7a66e2c5a069c6c206886,140,640,360,17,UNKNOWN
WIN_20260902_18_41_52_Pro_jpg.rf.285aa6f562754e1612b46e8737e23919.png,WIN_20260902_18_41_52_Pro_jpg,train,5bf6d6e6fd795e4aa47dcf230eb947da78890546efbdb456d2a56a4bbee10467,140,640,360,15,UNKNOWN
WIN_20260902_18_42_14_Pro_jpg.rf.83de375d90c6c0537f95875289d208b0.png,WIN_20260902_18_42_14_Pro_jpg,train,66c1a2d288d7f975cd343d55ca839c4a90153e8304daf89b1499afde0b42cb6d,140,640,360,12,UNKNOWN
WIN_20260902_18_42_19_Pro_jpg.rf.fa9bcbc6c5710c5160aaa3a31dab1604.png,WIN_20260902_18_42_19_Pro_jpg,train,075957d77d463f8cc85600110621265e743c24b774643565c54ea2f97f72da46,140,640,360,18,UNKNOWN
WIN_20260902_18_42_29_Pro_jpg.rf.3b1b13aa55d0ed513e3c1395efdd8abd.png,WIN_20260902_18_42_29_Pro_jpg,train,83db9d9ae500efc84b4763b321f5ee42c789db2affd8ea44cf8440577267ef40,140,640,360,17,UNKNOWN
WIN_20260902_18_42_51_Pro_jpg.rf.80251cf6283b53ba53cb898f232c9e3f.png,WIN_20260902_18_42_51_Pro_jpg,train,fec5a0c044365465d85631bbf12f532ba833126e0c25cee678c85c6dc381631f,140,640,360,15,UNKNOWN
WIN_20260902_18_42_58_Pro_jpg.rf.3477f5441a0de58f86e8cee9ab102e9a.png,WIN_20260902_18_42_58_Pro_jpg,train,07ad9506a4c650de59b0e1d2ac1f431426e6ae406c83db480906df84e92c3b0d,140,640,360,14,UNKNOWN
WIN_20260902_18_43_06_Pro_jpg.rf.0837a579cafa152ba5f1659c63d351f0.png,WIN_20260902_18_43_06_Pro_jpg,train,da53d4ac7a949585006e680cfdd785c0e2c155427397a60fa506f92113aeb5a6,140,640,360,17,UNKNOWN
WIN_20260902_18_43_15_Pro_jpg.rf.6b36ce736b1b04aac02aa1f90a99b402.png,WIN_20260902_18_43_15_Pro_jpg,train,20196c4d9c68703b7d8ee3b215e88c6d3bc29e5c31767c2fe665652f955cd6b0,140,640,360,15,UNKNOWN
WIN_20260902_18_43_29_Pro_jpg.rf.0315afd1e0f8f5ad54b9a03a1c40b7be.png,WIN_20260902_18_43_29_Pro_jpg,train,3220fa646762d95feb5d3473a8e0d2f5f79f68498c5abd6f48f17411fb9ac333,140,640,360,16,UNKNOWN
WIN_20260902_18_43_39_Pro_jpg.rf.1385b7c1f53aec364c09ea1767e9dc06.png,WIN_20260902_18_43_39_Pro_jpg,train,3edbaf69346ef2c85640bc57b4c0b7d18f4e375060062c79ddd1dc6629496e75,140,640,360,18,UNKNOWN
WIN_20260902_18_43_46_Pro_jpg.rf.4256ec2b4f49c2179399fab3a34fa712.png,WIN_20260902_18_43_46_Pro_jpg,train,b48bff2ac58c39a707aab52cda9be5805ff140c6f66454e5adf5d00933f8f22b,140,640,360,15,UNKNOWN
WIN_20260902_18_43_52_Pro_jpg.rf.4ff0b067cf107f1aba1a8074557245da.png,WIN_20260902_18_43_52_Pro_jpg,train,50df6d60c4c448a5d68396281193c14e48acfdf49a221ba2afc7f1d2219935d2,140,640,360,14,UNKNOWN
WIN_20260902_18_44_00_Pro_jpg.rf.48e343ccdaecbc17ea5837c2f10794a7.png,WIN_20260902_18_44_00_Pro_jpg,train,741eedc4c3e801cce6e8562e1d4d6a38466b19aeb693278c1dd1e79279f6223e,140,640,360,15,UNKNOWN
WIN_20260902_18_44_08_Pro_jpg.rf.0f1fdd0b48ad10df5e2d81d8d52d05a5.png,WIN_20260902_18_44_08_Pro_jpg,train,c814b99ef1f7ab44cbe87d679f2573974bb30056a5146634d2c3e76396ef1f6b,140,640,360,18,UNKNOWN
WIN_20260902_18_44_17_Pro_jpg.rf.81767a0068876368c7664e738505f614.png,WIN_20260902_18_44_17_Pro_jpg,train,408c4560194c05f5396713089798efb001e39f35ef8470bfa16827ecdc796661,140,640,360,13,UNKNOWN
WIN_20260902_18_44_31_Pro_jpg.rf.257a302e5021ac55ea21b505366f37ab.png,WIN_20260902_18_44_31_Pro_jpg,train,7745a57c995404b484bc1acf1b14a2ec0aa43fc62d180c0d62fe1b3df28eed3a,140,640,360,15,UNKNOWN
WIN_20260902_18_44_43_Pro_jpg.rf.23da6f4e9ef12eb5b57b0d8ebe2b18da.png,WIN_20260902_18_44_43_Pro_jpg,train,198453ec1ae453af7478315a84f993b6b2e811fbcc535ceeb657a0dc5e518859,140,640,360,13,UNKNOWN
WIN_20260902_18_45_00_Pro_jpg.rf.70eb608a23da65ff91c3d33e8361b56c.png,WIN_20260902_18_45_00_Pro_jpg,train,1c15b114388c22165ec19062ebb2621b3af42681ce1a3d001845958a5805bda5,140,640,360,14,UNKNOWN
WIN_20260902_18_45_33_Pro_jpg.rf.66639f91d4b58acd8044e7edc5a53027.png,WIN_20260902_18_45_33_Pro_jpg,train,caa2eeb3bdbd66e2f4ed747878fdf02ae273037a78ce177c855fefa6b96a3a7a,140,640,360,14,UNKNOWN
WIN_20260902_18_45_44_Pro_jpg.rf.495d94ed030ae85df6301e655b3fc86e.png,WIN_20260902_18_45_44_Pro_jpg,train,4af5c5f3b48a74ee9370937ab0109fe84b61304174e810b3c70e582aac87729f,140,640,360,23,UNKNOWN
WIN_20260902_18_46_02_Pro_jpg.rf.2f24da2b0ba6b9b97d5ebcc16fd80c62.png,WIN_20260902_18_46_02_Pro_jpg,train,6d25c67cd1048f2eda95428ea23f596fdd06845fab26219bf3e31a9e5296a639,140,640,360,12,UNKNOWN
WIN_20260902_18_46_34_Pro_jpg.rf.23add795b15596d81aea720932f77941.png,WIN_20260902_18_46_34_Pro_jpg,train,0d2fd74aafebc7e669a43c40cd7480e0823ed3dbbb4a138c245ec42c49928e6c,140,640,360,14,UNKNOWN
WIN_20260902_18_46_45_Pro_jpg.rf.33ed2da580cb23ba76fc1140b23477d3.png,WIN_20260902_18_46_45_Pro_jpg,train,c6342c42a88d2176d6caa964a104653bdaff28d5e85b813509f651f01b2ff36e,140,640,360,10,UNKNOWN
WIN_20260902_18_46_55_Pro_jpg.rf.95837966e12471ba4ea1a44a0fd42d0a.png,WIN_20260902_18_46_55_Pro_jpg,train,aebaf6c1b6b42eade55977b45bf190b3080701a54298e64771806644c77fc520,140,640,360,15,UNKNOWN
WIN_20260902_18_47_06_Pro_jpg.rf.54be11fa66730bdd5c88efe47c8e4e7f.png,WIN_20260902_18_47_06_Pro_jpg,train,32aa1e79c96cca8b83b2410e0dd02467d663f622b9d29497c02d859700a2207f,140,640,360,12,UNKNOWN
WIN_20260902_18_47_22_Pro_jpg.rf.0fbf0c5668228a6aad4a10acf80e2c07.png,WIN_20260902_18_47_22_Pro_jpg,train,ea20b700340417b379d7f11c3869eae98756c8e18eecc0a37d2ce33cdbd5cb97,140,640,360,15,UNKNOWN
WIN_20260902_18_47_45_Pro_jpg.rf.54889003bb70af405922dbcddcdf655b.png,WIN_20260902_18_47_45_Pro_jpg,train,14ba234c0198030ea5098237b9ae2bfccb0fb03111960588445b9ff3721f059c,140,640,360,18,UNKNOWN
WIN_20260902_18_47_55_Pro_jpg.rf.1e0b924703d4454d3dd92b42634bced6.png,WIN_20260902_18_47_55_Pro_jpg,train,939dc823a209f783bd38345acf33f905ba0228312853fcd9c859fa2fb6e781aa,140,640,360,15,UNKNOWN
WIN_20260902_18_48_17_Pro_jpg.rf.6a8d79a52485f9f857bd806393bb1abe.png,WIN_20260902_18_48_17_Pro_jpg,train,c879988e2fd042d0d5c4f0b58822be1a6c65e00e46aab29b09ffe515689a8041,140,640,360,14,UNKNOWN
WIN_20260902_18_48_27_Pro_jpg.rf.f2063413b228b3a9d7f5ea6564ce1b8b.png,WIN_20260902_18_48_27_Pro_jpg,train,8fb9a8968e6c498960b72cbefdf16c6a42cee6415748e99bb4fce1c5ccfbf53d,140,640,360,15,UNKNOWN
WIN_20260902_18_48_36_Pro_jpg.rf.b9fba400a3a29d7f3b2e0900ee1f947d.png,WIN_20260902_18_48_36_Pro_jpg,train,3baf5dbe1d72495999da8464de0fa69cf0ba151ebe0943bc818d99bcacfd0383,140,640,360,16,UNKNOWN
WIN_20260902_18_48_46_Pro_jpg.rf.598124168bf05dd12fb9bf28c1fa2433.png,WIN_20260902_18_48_46_Pro_jpg,train,8f9dd768b13f0dfc0963df137f3b830125ba7409fa3436f7e13c1431a619da4e,140,640,360,16,UNKNOWN
WIN_20260902_18_48_55_Pro_jpg.rf.adde0f6f717b035910a071ae234d309c.png,WIN_20260902_18_48_55_Pro_jpg,train,6451b616d8eeb0a663adfc203db9f047cbe1910ae72f53d75a7817e08694d8d7,140,640,360,14,UNKNOWN
WIN_20260902_18_49_05_Pro_jpg.rf.275186ba09f7486e084b6d4473ceb7a1.png,WIN_20260902_18_49_05_Pro_jpg,train,fda228b11714f2937a1e015e6bc051636ee7d92cc4cf6f3abcc16912e0fb4085,140,640,360,18,UNKNOWN
WIN_20260902_18_52_40_Pro_jpg.rf.23d1be7f4b9a8e88fa11cd5efaa2a4a0.png,WIN_20260902_18_52_40_Pro_jpg,train,718838602a2a362f25b3db61c67651c302e6ebf31bfe85aed7143bbc78560a1d,140,640,360,15,UNKNOWN
WIN_20260902_18_52_47_Pro_jpg.rf.e16ee98da94560c388259547e994c4f0.png,WIN_20260902_18_52_47_Pro_jpg,train,09482cb85f16fec5011225624de7eb809fce9120ad443f39f0e202c8c8884072,140,640,360,16,UNKNOWN
WIN_20260902_18_52_56_Pro_jpg.rf.40eb686eb171449a49b03d275ca1e0a6.png,WIN_20260902_18_52_56_Pro_jpg,train,2c2315088da92b9eae7015b3dffb131b6dbb68651c552b3a6588a9d28fa70e2f,140,640,360,15,UNKNOWN
WIN_20260902_18_53_05_Pro_jpg.rf.66c4304b01da2215f2ba5f8980af08b9.png,WIN_20260902_18_53_05_Pro_jpg,train,5f2b9a5f3cecba146317f98d39e84ed23ee2c19595b9d9e614b000095ec1263e,140,640,360,14,UNKNOWN
WIN_20260902_18_53_14_Pro_jpg.rf.419ba7c7f0ba173583265135490f8b13.png,WIN_20260902_18_53_14_Pro_jpg,train,341333fa32b2ffdbcde0e7d3cd03e261fd00acdbb8511982b182c60d75051ba0,140,640,360,15,UNKNOWN
WIN_20260902_18_53_25_Pro_jpg.rf.15c2914fc2be3c114581fcd0f476d7aa.png,WIN_20260902_18_53_25_Pro_jpg,train,1da0fbc626c4a8c278d043100817739b2ef373b48ac27bd5685863daa97fe2af,140,640,360,15,UNKNOWN
WIN_20260902_18_53_44_Pro_jpg.rf.4d14a8b71b289a4c502573b7485bb9e3.png,WIN_20260902_18_53_44_Pro_jpg,train,329cc778e89e1413553afa7c40a46cce3ea17e7d9782b9182e7d4c5072e1d5ab,140,640,360,15,UNKNOWN
WIN_20260902_18_53_54_Pro_jpg.rf.1ebf415611d364cfbf8cfc32b877fcd0.png,WIN_20260902_18_53_54_Pro_jpg,train,b59539d8635d62da2a4a38e769ed36a8027f121a39936d70cf97e15b5507c924,140,640,360,15,UNKNOWN
WIN_20260902_18_54_02_Pro_jpg.rf.55c2d8997f48d4583fbed970ab17ae02.png,WIN_20260902_18_54_02_Pro_jpg,train,f225a98ed0d5f0be8cf39bd52a55c3bf1bab7537e66a582d785f4e5cf740c757,140,640,360,14,UNKNOWN
WIN_20260902_18_54_28_Pro_jpg.rf.0fe4da9992b2857cf4e5569b6afed5c4.png,WIN_20260902_18_54_28_Pro_jpg,train,1692c6aeefa320b0b7fa32be632342d8c51b05fd9fddfc57fb26ebbc3e0b4c66,140,640,360,17,UNKNOWN
WIN_20260902_18_54_39_Pro_jpg.rf.52f0fff3f795f37bbee0402e2aa4d3ee.png,WIN_20260902_18_54_39_Pro_jpg,train,7d9d0e8723b116d63fa940bc5de0beba93e5eed1aeb4ea36650bd6d6aaedadee,140,640,360,18,UNKNOWN
WIN_20260902_18_54_44_Pro_jpg.rf.0a40f22124f1715af3dfedd8e898c1ec.png,WIN_20260902_18_54_44_Pro_jpg,train,772483eb4ca0e46866e124e50a7618e869dfe80ec8335cfdc402e88da1796a3b,140,640,360,16,UNKNOWN
WIN_20260902_18_55_06_Pro_jpg.rf.6218ff6465ffb16ac476ba1f9a8f6aa0.png,WIN_20260902_18_55_06_Pro_jpg,train,77330003fe87c86578075d60be48ac4284e60759bdd1247564d1630b7c55d925,140,640,360,17,UNKNOWN
WIN_20260902_18_55_15_Pro_jpg.rf.41b73f4afe2bba7728662b0073e5327e.png,WIN_20260902_18_55_15_Pro_jpg,train,da2484f055131e01260d75ceae5ce23657cef1f76f12d935035940d91400d64f,140,640,360,12,UNKNOWN
WIN_20260902_18_55_22_Pro_jpg.rf.45286c69fdbfc8250c99071f0e85e530.png,WIN_20260902_18_55_22_Pro_jpg,train,484ef2b9d8a26e573cedb7cf7045283b116124bcb56c5be5c43ce9aba20310cd,140,640,360,15,UNKNOWN
WIN_20260902_18_55_30_Pro_jpg.rf.18d63244681b411ade100f6ec4079246.png,WIN_20260902_18_55_30_Pro_jpg,train,4df1205912a60d7a8ef6b314e191900352717229275628b1c9d03209c5e8f57b,140,640,360,15,UNKNOWN
WIN_20260902_18_55_47_Pro_jpg.rf.725a9885d01b6ce8657bb6dd005e1cd0.png,WIN_20260902_18_55_47_Pro_jpg,train,7edd464afedcae9c6f1d753196a1b10f232b971c26dc26c1762c2713db55c6b4,140,640,360,14,UNKNOWN
WIN_20260902_18_56_14_Pro_jpg.rf.c511252b95ffe1bbe8870833f0687b1c.png,WIN_20260902_18_56_14_Pro_jpg,train,6c6e0ee33d705456a05ecec51af188a4805d43f60c105598f7a544ef37574dd1,140,640,360,15,UNKNOWN
WIN_20260902_18_56_23_Pro_jpg.rf.61c8a04f517918306447b32cd9fc6708.png,WIN_20260902_18_56_23_Pro_jpg,train,5672adbd7a0d4152956ff0b109c9fd40cf8d3124dfb1671c054084e59b080045,140,640,360,16,UNKNOWN
WIN_20260902_18_56_41_Pro_jpg.rf.114a556e99c83872ee6cd830a5b9cad2.png,WIN_20260902_18_56_41_Pro_jpg,train,bb97e37d43208ba604ac5940fea6252f3f32dac00dc8cff8c7e85631646fffb2,140,640,360,17,UNKNOWN
WIN_20260902_18_56_53_Pro_jpg.rf.4ad82d7d47d6866451206cd87366e7c7.png,WIN_20260902_18_56_53_Pro_jpg,train,6f0e634f28ec6bc3f0910e43c56d103107c3ce819d7bee44210164fe57144268,140,640,360,19,UNKNOWN
WIN_20260902_18_57_58_Pro_jpg.rf.6611bc22d2fcdc930b8fe61dff5f1cd0.png,WIN_20260902_18_57_58_Pro_jpg,train,f52c29ae3de7266138fd8a1efd51b9dcbd5228429a8cc7af0fe312724d2d3ead,140,640,360,14,UNKNOWN
WIN_20260902_18_58_09_Pro_jpg.rf.52e8daab12851669f278fda0506ae4d8.png,WIN_20260902_18_58_09_Pro_jpg,train,fb8bc3dcea3be49d76b0ac6d3b0476888f6571efc926e60d80d2e66010ca422f,140,640,360,14,UNKNOWN
WIN_20260902_18_58_39_Pro_jpg.rf.51f6e2e5aae84900fa62bb239883ac1c.png,WIN_20260902_18_58_39_Pro_jpg,train,96a2c14659e7fa26da614e05ada7e97cc9a25bcfc8d0f174fac60a3229574400,140,640,360,15,UNKNOWN
WIN_20260902_18_59_27_Pro_jpg.rf.01c0b780e447416d7df38882fa3ec265.png,WIN_20260902_18_59_27_Pro_jpg,train,9721e92d4c6c692c15ff486032b8850f3984b147ff5f5d729a7ef0d959dfef8f,140,640,360,13,UNKNOWN
WIN_20260902_18_59_37_Pro_jpg.rf.01af80724e8ab1b891f07f8386f167a6.png,WIN_20260902_18_59_37_Pro_jpg,train,653d746c9ded4d13fd2d6e7559220a7d4218dfab1a8cee1e943723952443928a,140,640,360,18,UNKNOWN
WIN_20260902_18_59_50_Pro_jpg.rf.64f4c71037764e0df0a8958cdf7d54cf.png,WIN_20260902_18_59_50_Pro_jpg,train,786115dfc7c39c921bc2b7ec3d6a4626c809799936fd33f8b39e2c7a0e3645d7,140,640,360,15,UNKNOWN
WIN_20260902_19_00_06_Pro_jpg.rf.01ecd8158135bfd293beee6e1b60aeb7.png,WIN_20260902_19_00_06_Pro_jpg,train,cd2627bfb7721d9a9c6501de29ccc548a614e551a59fe074a4699b9187ec2ce6,140,640,360,14,UNKNOWN
WIN_20260902_19_00_21_Pro_jpg.rf.420134630cec57e90c13927dea840c98.png,WIN_20260902_19_00_21_Pro_jpg,train,81391816523c69cc97bd24529af439fa30bcf209d93e32d47f376f3c3aca1412,140,640,360,13,UNKNOWN
WIN_20260902_19_00_33_Pro_jpg.rf.29f7470d2019a8c572071c25d7b0b21b.png,WIN_20260902_19_00_33_Pro_jpg,train,c655514f98a392d03189338f20dc22b81d7e8f4c3a04461c23041f913d42cf8e,140,640,360,17,UNKNOWN
WIN_20260902_19_01_18_Pro_jpg.rf.92870da4e3320d51983d8f90b0514855.png,WIN_20260902_19_01_18_Pro_jpg,train,aa8b477b27cd021c6acc7db9e71c50cddd5356fd8be2e7d2fc8e7143f5a41822,140,640,360,14,UNKNOWN
WIN_20260902_19_01_25_Pro_jpg.rf.2e5568f6391410173ee7d2e7ae714c48.png,WIN_20260902_19_01_25_Pro_jpg,train,8f40170419966cb22145f6a746cbc0fecc86f1d94d510e8e0dd4a7db170fe7ca,140,640,360,14,UNKNOWN
WIN_20260902_19_01_36_Pro_jpg.rf.59a244b9c921cc75ff76fe61151a6c1e.png,WIN_20260902_19_01_36_Pro_jpg,train,9a8e7e2e265a18790c84cfa53169b81caffa45c91d56c37d01d5fa7634259a27,140,640,360,16,UNKNOWN
WIN_20260902_19_01_47_Pro_jpg.rf.215272b598b921c6496019b9f8417dbc.png,WIN_20260902_19_01_47_Pro_jpg,train,54ec4185c99a3d1dbd123a6c4d6147b00dc87213a71b12381e5635bd4ebe1e54,140,640,360,16,UNKNOWN
WIN_20260902_19_01_58_Pro_jpg.rf.f6097de648181b5deed03197baf1c7b1.png,WIN_20260902_19_01_58_Pro_jpg,train,34d948ba65dcff7d0f5acae2a3c5ebcad1bbe3e17b54217448a234801eb66459,140,640,360,14,UNKNOWN
WIN_20260902_19_03_59_Pro_jpg.rf.2c0aaa262bbcd974efe766b5681fa681.png,WIN_20260902_19_03_59_Pro_jpg,train,29a9cf8abc238d087bdf52916aaf60296e1679b702c3be135de42df4f3fc6a9f,140,640,360,13,UNKNOWN
WIN_20260902_19_04_09_Pro_jpg.rf.0009eb11e229bb7b878ca435e3886f5c.png,WIN_20260902_19_04_09_Pro_jpg,train,c4b692d5bbd12c526cb31a4b829ef5e0b16a9719d2e89a260ed4682789a30aec,140,640,360,15,UNKNOWN
WIN_20260902_19_04_47_Pro_jpg.rf.0d50e41340291446ce1cd1ef692c911b.png,WIN_20260902_19_04_47_Pro_jpg,train,ca9bad34f02c2a84eccb71ea7f41b36b053ae8b16627b86921ea8d0db37f135a,140,640,360,17,UNKNOWN
WIN_20260902_19_04_57_Pro_jpg.rf.7fc9ca230f7c02062427b5621399f1c5.png,WIN_20260902_19_04_57_Pro_jpg,train,5427dccb1f1ce33c6b7d01be850b25549f561791a9f1c8fed1eaef3095408920,140,640,360,16,UNKNOWN
WIN_20260902_19_05_30_Pro_jpg.rf.3698c51dc9f3a7c5df2c021af622410a.png,WIN_20260902_19_05_30_Pro_jpg,train,3ec6dec385ce7ac8c06674d40874bcf0d19ab311da5f6de12edd2fb69d6c5e7b,140,640,360,18,UNKNOWN
WIN_20260902_19_05_38_Pro_jpg.rf.214e1a10b57892d232f61bd8f4d332d9.png,WIN_20260902_19_05_38_Pro_jpg,train,9e3650c4fd8a3ef6a76586ab4ec3ae5aa9eef84d63b47e28d0a0c87ca132cc21,140,640,360,16,UNKNOWN
WIN_20260902_19_05_44_Pro_jpg.rf.415f72517c6555ce50b45e12698bd85c.png,WIN_20260902_19_05_44_Pro_jpg,train,2906c15d36be3c252f1b1a9e58e15c9bec83c72e8337f30b080651c789354a1a,140,640,360,19,UNKNOWN
WIN_20260902_19_06_08_Pro_jpg.rf.b40bc67189d7d7ff1f5c0b9c66cff230.png,WIN_20260902_19_06_08_Pro_jpg,train,b2c30bbbc6bd8d63b55398981f8e8418a984393400acc19b319dd31ab3176afc,140,640,360,15,UNKNOWN
WIN_20260902_19_06_31_Pro_jpg.rf.429890cba69f8da21a4ad889f57f4ca0.png,WIN_20260902_19_06_31_Pro_jpg,train,ebaf22ea144b22ab7d73a1531f266f8356f801bc6d275adf614af52509d53cef,140,640,360,16,UNKNOWN
WIN_20260902_19_06_41_Pro_jpg.rf.9d270c4d288730ae980e53d844981bab.png,WIN_20260902_19_06_41_Pro_jpg,train,a22d25cead47664dba337314c926e3e9f0605aca2743ce0416e8afc98d323f89,140,640,360,18,UNKNOWN
WIN_20260902_19_08_35_Pro_jpg.rf.5e1b5b34823343e9a924e381a4c2a081.png,WIN_20260902_19_08_35_Pro_jpg,train,d7de48dbbbbe8480aacaf7f9faec3257988ede1c56238f8790723d39e69393b4,140,640,360,14,UNKNOWN
WIN_20260902_19_08_47_Pro_jpg.rf.918563e4985528c86f0bf636eb051789.png,WIN_20260902_19_08_47_Pro_jpg,train,9ce1ac56251a5185820a8e471f12bb2b63d29ccbb9222a7c7a74c1accadb816a,140,640,360,15,UNKNOWN
WIN_20260902_19_09_16_Pro_jpg.rf.4e6566ffeb545eb38a69bfa716f19ca9.png,WIN_20260902_19_09_16_Pro_jpg,train,e7e23bcb8d10b0ec8992ddacfb150f3216932eabefb5e68c3a48ae02a3bbf7a4,140,640,360,16,UNKNOWN
WIN_20260902_19_09_28_Pro_jpg.rf.84f99b883caf79a6a4514c7a2559074d.png,WIN_20260902_19_09_28_Pro_jpg,train,da04185b962c5d9b4393add7edf00bf3bdb89ee801aee53691c542f0ae5d24dc,140,640,360,15,UNKNOWN
WIN_20260902_19_09_40_Pro_jpg.rf.2840a2b20ba9833a57582bf7725d3ea0.png,WIN_20260902_19_09_40_Pro_jpg,train,9b9530d46d4c9ce5b81fe3dbf1dc0ee08876f128e364e80205e4387edfb43b2b,140,640,360,15,UNKNOWN
WIN_20260902_19_10_58_Pro_jpg.rf.4daedf98719237d6aa9651982a5cab09.png,WIN_20260902_19_10_58_Pro_jpg,train,d728c52a57512701cd3a0ad1b60554149c05d69ec96784301e6e6b3b55744bef,140,640,360,17,UNKNOWN
WIN_20260902_19_11_12_Pro_jpg.rf.05a76e1daa7a37130089942aace966c7.png,WIN_20260902_19_11_12_Pro_jpg,train,a05066d34536dee017d92c637322bf736f7c335c776f8bb20366f469bf314920,140,640,360,16,UNKNOWN
WIN_20260902_19_11_20_Pro_jpg.rf.c5743b49b9141442bfe8ddf4ef623d1f.png,WIN_20260902_19_11_20_Pro_jpg,train,25163e997cbead1bf674527f97825adc1916d7fd4e540aa35d55288417821c11,140,640,360,17,UNKNOWN
WIN_20260913_18_12_17_Pro_jpg.rf.7014fc8f45bc75eb06d52971a32bb105.png,WIN_20260913_18_12_17_Pro_jpg,train,c3e827ffb2a05aff84fdff5a01e75792f271b0e3346d485651eaf0e3b38c990f,140,640,360,11,UNKNOWN
WIN_20260913_18_12_43_Pro_jpg.rf.63bae8058dba2be7b1840be524efe5a6.png,WIN_20260913_18_12_43_Pro_jpg,train,acbb22900d7e35538a203e2c2a31188d43a207b09343305d622d562bef5c93c9,140,640,360,11,UNKNOWN
WIN_20260913_18_12_54_Pro_jpg.rf.1a3b307caa4d90e33962b219dec0184d.png,WIN_20260913_18_12_54_Pro_jpg,train,6a8b860d078cb40f45b41a88226cccff50df387038443161021abf0b4e701586,140,640,360,13,UNKNOWN
WIN_20260913_18_19_39_Pro_jpg.rf.1ee18e017ce4d2fe4084d704773f2d03.png,WIN_20260913_18_19_39_Pro_jpg,train,611066e45411abf0fb23e9e4b915816136488bcbb73a4b9c68175254b9ea213a,140,640,360,14,UNKNOWN
WIN_20260913_18_20_16_Pro_jpg.rf.5e0bb10dc864f593eddcd2d886cc3461.png,WIN_20260913_18_20_16_Pro_jpg,train,cad02a01ecc89112ce327bb896152f0c8d1281692c8cc5345c8487d93b4fb129,140,640,360,15,UNKNOWN
WIN_20260913_18_20_34_Pro_jpg.rf.4710cd7b0525f712038b754bce8e2e6b.png,WIN_20260913_18_20_34_Pro_jpg,train,6602582e958345cf7c33b2e84e1d49f15fd8b70d235772261fca596ee0f11689,140,640,360,14,UNKNOWN
WIN_20260913_18_21_23_Pro_jpg.rf.3f4f92979506a22386e9b949447c84e8.png,WIN_20260913_18_21_23_Pro_jpg,train,462db225de8787849ec0a9b3be5722bc37933e070f4069d2e815b99a661978da,140,640,360,14,UNKNOWN
WIN_20260913_18_21_36_Pro_jpg.rf.200667883440179d2443307e85fac300.png,WIN_20260913_18_21_36_Pro_jpg,train,b541afe63a305fe0e824950a755902654ae7d7599064419466f5250c883486c0,140,640,360,15,UNKNOWN
WIN_20260913_18_21_47_Pro_jpg.rf.1f19bebb22c0f33417b49a0d37836306.png,WIN_20260913_18_21_47_Pro_jpg,train,de25a9a42ccdcb43fb467a1817b8c9e1f703e029d6365da8af41e2d81a5a3dd0,140,640,360,12,UNKNOWN
WIN_20260913_18_22_04_Pro_jpg.rf.3926c9181ebbfe68d13d3c6efbba7963.png,WIN_20260913_18_22_04_Pro_jpg,train,a2472a5150fdeb1352e48c6c3e7ba5b06c44f37df225a05eca960fc40dd308c3,140,640,360,11,UNKNOWN
WIN_20260913_18_22_17_Pro_jpg.rf.482497707850303d99971b2151f3a9a0.png,WIN_20260913_18_22_17_Pro_jpg,train,8fd3984099630a06672349882646bf9ab19a1677c43112925aac8e119438a0ff,140,640,360,14,UNKNOWN
WIN_20260913_18_23_01_Pro_jpg.rf.5b166532bb7b9c2c36518cea2d378f1c.png,WIN_20260913_18_23_01_Pro_jpg,train,70849515f799aaaf836a9213c54ada18a25d79557e8be6ed4c3b26802e8a6169,140,640,360,16,UNKNOWN
WIN_20260913_18_23_37_Pro_jpg.rf.2fcb4edbd3c3d3a287a1913da1e14c58.png,WIN_20260913_18_23_37_Pro_jpg,train,d510f90597a11a295edffbdb957f2f4bc967cf174fbfa2156cca5bc24b8970e2,140,640,360,13,UNKNOWN
WIN_20260913_18_23_46_Pro_jpg.rf.0092d0f75bc6a857d32ae3809a3d956b.png,WIN_20260913_18_23_46_Pro_jpg,train,ec8afddc14e96e97c29d4a9c740d6caac538ed1402ea9544969d0fc73dea1976,140,640,360,16,UNKNOWN
WIN_20260913_18_24_00_Pro_jpg.rf.f38143b643820707c4984458786ff0e3.png,WIN_20260913_18_24_00_Pro_jpg,train,c82e37d5f77b8c7b4b887b31b765483df029c33119e7c12ac1e9571ce89deb71,140,640,360,16,UNKNOWN
WIN_20260913_18_24_16_Pro_jpg.rf.1fbe68e4c3cd86bce78ff7d907f9f328.png,WIN_20260913_18_24_16_Pro_jpg,train,e6302f05abc6ee543e66e4b3ae52b61ea15602c2966e91571e3a2ab261524025,140,640,360,17,UNKNOWN
WIN_20260913_18_24_47_Pro_jpg.rf.77b5386765e7fae5113c4f1a7d095e97.png,WIN_20260913_18_24_47_Pro_jpg,train,5a19b5c27f4899b6fbee6771b0110224e62aee97ddfb5a0dc134f63e27e88a1c,140,640,360,10,UNKNOWN
WIN_20260913_18_25_47_Pro_jpg.rf.984adc4cddc866e068b5128341531ff0.png,WIN_20260913_18_25_47_Pro_jpg,train,2de60d4bbcb08a30411897022b903badf1bfdb44892e5d4488d8543340b6667d,140,640,360,12,UNKNOWN
WIN_20260913_18_25_55_Pro_jpg.rf.83aa316f5d547460ea393e797f6c4e3f.png,WIN_20260913_18_25_55_Pro_jpg,train,cf04ff66fdcbf95371f4d48826c584c61719bffe462d5a214c4e4da7706941e7,140,640,360,9,UNKNOWN
WIN_20260913_18_26_08_Pro_jpg.rf.53ef34e93874a2bbbca24f355d4b8984.png,WIN_20260913_18_26_08_Pro_jpg,train,f93523f335340740334d95b72a3afefec6c9ff4a12e024c755a812b91c1c4172,140,640,360,11,UNKNOWN
WIN_20260913_18_26_48_Pro_jpg.rf.9d654bb6c60f9521cd7d743cc882fbab.png,WIN_20260913_18_26_48_Pro_jpg,train,62194c39d443b2f6e21e7df200fa79a0ce7c1bbf7fb534ac96966aba92b1de6d,140,640,360,14,UNKNOWN
WIN_20260913_18_27_16_Pro_jpg.rf.40930cdf69514bdd3d0c8baaa1dd62f6.png,WIN_20260913_18_27_16_Pro_jpg,train,532689bed6a17a6e6c810d6147b25ff4c1e95f71a47285269c5f4d1cfc299f69,140,640,360,13,UNKNOWN
WIN_20260913_18_27_26_Pro_jpg.rf.57a5303b27ea2932e7a04f55ee610604.png,WIN_20260913_18_27_26_Pro_jpg,train,9f3c5a28409974bb5b565bcf0b24f122f17467952542b5b4b59e06ee474e5fc9,140,640,360,15,UNKNOWN
WIN_20260913_18_28_00_Pro_jpg.rf.42947af141a5864b49e0ade25cdf152c.png,WIN_20260913_18_28_00_Pro_jpg,train,cec8f04d9fcf277c677c7554be1909dbfd16087cf7bc36acbadd233e18325d85,140,640,360,9,UNKNOWN
WIN_20260913_18_28_15_Pro_jpg.rf.debb1f426c02ad4c946b4cd2a5e1e3f7.png,WIN_20260913_18_28_15_Pro_jpg,train,e2881d73dd1d8594d9626df46ecc4c508fe393a11a395aeeeae0259a60816e07,140,640,360,10,UNKNOWN
WIN_20260913_18_28_21_Pro_jpg.rf.8590fad16794073f35e5e693a5f564ba.png,WIN_20260913_18_28_21_Pro_jpg,train,d243ef55dcb757012237480e11aaaab9939d2b4a9bc22c9c7ceb8fb861c01ce4,140,640,360,10,UNKNOWN
WIN_20260913_18_29_12_Pro_jpg.rf.60651bacb8c5719d9cb62eb66addd0d6.png,WIN_20260913_18_29_12_Pro_jpg,train,eae8ddeafa39f4b4d0ce6505431681c3643d26111561023b2d510460515b5026,140,640,360,11,UNKNOWN
WIN_20260913_18_29_23_Pro_jpg.rf.206d5ffad663576fea35b5d65fe4356c.png,WIN_20260913_18_29_23_Pro_jpg,train,82314d945b95211caf2a95f94a6b9278e4a9aee7b72ad4afdc5526b5a07ac8e9,140,640,360,10,UNKNOWN
WIN_20260913_18_29_31_Pro_jpg.rf.dbc23a33dd31a54f48e5f4fbeb723b26.png,WIN_20260913_18_29_31_Pro_jpg,train,6773d8becad638e4d35ac0aab85d04bca3554c4f54764ad9a3b3748c13958582,140,640,360,10,UNKNOWN
WIN_20260913_18_29_38_Pro_jpg.rf.df3ab3ee2c0c0c2cfb31322110abeea4.png,WIN_20260913_18_29_38_Pro_jpg,train,b66afc4f0b50dff7a21cb8a8e4c4a03d86da59c4079e050b6efef6b8832e0cb1,140,640,360,9,UNKNOWN
WIN_20260913_18_29_54_Pro_jpg.rf.460966bef45d606824b2427bb08103a5.png,WIN_20260913_18_29_54_Pro_jpg,train,24baf4c3503d99d5572b0612387a1c11c2057434977d18c5ddb07453b9b392f1,140,640,360,13,UNKNOWN
WIN_20260913_18_30_06_Pro_jpg.rf.c29d8acc25fdb82e43bab71958d3f958.png,WIN_20260913_18_30_06_Pro_jpg,train,57ca2f5e5416ce0cc4f5067d3adbf587a76c9f292755aea0acf1c098c6f8db07,140,640,360,11,UNKNOWN
WIN_20260913_18_30_16_Pro_jpg.rf.070fdad9fcf18b327d90984016ce6408.png,WIN_20260913_18_30_16_Pro_jpg,train,46d2945f27c01bb57d485b8abe265fefbf3748998cb7a83df3077894a234647c,140,640,360,14,UNKNOWN
WIN_20260913_18_30_53_Pro_jpg.rf.3dac80f11a24c834c669feecde11d634.png,WIN_20260913_18_30_53_Pro_jpg,train,ed504721da292f866c99df95bd46fc86d27eb41cfefa47610191dca4d211575c,140,640,360,11,UNKNOWN
WIN_20260913_18_31_01_Pro_jpg.rf.b32407b3de7fc3b86d5a42cdc7b8b271.png,WIN_20260913_18_31_01_Pro_jpg,train,c4d2e85b594c1ddcacd77223100fdedf184af70a3def42cdf9a7342ae5f1acda,140,640,360,12,UNKNOWN
WIN_20260913_18_31_13_Pro_jpg.rf.600156d1b1df39776d688110186b52c7.png,WIN_20260913_18_31_13_Pro_jpg,train,e80c6784a1db908d63fd82bbbbd15339bf6b424999d8087a2525eb93d577b4ce,140,640,360,13,UNKNOWN
WIN_20260913_18_31_31_Pro_jpg.rf.c52bc5e272ef10bf05e468508e6a1b80.png,WIN_20260913_18_31_31_Pro_jpg,train,24036edc227fbd79459ed4c0ad39892f6b6cc52d0229bba350a7c23b5c74193e,140,640,360,14,UNKNOWN
WIN_20260913_18_32_08_Pro_jpg.rf.f5aa1e82ad35f5b66861de3fe61d84f0.png,WIN_20260913_18_32_08_Pro_jpg,train,ade8d0955eb1047a11a6a881d9c90fbe85b63eaf39284924bd10eee8072aeaea,140,640,360,16,UNKNOWN
WIN_20260913_18_32_19_Pro_jpg.rf.43550bcac88c60a8ac999c1eabdf1fb7.png,WIN_20260913_18_32_19_Pro_jpg,train,de4069cbdee361792083f6e20395e9de156b51209b746edeedb853238fcdb29c,140,640,360,16,UNKNOWN
WIN_20260913_18_32_58_Pro_jpg.rf.0c164f0227c29b4407944da36b95455a.png,WIN_20260913_18_32_58_Pro_jpg,train,4b95cee0f4f352e358cc74f7eb407566c3b49ea43bf6b352d6a8c52814a20750,140,640,360,11,UNKNOWN
WIN_20260913_18_33_09_Pro_jpg.rf.998c4b475f438fccdc6a7b27d02920ed.png,WIN_20260913_18_33_09_Pro_jpg,train,3a9914e5707787b48cbeb126ff7934341a11ce3703f924c1d30b98fbb7d92a74,140,640,360,11,UNKNOWN
WIN_20260913_18_33_23_Pro_jpg.rf.6aa79ed384193654fb23803bafc8047f.png,WIN_20260913_18_33_23_Pro_jpg,train,6d406bbf629d6fc5735e230b282f8079b0183b5aecef3a5ff731dced1de0570d,140,640,360,10,UNKNOWN
WIN_20260913_18_33_42_Pro_jpg.rf.065c7771376917024164a512d05bdc70.png,WIN_20260913_18_33_42_Pro_jpg,train,3845f91a8b5e324462fc09ca747e4c80afdca619098d32a491e568e6dd522637,140,640,360,10,UNKNOWN
WIN_20260913_18_33_49_Pro_jpg.rf.74a66809246216026fdab704254f847a.png,WIN_20260913_18_33_49_Pro_jpg,train,30a098c26b0a706abcb6d2f64489552b3a1e5a6409ee05568b2ecad885ef3682,140,640,360,11,UNKNOWN
WIN_20260913_18_34_00_Pro_jpg.rf.546d4448767a7b308cf5f260a8d33528.png,WIN_20260913_18_34_00_Pro_jpg,train,953631579d00d8d37a40d3afb8b2d967361c87f65e149036f629d7e3bd147572,140,640,360,11,UNKNOWN
