canonical_split,canonical_filename,source_export_split,source_image_id,source_filename,source_group,leakage_group,sha256,width,height,annotation_count,class_counts_json
train,43076945f2d7_1000094978_jpg.rf.71e1f5da3f9245f13dd2503565d62864.jpg,train,299,1000094978_jpg.rf.71e1f5da3f9245f13dd2503565d62864.jpg,1000094978.jpg,1000094978.jpg,43076945f2d7d9ebc68f9da9a67190850ea5a44330f63274dd05ccd8bc1e5ac9,640,640,6,"{""0"":2,""1"":2,""2"":2,""3"":0,""4"":0,""5"":0,""6"":0,""7"":0,""8"":0,""9"":0,""10"":0,""11"":0}"
train,f95601f4d329_1000094978_jpg.rf.7a37aba74336734c216cdadc40621fbb.jpg,train,349,1000094978_jpg.rf.7a37aba74336734c216cdadc40621fbb.jpg,1000094978.jpg,1000094978.jpg,f95601f4d329bee8a4bf68fe121b56451dc68570c227c40766e7e4ee8db45f3f,640,640,6,"{""0"":2,""1"":2,""2"":2,""3"":0,""4"":0,""5"":0,""6"":0,""7"":0,""8"":0,""9"":0,""10"":0,""11"":0}"
train,d1dbbc81c9c9_1000094978_jpg.rf.d65c0a9aa2a1c835d552eaa603ab161e.jpg,train,794,1000094978_jpg.rf.d65c0a9aa2a1c835d552eaa603ab161e.jpg,1000094978.jpg,1000094978.jpg,d1dbbc81c9c999cd71c27661a07872d63c20544b21e05b27554ed8e2a83afd49,640,640,6,"{""0"":2,""1"":2,""2"":2,""3"":0,""4"":0,""5"":0,""6"":0,""7"":0,""8"":0,""9"":0,""10"":0,""11"":0}"
train,340c1111cf95_1000094979_jpg.rf.30a907e61adb7e4726f7f4b702b5d369.jpg,train,631,1000094979_jpg.rf.30a907e61adb7e4726f7f4b702b5d369.jpg,1000094979.jpg,1000094979.jpg,340c1111cf95954be01896ce24fa5280e548fa4ee63fae96a95ba683b3380202,640,640,6,"{""0"":2,""1"":2,""2"":2,""3"":0,""4"":0,""5"":0,""6"":0,""7"":0,""8"":0,""9"":0,""10"":0,""11"":0}"
train,26b78e5fb4a4_1000094979_jpg.rf.1ed5eb2d1f220bd818e833727be68d9a.jpg,train,681,1000094979_jpg.rf.1ed5eb2d1f220bd818e833727be68d9a.jpg,1000094979.jpg,1000094979.jpg,26b78e5fb4a4b49e3e7933cedc80659a2da8d7b247798bf3f56c6603aab144fd,640,640,6,"{""0"":2,""1"":2,""2"":2,""3"":0,""4"":0,""5"":0,""6"":0,""7"":0,""8"":0,""9"":0,""10"":0,""11"":0}"
train,7594495d1dd6_1000094979_jpg.rf.19b619f556da6ce076aa19901f733558.jpg,train,846,1000094979_jpg.rf.19b619f556da6ce076aa19901f733558.jpg,1000094979.jpg,1000094979.jpg,7594495d1dd6042ad3682744920f800569d2d21efbe9e242d94451283c89cc63,640,640,6,"{""0"":2,""1"":2,""2"":2,""3"":0,""4"":0,""5"":0,""6"":0,""7"":0,""8"":0,""9"":0,""10"":0,""11"":0}"
train,85165a3f819b_1000094980_jpg.rf.6bc2f8143c4b7b282ebe1e0547a661db.jpg,train,274,1000094980_jpg.rf.6bc2f8143c4b7b282ebe1e0547a661db.jpg,1000094980.jpg,1000094980.jpg,85165a3f819b34dc7c68b28299d8a5e7fe07f6bcee8e7429632d7197053c12b2,640,640,4,"{""0"":2,""1"":1,""2"":1,""3"":0,""4"":0,""5"":0,""6"":0,""7"":0,""8"":0,""9"":0,""10"":0,""11"":0}"
train,cfd1ed5482de_1000094980_jpg.rf.a04696fc72925f585719d88ada952471.jpg,train,505,1000094980_jpg.rf.a04696fc72925f585719d88ada952471.jpg,1000094980.jpg,1000094980.jpg,cfd1ed5482de864c6e171c5f39ad4743a0d805cd173a7e91d5b8cd6dbc56c793,640,640,4,"{""0"":2,""1"":1,""2"":1,""3"":0,""4"":0,""5"":0,""6"":0,""7"":0,""8"":0,""9"":0,""10"":0,""11"":0}"
train,bb6f92e35353_1000094980_jpg.rf.cdd34c1566d69396a8a5c58a6dfb2861.jpg,train,618,1000094980_jpg.rf.cdd34c1566d69396a8a5c58a6dfb2861.jpg,1000094980.jpg,1000094980.jpg,bb6f92e35353fdba9e9be9b4b5c3ba34b657071724a448bbc762c44e7951956d,640,640,4,"{""0"":2,""1"":1,""2"":1,""3"":0,""4"":0,""5"":0,""6"":0,""7"":0,""8"":0,""9"":0,""10"":0,""11"":0}"
train,e3b6ae3780b1_1000094981_jpg.rf.f925c58c0f5f2a7a354ab159950af0c5.jpg,valid,1,1000094981_jpg.rf.f925c58c0f5f2a7a354ab159950af0c5.jpg,1000094981.jpg,1000094981.jpg,e3b6ae3780b1b86f4621b31e2ece545caca744ca0d7808a69a141985762fc90b,640,640,5,"{""0"":2,""1"":2,""2"":1,""3"":0,""4"":0,""5"":0,""6"":0,""7"":0,""8"":0,""9"":0,""10"":0,""11"":0}"
train,aef19a6a011e_1000094983_jpg.rf.ef111b3a20a4eb2cfb4eb63b9538a091.jpg,train,159,1000094983_jpg.rf.ef111b3a20a4eb2cfb4eb63b9538a091.jpg,1000094983.jpg,1000094983.jpg,aef19a6a011ee3c70fa16c12c7be49aade97ce1eceb8c01316c546e65f7184b8,640,640,4,"{""0"":4,""1"":0,""2"":0,""3"":0,""4"":0,""5"":0,""6"":0,""7"":0,""8"":0,""9"":0,""10"":0,""11"":0}"
train,fa2e828b96c6_1000094983_jpg.rf.4902787c27f650de1efaf28990c6aa37.jpg,train,508,1000094983_jpg.rf.4902787c27f650de1efaf28990c6aa37.jpg,1000094983.jpg,1000094983.jpg,fa2e828b96c617212b10b8293a5ff6986150d3358872c867edd9e5d04bdb9115,640,640,4,"{""0"":4,""1"":0,""2"":0,""3"":0,""4"":0,""5"":0,""6"":0,""7"":0,""8"":0,""9"":0,""10"":0,""11"":0}"
train,7f1fd6660613_1000094983_jpg.rf.c54932d6eda271c344a14629ff189e9c.jpg,train,702,1000094983_jpg.rf.c54932d6eda271c344a14629ff189e9c.jpg,1000094983.jpg,1000094983.jpg,7f1fd6660613e641f9681c9b088dbae3c3ba340a105903dffb74ad92853e9a8c,640,640,4,"{""0"":4,""1"":0,""2"":0,""3"":0,""4"":0,""5"":0,""6"":0,""7"":0,""8"":0,""9"":0,""10"":0,""11"":0}"
train,6a34f187c7b7_1000094984_jpg.rf.b53756d717faa18af0fd4e2699bc8250.jpg,train,309,1000094984_jpg.rf.b53756d717faa18af0fd4e2699bc8250.jpg,1000094984.jpg,1000094984.jpg,6a34f187c7b7961337fc28ab6fd26ffeff84330ccf799869d17d5169a20d8af3,640,640,11,"{""0"":0,""1"":0,""2"":0,""3"":8,""4"":1,""5"":2,""6"":0,""7"":0,""8"":0,""9"":0,""10"":0,""11"":0}"
train,481af0eaffda_1000094984_jpg.rf.bf6f0187cc2af08136ccebb26d109372.jpg,train,356,1000094984_jpg.rf.bf6f0187cc2af08136ccebb26d109372.jpg,1000094984.jpg,1000094984.jpg,481af0eaffdae95b32cd1c1289b82f779be85476d089130841881af5b6d4ab5f,640,640,11,"{""0"":0,""1"":0,""2"":0,""3"":8,""4"":1,""5"":2,""6"":0,""7"":0,""8"":0,""9"":0,""10"":0,""11"":0}"
train,d474beda2a0d_1000094984_jpg.rf.083c047101df62435ccf3184566b0560.jpg,train,769,1000094984_jpg.rf.083c047101df62435ccf3184566b0560.jpg,1000094984.jpg,1000094984.jpg,d474beda2a0d44347494eee4c22a1596e3e9f3927d960d6b3608082d662ef29b,640,640,11,"{""0"":0,""1"":0,""2"":0,""3"":8,""4"":1,""5"":2,""6"":0,""7"":0,""8"":0,""9"":0,""10"":0,""11"":0}"
train,8b658165f21c_1000094985_jpg.rf.ab51f4349cba1187d3a525ca54a2936e.jpg,train,225,1000094985_jpg.rf.ab51f4349cba1187d3a525ca54a2936e.jpg,1000094985.jpg,1000094985.jpg,8b658165f21cec391e6b6b2638c2eaad313da2d25e76cb36a8b82ec7ddd02ec4,640,640,18,"{""0"":0,""1"":0,""2"":0,""3"":8,""4"":7,""5"":3,""6"":0,""7"":0,""8"":0,""9"":0,""10"":0,""11"":0}"
train,1fbc6dccb2b4_1000094985_jpg.rf.bee26763f25beec41d72873901d3a864.jpg,train,313,1000094985_jpg.rf.bee26763f25beec41d72873901d3a864.jpg,1000094985.jpg,1000094985.jpg,1fbc6dccb2b4d1334802ff6fd16b60889390efcc8e4ba8acd8d7074b074dec91,640,640,18,"{""0"":0,""1"":0,""2"":0,""3"":8,""4"":7,""5"":3,""6"":0,""7"":0,""8"":0,""9"":0,""10"":0,""11"":0}"
train,653d8508935b_1000094985_jpg.rf.8d88e1d4a9cc27c823e9aafb0d08ef12.jpg,train,547,1000094985_jpg.rf.8d88e1d4a9cc27c823e9aafb0d08ef12.jpg,1000094985.jpg,1000094985.jpg,653d8508935b3a6fc7d53c5d38c874f6766577de40587d578cbbf831c752677f,640,640,18,"{""0"":0,""1"":0,""2"":0,""3"":8,""4"":7,""5"":3,""6"":0,""7"":0,""8"":0,""9"":0,""10"":0,""11"":0}"
train,1a6241acb872_1000094986_jpg.rf.0fac5568f17a23b28df41a4e06e275c9.jpg,train,182,1000094986_jpg.rf.0fac5568f17a23b28df41a4e06e275c9.jpg,1000094986.jpg,1000094986.jpg,1a6241acb872ccbabdf5da6f4c0d1c45faf4540c337e8ed35aea5023114c9316,640,640,19,"{""0"":0,""1"":0,""2"":0,""3"":9,""4"":6,""5"":4,""6"":0,""7"":0,""8"":0,""9"":0,""10"":0,""11"":0}"
train,f092de2b6183_1000094986_jpg.rf.452e00773a00d72416b7845ec660c4f2.jpg,train,202,1000094986_jpg.rf.452e00773a00d72416b7845ec660c4f2.jpg,1000094986.jpg,1000094986.jpg,f092de2b618319997956b2ec9089c9308697ea89edf4db3022421a52eaa86a64,640,640,19,"{""0"":0,""1"":0,""2"":0,""3"":9,""4"":6,""5"":4,""6"":0,""7"":0,""8"":0,""9"":0,""10"":0,""11"":0}"
train,19501910ddb3_1000094986_jpg.rf.a6236a78f70b1481802a088b04998f5e.jpg,train,29,1000094986_jpg.rf.a6236a78f70b1481802a088b04998f5e.jpg,1000094986.jpg,1000094986.jpg,19501910ddb3616d2333012ccbc79e8b22f0cfbc3c39cb184f8cd054012d8fa2,640,640,19,"{""0"":0,""1"":0,""2"":0,""3"":9,""4"":6,""5"":4,""6"":0,""7"":0,""8"":0,""9"":0,""10"":0,""11"":0}"
train,b725cce7cce7_1000094987-1-_jpg.rf.3ba341de0fca2bfc23d6defeb2f03d9f.jpg,train,530,1000094987-1-_jpg.rf.3ba341de0fca2bfc23d6defeb2f03d9f.jpg,1000094987-1-.jpg,1000094987-1-.jpg,b725cce7cce790870a99a0d59da0a78eec20853782ca97f40b86f20ace86d970,640,640,11,"{""0"":0,""1"":0,""2"":0,""3"":0,""4"":0,""5"":0,""6"":6,""7"":5,""8"":0,""9"":0,""10"":0,""11"":0}"
train,e1d4f73422ba_1000094987-1-_jpg.rf.7bed1231409bb4194a129e7c50934782.jpg,train,551,1000094987-1-_jpg.rf.7bed1231409bb4194a129e7c50934782.jpg,1000094987-1-.jpg,1000094987-1-.jpg,e1d4f73422ba05e59272b28ad855db62ecc3cf0433e55175a952d5b6e2d6c001,640,640,11,"{""0"":0,""1"":0,""2"":0,""3"":0,""4"":0,""5"":0,""6"":6,""7"":5,""8"":0,""9"":0,""10"":0,""11"":0}"
train,ce3cfbe3b14b_1000094987-1-_jpg.rf.0b222bd55e354d818d5a9a154d01144c.jpg,train,857,1000094987-1-_jpg.rf.0b222bd55e354d818d5a9a154d01144c.jpg,1000094987-1-.jpg,1000094987-1-.jpg,ce3cfbe3b14b2ebbe4c4ac46ba265c77dd4d41bd3fce917334ea42908e0a2135,640,640,11,"{""0"":0,""1"":0,""2"":0,""3"":0,""4"":0,""5"":0,""6"":6,""7"":5,""8"":0,""9"":0,""10"":0,""11"":0}"
train,8d43d7182b41_1000094988_jpg.rf.9793c18dd4d03a7bae1308287b2c70ee.jpg,train,171,1000094988_jpg.rf.9793c18dd4d03a7bae1308287b2c70ee.jpg,1000094988.jpg,1000094988.jpg,8d43d7182b414a1270c216dabe100e55757b8c990bf8cbbef90a31781da60dd0,640,640,15,"{""0"":0,""1"":0,""2"":0,""3"":0,""4"":0,""5"":1,""6"":4,""7"":7,""8"":3,""9"":0,""10"":0,""11"":0}"
train,b2a0b6b3d8c9_1000094988_jpg.rf.4eb34ce23e5ba430396146f8f9b86471.jpg,train,411,1000094988_jpg.rf.4eb34ce23e5ba430396146f8f9b86471.jpg,1000094988.jpg,1000094988.jpg,b2a0b6b3d8c980e832a448ea70d75485a8c95c74d79691bfa0e840c743bf8b27,640,640,15,"{""0"":0,""1"":0,""2"":0,""3"":0,""4"":0,""5"":1,""6"":4,""7"":7,""8"":3,""9"":0,""10"":0,""11"":0}"
train,6ffa3204a2a3_1000094990_jpg.rf.1d4ba0e4514295e0bbc975df3d78bde5.jpg,test,3,1000094990_jpg.rf.1d4ba0e4514295e0bbc975df3d78bde5.jpg,1000094990.jpg,1000094990.jpg,6ffa3204a2a396aa07b21632317f06e513f14cd90a4f9e6ae4a7e8b1b9b19e45,640,640,12,"{""0"":0,""1"":0,""2"":0,""3"":0,""4"":0,""5"":0,""6"":6,""7"":5,""8"":1,""9"":0,""10"":0,""11"":0}"
train,4615ee101430_1000094991_jpg.rf.b2c64f6c6c411e1bdf05c280db4b6363.jpg,valid,0,1000094991_jpg.rf.b2c64f6c6c411e1bdf05c280db4b6363.jpg,1000094991.jpg,1000094991.jpg,4615ee101430cf162dbf482bf1a5d5b98c050707ac5986875f4d34cc5b646dd1,640,640,12,"{""0"":0,""1"":0,""2"":0,""3"":0,""4"":0,""5"":1,""6"":4,""7"":5,""8"":2,""9"":0,""10"":0,""11"":0}"
train,9a12c1f792d7_WIN_20260823_20_08_46_Pro_jpg.rf.adb30268d00d4fbe790909029102cac3.jpg,train,242,WIN_20260823_20_08_46_Pro_jpg.rf.adb30268d00d4fbe790909029102cac3.jpg,WIN_20260823_20_08_46_Pro.jpg,WIN_20260823_20_08_46_Pro.jpg,9a12c1f792d7a215e502fdaea618fd9810efc73cef895d2c00b674e5308ff46b,640,640,6,"{""0"":2,""1"":2,""2"":2,""3"":0,""4"":0,""5"":0,""6"":0,""7"":0,""8"":0,""9"":0,""10"":0,""11"":0}"
train,e53ed104a5ea_WIN_20260823_20_08_46_Pro_jpg.rf.3eae3b14435dc537f99bf255bb85b9a2.jpg,train,476,WIN_20260823_20_08_46_Pro_jpg.rf.3eae3b14435dc537f99bf255bb85b9a2.jpg,WIN_20260823_20_08_46_Pro.jpg,WIN_20260823_20_08_46_Pro.jpg,e53ed104a5eae06570d0ac44c0aa9273a859a1da645b12087b131a6554a6a01d,640,640,6,"{""0"":2,""1"":2,""2"":2,""3"":0,""4"":0,""5"":0,""6"":0,""7"":0,""8"":0,""9"":0,""10"":0,""11"":0}"
train,5d26b7fe9d1e_WIN_20260823_20_08_46_Pro_jpg.rf.0ca40df9451136f390d82adf68386ed7.jpg,train,855,WIN_20260823_20_08_46_Pro_jpg.rf.0ca40df9451136f390d82adf68386ed7.jpg,WIN_20260823_20_08_46_Pro.jpg,WIN_20260823_20_08_46_Pro.jpg,5d26b7fe9d1e55e48a69afbc94cc91dfb0c550dd0cebf6fad66aafaa9916d1d1,640,640,6,"{""0"":2,""1"":2,""2"":2,""3"":0,""4"":0,""5"":0,""6"":0,""7"":0,""8"":0,""9"":0,""10"":0,""11"":0}"
train,a9e35e14b158_WIN_20260823_20_09_56_Pro_jpg.rf.50dd1be2478982a1aa34ec5cd47279bd.jpg,train,114,WIN_20260823_20_09_56_Pro_jpg.rf.50dd1be2478982a1aa34ec5cd47279bd.jpg,WIN_20260823_20_09_56_Pro.jpg,WIN_20260823_20_09_56_Pro.jpg,a9e35e14b158d55d18eb40961437ff66dabc8b604b452facd8d11e7f20892a91,640,640,4,"{""0"":2,""1"":0,""2"":2,""3"":0,""4"":0,""5"":0,""6"":0,""7"":0,""8"":0,""9"":0,""10"":0,""11"":0}"
train,bffa4aa95304_WIN_20260823_20_09_56_Pro_jpg.rf.15aa3e77713305b1cffd9cfcd877d486.jpg,train,413,WIN_20260823_20_09_56_Pro_jpg.rf.15aa3e77713305b1cffd9cfcd877d486.jpg,WIN_20260823_20_09_56_Pro.jpg,WIN_20260823_20_09_56_Pro.jpg,bffa4aa9530420f8ef78bbe4308e6b657c9f9730309f6e1f2e924abab85eedcb,640,640,4,"{""0"":2,""1"":0,""2"":2,""3"":0,""4"":0,""5"":0,""6"":0,""7"":0,""8"":0,""9"":0,""10"":0,""11"":0}"
train,58f99ed0db34_WIN_20260823_20_09_56_Pro_jpg.rf.7d16e60918cf4f7137c8a6b4ac1db057.jpg,train,634,WIN_20260823_20_09_56_Pro_jpg.rf.7d16e60918cf4f7137c8a6b4ac1db057.jpg,WIN_20260823_20_09_56_Pro.jpg,WIN_20260823_20_09_56_Pro.jpg,58f99ed0db345160c9631a99a90651d0b06b36a0920af1854de5a8e4d9da8c4d,640,640,4,"{""0"":2,""1"":0,""2"":2,""3"":0,""4"":0,""5"":0,""6"":0,""7"":0,""8"":0,""9"":0,""10"":0,""11"":0}"
train,6132f679d841_WIN_20260823_20_10_03_Pro_jpg.rf.8733c57703f2a0d6aeb6ef68de062273.jpg,train,339,WIN_20260823_20_10_03_Pro_jpg.rf.8733c57703f2a0d6aeb6ef68de062273.jpg,WIN_20260823_20_10_03_Pro.jpg,WIN_20260823_20_10_03_Pro.jpg,6132f679d841b3dffc0efab08c3073b9f8023f47a4f50b7b2e532f4208a6acd1,640,640,5,"{""0"":2,""1"":2,""2"":1,""3"":0,""4"":0,""5"":0,""6"":0,""7"":0,""8"":0,""9"":0,""10"":0,""11"":0}"
train,5d4ec275be6c_WIN_20260823_20_10_03_Pro_jpg.rf.6a4a8456c49bcd95ef86466068674c0b.jpg,train,498,WIN_20260823_20_10_03_Pro_jpg.rf.6a4a8456c49bcd95ef86466068674c0b.jpg,WIN_20260823_20_10_03_Pro.jpg,WIN_20260823_20_10_03_Pro.jpg,5d4ec275be6c1373b1eda84e187d40c6e102a7dfe8e6a1852fb0ad17bc13fafe,640,640,5,"{""0"":2,""1"":2,""2"":1,""3"":0,""4"":0,""5"":0,""6"":0,""7"":0,""8"":0,""9"":0,""10"":0,""11"":0}"
train,66a9a22ef070_WIN_20260823_20_10_03_Pro_jpg.rf.538f8c9d25d95b3936035d6b20bf4537.jpg,train,688,WIN_20260823_20_10_03_Pro_jpg.rf.538f8c9d25d95b3936035d6b20bf4537.jpg,WIN_20260823_20_10_03_Pro.jpg,WIN_20260823_20_10_03_Pro.jpg,66a9a22ef0703a97a33485173a0d3e657ebc35750872130966149575009e66b1,640,640,5,"{""0"":2,""1"":2,""2"":1,""3"":0,""4"":0,""5"":0,""6"":0,""7"":0,""8"":0,""9"":0,""10"":0,""11"":0}"
train,9baf4acad31b_WIN_20260823_20_10_07_Pro_jpg.rf.bf4c016dea7d84c6ac57bb19f0cdc76f.jpg,train,104,WIN_20260823_20_10_07_Pro_jpg.rf.bf4c016dea7d84c6ac57bb19f0cdc76f.jpg,WIN_20260823_20_10_07_Pro.jpg,WIN_20260823_20_10_07_Pro.jpg,9baf4acad31bea5416308b6a0038383af31e76d16046030a384b6e964340a464,640,640,3,"{""0"":1,""1"":1,""2"":1,""3"":0,""4"":0,""5"":0,""6"":0,""7"":0,""8"":0,""9"":0,""10"":0,""11"":0}"
train,0b9f9e86c97e_WIN_20260823_20_10_07_Pro_jpg.rf.4249d479436e29a09ec0b06372e0fd89.jpg,train,781,WIN_20260823_20_10_07_Pro_jpg.rf.4249d479436e29a09ec0b06372e0fd89.jpg,WIN_20260823_20_10_07_Pro.jpg,WIN_20260823_20_10_07_Pro.jpg,0b9f9e86c97ed0f707372dface175a029de0a0ea66eca85b6f9f5d908493667c,640,640,3,"{""0"":1,""1"":1,""2"":1,""3"":0,""4"":0,""5"":0,""6"":0,""7"":0,""8"":0,""9"":0,""10"":0,""11"":0}"
train,dce353c06345_WIN_20260823_20_10_07_Pro_jpg.rf.1189821d2d438ac1059a99085e1a2829.jpg,train,825,WIN_20260823_20_10_07_Pro_jpg.rf.1189821d2d438ac1059a99085e1a2829.jpg,WIN_20260823_20_10_07_Pro.jpg,WIN_20260823_20_10_07_Pro.jpg,dce353c06345fb8ca4f1138e2dd116c620e7a8c892d3544ec3fd96b8baa31c2c,640,640,3,"{""0"":1,""1"":1,""2"":1,""3"":0,""4"":0,""5"":0,""6"":0,""7"":0,""8"":0,""9"":0,""10"":0,""11"":0}"
train,2525dd5e6f88_WIN_20260823_20_10_24_Pro_jpg.rf.abc639fef370725b93b33da3ffd97281.jpg,train,208,WIN_20260823_20_10_24_Pro_jpg.rf.abc639fef370725b93b33da3ffd97281.jpg,WIN_20260823_20_10_24_Pro.jpg,WIN_20260823_20_10_24_Pro.jpg,2525dd5e6f8832fb2e19b7338dc47278a311b6f2bcb82d185baf263e0a03b79a,640,640,5,"{""0"":2,""1"":1,""2"":2,""3"":0,""4"":0,""5"":0,""6"":0,""7"":0,""8"":0,""9"":0,""10"":0,""11"":0}"
train,2cdc89ffae94_WIN_20260823_20_10_24_Pro_jpg.rf.c4740693f8710146d8ccc7a04ef980a0.jpg,train,410,WIN_20260823_20_10_24_Pro_jpg.rf.c4740693f8710146d8ccc7a04ef980a0.jpg,WIN_20260823_20_10_24_Pro.jpg,WIN_20260823_20_10_24_Pro.jpg,2cdc89ffae9439f86bc0ab7123be2a104c0fbf4d2a904d9c576b04b714c1b51a,640,640,5,"{""0"":2,""1"":1,""2"":2,""3"":0,""4"":0,""5"":0,""6"":0,""7"":0,""8"":0,""9"":0,""10"":0,""11"":0}"
train,1aae9632e78b_WIN_20260823_20_10_24_Pro_jpg.rf.a869c4af9c5c1ab9c898dff8c336b12e.jpg,train,538,WIN_20260823_20_10_24_Pro_jpg.rf.a869c4af9c5c1ab9c898dff8c336b12e.jpg,WIN_20260823_20_10_24_Pro.jpg,WIN_20260823_20_10_24_Pro.jpg,1aae9632e78bbd7e0352971991f3a933bde433adbb9bda9be23a24ebdcc557f5,640,640,5,"{""0"":2,""1"":1,""2"":2,""3"":0,""4"":0,""5"":0,""6"":0,""7"":0,""8"":0,""9"":0,""10"":0,""11"":0}"
train,96669a5e05f0_WIN_20260823_20_10_47_Pro_jpg.rf.2d4713570a42b4a025e352ccbe15a225.jpg,train,141,WIN_20260823_20_10_47_Pro_jpg.rf.2d4713570a42b4a025e352ccbe15a225.jpg,WIN_20260823_20_10_47_Pro.jpg,WIN_20260823_20_10_47_Pro.jpg,96669a5e05f012b19499ce9a203b6bd15dd9767593cc21c249434339b9ef40e5,640,640,5,"{""0"":1,""1"":2,""2"":2,""3"":0,""4"":0,""5"":0,""6"":0,""7"":0,""8"":0,""9"":0,""10"":0,""11"":0}"
train,6a5a2a1ff86b_WIN_20260823_20_10_47_Pro_jpg.rf.ae737f69d9c5ec2924a38d8db4e55421.jpg,train,524,WIN_20260823_20_10_47_Pro_jpg.rf.ae737f69d9c5ec2924a38d8db4e55421.jpg,WIN_20260823_20_10_47_Pro.jpg,WIN_20260823_20_10_47_Pro.jpg,6a5a2a1ff86b8595bc5586d5173144ff9899056ccb2b5f280ab9af4862b56818,640,640,5,"{""0"":1,""1"":2,""2"":2,""3"":0,""4"":0,""5"":0,""6"":0,""7"":0,""8"":0,""9"":0,""10"":0,""11"":0}"
train,8f7250a0c71a_WIN_20260823_20_10_47_Pro_jpg.rf.d7a97130b22265e639d46e0e4b6deec0.jpg,train,563,WIN_20260823_20_10_47_Pro_jpg.rf.d7a97130b22265e639d46e0e4b6deec0.jpg,WIN_20260823_20_10_47_Pro.jpg,WIN_20260823_20_10_47_Pro.jpg,8f7250a0c71a6c973aeefe5c36fdebd8600219ce54a54c9098f1e904cf66e74c,640,640,5,"{""0"":1,""1"":2,""2"":2,""3"":0,""4"":0,""5"":0,""6"":0,""7"":0,""8"":0,""9"":0,""10"":0,""11"":0}"
train,b59ab6808786_WIN_20260823_20_10_50_Pro_jpg.rf.b7d7befc60a3ae354ddfcdddcb5682aa.jpg,train,310,WIN_20260823_20_10_50_Pro_jpg.rf.b7d7befc60a3ae354ddfcdddcb5682aa.jpg,WIN_20260823_20_10_50_Pro.jpg,WIN_20260823_20_10_50_Pro.jpg,b59ab6808786646c184cf09206d3e525c2bb0332d3d40d16d0595309fdf4621c,640,640,5,"{""0"":3,""1"":2,""2"":0,""3"":0,""4"":0,""5"":0,""6"":0,""7"":0,""8"":0,""9"":0,""10"":0,""11"":0}"
train,9a7f619a456c_WIN_20260823_20_10_50_Pro_jpg.rf.5dc67ea12cd19f5040ba0f04c9e47d4e.jpg,train,58,WIN_20260823_20_10_50_Pro_jpg.rf.5dc67ea12cd19f5040ba0f04c9e47d4e.jpg,WIN_20260823_20_10_50_Pro.jpg,WIN_20260823_20_10_50_Pro.jpg,9a7f619a456cb067040a8daf3cab5b8c699cdac13dc0bd0adb0163cb9be60fdd,640,640,5,"{""0"":3,""1"":2,""2"":0,""3"":0,""4"":0,""5"":0,""6"":0,""7"":0,""8"":0,""9"":0,""10"":0,""11"":0}"
train,908dfcdbf899_WIN_20260823_20_10_50_Pro_jpg.rf.cc658eff484e92566f1d64805a176154.jpg,train,705,WIN_20260823_20_10_50_Pro_jpg.rf.cc658eff484e92566f1d64805a176154.jpg,WIN_20260823_20_10_50_Pro.jpg,WIN_20260823_20_10_50_Pro.jpg,908dfcdbf899684f3960c2b390f468ac65146f2ab42d3ad63f5501cc4c82973e,640,640,5,"{""0"":3,""1"":2,""2"":0,""3"":0,""4"":0,""5"":0,""6"":0,""7"":0,""8"":0,""9"":0,""10"":0,""11"":0}"
train,d4900350b434_WIN_20260823_20_10_54_Pro_jpg.rf.860c093cfe9b3b1bc88df1823a3c8445.jpg,train,351,WIN_20260823_20_10_54_Pro_jpg.rf.860c093cfe9b3b1bc88df1823a3c8445.jpg,WIN_20260823_20_10_54_Pro.jpg,WIN_20260823_20_10_54_Pro.jpg,d4900350b4342b4116ad1a2dcd09ca44f15dc40ad693c9e4cb5bacb79de5c7ba,640,640,6,"{""0"":2,""1"":2,""2"":2,""3"":0,""4"":0,""5"":0,""6"":0,""7"":0,""8"":0,""9"":0,""10"":0,""11"":0}"
train,00c137639b8c_WIN_20260823_20_10_54_Pro_jpg.rf.3ff6fc085171de348e36b8cd8b5b356a.jpg,train,692,WIN_20260823_20_10_54_Pro_jpg.rf.3ff6fc085171de348e36b8cd8b5b356a.jpg,WIN_20260823_20_10_54_Pro.jpg,WIN_20260823_20_10_54_Pro.jpg,00c137639b8ca6e6f1ff4772508069666e57d14f126f53eca97232e12ba27330,640,640,6,"{""0"":2,""1"":2,""2"":2,""3"":0,""4"":0,""5"":0,""6"":0,""7"":0,""8"":0,""9"":0,""10"":0,""11"":0}"
train,7ca28769925d_WIN_20260823_20_10_54_Pro_jpg.rf.ce8c703174758ca679393634b5e99fe4.jpg,train,698,WIN_20260823_20_10_54_Pro_jpg.rf.ce8c703174758ca679393634b5e99fe4.jpg,WIN_20260823_20_10_54_Pro.jpg,WIN_20260823_20_10_54_Pro.jpg,7ca28769925d9d6893347904d9441297832a80982015a4815356e769e04ca209,640,640,6,"{""0"":2,""1"":2,""2"":2,""3"":0,""4"":0,""5"":0,""6"":0,""7"":0,""8"":0,""9"":0,""10"":0,""11"":0}"
train,8e66d875aa1b_WIN_20260823_20_11_03_Pro_jpg.rf.756a6f6c9de80ddcf843063917ee282f.jpg,train,306,WIN_20260823_20_11_03_Pro_jpg.rf.756a6f6c9de80ddcf843063917ee282f.jpg,WIN_20260823_20_11_03_Pro.jpg,WIN_20260823_20_11_03_Pro.jpg,8e66d875aa1b56ee7b0338d19d97b947bde567515bb9d86cce21cf110c1f6419,640,640,5,"{""0"":2,""1"":2,""2"":1,""3"":0,""4"":0,""5"":0,""6"":0,""7"":0,""8"":0,""9"":0,""10"":0,""11"":0}"
train,ba53b59e0bc0_WIN_20260823_20_11_03_Pro_jpg.rf.b8d5aaf4ae4e6a528235435aadfd7615.jpg,train,406,WIN_20260823_20_11_03_Pro_jpg.rf.b8d5aaf4ae4e6a528235435aadfd7615.jpg,WIN_20260823_20_11_03_Pro.jpg,WIN_20260823_20_11_03_Pro.jpg,ba53b59e0bc0c7a360b4aef7f943c88643afc2f0470e1c2811485fb3037efcca,640,640,5,"{""0"":2,""1"":2,""2"":1,""3"":0,""4"":0,""5"":0,""6"":0,""7"":0,""8"":0,""9"":0,""10"":0,""11"":0}"
train,fbc3a8bca045_WIN_20260823_20_11_03_Pro_jpg.rf.81a217a2bb89c5d219d83a349d4e21df.jpg,train,589,WIN_20260823_20_11_03_Pro_jpg.rf.81a217a2bb89c5d219d83a349d4e21df.jpg,WIN_20260823_20_11_03_Pro.jpg,WIN_20260823_20_11_03_Pro.jpg,fbc3a8bca0453b4b3f4b0eb0b96447979b281b660ae5b260e19e676fbb846a05,640,640,5,"{""0"":2,""1"":2,""2"":1,""3"":0,""4"":0,""5"":0,""6"":0,""7"":0,""8"":0,""9"":0,""10"":0,""11"":0}"
train,dfec06893743_WIN_20260823_20_11_11_Pro_jpg.rf.934ad2c51275e01c558a3e9ed12a2d27.jpg,train,197,WIN_20260823_20_11_11_Pro_jpg.rf.934ad2c51275e01c558a3e9ed12a2d27.jpg,WIN_20260823_20_11_11_Pro.jpg,WIN_20260823_20_11_11_Pro.jpg,dfec06893743c0f3051c36676a3920e2a9779535fb73c5fb9ae980e957042d42,640,640,4,"{""0"":2,""1"":1,""2"":1,""3"":0,""4"":0,""5"":0,""6"":0,""7"":0,""8"":0,""9"":0,""10"":0,""11"":0}"
train,de00e6f83423_WIN_20260823_20_11_11_Pro_jpg.rf.d9e94bc8c4fa9bb30f70ea66733cdae0.jpg,train,421,WIN_20260823_20_11_11_Pro_jpg.rf.d9e94bc8c4fa9bb30f70ea66733cdae0.jpg,WIN_20260823_20_11_11_Pro.jpg,WIN_20260823_20_11_11_Pro.jpg,de00e6f834235e2ac1437e6daf30c274ee68d2aea33c1e56cc8fb29b8e7467ed,640,640,4,"{""0"":2,""1"":1,""2"":1,""3"":0,""4"":0,""5"":0,""6"":0,""7"":0,""8"":0,""9"":0,""10"":0,""11"":0}"
train,b1103a8e5100_WIN_20260823_20_11_11_Pro_jpg.rf.aced4fcdbacd3024294916e16965c017.jpg,train,780,WIN_20260823_20_11_11_Pro_jpg.rf.aced4fcdbacd3024294916e16965c017.jpg,WIN_20260823_20_11_11_Pro.jpg,WIN_20260823_20_11_11_Pro.jpg,b1103a8e5100eb09b788af098ba3e9a2bd8bdc91dccb3ad1dbabd1b3b5616d33,640,640,4,"{""0"":2,""1"":1,""2"":1,""3"":0,""4"":0,""5"":0,""6"":0,""7"":0,""8"":0,""9"":0,""10"":0,""11"":0}"
train,60db162d50fa_WIN_20260823_20_11_17_Pro_jpg.rf.ab75ee99ef6895ba6b27455b16c3d57e.jpg,train,295,WIN_20260823_20_11_17_Pro_jpg.rf.ab75ee99ef6895ba6b27455b16c3d57e.jpg,WIN_20260823_20_11_17_Pro.jpg,WIN_20260823_20_11_17_Pro.jpg,60db162d50fa1c87614b9d9df57f604af2dc1ece45c0c784296310f496aa6a97,640,640,5,"{""0"":2,""1"":2,""2"":1,""3"":0,""4"":0,""5"":0,""6"":0,""7"":0,""8"":0,""9"":0,""10"":0,""11"":0}"
train,326c30e6f8a1_WIN_20260823_20_11_17_Pro_jpg.rf.a38dd7f0e1db4eb5bb6da4a584ccae53.jpg,train,492,WIN_20260823_20_11_17_Pro_jpg.rf.a38dd7f0e1db4eb5bb6da4a584ccae53.jpg,WIN_20260823_20_11_17_Pro.jpg,WIN_20260823_20_11_17_Pro.jpg,326c30e6f8a1371a893fa1346887037caecb1a67ffcd8688a512fe47351a385c,640,640,5,"{""0"":2,""1"":2,""2"":1,""3"":0,""4"":0,""5"":0,""6"":0,""7"":0,""8"":0,""9"":0,""10"":0,""11"":0}"
train,8ebe661b0970_WIN_20260823_20_11_17_Pro_jpg.rf.0329cab6b5aa26bb1e0290d20608e014.jpg,train,720,WIN_20260823_20_11_17_Pro_jpg.rf.0329cab6b5aa26bb1e0290d20608e014.jpg,WIN_20260823_20_11_17_Pro.jpg,WIN_20260823_20_11_17_Pro.jpg,8ebe661b097078198109fb21fdc9a0003c0aad23d02b7190b4c02c2cd8bd9bf6,640,640,5,"{""0"":2,""1"":2,""2"":1,""3"":0,""4"":0,""5"":0,""6"":0,""7"":0,""8"":0,""9"":0,""10"":0,""11"":0}"
train,46f6ff1c93dc_WIN_20260823_20_11_26_Pro_jpg.rf.b948ba1c8750945f64fdb89ecb7dc029.jpg,train,152,WIN_20260823_20_11_26_Pro_jpg.rf.b948ba1c8750945f64fdb89ecb7dc029.jpg,WIN_20260823_20_11_26_Pro.jpg,WIN_20260823_20_11_26_Pro.jpg,46f6ff1c93dcf092a8d653752d0e3d1965aa166ef6052a307d30f6dd6b0c815e,640,640,5,"{""0"":1,""1"":3,""2"":1,""3"":0,""4"":0,""5"":0,""6"":0,""7"":0,""8"":0,""9"":0,""10"":0,""11"":0}"
train,dbed3bca084a_WIN_20260823_20_11_26_Pro_jpg.rf.2d4c5882a74158ef904f756a74a99da1.jpg,train,449,WIN_20260823_20_11_26_Pro_jpg.rf.2d4c5882a74158ef904f756a74a99da1.jpg,WIN_20260823_20_11_26_Pro.jpg,WIN_20260823_20_11_26_Pro.jpg,dbed3bca084a1b052954b750ae18da2f166b8b22af8b6b7ba25c746bb5736600,640,640,5,"{""0"":1,""1"":3,""2"":1,""3"":0,""4"":0,""5"":0,""6"":0,""7"":0,""8"":0,""9"":0,""10"":0,""11"":0}"
train,6edbdc242c69_WIN_20260823_20_11_26_Pro_jpg.rf.2f5b81b08161b101686c40dfbdbc8ac9.jpg,train,800,WIN_20260823_20_11_26_Pro_jpg.rf.2f5b81b08161b101686c40dfbdbc8ac9.jpg,WIN_20260823_20_11_26_Pro.jpg,WIN_20260823_20_11_26_Pro.jpg,6edbdc242c6980242a2201ea378812921c7b61276d861bfe5ba28db097f84d22,640,640,5,"{""0"":1,""1"":3,""2"":1,""3"":0,""4"":0,""5"":0,""6"":0,""7"":0,""8"":0,""9"":0,""10"":0,""11"":0}"
train,d919076c2419_WIN_20260823_20_11_29_Pro_jpg.rf.f9e00b344a5b50f6135bb9ed37760577.jpg,train,290,WIN_20260823_20_11_29_Pro_jpg.rf.f9e00b344a5b50f6135bb9ed37760577.jpg,WIN_20260823_20_11_29_Pro.jpg,WIN_20260823_20_11_29_Pro.jpg,d919076c24192cae5af4361b6e3c75cface7afead3a4a88df17db7a392e994e3,640,640,4,"{""0"":1,""1"":2,""2"":1,""3"":0,""4"":0,""5"":0,""6"":0,""7"":0,""8"":0,""9"":0,""10"":0,""11"":0}"
train,0e6e13bd3aec_WIN_20260823_20_11_29_Pro_jpg.rf.7440bc9db42578f925265fbbc5058e27.jpg,train,537,WIN_20260823_20_11_29_Pro_jpg.rf.7440bc9db42578f925265fbbc5058e27.jpg,WIN_20260823_20_11_29_Pro.jpg,WIN_20260823_20_11_29_Pro.jpg,0e6e13bd3aec11f9ae37de42171650df4f94327f2db4b5103e1291f16205ed6d,640,640,4,"{""0"":1,""1"":2,""2"":1,""3"":0,""4"":0,""5"":0,""6"":0,""7"":0,""8"":0,""9"":0,""10"":0,""11"":0}"
train,5f489b09153e_WIN_20260823_20_11_29_Pro_jpg.rf.de05883db19514ae666e8647d1f1a8b2.jpg,train,700,WIN_20260823_20_11_29_Pro_jpg.rf.de05883db19514ae666e8647d1f1a8b2.jpg,WIN_20260823_20_11_29_Pro.jpg,WIN_20260823_20_11_29_Pro.jpg,5f489b09153e3cdd2157c7e6655356dddd667e7ec9a54b17a6af63e97f87174d,640,640,4,"{""0"":1,""1"":2,""2"":1,""3"":0,""4"":0,""5"":0,""6"":0,""7"":0,""8"":0,""9"":0,""10"":0,""11"":0}"
train,701feb673880_WIN_20260823_20_11_31_Pro_jpg.rf.6bdb93d4248d904956880285857abbe2.jpg,train,28,WIN_20260823_20_11_31_Pro_jpg.rf.6bdb93d4248d904956880285857abbe2.jpg,WIN_20260823_20_11_31_Pro.jpg,WIN_20260823_20_11_31_Pro.jpg,701feb673880279d59271b407ef754c13f8c3c582dd7cc4a9f085e10bcecae85,640,640,5,"{""0"":2,""1"":2,""2"":1,""3"":0,""4"":0,""5"":0,""6"":0,""7"":0,""8"":0,""9"":0,""10"":0,""11"":0}"
train,db44d9fff806_WIN_20260823_20_11_31_Pro_jpg.rf.5883f60bc185a471f6fc8d2d45eeed28.jpg,train,399,WIN_20260823_20_11_31_Pro_jpg.rf.5883f60bc185a471f6fc8d2d45eeed28.jpg,WIN_20260823_20_11_31_Pro.jpg,WIN_20260823_20_11_31_Pro.jpg,db44d9fff806d8700a028960b988641031f17550a1c71391f4afdabb8d405198,640,640,5,"{""0"":2,""1"":2,""2"":1,""3"":0,""4"":0,""5"":0,""6"":0,""7"":0,""8"":0,""9"":0,""10"":0,""11"":0}"
train,636a863c47b5_WIN_20260823_20_11_31_Pro_jpg.rf.4e392d3c79b2955af0c0dcb78d1ab44e.jpg,train,403,WIN_20260823_20_11_31_Pro_jpg.rf.4e392d3c79b2955af0c0dcb78d1ab44e.jpg,WIN_20260823_20_11_31_Pro.jpg,WIN_20260823_20_11_31_Pro.jpg,636a863c47b5c5f5dbcf61a4e2fcaaae70523d4094b9f28b3fdd15c8274aa5db,640,640,5,"{""0"":2,""1"":2,""2"":1,""3"":0,""4"":0,""5"":0,""6"":0,""7"":0,""8"":0,""9"":0,""10"":0,""11"":0}"
train,fb0000281f55_WIN_20260823_20_11_34_Pro_jpg.rf.301b4ad00558cd806a5849e83ec933af.jpg,train,672,WIN_20260823_20_11_34_Pro_jpg.rf.301b4ad00558cd806a5849e83ec933af.jpg,WIN_20260823_20_11_34_Pro.jpg,WIN_20260823_20_11_34_Pro.jpg,fb0000281f55edeb8af35c7ef08bd8ab30f046faf97c76c5192e6cbaf9663fe5,640,640,5,"{""0"":2,""1"":1,""2"":2,""3"":0,""4"":0,""5"":0,""6"":0,""7"":0,""8"":0,""9"":0,""10"":0,""11"":0}"
train,723fc7d6ae3c_WIN_20260823_20_11_34_Pro_jpg.rf.4b7c0568a8e0d13e1b336b36ddbbee98.jpg,train,795,WIN_20260823_20_11_34_Pro_jpg.rf.4b7c0568a8e0d13e1b336b36ddbbee98.jpg,WIN_20260823_20_11_34_Pro.jpg,WIN_20260823_20_11_34_Pro.jpg,723fc7d6ae3c067f504312435f097ad0bcac4e84efdbbe237d6f50feeddbcc57,640,640,5,"{""0"":2,""1"":1,""2"":2,""3"":0,""4"":0,""5"":0,""6"":0,""7"":0,""8"":0,""9"":0,""10"":0,""11"":0}"
train,b2179c89eff4_WIN_20260823_20_11_34_Pro_jpg.rf.dca47f101f044201ea22514c634dae5b.jpg,train,799,WIN_20260823_20_11_34_Pro_jpg.rf.dca47f101f044201ea22514c634dae5b.jpg,WIN_20260823_20_11_34_Pro.jpg,WIN_20260823_20_11_34_Pro.jpg,b2179c89eff44ffd67f801ae14e697be563f8c1f7249391a4bb49a6b4369defc,640,640,5,"{""0"":2,""1"":1,""2"":2,""3"":0,""4"":0,""5"":0,""6"":0,""7"":0,""8"":0,""9"":0,""10"":0,""11"":0}"
train,a1ac710ef179_WIN_20260823_20_11_39_Pro_jpg.rf.0885f47572098ad79166d8ca473bb69f.jpg,train,380,WIN_20260823_20_11_39_Pro_jpg.rf.0885f47572098ad79166d8ca473bb69f.jpg,WIN_20260823_20_11_39_Pro.jpg,WIN_20260823_20_11_39_Pro.jpg,a1ac710ef179df5e13f97a4744fc8f6364c39ca3f79418fbca8811219aa36be5,640,640,6,"{""0"":2,""1"":2,""2"":2,""3"":0,""4"":0,""5"":0,""6"":0,""7"":0,""8"":0,""9"":0,""10"":0,""11"":0}"
train,f56097f67f9d_WIN_20260823_20_11_39_Pro_jpg.rf.b6588f9eebe4831045bfe55bff36b78d.jpg,train,739,WIN_20260823_20_11_39_Pro_jpg.rf.b6588f9eebe4831045bfe55bff36b78d.jpg,WIN_20260823_20_11_39_Pro.jpg,WIN_20260823_20_11_39_Pro.jpg,f56097f67f9d444f05f93ee5a382b8751853b03ccc3e21beb62f1c41f38015aa,640,640,6,"{""0"":2,""1"":2,""2"":2,""3"":0,""4"":0,""5"":0,""6"":0,""7"":0,""8"":0,""9"":0,""10"":0,""11"":0}"
train,a7cd1508eb95_WIN_20260823_20_11_39_Pro_jpg.rf.e26f67c4a24d4bbfae602cacfaebb0d5.jpg,train,820,WIN_20260823_20_11_39_Pro_jpg.rf.e26f67c4a24d4bbfae602cacfaebb0d5.jpg,WIN_20260823_20_11_39_Pro.jpg,WIN_20260823_20_11_39_Pro.jpg,a7cd1508eb955dcb0a27b17a206eda2405968020c5543dadd5caf7ba51974508,640,640,6,"{""0"":2,""1"":2,""2"":2,""3"":0,""4"":0,""5"":0,""6"":0,""7"":0,""8"":0,""9"":0,""10"":0,""11"":0}"
train,d1a09d517bd1_WIN_20260823_20_11_42_Pro_jpg.rf.4b54f5eec3a5ee560302c35b16e76d0a.jpg,train,475,WIN_20260823_20_11_42_Pro_jpg.rf.4b54f5eec3a5ee560302c35b16e76d0a.jpg,WIN_20260823_20_11_42_Pro.jpg,WIN_20260823_20_11_42_Pro.jpg,d1a09d517bd1d5e895577670ba21d63497971fd2f1cbcfd365fe628f5c8be2d7,640,640,6,"{""0"":2,""1"":2,""2"":2,""3"":0,""4"":0,""5"":0,""6"":0,""7"":0,""8"":0,""9"":0,""10"":0,""11"":0}"
train,9bbd631ea79d_WIN_20260823_20_11_42_Pro_jpg.rf.3f55f3c0ebc02dda3f9dbc3ea03d15ff.jpg,train,623,WIN_20260823_20_11_42_Pro_jpg.rf.3f55f3c0ebc02dda3f9dbc3ea03d15ff.jpg,WIN_20260823_20_11_42_Pro.jpg,WIN_20260823_20_11_42_Pro.jpg,9bbd631ea79d96cb18c25051c8a88d011c45f300c3e3ec544d51545b97cb7fcb,640,640,6,"{""0"":2,""1"":2,""2"":2,""3"":0,""4"":0,""5"":0,""6"":0,""7"":0,""8"":0,""9"":0,""10"":0,""11"":0}"
train,4c6edda843f6_WIN_20260823_20_11_42_Pro_jpg.rf.fc22bc9dd49bd40325c22d56173d66c0.jpg,train,84,WIN_20260823_20_11_42_Pro_jpg.rf.fc22bc9dd49bd40325c22d56173d66c0.jpg,WIN_20260823_20_11_42_Pro.jpg,WIN_20260823_20_11_42_Pro.jpg,4c6edda843f673e1012e1006a0b3b1718e2510ad16260958196f6b408056af94,640,640,6,"{""0"":2,""1"":2,""2"":2,""3"":0,""4"":0,""5"":0,""6"":0,""7"":0,""8"":0,""9"":0,""10"":0,""11"":0}"
train,e6d32be83b1e_WIN_20260823_20_12_08_Pro_jpg.rf.2863b6727c2422e9155d08b54a11ac77.jpg,train,170,WIN_20260823_20_12_08_Pro_jpg.rf.2863b6727c2422e9155d08b54a11ac77.jpg,WIN_20260823_20_12_08_Pro.jpg,WIN_20260823_20_12_08_Pro.jpg,e6d32be83b1e9b10d8877a394c9cc65b64ff9d5baef11e763234934ba1b9adc8,640,640,5,"{""0"":2,""1"":2,""2"":1,""3"":0,""4"":0,""5"":0,""6"":0,""7"":0,""8"":0,""9"":0,""10"":0,""11"":0}"
train,ad3193340915_WIN_20260823_20_12_08_Pro_jpg.rf.20cd65be4e5a8e80b671f65f51659df7.jpg,train,703,WIN_20260823_20_12_08_Pro_jpg.rf.20cd65be4e5a8e80b671f65f51659df7.jpg,WIN_20260823_20_12_08_Pro.jpg,WIN_20260823_20_12_08_Pro.jpg,ad3193340915e20c1ab59b67d54228ff45ab6e9e8d570ead503d17ec2e7d55be,640,640,5,"{""0"":2,""1"":2,""2"":1,""3"":0,""4"":0,""5"":0,""6"":0,""7"":0,""8"":0,""9"":0,""10"":0,""11"":0}"
train,c62a1c35e615_WIN_20260823_20_12_08_Pro_jpg.rf.b8c98fa251ca235d511d313422ebe337.jpg,train,833,WIN_20260823_20_12_08_Pro_jpg.rf.b8c98fa251ca235d511d313422ebe337.jpg,WIN_20260823_20_12_08_Pro.jpg,WIN_20260823_20_12_08_Pro.jpg,c62a1c35e6150ab846ac92e6757fc293bf3a0f5b9d467ed47465f891f1222952,640,640,5,"{""0"":2,""1"":2,""2"":1,""3"":0,""4"":0,""5"":0,""6"":0,""7"":0,""8"":0,""9"":0,""10"":0,""11"":0}"
train,207a692e6513_WIN_20260823_20_12_19_Pro_jpg.rf.d3002ba7d038ca4d2895537eb5d917bf.jpg,train,298,WIN_20260823_20_12_19_Pro_jpg.rf.d3002ba7d038ca4d2895537eb5d917bf.jpg,WIN_20260823_20_12_19_Pro.jpg,WIN_20260823_20_12_19_Pro.jpg,207a692e65130dbb84b756bc3b6691f15ac458760f5c473b956f6109272fa27e,640,640,5,"{""0"":2,""1"":2,""2"":1,""3"":0,""4"":0,""5"":0,""6"":0,""7"":0,""8"":0,""9"":0,""10"":0,""11"":0}"
train,b1d3eecbf8c5_WIN_20260823_20_12_19_Pro_jpg.rf.fc6b636d9c4947d07aa495d46507780c.jpg,train,488,WIN_20260823_20_12_19_Pro_jpg.rf.fc6b636d9c4947d07aa495d46507780c.jpg,WIN_20260823_20_12_19_Pro.jpg,WIN_20260823_20_12_19_Pro.jpg,b1d3eecbf8c52979ab02d46cede5339aec5aa9aa52fe9eeb28cc257df19c5c45,640,640,5,"{""0"":2,""1"":2,""2"":1,""3"":0,""4"":0,""5"":0,""6"":0,""7"":0,""8"":0,""9"":0,""10"":0,""11"":0}"
train,3e68cd85682e_WIN_20260823_20_12_19_Pro_jpg.rf.447710543225fe9b76a750fb3bdf8ada.jpg,train,713,WIN_20260823_20_12_19_Pro_jpg.rf.447710543225fe9b76a750fb3bdf8ada.jpg,WIN_20260823_20_12_19_Pro.jpg,WIN_20260823_20_12_19_Pro.jpg,3e68cd85682e9aadcb5ca9bea2c17dc10f58fac031373abca50c16d43579815f,640,640,5,"{""0"":2,""1"":2,""2"":1,""3"":0,""4"":0,""5"":0,""6"":0,""7"":0,""8"":0,""9"":0,""10"":0,""11"":0}"
train,fb56edb41a00_WIN_20260823_20_12_34_Pro_jpg.rf.c5ec181ee69b99112fac79bf28e64e8f.jpg,train,342,WIN_20260823_20_12_34_Pro_jpg.rf.c5ec181ee69b99112fac79bf28e64e8f.jpg,WIN_20260823_20_12_34_Pro.jpg,WIN_20260823_20_12_34_Pro.jpg,fb56edb41a0087f980914a6968ead5f5dacb640cc7dd35aebd6e87fd36d20058,640,640,6,"{""0"":2,""1"":2,""2"":2,""3"":0,""4"":0,""5"":0,""6"":0,""7"":0,""8"":0,""9"":0,""10"":0,""11"":0}"
train,9ad3b690c35f_WIN_20260823_20_12_34_Pro_jpg.rf.ad3cba49d73d60409507e3b1a5228b37.jpg,train,797,WIN_20260823_20_12_34_Pro_jpg.rf.ad3cba49d73d60409507e3b1a5228b37.jpg,WIN_20260823_20_12_34_Pro.jpg,WIN_20260823_20_12_34_Pro.jpg,9ad3b690c35f0f53bb2eead98823b691fb43d9c77e15477db267ab93b78cd999,640,640,6,"{""0"":2,""1"":2,""2"":2,""3"":0,""4"":0,""5"":0,""6"":0,""7"":0,""8"":0,""9"":0,""10"":0,""11"":0}"
train,01684378ad6b_WIN_20260823_20_12_34_Pro_jpg.rf.ff22b505da5650e68d8bb73ebe02eadb.jpg,train,815,WIN_20260823_20_12_34_Pro_jpg.rf.ff22b505da5650e68d8bb73ebe02eadb.jpg,WIN_20260823_20_12_34_Pro.jpg,WIN_20260823_20_12_34_Pro.jpg,01684378ad6b99157f6944cb84f9e539bead7e4e444ce6366119f6c0f209ffe1,640,640,6,"{""0"":2,""1"":2,""2"":2,""3"":0,""4"":0,""5"":0,""6"":0,""7"":0,""8"":0,""9"":0,""10"":0,""11"":0}"
train,853ede0892c0_WIN_20260823_20_12_38_Pro_jpg.rf.89230b8b24e6e89ef8249c6ab93dbd13.jpg,train,150,WIN_20260823_20_12_38_Pro_jpg.rf.89230b8b24e6e89ef8249c6ab93dbd13.jpg,WIN_20260823_20_12_38_Pro.jpg,WIN_20260823_20_12_38_Pro.jpg,853ede0892c0eda55d25a6d837fd4aa4b9c8b5cc7fc33c6fa403218dba2c874a,640,640,6,"{""0"":2,""1"":2,""2"":2,""3"":0,""4"":0,""5"":0,""6"":0,""7"":0,""8"":0,""9"":0,""10"":0,""11"":0}"
train,491ab8416b29_WIN_20260823_20_12_38_Pro_jpg.rf.19bc640915fd4cf1686665507f779889.jpg,train,390,WIN_20260823_20_12_38_Pro_jpg.rf.19bc640915fd4cf1686665507f779889.jpg,WIN_20260823_20_12_38_Pro.jpg,WIN_20260823_20_12_38_Pro.jpg,491ab8416b29086273e15d24dd4415eec77bf56b52a31869fa9b6f8bd6b80bed,640,640,6,"{""0"":2,""1"":2,""2"":2,""3"":0,""4"":0,""5"":0,""6"":0,""7"":0,""8"":0,""9"":0,""10"":0,""11"":0}"
train,71b9815ea417_WIN_20260823_20_12_38_Pro_jpg.rf.0206fb253284c71a4341798b3252834f.jpg,train,499,WIN_20260823_20_12_38_Pro_jpg.rf.0206fb253284c71a4341798b3252834f.jpg,WIN_20260823_20_12_38_Pro.jpg,WIN_20260823_20_12_38_Pro.jpg,71b9815ea417cd709e0180581163c20e3017da1019632e7a8fc91d82c20dc844,640,640,6,"{""0"":2,""1"":2,""2"":2,""3"":0,""4"":0,""5"":0,""6"":0,""7"":0,""8"":0,""9"":0,""10"":0,""11"":0}"
train,f1f07164d8ed_WIN_20260823_20_12_43_Pro_jpg.rf.6e9215f1c1b334563ffe9e5e5e4ecf1e.jpg,train,247,WIN_20260823_20_12_43_Pro_jpg.rf.6e9215f1c1b334563ffe9e5e5e4ecf1e.jpg,WIN_20260823_20_12_43_Pro.jpg,WIN_20260823_20_12_43_Pro.jpg,f1f07164d8edc794e2a201c99d54c0ffbe12a939436f89f270a9c577cbc4797f,640,640,4,"{""0"":2,""1"":1,""2"":1,""3"":0,""4"":0,""5"":0,""6"":0,""7"":0,""8"":0,""9"":0,""10"":0,""11"":0}"
train,10e7365c1937_WIN_20260823_20_12_43_Pro_jpg.rf.b08389e71a8593bdd3bd4e1ec983a9a5.jpg,train,535,WIN_20260823_20_12_43_Pro_jpg.rf.b08389e71a8593bdd3bd4e1ec983a9a5.jpg,WIN_20260823_20_12_43_Pro.jpg,WIN_20260823_20_12_43_Pro.jpg,10e7365c1937e677ae069aa0484c297c187c38af733dc7201d8a02b559becc6f,640,640,4,"{""0"":2,""1"":1,""2"":1,""3"":0,""4"":0,""5"":0,""6"":0,""7"":0,""8"":0,""9"":0,""10"":0,""11"":0}"
train,85f1843ff9d2_WIN_20260823_20_12_43_Pro_jpg.rf.ec8cb71330a0ddfe82e1ce3e90d7be5e.jpg,train,673,WIN_20260823_20_12_43_Pro_jpg.rf.ec8cb71330a0ddfe82e1ce3e90d7be5e.jpg,WIN_20260823_20_12_43_Pro.jpg,WIN_20260823_20_12_43_Pro.jpg,85f1843ff9d260afc2c0652fef8bbffc04476d5c171b82be3e729982fa4aaf09,640,640,4,"{""0"":2,""1"":1,""2"":1,""3"":0,""4"":0,""5"":0,""6"":0,""7"":0,""8"":0,""9"":0,""10"":0,""11"":0}"
train,105e20acd047_WIN_20260823_20_12_46_Pro_jpg.rf.a4676c12b496c62e4fcb0f3fdd260700.jpg,train,555,WIN_20260823_20_12_46_Pro_jpg.rf.a4676c12b496c62e4fcb0f3fdd260700.jpg,WIN_20260823_20_12_46_Pro.jpg,WIN_20260823_20_12_46_Pro.jpg,105e20acd04770a41f0b11a2f0e3b5952e9d3c9d0c78774c35e26e495e60364b,640,640,5,"{""0"":2,""1"":2,""2"":1,""3"":0,""4"":0,""5"":0,""6"":0,""7"":0,""8"":0,""9"":0,""10"":0,""11"":0}"
train,20b698a36535_WIN_20260823_20_12_46_Pro_jpg.rf.3c44acf20c19a5fa5757d2f1bbe557d8.jpg,train,635,WIN_20260823_20_12_46_Pro_jpg.rf.3c44acf20c19a5fa5757d2f1bbe557d8.jpg,WIN_20260823_20_12_46_Pro.jpg,WIN_20260823_20_12_46_Pro.jpg,20b698a365354e321b0d2efb35c1fbe0745fbfe667dfe48f965900039d953bf9,640,640,5,"{""0"":2,""1"":2,""2"":1,""3"":0,""4"":0,""5"":0,""6"":0,""7"":0,""8"":0,""9"":0,""10"":0,""11"":0}"
train,97bc3a44b19c_WIN_20260823_20_12_46_Pro_jpg.rf.471c2ddee7393db99ce9f76b91df3c30.jpg,train,730,WIN_20260823_20_12_46_Pro_jpg.rf.471c2ddee7393db99ce9f76b91df3c30.jpg,WIN_20260823_20_12_46_Pro.jpg,WIN_20260823_20_12_46_Pro.jpg,97bc3a44b19c999e7db28e22cd3ffee7a5b4c8dbce37b5dc712cfaea13d9757b,640,640,5,"{""0"":2,""1"":2,""2"":1,""3"":0,""4"":0,""5"":0,""6"":0,""7"":0,""8"":0,""9"":0,""10"":0,""11"":0}"
train,86b94cb8da97_WIN_20260823_20_12_52_Pro_jpg.rf.e232cbef0cef38baa1b29c08a3567d32.jpg,train,495,WIN_20260823_20_12_52_Pro_jpg.rf.e232cbef0cef38baa1b29c08a3567d32.jpg,WIN_20260823_20_12_52_Pro.jpg,WIN_20260823_20_12_52_Pro.jpg,86b94cb8da976d8027909dfea8e6bf8dcbc5fcf640bce89a53f6e41f48719d9f,640,640,5,"{""0"":2,""1"":2,""2"":1,""3"":0,""4"":0,""5"":0,""6"":0,""7"":0,""8"":0,""9"":0,""10"":0,""11"":0}"
train,e35d184fd748_WIN_20260823_20_12_52_Pro_jpg.rf.53bc3d0b65715c414583059740aec961.jpg,train,619,WIN_20260823_20_12_52_Pro_jpg.rf.53bc3d0b65715c414583059740aec961.jpg,WIN_20260823_20_12_52_Pro.jpg,WIN_20260823_20_12_52_Pro.jpg,e35d184fd7482068f4dcb19a3ce5c6e3838a4a6190fb9954dc40276496963647,640,640,5,"{""0"":2,""1"":2,""2"":1,""3"":0,""4"":0,""5"":0,""6"":0,""7"":0,""8"":0,""9"":0,""10"":0,""11"":0}"
train,d7cfb227b6a2_WIN_20260823_20_12_52_Pro_jpg.rf.2bf59e4c45ef3be50c33ff84b57dd5c8.jpg,train,791,WIN_20260823_20_12_52_Pro_jpg.rf.2bf59e4c45ef3be50c33ff84b57dd5c8.jpg,WIN_20260823_20_12_52_Pro.jpg,WIN_20260823_20_12_52_Pro.jpg,d7cfb227b6a295ae83a203ff0cba5fa6d8afc1e21ae8eae2a2a5d53e5aeed5c3,640,640,5,"{""0"":2,""1"":2,""2"":1,""3"":0,""4"":0,""5"":0,""6"":0,""7"":0,""8"":0,""9"":0,""10"":0,""11"":0}"
train,99a4f4d8c71d_WIN_20260823_20_13_10_Pro_jpg.rf.27ee35d1e4ea7cb96ace3e3ffed0b79a.jpg,train,194,WIN_20260823_20_13_10_Pro_jpg.rf.27ee35d1e4ea7cb96ace3e3ffed0b79a.jpg,WIN_20260823_20_13_10_Pro.jpg,WIN_20260823_20_13_10_Pro.jpg,99a4f4d8c71dc50396d621d45ae45c8dbafa343813262db3ba51928204fb44a9,640,640,5,"{""0"":2,""1"":2,""2"":1,""3"":0,""4"":0,""5"":0,""6"":0,""7"":0,""8"":0,""9"":0,""10"":0,""11"":0}"
train,a0eb7852ddca_WIN_20260823_20_13_10_Pro_jpg.rf.dca4a48361267d1369b43303e184c30f.jpg,train,350,WIN_20260823_20_13_10_Pro_jpg.rf.dca4a48361267d1369b43303e184c30f.jpg,WIN_20260823_20_13_10_Pro.jpg,WIN_20260823_20_13_10_Pro.jpg,a0eb7852ddcad55aa2574e1bf01992327be8f0df1e16a4847d5f76e39d24e41f,640,640,5,"{""0"":2,""1"":2,""2"":1,""3"":0,""4"":0,""5"":0,""6"":0,""7"":0,""8"":0,""9"":0,""10"":0,""11"":0}"
train,ee30852f1394_WIN_20260823_20_13_10_Pro_jpg.rf.a23c9fc7b4bf4e2ba217ba3c5bcc489b.jpg,train,487,WIN_20260823_20_13_10_Pro_jpg.rf.a23c9fc7b4bf4e2ba217ba3c5bcc489b.jpg,WIN_20260823_20_13_10_Pro.jpg,WIN_20260823_20_13_10_Pro.jpg,ee30852f1394289efdc87279fe64f7deda7eaef26956600517b4152facacbe65,640,640,5,"{""0"":2,""1"":2,""2"":1,""3"":0,""4"":0,""5"":0,""6"":0,""7"":0,""8"":0,""9"":0,""10"":0,""11"":0}"
train,63032db89221_WIN_20260823_20_13_13_Pro_jpg.rf.c8786f13fe672e19c3bbb55b452a41c6.jpg,train,685,WIN_20260823_20_13_13_Pro_jpg.rf.c8786f13fe672e19c3bbb55b452a41c6.jpg,WIN_20260823_20_13_13_Pro.jpg,WIN_20260823_20_13_13_Pro.jpg,63032db89221bc02dc149fe4a27e25a9519ae58769963a6be8550c676d4bd777,640,640,5,"{""0"":1,""1"":3,""2"":1,""3"":0,""4"":0,""5"":0,""6"":0,""7"":0,""8"":0,""9"":0,""10"":0,""11"":0}"
train,3063fe4331f0_WIN_20260823_20_13_13_Pro_jpg.rf.4d256c5a687fce02a2b4474b538ae145.jpg,train,741,WIN_20260823_20_13_13_Pro_jpg.rf.4d256c5a687fce02a2b4474b538ae145.jpg,WIN_20260823_20_13_13_Pro.jpg,WIN_20260823_20_13_13_Pro.jpg,3063fe4331f0e55dc2e491ece1c140a5a23c99237e3000dcf5b8aa8f5c6bedd2,640,640,5,"{""0"":1,""1"":3,""2"":1,""3"":0,""4"":0,""5"":0,""6"":0,""7"":0,""8"":0,""9"":0,""10"":0,""11"":0}"
train,186a4793b1f5_WIN_20260823_20_13_13_Pro_jpg.rf.e235e59cc18d29aaaf0d430da85457bc.jpg,train,839,WIN_20260823_20_13_13_Pro_jpg.rf.e235e59cc18d29aaaf0d430da85457bc.jpg,WIN_20260823_20_13_13_Pro.jpg,WIN_20260823_20_13_13_Pro.jpg,186a4793b1f593406f477a33f881bc9aa326c3c3cfd06e3d9a44b64f54580acf,640,640,5,"{""0"":1,""1"":3,""2"":1,""3"":0,""4"":0,""5"":0,""6"":0,""7"":0,""8"":0,""9"":0,""10"":0,""11"":0}"
train,13de0b86a6f3_WIN_20260823_20_13_18_Pro_jpg.rf.2c35f5b34e070bdc3595ae5a777e26e5.jpg,train,337,WIN_20260823_20_13_18_Pro_jpg.rf.2c35f5b34e070bdc3595ae5a777e26e5.jpg,WIN_20260823_20_13_18_Pro.jpg,WIN_20260823_20_13_18_Pro.jpg,13de0b86a6f39e42a5e6fa71b1d9676292b849470721b92dc3133f3653f5b9b6,640,640,6,"{""0"":1,""1"":3,""2"":2,""3"":0,""4"":0,""5"":0,""6"":0,""7"":0,""8"":0,""9"":0,""10"":0,""11"":0}"
train,5c1bf89afe78_WIN_20260823_20_13_18_Pro_jpg.rf.8c8e86959528219e6b3a97ffac3ba507.jpg,train,412,WIN_20260823_20_13_18_Pro_jpg.rf.8c8e86959528219e6b3a97ffac3ba507.jpg,WIN_20260823_20_13_18_Pro.jpg,WIN_20260823_20_13_18_Pro.jpg,5c1bf89afe782ab939515e81737478b56e587b851c939ba4977cd7fbe1342d9e,640,640,6,"{""0"":1,""1"":3,""2"":2,""3"":0,""4"":0,""5"":0,""6"":0,""7"":0,""8"":0,""9"":0,""10"":0,""11"":0}"
train,323460dd59e9_WIN_20260823_20_13_18_Pro_jpg.rf.446ac9a70c890580688bfd0c8b2fdda0.jpg,train,76,WIN_20260823_20_13_18_Pro_jpg.rf.446ac9a70c890580688bfd0c8b2fdda0.jpg,WIN_20260823_20_13_18_Pro.jpg,WIN_20260823_20_13_18_Pro.jpg,323460dd59e9bdee71b85b1d00b60fabf2674a20a8b90be1111339107b2ea48c,640,640,6,"{""0"":1,""1"":3,""2"":2,""3"":0,""4"":0,""5"":0,""6"":0,""7"":0,""8"":0,""9"":0,""10"":0,""11"":0}"
train,f0f6529a6504_WIN_20260823_20_13_36_Pro_jpg.rf.37713a00fb332a85ea042e0d585a9878.jpg,train,286,WIN_20260823_20_13_36_Pro_jpg.rf.37713a00fb332a85ea042e0d585a9878.jpg,WIN_20260823_20_13_36_Pro.jpg,WIN_20260823_20_13_36_Pro.jpg,f0f6529a65041285a38bf1146f2f691ce3293e4047419bc55583f326fb96aeee,640,640,5,"{""0"":2,""1"":2,""2"":1,""3"":0,""4"":0,""5"":0,""6"":0,""7"":0,""8"":0,""9"":0,""10"":0,""11"":0}"
train,8c3a2faf9047_WIN_20260823_20_13_36_Pro_jpg.rf.57c2cf89d9fe675eeae8d5272374fcae.jpg,train,378,WIN_20260823_20_13_36_Pro_jpg.rf.57c2cf89d9fe675eeae8d5272374fcae.jpg,WIN_20260823_20_13_36_Pro.jpg,WIN_20260823_20_13_36_Pro.jpg,8c3a2faf9047676a89c7d8e4d06ebb639b09a237f1b1bdace80b3c2cbf610588,640,640,5,"{""0"":2,""1"":2,""2"":1,""3"":0,""4"":0,""5"":0,""6"":0,""7"":0,""8"":0,""9"":0,""10"":0,""11"":0}"
train,6339ad59e7c4_WIN_20260823_20_13_36_Pro_jpg.rf.23709a5aa569a64de39685b0c12f0c12.jpg,train,746,WIN_20260823_20_13_36_Pro_jpg.rf.23709a5aa569a64de39685b0c12f0c12.jpg,WIN_20260823_20_13_36_Pro.jpg,WIN_20260823_20_13_36_Pro.jpg,6339ad59e7c4f20e60a27fd1e63f36e9b6bb66215bca152ea7dd183a17ca15ac,640,640,5,"{""0"":2,""1"":2,""2"":1,""3"":0,""4"":0,""5"":0,""6"":0,""7"":0,""8"":0,""9"":0,""10"":0,""11"":0}"
train,6f6a84dfd97b_WIN_20260823_20_13_50_Pro-1-_jpg.rf.47ffaac41a7f6f7da860af10ce6ff521.jpg,train,37,WIN_20260823_20_13_50_Pro-1-_jpg.rf.47ffaac41a7f6f7da860af10ce6ff521.jpg,WIN_20260823_20_13_50_Pro-1-.jpg,WIN_20260823_20_13_50_Pro-1-.jpg,6f6a84dfd97bc03f7ff7dac9090501fc6c45f7ad44db2ca7645d40bffae83ca6,640,640,3,"{""0"":1,""1"":1,""2"":1,""3"":0,""4"":0,""5"":0,""6"":0,""7"":0,""8"":0,""9"":0,""10"":0,""11"":0}"
train,b2be48754de5_WIN_20260823_20_13_50_Pro-1-_jpg.rf.b1b93248ddb8295102d2151c5d582e0f.jpg,train,652,WIN_20260823_20_13_50_Pro-1-_jpg.rf.b1b93248ddb8295102d2151c5d582e0f.jpg,WIN_20260823_20_13_50_Pro-1-.jpg,WIN_20260823_20_13_50_Pro-1-.jpg,b2be48754de5bb8f0052ffdf2b2b0d4ad8372131d3c70f03fcfef6ec663aefeb,640,640,3,"{""0"":1,""1"":1,""2"":1,""3"":0,""4"":0,""5"":0,""6"":0,""7"":0,""8"":0,""9"":0,""10"":0,""11"":0}"
train,1c3e2926252e_WIN_20260823_20_13_50_Pro-1-_jpg.rf.0cda98e1138c95a7e19c4ffe589b42cd.jpg,train,686,WIN_20260823_20_13_50_Pro-1-_jpg.rf.0cda98e1138c95a7e19c4ffe589b42cd.jpg,WIN_20260823_20_13_50_Pro-1-.jpg,WIN_20260823_20_13_50_Pro-1-.jpg,1c3e2926252e341013e8d48be3487a11ffc77d02a5e0982511e7d0c2521bc9a1,640,640,3,"{""0"":1,""1"":1,""2"":1,""3"":0,""4"":0,""5"":0,""6"":0,""7"":0,""8"":0,""9"":0,""10"":0,""11"":0}"
train,4a9e93a5e532_WIN_20260823_20_14_00_Pro_jpg.rf.33fed6169bd53e501913aa9200bdf731.jpg,train,139,WIN_20260823_20_14_00_Pro_jpg.rf.33fed6169bd53e501913aa9200bdf731.jpg,WIN_20260823_20_14_00_Pro.jpg,WIN_20260823_20_14_00_Pro.jpg,4a9e93a5e532025e00a5e7ad41fefd0a68ab22b10c738fb8b8fb90166b83bf21,640,640,5,"{""0"":2,""1"":2,""2"":1,""3"":0,""4"":0,""5"":0,""6"":0,""7"":0,""8"":0,""9"":0,""10"":0,""11"":0}"
train,70422a725fa5_WIN_20260823_20_14_00_Pro_jpg.rf.b014fdccf1a395e731bc3c96fc448455.jpg,train,438,WIN_20260823_20_14_00_Pro_jpg.rf.b014fdccf1a395e731bc3c96fc448455.jpg,WIN_20260823_20_14_00_Pro.jpg,WIN_20260823_20_14_00_Pro.jpg,70422a725fa500fbe0ca6bca960b9f9c9a99a782afd6a38ac3acc8dd0e391a83,640,640,5,"{""0"":2,""1"":2,""2"":1,""3"":0,""4"":0,""5"":0,""6"":0,""7"":0,""8"":0,""9"":0,""10"":0,""11"":0}"
train,04972efc2b33_WIN_20260823_20_14_00_Pro_jpg.rf.aac696c5db3f840a65c90c037bcdc46d.jpg,train,679,WIN_20260823_20_14_00_Pro_jpg.rf.aac696c5db3f840a65c90c037bcdc46d.jpg,WIN_20260823_20_14_00_Pro.jpg,WIN_20260823_20_14_00_Pro.jpg,04972efc2b339a3141593a1b0ed44fe9003c0aa2776b7ddf19a81b1a3eba1fbf,640,640,5,"{""0"":2,""1"":2,""2"":1,""3"":0,""4"":0,""5"":0,""6"":0,""7"":0,""8"":0,""9"":0,""10"":0,""11"":0}"
train,6cebc8708bd9_WIN_20260823_20_14_07_Pro-1-_jpg.rf.796ef8548f5965f8d92d1e54fb72fb90.jpg,train,503,WIN_20260823_20_14_07_Pro-1-_jpg.rf.796ef8548f5965f8d92d1e54fb72fb90.jpg,WIN_20260823_20_14_07_Pro-1-.jpg,WIN_20260823_20_14_07_Pro-1-.jpg,6cebc8708bd9fc76aed57106e682a6be279a167d202bc68c1a90f3b3e4fbedf6,640,640,6,"{""0"":2,""1"":2,""2"":2,""3"":0,""4"":0,""5"":0,""6"":0,""7"":0,""8"":0,""9"":0,""10"":0,""11"":0}"
train,3733332abd05_WIN_20260823_20_14_07_Pro-1-_jpg.rf.7d183c0a3aee2343ca6ad2854f26ddb9.jpg,train,633,WIN_20260823_20_14_07_Pro-1-_jpg.rf.7d183c0a3aee2343ca6ad2854f26ddb9.jpg,WIN_20260823_20_14_07_Pro-1-.jpg,WIN_20260823_20_14_07_Pro-1-.jpg,3733332abd058d08da4b097256bb5cad6ea6bc1ec2ab44154fa79254e1721d70,640,640,6,"{""0"":2,""1"":2,""2"":2,""3"":0,""4"":0,""5"":0,""6"":0,""7"":0,""8"":0,""9"":0,""10"":0,""11"":0}"
train,f00b39fc22b0_WIN_20260823_20_14_07_Pro-1-_jpg.rf.e228235b62006724c9f4abec15a08367.jpg,train,785,WIN_20260823_20_14_07_Pro-1-_jpg.rf.e228235b62006724c9f4abec15a08367.jpg,WIN_20260823_20_14_07_Pro-1-.jpg,WIN_20260823_20_14_07_Pro-1-.jpg,f00b39fc22b0ffd41b380b7494e865aafcf89655d87fa41ae36b466ce9962a51,640,640,6,"{""0"":2,""1"":2,""2"":2,""3"":0,""4"":0,""5"":0,""6"":0,""7"":0,""8"":0,""9"":0,""10"":0,""11"":0}"
train,6feb9273e70d_WIN_20260823_20_14_12_Pro_jpg.rf.626e33f7dc9af59f88451c60048d4252.jpg,train,1,WIN_20260823_20_14_12_Pro_jpg.rf.626e33f7dc9af59f88451c60048d4252.jpg,WIN_20260823_20_14_12_Pro.jpg,WIN_20260823_20_14_12_Pro.jpg,6feb9273e70d6a37f02b0e5cd80c62e0d555dfc80a86e93f1abfac728a41bc61,640,640,5,"{""0"":2,""1"":2,""2"":1,""3"":0,""4"":0,""5"":0,""6"":0,""7"":0,""8"":0,""9"":0,""10"":0,""11"":0}"
train,bef01ae3b4c8_WIN_20260823_20_14_12_Pro_jpg.rf.2822ee87e55ac545bac72c3f8e60f2d6.jpg,train,727,WIN_20260823_20_14_12_Pro_jpg.rf.2822ee87e55ac545bac72c3f8e60f2d6.jpg,WIN_20260823_20_14_12_Pro.jpg,WIN_20260823_20_14_12_Pro.jpg,bef01ae3b4c8c496d1048e65226989a0aadc25944a92ce0516c3d23b0d486ec2,640,640,5,"{""0"":2,""1"":2,""2"":1,""3"":0,""4"":0,""5"":0,""6"":0,""7"":0,""8"":0,""9"":0,""10"":0,""11"":0}"
train,7c3d95c65f87_WIN_20260823_20_14_12_Pro_jpg.rf.42e29241f73c00952b6f0f0ab269a57a.jpg,train,804,WIN_20260823_20_14_12_Pro_jpg.rf.42e29241f73c00952b6f0f0ab269a57a.jpg,WIN_20260823_20_14_12_Pro.jpg,WIN_20260823_20_14_12_Pro.jpg,7c3d95c65f878f4e284d324296eb90838b3c1c905175465825aae569e5dfee62,640,640,5,"{""0"":2,""1"":2,""2"":1,""3"":0,""4"":0,""5"":0,""6"":0,""7"":0,""8"":0,""9"":0,""10"":0,""11"":0}"
train,99e4ebf2f2b6_WIN_20260823_20_14_22_Pro_jpg.rf.8ccdcc7dc610b5a775a9cfbe14f56ed9.jpg,train,196,WIN_20260823_20_14_22_Pro_jpg.rf.8ccdcc7dc610b5a775a9cfbe14f56ed9.jpg,WIN_20260823_20_14_22_Pro.jpg,WIN_20260823_20_14_22_Pro.jpg,99e4ebf2f2b67e4b4193a66a225c4e9f7fd2fb4eeff5990008e7b62caaee77d2,640,640,5,"{""0"":2,""1"":1,""2"":2,""3"":0,""4"":0,""5"":0,""6"":0,""7"":0,""8"":0,""9"":0,""10"":0,""11"":0}"
train,8cfe417148bd_WIN_20260823_20_14_22_Pro_jpg.rf.e27d985e460100c2a9b0b8532462154e.jpg,train,617,WIN_20260823_20_14_22_Pro_jpg.rf.e27d985e460100c2a9b0b8532462154e.jpg,WIN_20260823_20_14_22_Pro.jpg,WIN_20260823_20_14_22_Pro.jpg,8cfe417148bd80d7bfdaf7072dfb386e827267b41c6d57a9ca97f1b0d7c5b1cd,640,640,5,"{""0"":2,""1"":1,""2"":2,""3"":0,""4"":0,""5"":0,""6"":0,""7"":0,""8"":0,""9"":0,""10"":0,""11"":0}"
train,86f3aeed36d5_WIN_20260823_20_14_22_Pro_jpg.rf.3996fa85bd37d8de0a7c98d13037d11a.jpg,train,654,WIN_20260823_20_14_22_Pro_jpg.rf.3996fa85bd37d8de0a7c98d13037d11a.jpg,WIN_20260823_20_14_22_Pro.jpg,WIN_20260823_20_14_22_Pro.jpg,86f3aeed36d590a78943c9fe81a5a9d07869551f27f609a49e64d53861b29f21,640,640,5,"{""0"":2,""1"":1,""2"":2,""3"":0,""4"":0,""5"":0,""6"":0,""7"":0,""8"":0,""9"":0,""10"":0,""11"":0}"
train,4db35c3ac6b7_WIN_20260823_20_14_30_Pro_jpg.rf.74c1a29f90909c8b622baee6e325c85e.jpg,train,16,WIN_20260823_20_14_30_Pro_jpg.rf.74c1a29f90909c8b622baee6e325c85e.jpg,WIN_20260823_20_14_30_Pro.jpg,WIN_20260823_20_14_30_Pro.jpg,4db35c3ac6b7bc8e0e9f56d00167f3e407796a1384a135bd0dcea2336e5e11bc,640,640,4,"{""0"":2,""1"":2,""2"":0,""3"":0,""4"":0,""5"":0,""6"":0,""7"":0,""8"":0,""9"":0,""10"":0,""11"":0}"
train,ce27940bcdea_WIN_20260823_20_14_30_Pro_jpg.rf.6df3fcd3904066e43f51b69b58831f9e.jpg,train,191,WIN_20260823_20_14_30_Pro_jpg.rf.6df3fcd3904066e43f51b69b58831f9e.jpg,WIN_20260823_20_14_30_Pro.jpg,WIN_20260823_20_14_30_Pro.jpg,ce27940bcdeaa7f6f5ec6119ece71cb121417a2372ec7ebf3e4bd7303d1cffc1,640,640,4,"{""0"":2,""1"":2,""2"":0,""3"":0,""4"":0,""5"":0,""6"":0,""7"":0,""8"":0,""9"":0,""10"":0,""11"":0}"
train,8460a6f842cb_WIN_20260823_20_14_30_Pro_jpg.rf.9a27809f49ea49596b421afa5d8115c4.jpg,train,26,WIN_20260823_20_14_30_Pro_jpg.rf.9a27809f49ea49596b421afa5d8115c4.jpg,WIN_20260823_20_14_30_Pro.jpg,WIN_20260823_20_14_30_Pro.jpg,8460a6f842cb6b30f067fcb5009af15a4d028343defff7c4f1771d03ed2487d7,640,640,4,"{""0"":2,""1"":2,""2"":0,""3"":0,""4"":0,""5"":0,""6"":0,""7"":0,""8"":0,""9"":0,""10"":0,""11"":0}"
train,3ee9e88b1d66_WIN_20260823_20_14_36_Pro_jpg.rf.c2b5b6fbed7d225bcff3731ff1b88e35.jpg,train,43,WIN_20260823_20_14_36_Pro_jpg.rf.c2b5b6fbed7d225bcff3731ff1b88e35.jpg,WIN_20260823_20_14_36_Pro.jpg,WIN_20260823_20_14_36_Pro.jpg,3ee9e88b1d6660f39bb05f99db1f4b6bee0469fd79c00943c869be9af2f4700c,640,640,6,"{""0"":2,""1"":2,""2"":2,""3"":0,""4"":0,""5"":0,""6"":0,""7"":0,""8"":0,""9"":0,""10"":0,""11"":0}"
train,2bc75ba75de0_WIN_20260823_20_14_36_Pro_jpg.rf.559ad3d0ecb512a3750ee4701a75a9c2.jpg,train,466,WIN_20260823_20_14_36_Pro_jpg.rf.559ad3d0ecb512a3750ee4701a75a9c2.jpg,WIN_20260823_20_14_36_Pro.jpg,WIN_20260823_20_14_36_Pro.jpg,2bc75ba75de06145b5e2c71bbfdb7ce7398eb3f663082fbfec8f366df89ebd83,640,640,6,"{""0"":2,""1"":2,""2"":2,""3"":0,""4"":0,""5"":0,""6"":0,""7"":0,""8"":0,""9"":0,""10"":0,""11"":0}"
train,d94581e47ffb_WIN_20260823_20_14_36_Pro_jpg.rf.757885627bac19fd58a4a5492b87ae4d.jpg,train,576,WIN_20260823_20_14_36_Pro_jpg.rf.757885627bac19fd58a4a5492b87ae4d.jpg,WIN_20260823_20_14_36_Pro.jpg,WIN_20260823_20_14_36_Pro.jpg,d94581e47ffb2c834bcae63c7ed71badb626109f66a936891fbf2ab2fd158003,640,640,6,"{""0"":2,""1"":2,""2"":2,""3"":0,""4"":0,""5"":0,""6"":0,""7"":0,""8"":0,""9"":0,""10"":0,""11"":0}"
train,035d082cf6d6_WIN_20260823_20_14_48_Pro_jpg.rf.cef6192301f6e5c913a6f4084f7dd960.jpg,train,158,WIN_20260823_20_14_48_Pro_jpg.rf.cef6192301f6e5c913a6f4084f7dd960.jpg,WIN_20260823_20_14_48_Pro.jpg,WIN_20260823_20_14_48_Pro.jpg,035d082cf6d652d92fa61096927c14abcefb7b57895237bdcf3051c25b6b4ed7,640,640,4,"{""0"":2,""1"":2,""2"":0,""3"":0,""4"":0,""5"":0,""6"":0,""7"":0,""8"":0,""9"":0,""10"":0,""11"":0}"
train,9878ccbf9acb_WIN_20260823_20_14_48_Pro_jpg.rf.2396906fd39cb47fbe88d59c5b645bec.jpg,train,304,WIN_20260823_20_14_48_Pro_jpg.rf.2396906fd39cb47fbe88d59c5b645bec.jpg,WIN_20260823_20_14_48_Pro.jpg,WIN_20260823_20_14_48_Pro.jpg,9878ccbf9acbd3905f136e9820565c2040d457503a25513643e9f0fa1b5859bf,640,640,4,"{""0"":2,""1"":2,""2"":0,""3"":0,""4"":0,""5"":0,""6"":0,""7"":0,""8"":0,""9"":0,""10"":0,""11"":0}"
train,89cdc7cef1dc_WIN_20260823_20_14_48_Pro_jpg.rf.c9d77e7daacb46c12c851e6a4c688005.jpg,train,573,WIN_20260823_20_14_48_Pro_jpg.rf.c9d77e7daacb46c12c851e6a4c688005.jpg,WIN_20260823_20_14_48_Pro.jpg,WIN_20260823_20_14_48_Pro.jpg,89cdc7cef1dc25d7f40a4b75c3ede981c11398cd9a3010d1e0a4f5e99d84ed8e,640,640,4,"{""0"":2,""1"":2,""2"":0,""3"":0,""4"":0,""5"":0,""6"":0,""7"":0,""8"":0,""9"":0,""10"":0,""11"":0}"
train,b411ddb8e665_WIN_20260823_20_14_53_Pro_jpg.rf.4c0d6598e60bf7f160f2032e9e4030db.jpg,train,33,WIN_20260823_20_14_53_Pro_jpg.rf.4c0d6598e60bf7f160f2032e9e4030db.jpg,WIN_20260823_20_14_53_Pro.jpg,WIN_20260823_20_14_53_Pro.jpg,b411ddb8e665cdef2ed88fc85d1535d88ca85f0bd1f170dfc8b1c0c90c919f11,640,640,6,"{""0"":2,""1"":2,""2"":2,""3"":0,""4"":0,""5"":0,""6"":0,""7"":0,""8"":0,""9"":0,""10"":0,""11"":0}"
train,a072df0c2a20_WIN_20260823_20_14_53_Pro_jpg.rf.cffa89873fa20d53ab885c1f5bf46a3e.jpg,train,689,WIN_20260823_20_14_53_Pro_jpg.rf.cffa89873fa20d53ab885c1f5bf46a3e.jpg,WIN_20260823_20_14_53_Pro.jpg,WIN_20260823_20_14_53_Pro.jpg,a072df0c2a2091cad22e0583d7c839d31bd5a39b69113bad237fcd41fdb44470,640,640,6,"{""0"":2,""1"":2,""2"":2,""3"":0,""4"":0,""5"":0,""6"":0,""7"":0,""8"":0,""9"":0,""10"":0,""11"":0}"
train,b0b8dd7d6922_WIN_20260823_20_14_53_Pro_jpg.rf.82f294bbc843c7954cea2716d0a59b51.jpg,train,738,WIN_20260823_20_14_53_Pro_jpg.rf.82f294bbc843c7954cea2716d0a59b51.jpg,WIN_20260823_20_14_53_Pro.jpg,WIN_20260823_20_14_53_Pro.jpg,b0b8dd7d692216b58bb7951df0f441986b9df2a2cd5de67a64e5d6dcfbafa3b3,640,640,6,"{""0"":2,""1"":2,""2"":2,""3"":0,""4"":0,""5"":0,""6"":0,""7"":0,""8"":0,""9"":0,""10"":0,""11"":0}"
train,c317af48457a_WIN_20260823_20_14_58_Pro_jpg.rf.fa2e6fe6233405da03e17441b10b1790.jpg,train,161,WIN_20260823_20_14_58_Pro_jpg.rf.fa2e6fe6233405da03e17441b10b1790.jpg,WIN_20260823_20_14_58_Pro.jpg,WIN_20260823_20_14_58_Pro.jpg,c317af48457a802b0a9825db2f6fad88d3b85b2d461a625ce5c6bdc3e5399691,640,640,6,"{""0"":2,""1"":2,""2"":2,""3"":0,""4"":0,""5"":0,""6"":0,""7"":0,""8"":0,""9"":0,""10"":0,""11"":0}"
train,af56097cd100_WIN_20260823_20_14_58_Pro_jpg.rf.31fb02cb44b4f70d565a2d0f5e7d281d.jpg,train,284,WIN_20260823_20_14_58_Pro_jpg.rf.31fb02cb44b4f70d565a2d0f5e7d281d.jpg,WIN_20260823_20_14_58_Pro.jpg,WIN_20260823_20_14_58_Pro.jpg,af56097cd100852f0e5afc2fec7dd14a22f7557a93eecaf08b5a4c18f2a1199e,640,640,6,"{""0"":2,""1"":2,""2"":2,""3"":0,""4"":0,""5"":0,""6"":0,""7"":0,""8"":0,""9"":0,""10"":0,""11"":0}"
train,4ef780a925d1_WIN_20260823_20_14_58_Pro_jpg.rf.9dc16c2153415c98c2ea9447071c376a.jpg,train,66,WIN_20260823_20_14_58_Pro_jpg.rf.9dc16c2153415c98c2ea9447071c376a.jpg,WIN_20260823_20_14_58_Pro.jpg,WIN_20260823_20_14_58_Pro.jpg,4ef780a925d1c0c37a0ae0bf6de4b5417d0a62b8b854ad824be93bec102aaf83,640,640,6,"{""0"":2,""1"":2,""2"":2,""3"":0,""4"":0,""5"":0,""6"":0,""7"":0,""8"":0,""9"":0,""10"":0,""11"":0}"
train,f6c2342de235_WIN_20260823_20_15_10_Pro_jpg.rf.76f3ff8f29ab70ab98b50cb0bd1f6566.jpg,train,348,WIN_20260823_20_15_10_Pro_jpg.rf.76f3ff8f29ab70ab98b50cb0bd1f6566.jpg,WIN_20260823_20_15_10_Pro.jpg,WIN_20260823_20_15_10_Pro.jpg,f6c2342de235bf54c55e39b14a61cd9eee1d3cbd64a43f4c69e725764b8da0ae,640,640,6,"{""0"":2,""1"":2,""2"":2,""3"":0,""4"":0,""5"":0,""6"":0,""7"":0,""8"":0,""9"":0,""10"":0,""11"":0}"
train,9cf80c2eb3ae_WIN_20260823_20_15_10_Pro_jpg.rf.c8168a9371d85dfcfd4a788a6ad34c5d.jpg,train,504,WIN_20260823_20_15_10_Pro_jpg.rf.c8168a9371d85dfcfd4a788a6ad34c5d.jpg,WIN_20260823_20_15_10_Pro.jpg,WIN_20260823_20_15_10_Pro.jpg,9cf80c2eb3aeec0a12e324b83068feb98120db773e59ca5e8d8859f01b8483a9,640,640,6,"{""0"":2,""1"":2,""2"":2,""3"":0,""4"":0,""5"":0,""6"":0,""7"":0,""8"":0,""9"":0,""10"":0,""11"":0}"
train,4dca9ddb1d42_WIN_20260823_20_15_10_Pro_jpg.rf.b61d1019c71a5c96d233ceba1531b112.jpg,train,78,WIN_20260823_20_15_10_Pro_jpg.rf.b61d1019c71a5c96d233ceba1531b112.jpg,WIN_20260823_20_15_10_Pro.jpg,WIN_20260823_20_15_10_Pro.jpg,4dca9ddb1d42c2f641caa193dc2d809cd14a91cc2da8525e9beebb282a44a0d6,640,640,6,"{""0"":2,""1"":2,""2"":2,""3"":0,""4"":0,""5"":0,""6"":0,""7"":0,""8"":0,""9"":0,""10"":0,""11"":0}"
train,6a61ebd5c29a_WIN_20260823_20_18_09_Pro_jpg.rf.46c0666033f7898c1dde88f3fa67f3a4.jpg,train,302,WIN_20260823_20_18_09_Pro_jpg.rf.46c0666033f7898c1dde88f3fa67f3a4.jpg,WIN_20260823_20_18_09_Pro.jpg,WIN_20260823_20_18_09_Pro.jpg,6a61ebd5c29a4257042563e24b298dd4eb4bb7e64755a8f310ad415f0c4f97bb,640,640,6,"{""0"":2,""1"":2,""2"":2,""3"":0,""4"":0,""5"":0,""6"":0,""7"":0,""8"":0,""9"":0,""10"":0,""11"":0}"
train,93413ace1cf2_WIN_20260823_20_18_09_Pro_jpg.rf.231c5227e49ed8711d4680ff1a07f87c.jpg,train,436,WIN_20260823_20_18_09_Pro_jpg.rf.231c5227e49ed8711d4680ff1a07f87c.jpg,WIN_20260823_20_18_09_Pro.jpg,WIN_20260823_20_18_09_Pro.jpg,93413ace1cf27b72cce0db5526ef2811953fe63defc301300f8f001398b91861,640,640,6,"{""0"":2,""1"":2,""2"":2,""3"":0,""4"":0,""5"":0,""6"":0,""7"":0,""8"":0,""9"":0,""10"":0,""11"":0}"
train,9f0ff5c44547_WIN_20260823_20_18_09_Pro_jpg.rf.9cb6dea25c06a39a96d0b8167b470145.jpg,train,697,WIN_20260823_20_18_09_Pro_jpg.rf.9cb6dea25c06a39a96d0b8167b470145.jpg,WIN_20260823_20_18_09_Pro.jpg,WIN_20260823_20_18_09_Pro.jpg,9f0ff5c445478b65bc3a706550a146b93789d5c8134c32235798f770e221a4bc,640,640,6,"{""0"":2,""1"":2,""2"":2,""3"":0,""4"":0,""5"":0,""6"":0,""7"":0,""8"":0,""9"":0,""10"":0,""11"":0}"
train,c00de64c62c2_WIN_20260823_20_18_15_Pro_jpg.rf.6b6216b62fc165f8a97b028f850c324d.jpg,train,124,WIN_20260823_20_18_15_Pro_jpg.rf.6b6216b62fc165f8a97b028f850c324d.jpg,WIN_20260823_20_18_15_Pro.jpg,WIN_20260823_20_18_15_Pro.jpg,c00de64c62c2cd8b03db7741422b783b0207b0c5ad341e53ce37a563e6a91701,640,640,6,"{""0"":2,""1"":2,""2"":2,""3"":0,""4"":0,""5"":0,""6"":0,""7"":0,""8"":0,""9"":0,""10"":0,""11"":0}"
train,ca2340832b95_WIN_20260823_20_18_15_Pro_jpg.rf.7254e6616d6c45b452f366aa76464483.jpg,train,15,WIN_20260823_20_18_15_Pro_jpg.rf.7254e6616d6c45b452f366aa76464483.jpg,WIN_20260823_20_18_15_Pro.jpg,WIN_20260823_20_18_15_Pro.jpg,ca2340832b95bdddfc140083487db6b646a55558320abdd172e1f18a8c5b29de,640,640,6,"{""0"":2,""1"":2,""2"":2,""3"":0,""4"":0,""5"":0,""6"":0,""7"":0,""8"":0,""9"":0,""10"":0,""11"":0}"
train,fa33d2a32b2c_WIN_20260823_20_18_15_Pro_jpg.rf.6102db8a0baacc7c71fa0f055eda186d.jpg,train,45,WIN_20260823_20_18_15_Pro_jpg.rf.6102db8a0baacc7c71fa0f055eda186d.jpg,WIN_20260823_20_18_15_Pro.jpg,WIN_20260823_20_18_15_Pro.jpg,fa33d2a32b2cf8e5f76d5084a7924aa75008dd2924b84d49ee9c78da0065730f,640,640,6,"{""0"":2,""1"":2,""2"":2,""3"":0,""4"":0,""5"":0,""6"":0,""7"":0,""8"":0,""9"":0,""10"":0,""11"":0}"
train,02df31133a7f_WIN_20260823_20_18_24_Pro_jpg.rf.4fe6f2f093672cd0c27bd9f3f6394020.jpg,train,226,WIN_20260823_20_18_24_Pro_jpg.rf.4fe6f2f093672cd0c27bd9f3f6394020.jpg,WIN_20260823_20_18_24_Pro.jpg,WIN_20260823_20_18_24_Pro.jpg,02df31133a7f784bf2ea10a8fae275b91f613b4a143b03befb23b91bf9d28383,640,640,5,"{""0"":2,""1"":2,""2"":1,""3"":0,""4"":0,""5"":0,""6"":0,""7"":0,""8"":0,""9"":0,""10"":0,""11"":0}"
train,4fe56fd5d156_WIN_20260823_20_18_24_Pro_jpg.rf.44c9a9726478325cd5681558ae8c86ce.jpg,train,323,WIN_20260823_20_18_24_Pro_jpg.rf.44c9a9726478325cd5681558ae8c86ce.jpg,WIN_20260823_20_18_24_Pro.jpg,WIN_20260823_20_18_24_Pro.jpg,4fe56fd5d156b0b06e190d2fd43fa1f893c6fea45a8e420751068e8ac727a911,640,640,5,"{""0"":2,""1"":2,""2"":1,""3"":0,""4"":0,""5"":0,""6"":0,""7"":0,""8"":0,""9"":0,""10"":0,""11"":0}"
train,214051891b0d_WIN_20260823_20_18_24_Pro_jpg.rf.4513a095bccccfd49033cfc98775c5fc.jpg,train,96,WIN_20260823_20_18_24_Pro_jpg.rf.4513a095bccccfd49033cfc98775c5fc.jpg,WIN_20260823_20_18_24_Pro.jpg,WIN_20260823_20_18_24_Pro.jpg,214051891b0dc6d58470de5d5d61fcd3dd54f46b18b4218709ca9b1e3f8fd32b,640,640,5,"{""0"":2,""1"":2,""2"":1,""3"":0,""4"":0,""5"":0,""6"":0,""7"":0,""8"":0,""9"":0,""10"":0,""11"":0}"
train,deef86091563_WIN_20260823_20_19_10_Pro_jpg.rf.698a8a6de857dd6214b75209f6178cbd.jpg,train,246,WIN_20260823_20_19_10_Pro_jpg.rf.698a8a6de857dd6214b75209f6178cbd.jpg,WIN_20260823_20_19_10_Pro.jpg,WIN_20260823_20_19_10_Pro.jpg,deef86091563102af488073c3e3ac01fec60e3cde2d2ce885f36dd8ca56895e1,640,640,4,"{""0"":2,""1"":1,""2"":1,""3"":0,""4"":0,""5"":0,""6"":0,""7"":0,""8"":0,""9"":0,""10"":0,""11"":0}"
train,b22772f06c49_WIN_20260823_20_19_10_Pro_jpg.rf.d4c09e436deb0ab1ae84e70aa8356dba.jpg,train,845,WIN_20260823_20_19_10_Pro_jpg.rf.d4c09e436deb0ab1ae84e70aa8356dba.jpg,WIN_20260823_20_19_10_Pro.jpg,WIN_20260823_20_19_10_Pro.jpg,b22772f06c491f282161bbadce38e45182148f4f9da334e8c5b7a9822bc8346c,640,640,4,"{""0"":2,""1"":1,""2"":1,""3"":0,""4"":0,""5"":0,""6"":0,""7"":0,""8"":0,""9"":0,""10"":0,""11"":0}"
train,bfec036d897c_WIN_20260823_20_19_10_Pro_jpg.rf.26ac5b19da825947dfc7d7a06719efc6.jpg,train,93,WIN_20260823_20_19_10_Pro_jpg.rf.26ac5b19da825947dfc7d7a06719efc6.jpg,WIN_20260823_20_19_10_Pro.jpg,WIN_20260823_20_19_10_Pro.jpg,bfec036d897cec96beaa8a43d348feece058d3744fc1067da1dc9cfa7ce15412,640,640,4,"{""0"":2,""1"":1,""2"":1,""3"":0,""4"":0,""5"":0,""6"":0,""7"":0,""8"":0,""9"":0,""10"":0,""11"":0}"
train,dfb86bcbc41d_WIN_20260823_20_21_58_Pro-1-_jpg.rf.d1958c832dee248f9997e893c6de3600.jpg,train,32,WIN_20260823_20_21_58_Pro-1-_jpg.rf.d1958c832dee248f9997e893c6de3600.jpg,WIN_20260823_20_21_58_Pro-1-.jpg,WIN_20260823_20_21_58_Pro-1-.jpg,dfb86bcbc41dda6f2e091f89958f0d7b031792bcd1af1de5391861cc3dc61992,640,640,4,"{""0"":1,""1"":1,""2"":2,""3"":0,""4"":0,""5"":0,""6"":0,""7"":0,""8"":0,""9"":0,""10"":0,""11"":0}"
train,2483065241ae_WIN_20260823_20_21_58_Pro-1-_jpg.rf.ca09b473a4157dc69aa3cac8afac0e4e.jpg,train,352,WIN_20260823_20_21_58_Pro-1-_jpg.rf.ca09b473a4157dc69aa3cac8afac0e4e.jpg,WIN_20260823_20_21_58_Pro-1-.jpg,WIN_20260823_20_21_58_Pro-1-.jpg,2483065241ae6a9fd2c855e45ca7433ad7b161fc0d8d1dae23eea3014941e1ac,640,640,4,"{""0"":1,""1"":1,""2"":2,""3"":0,""4"":0,""5"":0,""6"":0,""7"":0,""8"":0,""9"":0,""10"":0,""11"":0}"
train,3afdda074f2a_WIN_20260823_20_21_58_Pro-1-_jpg.rf.c52985a9e25e9eca059f7cec29f431ca.jpg,train,71,WIN_20260823_20_21_58_Pro-1-_jpg.rf.c52985a9e25e9eca059f7cec29f431ca.jpg,WIN_20260823_20_21_58_Pro-1-.jpg,WIN_20260823_20_21_58_Pro-1-.jpg,3afdda074f2aa18129fbfdee94bbe13dd53cdfa448f31f0700d17b6f9ef1064a,640,640,4,"{""0"":1,""1"":1,""2"":2,""3"":0,""4"":0,""5"":0,""6"":0,""7"":0,""8"":0,""9"":0,""10"":0,""11"":0}"
train,da7c948ab604_WIN_20260823_20_22_08_Pro_jpg.rf.44bb0710b34cdca58d28a7966812b17d.jpg,train,426,WIN_20260823_20_22_08_Pro_jpg.rf.44bb0710b34cdca58d28a7966812b17d.jpg,WIN_20260823_20_22_08_Pro.jpg,WIN_20260823_20_22_08_Pro.jpg,da7c948ab6042f6d3df202bab5d41b53859177b83d647b4aa1d8986c7c801d7e,640,640,5,"{""0"":2,""1"":1,""2"":2,""3"":0,""4"":0,""5"":0,""6"":0,""7"":0,""8"":0,""9"":0,""10"":0,""11"":0}"
train,75af0a8d1ee7_WIN_20260823_20_22_08_Pro_jpg.rf.2996b26df33d681a283c876b21dfa27b.jpg,train,520,WIN_20260823_20_22_08_Pro_jpg.rf.2996b26df33d681a283c876b21dfa27b.jpg,WIN_20260823_20_22_08_Pro.jpg,WIN_20260823_20_22_08_Pro.jpg,75af0a8d1ee712f4580e07c9701a8ff87fa4cbdb01c23963d40b87f60016381e,640,640,5,"{""0"":2,""1"":1,""2"":2,""3"":0,""4"":0,""5"":0,""6"":0,""7"":0,""8"":0,""9"":0,""10"":0,""11"":0}"
train,fdd15d2a673c_WIN_20260823_20_22_08_Pro_jpg.rf.bfbff863bccc67b799ba0161eb59ba0b.jpg,train,765,WIN_20260823_20_22_08_Pro_jpg.rf.bfbff863bccc67b799ba0161eb59ba0b.jpg,WIN_20260823_20_22_08_Pro.jpg,WIN_20260823_20_22_08_Pro.jpg,fdd15d2a673cf29994424eb2bd986079d6a053c65fdf66440600fc7157fc11d9,640,640,5,"{""0"":2,""1"":1,""2"":2,""3"":0,""4"":0,""5"":0,""6"":0,""7"":0,""8"":0,""9"":0,""10"":0,""11"":0}"
train,5e9d87d6e47c_WIN_20260823_20_22_16_Pro_jpg.rf.ca2943e10990a0cb5292186f8b592fa2.jpg,train,10,WIN_20260823_20_22_16_Pro_jpg.rf.ca2943e10990a0cb5292186f8b592fa2.jpg,WIN_20260823_20_22_16_Pro.jpg,WIN_20260823_20_22_16_Pro.jpg,5e9d87d6e47c7901f027d64ed02f3284714bdc1559c61455345c389f27ea51d0,640,640,5,"{""0"":2,""1"":2,""2"":1,""3"":0,""4"":0,""5"":0,""6"":0,""7"":0,""8"":0,""9"":0,""10"":0,""11"":0}"
train,64529a00f48c_WIN_20260823_20_22_16_Pro_jpg.rf.7e1c3f6d17bbc24f8436fdc545c6ee83.jpg,train,39,WIN_20260823_20_22_16_Pro_jpg.rf.7e1c3f6d17bbc24f8436fdc545c6ee83.jpg,WIN_20260823_20_22_16_Pro.jpg,WIN_20260823_20_22_16_Pro.jpg,64529a00f48c52a9df2d85cf04e29f72b06f2947871013e2a974d2ebb8bc42ef,640,640,5,"{""0"":2,""1"":2,""2"":1,""3"":0,""4"":0,""5"":0,""6"":0,""7"":0,""8"":0,""9"":0,""10"":0,""11"":0}"
train,105eb9594f77_WIN_20260823_20_22_16_Pro_jpg.rf.f2a799bb62fce06fa28fb503b49f5c8b.jpg,train,402,WIN_20260823_20_22_16_Pro_jpg.rf.f2a799bb62fce06fa28fb503b49f5c8b.jpg,WIN_20260823_20_22_16_Pro.jpg,WIN_20260823_20_22_16_Pro.jpg,105eb9594f77469bb7960e4755c182808fd2c83ce7ae09ae23aeda7edd4f42f3,640,640,5,"{""0"":2,""1"":2,""2"":1,""3"":0,""4"":0,""5"":0,""6"":0,""7"":0,""8"":0,""9"":0,""10"":0,""11"":0}"
train,ef6e79ae07b3_WIN_20260823_20_22_23_Pro_jpg.rf.582ebe28810066b5682f2c595d6f3fe7.jpg,train,108,WIN_20260823_20_22_23_Pro_jpg.rf.582ebe28810066b5682f2c595d6f3fe7.jpg,WIN_20260823_20_22_23_Pro.jpg,WIN_20260823_20_22_23_Pro.jpg,ef6e79ae07b3ef3f5ae8bc5aa134bf17ced32fc3c26553c7099406c58312c4d7,640,640,5,"{""0"":2,""1"":1,""2"":2,""3"":0,""4"":0,""5"":0,""6"":0,""7"":0,""8"":0,""9"":0,""10"":0,""11"":0}"
train,f4aef0381634_WIN_20260823_20_22_23_Pro_jpg.rf.c88139e6a9a3623b008fb84957a3305d.jpg,train,135,WIN_20260823_20_22_23_Pro_jpg.rf.c88139e6a9a3623b008fb84957a3305d.jpg,WIN_20260823_20_22_23_Pro.jpg,WIN_20260823_20_22_23_Pro.jpg,f4aef03816349b3900601bea019a0a0a1f102c39f5ca155db6ee837bf7ac29f4,640,640,5,"{""0"":2,""1"":1,""2"":2,""3"":0,""4"":0,""5"":0,""6"":0,""7"":0,""8"":0,""9"":0,""10"":0,""11"":0}"
train,8b534274044e_WIN_20260823_20_22_23_Pro_jpg.rf.144d19bd2cd12f0c771f390b9bb99285.jpg,train,5,WIN_20260823_20_22_23_Pro_jpg.rf.144d19bd2cd12f0c771f390b9bb99285.jpg,WIN_20260823_20_22_23_Pro.jpg,WIN_20260823_20_22_23_Pro.jpg,8b534274044ec264e8e77ea82a602061aca1eb6049ee9eac80b7257aae10c028,640,640,5,"{""0"":2,""1"":1,""2"":2,""3"":0,""4"":0,""5"":0,""6"":0,""7"":0,""8"":0,""9"":0,""10"":0,""11"":0}"
train,573b02fd1b37_WIN_20260823_20_22_28_Pro_jpg.rf.3bc910238d1f7c4304f6e5b20ac002b9.jpg,train,671,WIN_20260823_20_22_28_Pro_jpg.rf.3bc910238d1f7c4304f6e5b20ac002b9.jpg,WIN_20260823_20_22_28_Pro.jpg,WIN_20260823_20_22_28_Pro.jpg,573b02fd1b3703c7a0c37ee94e1cda751060fffb86b163d78d109216f0a93414,640,640,5,"{""0"":0,""1"":2,""2"":2,""3"":1,""4"":0,""5"":0,""6"":0,""7"":0,""8"":0,""9"":0,""10"":0,""11"":0}"
train,7faf55d82bea_WIN_20260823_20_22_28_Pro_jpg.rf.291453c8a0ded73dd5fa0baa6fd90705.jpg,train,80,WIN_20260823_20_22_28_Pro_jpg.rf.291453c8a0ded73dd5fa0baa6fd90705.jpg,WIN_20260823_20_22_28_Pro.jpg,WIN_20260823_20_22_28_Pro.jpg,7faf55d82bea994d0ca4dfa0a63ca0f2de7a137ddf880c353d0433dfdee66be2,640,640,5,"{""0"":0,""1"":2,""2"":2,""3"":1,""4"":0,""5"":0,""6"":0,""7"":0,""8"":0,""9"":0,""10"":0,""11"":0}"
train,32ee02232a36_WIN_20260823_20_22_33_Pro_jpg.rf.501f9abd91615dd955962fce530d354d.jpg,train,142,WIN_20260823_20_22_33_Pro_jpg.rf.501f9abd91615dd955962fce530d354d.jpg,WIN_20260823_20_22_33_Pro.jpg,WIN_20260823_20_22_33_Pro.jpg,32ee02232a3626806b85f0e198ca6ed53bd7f433edac841f40a486df584b6b3f,640,640,6,"{""0"":2,""1"":2,""2"":2,""3"":0,""4"":0,""5"":0,""6"":0,""7"":0,""8"":0,""9"":0,""10"":0,""11"":0}"
train,a69bab3123e4_WIN_20260823_20_22_33_Pro_jpg.rf.9657d3f5fc4e63e24ed220b98b97ed49.jpg,train,329,WIN_20260823_20_22_33_Pro_jpg.rf.9657d3f5fc4e63e24ed220b98b97ed49.jpg,WIN_20260823_20_22_33_Pro.jpg,WIN_20260823_20_22_33_Pro.jpg,a69bab3123e493f44f0847845c2a0415d64ed71a10fe654e6278efe84e9b0577,640,640,6,"{""0"":2,""1"":2,""2"":2,""3"":0,""4"":0,""5"":0,""6"":0,""7"":0,""8"":0,""9"":0,""10"":0,""11"":0}"
train,ddc2c975c145_WIN_20260823_20_22_33_Pro_jpg.rf.1c4885a7c6aeacdac4188630b958ca32.jpg,train,491,WIN_20260823_20_22_33_Pro_jpg.rf.1c4885a7c6aeacdac4188630b958ca32.jpg,WIN_20260823_20_22_33_Pro.jpg,WIN_20260823_20_22_33_Pro.jpg,ddc2c975c14553095dede6ab254bcad75eba58e86c566d96ef778df111fdc89a,640,640,6,"{""0"":2,""1"":2,""2"":2,""3"":0,""4"":0,""5"":0,""6"":0,""7"":0,""8"":0,""9"":0,""10"":0,""11"":0}"
train,1427cefd4d11_WIN_20260823_20_22_41_Pro_jpg.rf.de4670386424a2f6a35efb6389bc5159.jpg,train,181,WIN_20260823_20_22_41_Pro_jpg.rf.de4670386424a2f6a35efb6389bc5159.jpg,WIN_20260823_20_22_41_Pro.jpg,WIN_20260823_20_22_41_Pro.jpg,1427cefd4d112ef849ca6bc37e2374a2e5b3441dc431f7f5b98db316e2465124,640,640,5,"{""0"":2,""1"":2,""2"":1,""3"":0,""4"":0,""5"":0,""6"":0,""7"":0,""8"":0,""9"":0,""10"":0,""11"":0}"
train,d086f38ce573_WIN_20260823_20_22_41_Pro_jpg.rf.044b73eb0efd9b2ca4dd05d697f147a8.jpg,train,722,WIN_20260823_20_22_41_Pro_jpg.rf.044b73eb0efd9b2ca4dd05d697f147a8.jpg,WIN_20260823_20_22_41_Pro.jpg,WIN_20260823_20_22_41_Pro.jpg,d086f38ce573be72230b39fe56c13db61f979316c39047ddceaabc18292474ec,640,640,5,"{""0"":2,""1"":2,""2"":1,""3"":0,""4"":0,""5"":0,""6"":0,""7"":0,""8"":0,""9"":0,""10"":0,""11"":0}"
train,4f20e29ef088_WIN_20260823_20_22_41_Pro_jpg.rf.72ff0ead322f8f6db626249f2de520d0.jpg,train,796,WIN_20260823_20_22_41_Pro_jpg.rf.72ff0ead322f8f6db626249f2de520d0.jpg,WIN_20260823_20_22_41_Pro.jpg,WIN_20260823_20_22_41_Pro.jpg,4f20e29ef088106763581f242cc3f7ad1b95cb0e6bbaf99c1844341fbd28e4c5,640,640,5,"{""0"":2,""1"":2,""2"":1,""3"":0,""4"":0,""5"":0,""6"":0,""7"":0,""8"":0,""9"":0,""10"":0,""11"":0}"
train,2d4192399347_WIN_20260823_20_22_48_Pro_jpg.rf.69ee66a88aca884727ae3c819b318b6b.jpg,train,126,WIN_20260823_20_22_48_Pro_jpg.rf.69ee66a88aca884727ae3c819b318b6b.jpg,WIN_20260823_20_22_48_Pro.jpg,WIN_20260823_20_22_48_Pro.jpg,2d4192399347dc6ebbaaf71d91f17af5f17bbc7acad8eb7319eaca9d4b76b570,640,640,5,"{""0"":2,""1"":1,""2"":2,""3"":0,""4"":0,""5"":0,""6"":0,""7"":0,""8"":0,""9"":0,""10"":0,""11"":0}"
train,8222928c6408_WIN_20260823_20_22_48_Pro_jpg.rf.3d901c15668a3d2853b2e9b6caf2ec6c.jpg,train,266,WIN_20260823_20_22_48_Pro_jpg.rf.3d901c15668a3d2853b2e9b6caf2ec6c.jpg,WIN_20260823_20_22_48_Pro.jpg,WIN_20260823_20_22_48_Pro.jpg,8222928c6408fd98b56138101eb45dd52a6a17f99e67a5bb4e4bc0c045cb7637,640,640,5,"{""0"":2,""1"":1,""2"":2,""3"":0,""4"":0,""5"":0,""6"":0,""7"":0,""8"":0,""9"":0,""10"":0,""11"":0}"
train,1c2084c52202_WIN_20260823_20_22_48_Pro_jpg.rf.8f98d35c2b785ac109b0b1c2233c3974.jpg,train,312,WIN_20260823_20_22_48_Pro_jpg.rf.8f98d35c2b785ac109b0b1c2233c3974.jpg,WIN_20260823_20_22_48_Pro.jpg,WIN_20260823_20_22_48_Pro.jpg,1c2084c522022e7c5e7e7f15b256911de1a0a1bebe179eb91ffdc15fa4e4e0d5,640,640,5,"{""0"":2,""1"":1,""2"":2,""3"":0,""4"":0,""5"":0,""6"":0,""7"":0,""8"":0,""9"":0,""10"":0,""11"":0}"
train,5496f83246b9_WIN_20260823_20_22_53_Pro_jpg.rf.d8013f523b8487dacc43c6dfd8666559.jpg,train,214,WIN_20260823_20_22_53_Pro_jpg.rf.d8013f523b8487dacc43c6dfd8666559.jpg,WIN_20260823_20_22_53_Pro.jpg,WIN_20260823_20_22_53_Pro.jpg,5496f83246b999e06772f508c53a5964a983f2f46dc75eb4a1602ec4d79641da,640,640,6,"{""0"":2,""1"":2,""2"":2,""3"":0,""4"":0,""5"":0,""6"":0,""7"":0,""8"":0,""9"":0,""10"":0,""11"":0}"
train,2580448815e6_WIN_20260823_20_22_53_Pro_jpg.rf.daf2214d65a182c80f13facde6149d01.jpg,train,251,WIN_20260823_20_22_53_Pro_jpg.rf.daf2214d65a182c80f13facde6149d01.jpg,WIN_20260823_20_22_53_Pro.jpg,WIN_20260823_20_22_53_Pro.jpg,2580448815e6793e11939e17f0fda84922056effc27195ab3c822c8fdd626ea5,640,640,6,"{""0"":2,""1"":2,""2"":2,""3"":0,""4"":0,""5"":0,""6"":0,""7"":0,""8"":0,""9"":0,""10"":0,""11"":0}"
train,2cb9fa06d5d9_WIN_20260823_20_22_53_Pro_jpg.rf.0b1d248f26cad47d0034b12ec92732ba.jpg,train,41,WIN_20260823_20_22_53_Pro_jpg.rf.0b1d248f26cad47d0034b12ec92732ba.jpg,WIN_20260823_20_22_53_Pro.jpg,WIN_20260823_20_22_53_Pro.jpg,2cb9fa06d5d915fd326229fea324d4e3ad0aa5dfc320262a586d36a7f538f872,640,640,6,"{""0"":2,""1"":2,""2"":2,""3"":0,""4"":0,""5"":0,""6"":0,""7"":0,""8"":0,""9"":0,""10"":0,""11"":0}"
train,17ebce0fe191_WIN_20260823_20_22_55_Pro_jpg.rf.6b2116ce0eca11ddb8ca2d78cee8857e.jpg,train,369,WIN_20260823_20_22_55_Pro_jpg.rf.6b2116ce0eca11ddb8ca2d78cee8857e.jpg,WIN_20260823_20_22_55_Pro.jpg,WIN_20260823_20_22_55_Pro.jpg,17ebce0fe191fe2627ae23286d3946e01aa02d71b264d4d03ff9ada563740c24,640,640,6,"{""0"":2,""1"":2,""2"":2,""3"":0,""4"":0,""5"":0,""6"":0,""7"":0,""8"":0,""9"":0,""10"":0,""11"":0}"
train,02bef50681aa_WIN_20260823_20_22_55_Pro_jpg.rf.119f3d7a8ddd7bca395d2a3e8ecc0010.jpg,train,714,WIN_20260823_20_22_55_Pro_jpg.rf.119f3d7a8ddd7bca395d2a3e8ecc0010.jpg,WIN_20260823_20_22_55_Pro.jpg,WIN_20260823_20_22_55_Pro.jpg,02bef50681aafa41c3c0d99ad5b8345856e74712282beb4780cfd5943452f231,640,640,6,"{""0"":2,""1"":2,""2"":2,""3"":0,""4"":0,""5"":0,""6"":0,""7"":0,""8"":0,""9"":0,""10"":0,""11"":0}"
train,598236b23a1b_WIN_20260823_20_22_55_Pro_jpg.rf.0a81f46e99ea6808c923a3ae80c7492d.jpg,train,762,WIN_20260823_20_22_55_Pro_jpg.rf.0a81f46e99ea6808c923a3ae80c7492d.jpg,WIN_20260823_20_22_55_Pro.jpg,WIN_20260823_20_22_55_Pro.jpg,598236b23a1b2072bf65c8db328d68d523a815feae5d5f0133f593e62b062643,640,640,6,"{""0"":2,""1"":2,""2"":2,""3"":0,""4"":0,""5"":0,""6"":0,""7"":0,""8"":0,""9"":0,""10"":0,""11"":0}"
train,84c0cbecf177_WIN_20260823_20_22_59_Pro_jpg.rf.5a5a89e5418406dd640d0fe347fba320.jpg,train,188,WIN_20260823_20_22_59_Pro_jpg.rf.5a5a89e5418406dd640d0fe347fba320.jpg,WIN_20260823_20_22_59_Pro.jpg,WIN_20260823_20_22_59_Pro.jpg,84c0cbecf177649b8d8f4e32066c1adcd6053dbd260e504e8df4f3ff45eab84b,640,640,6,"{""0"":2,""1"":2,""2"":2,""3"":0,""4"":0,""5"":0,""6"":0,""7"":0,""8"":0,""9"":0,""10"":0,""11"":0}"
train,2b00ab7dc24e_WIN_20260823_20_22_59_Pro_jpg.rf.e59a0bd20ee0f0e93a9e696b9133f0fa.jpg,train,289,WIN_20260823_20_22_59_Pro_jpg.rf.e59a0bd20ee0f0e93a9e696b9133f0fa.jpg,WIN_20260823_20_22_59_Pro.jpg,WIN_20260823_20_22_59_Pro.jpg,2b00ab7dc24e7fda7b46cdf6b9d30136cf9c1a68b43d335fb7bef813d6a3cda1,640,640,6,"{""0"":2,""1"":2,""2"":2,""3"":0,""4"":0,""5"":0,""6"":0,""7"":0,""8"":0,""9"":0,""10"":0,""11"":0}"
train,8e993ae1f800_WIN_20260823_20_22_59_Pro_jpg.rf.34fefd9edbc25a5da317effbbed55756.jpg,train,87,WIN_20260823_20_22_59_Pro_jpg.rf.34fefd9edbc25a5da317effbbed55756.jpg,WIN_20260823_20_22_59_Pro.jpg,WIN_20260823_20_22_59_Pro.jpg,8e993ae1f80032016a3fd506f4cab751e08009bf7d6f1c7bc752bc411fd12b2d,640,640,6,"{""0"":2,""1"":2,""2"":2,""3"":0,""4"":0,""5"":0,""6"":0,""7"":0,""8"":0,""9"":0,""10"":0,""11"":0}"
train,abdc208a5609_WIN_20260823_20_23_03_Pro_jpg.rf.0fd6438b80173799b103a118e1e0f7ca.jpg,train,658,WIN_20260823_20_23_03_Pro_jpg.rf.0fd6438b80173799b103a118e1e0f7ca.jpg,WIN_20260823_20_23_03_Pro.jpg,WIN_20260823_20_23_03_Pro.jpg,abdc208a5609c31bf9a80c14ad9d98467692346dcb6d1d129b522439ebe74d43,640,640,5,"{""0"":2,""1"":2,""2"":1,""3"":0,""4"":0,""5"":0,""6"":0,""7"":0,""8"":0,""9"":0,""10"":0,""11"":0}"
train,a453ce91b456_WIN_20260823_20_23_03_Pro_jpg.rf.fa3ff63fd67098abe652edc6ba1a531a.jpg,train,831,WIN_20260823_20_23_03_Pro_jpg.rf.fa3ff63fd67098abe652edc6ba1a531a.jpg,WIN_20260823_20_23_03_Pro.jpg,WIN_20260823_20_23_03_Pro.jpg,a453ce91b4568e300517fd739e0e6f34279dad0013dea1fbad7cf328b0eeffc3,640,640,5,"{""0"":2,""1"":2,""2"":1,""3"":0,""4"":0,""5"":0,""6"":0,""7"":0,""8"":0,""9"":0,""10"":0,""11"":0}"
train,e9ecbc2600f3_WIN_20260823_20_23_03_Pro_jpg.rf.e65ad53d92a1246f2f6895370b686005.jpg,train,848,WIN_20260823_20_23_03_Pro_jpg.rf.e65ad53d92a1246f2f6895370b686005.jpg,WIN_20260823_20_23_03_Pro.jpg,WIN_20260823_20_23_03_Pro.jpg,e9ecbc2600f3009d0a33a7c3bfa83ac880ce058c0eb5c09c5b04b1f6790f1326,640,640,5,"{""0"":2,""1"":2,""2"":1,""3"":0,""4"":0,""5"":0,""6"":0,""7"":0,""8"":0,""9"":0,""10"":0,""11"":0}"
train,8705e06213bd_WIN_20260823_20_23_07_Pro_jpg.rf.de99149651d8c72da3a35dc4d442939b.jpg,train,177,WIN_20260823_20_23_07_Pro_jpg.rf.de99149651d8c72da3a35dc4d442939b.jpg,WIN_20260823_20_23_07_Pro.jpg,WIN_20260823_20_23_07_Pro.jpg,8705e06213bd15b76501c50392ff36274c33ca4fd6415b34b7e6e48c3f28eb36,640,640,4,"{""0"":2,""1"":0,""2"":2,""3"":0,""4"":0,""5"":0,""6"":0,""7"":0,""8"":0,""9"":0,""10"":0,""11"":0}"
train,dcc8e5549c67_WIN_20260823_20_23_07_Pro_jpg.rf.8afa034279961b2b560ab3ac207619e5.jpg,train,393,WIN_20260823_20_23_07_Pro_jpg.rf.8afa034279961b2b560ab3ac207619e5.jpg,WIN_20260823_20_23_07_Pro.jpg,WIN_20260823_20_23_07_Pro.jpg,dcc8e5549c675a8c3312f99d780a75ed9d7b83e24bc5185d2e7161b5723e1670,640,640,4,"{""0"":2,""1"":0,""2"":2,""3"":0,""4"":0,""5"":0,""6"":0,""7"":0,""8"":0,""9"":0,""10"":0,""11"":0}"
train,cba1087f1524_WIN_20260823_20_23_07_Pro_jpg.rf.d8e65e06201f8d6c24f15f4fcd08ba7d.jpg,train,787,WIN_20260823_20_23_07_Pro_jpg.rf.d8e65e06201f8d6c24f15f4fcd08ba7d.jpg,WIN_20260823_20_23_07_Pro.jpg,WIN_20260823_20_23_07_Pro.jpg,cba1087f1524436785bf479d45d5d6221974226db98f90a9eb5c1649de8be6d2,640,640,4,"{""0"":2,""1"":0,""2"":2,""3"":0,""4"":0,""5"":0,""6"":0,""7"":0,""8"":0,""9"":0,""10"":0,""11"":0}"
train,426688478738_WIN_20260823_20_23_14_Pro_jpg.rf.fe749d8283965d6bf66eaa5927c96840.jpg,train,128,WIN_20260823_20_23_14_Pro_jpg.rf.fe749d8283965d6bf66eaa5927c96840.jpg,WIN_20260823_20_23_14_Pro.jpg,WIN_20260823_20_23_14_Pro.jpg,42668847873814a7db503eeabcac1e84ac85db7db71dfe6223cada76bcea5988,640,640,4,"{""0"":2,""1"":0,""2"":2,""3"":0,""4"":0,""5"":0,""6"":0,""7"":0,""8"":0,""9"":0,""10"":0,""11"":0}"
train,81630e4b86d3_WIN_20260823_20_23_14_Pro_jpg.rf.e2e139227079806e0cced79f83594e17.jpg,train,430,WIN_20260823_20_23_14_Pro_jpg.rf.e2e139227079806e0cced79f83594e17.jpg,WIN_20260823_20_23_14_Pro.jpg,WIN_20260823_20_23_14_Pro.jpg,81630e4b86d3096a9a7efce50eb7e9210556fcc5e7d3877266870d9e66fc2508,640,640,4,"{""0"":2,""1"":0,""2"":2,""3"":0,""4"":0,""5"":0,""6"":0,""7"":0,""8"":0,""9"":0,""10"":0,""11"":0}"
train,0d4792e299bc_WIN_20260823_20_23_14_Pro_jpg.rf.297d023b989428508921dd91b2b1e894.jpg,train,770,WIN_20260823_20_23_14_Pro_jpg.rf.297d023b989428508921dd91b2b1e894.jpg,WIN_20260823_20_23_14_Pro.jpg,WIN_20260823_20_23_14_Pro.jpg,0d4792e299bc80771a08e89a5a6ac0029f5cd84625c2fbfba6a5a36cf99ccf01,640,640,4,"{""0"":2,""1"":0,""2"":2,""3"":0,""4"":0,""5"":0,""6"":0,""7"":0,""8"":0,""9"":0,""10"":0,""11"":0}"
train,cb077f92fde6_WIN_20260823_20_23_30_Pro_jpg.rf.b406574fb146b4a9054021a43beb2401.jpg,train,122,WIN_20260823_20_23_30_Pro_jpg.rf.b406574fb146b4a9054021a43beb2401.jpg,WIN_20260823_20_23_30_Pro.jpg,WIN_20260823_20_23_30_Pro.jpg,cb077f92fde69e4f5a6c4c9b1fc378e195f40ff61f4d0ae71f6bce8119aca353,640,640,6,"{""0"":2,""1"":2,""2"":2,""3"":0,""4"":0,""5"":0,""6"":0,""7"":0,""8"":0,""9"":0,""10"":0,""11"":0}"
train,48b7dd062bbb_WIN_20260823_20_23_30_Pro_jpg.rf.dae93d5109325f74de06563644313720.jpg,train,129,WIN_20260823_20_23_30_Pro_jpg.rf.dae93d5109325f74de06563644313720.jpg,WIN_20260823_20_23_30_Pro.jpg,WIN_20260823_20_23_30_Pro.jpg,48b7dd062bbbf53bf2cc4daa5c602dec1b87dcf54aa7456369601e89b099895f,640,640,6,"{""0"":2,""1"":2,""2"":2,""3"":0,""4"":0,""5"":0,""6"":0,""7"":0,""8"":0,""9"":0,""10"":0,""11"":0}"
train,c944150b87dd_WIN_20260823_20_23_30_Pro_jpg.rf.7a3128d239c7244a243b3a92b2ee6e5b.jpg,train,51,WIN_20260823_20_23_30_Pro_jpg.rf.7a3128d239c7244a243b3a92b2ee6e5b.jpg,WIN_20260823_20_23_30_Pro.jpg,WIN_20260823_20_23_30_Pro.jpg,c944150b87dd3842a9f18d83741ea709193182bb6fcffd18a672d640f93e2c48,640,640,6,"{""0"":2,""1"":2,""2"":2,""3"":0,""4"":0,""5"":0,""6"":0,""7"":0,""8"":0,""9"":0,""10"":0,""11"":0}"
train,a77abb4ccd3f_WIN_20260823_20_23_37_Pro_jpg.rf.3f96e6defe318f85f9b20cf3e9bb9caa.jpg,train,136,WIN_20260823_20_23_37_Pro_jpg.rf.3f96e6defe318f85f9b20cf3e9bb9caa.jpg,WIN_20260823_20_23_37_Pro.jpg,WIN_20260823_20_23_37_Pro.jpg,a77abb4ccd3f737ce5c135c5dbe39a2fc555bc4e5d91eccf84285f6ea69ffb29,640,640,5,"{""0"":2,""1"":2,""2"":1,""3"":0,""4"":0,""5"":0,""6"":0,""7"":0,""8"":0,""9"":0,""10"":0,""11"":0}"
train,b2dc368a2d6c_WIN_20260823_20_23_37_Pro_jpg.rf.3a3f72fa067888ee9eefcffc7aea7cea.jpg,train,270,WIN_20260823_20_23_37_Pro_jpg.rf.3a3f72fa067888ee9eefcffc7aea7cea.jpg,WIN_20260823_20_23_37_Pro.jpg,WIN_20260823_20_23_37_Pro.jpg,b2dc368a2d6c4a2d43a10d89fb21fcb09c8cfa58846d5db1bbff76e39f7132d5,640,640,5,"{""0"":2,""1"":2,""2"":1,""3"":0,""4"":0,""5"":0,""6"":0,""7"":0,""8"":0,""9"":0,""10"":0,""11"":0}"
train,e8c47fa75ba4_WIN_20260823_20_23_37_Pro_jpg.rf.a341d7068f33dd5df6921c12e611a78a.jpg,train,599,WIN_20260823_20_23_37_Pro_jpg.rf.a341d7068f33dd5df6921c12e611a78a.jpg,WIN_20260823_20_23_37_Pro.jpg,WIN_20260823_20_23_37_Pro.jpg,e8c47fa75ba47b33fd445acdef451d93b9ade9a6b70a7ebe70c4019f3ce9ac30,640,640,5,"{""0"":2,""1"":2,""2"":1,""3"":0,""4"":0,""5"":0,""6"":0,""7"":0,""8"":0,""9"":0,""10"":0,""11"":0}"
train,b8aa16e5bad4_WIN_20260823_20_23_45_Pro_jpg.rf.dabc8a33d3bc76a4b579e5ffe4d0d4cc.jpg,train,123,WIN_20260823_20_23_45_Pro_jpg.rf.dabc8a33d3bc76a4b579e5ffe4d0d4cc.jpg,WIN_20260823_20_23_45_Pro.jpg,WIN_20260823_20_23_45_Pro.jpg,b8aa16e5bad4509ce29153ed5a9e3a1ab563889c4aad80f63e3411066e3c2ab0,640,640,4,"{""0"":1,""1"":1,""2"":2,""3"":0,""4"":0,""5"":0,""6"":0,""7"":0,""8"":0,""9"":0,""10"":0,""11"":0}"
train,d8463434d38c_WIN_20260823_20_23_45_Pro_jpg.rf.5b53cb869ff91e7259f439ea7ef00f1b.jpg,train,245,WIN_20260823_20_23_45_Pro_jpg.rf.5b53cb869ff91e7259f439ea7ef00f1b.jpg,WIN_20260823_20_23_45_Pro.jpg,WIN_20260823_20_23_45_Pro.jpg,d8463434d38c7b31d574ac98b2e58f45206540d2294ccc232437e40d77e55f15,640,640,4,"{""0"":1,""1"":1,""2"":2,""3"":0,""4"":0,""5"":0,""6"":0,""7"":0,""8"":0,""9"":0,""10"":0,""11"":0}"
train,1b8fb14d0242_WIN_20260823_20_23_45_Pro_jpg.rf.791f5904591be6a1cfa5d51b7bb8ef65.jpg,train,366,WIN_20260823_20_23_45_Pro_jpg.rf.791f5904591be6a1cfa5d51b7bb8ef65.jpg,WIN_20260823_20_23_45_Pro.jpg,WIN_20260823_20_23_45_Pro.jpg,1b8fb14d02426d06061e8a22e2f01a5c1fc8793317ce0932c215b998f4f4c7dd,640,640,4,"{""0"":1,""1"":1,""2"":2,""3"":0,""4"":0,""5"":0,""6"":0,""7"":0,""8"":0,""9"":0,""10"":0,""11"":0}"
train,ee2f247ec635_WIN_20260823_20_23_52_Pro_jpg.rf.3c258de07fd9d947cc131d09a71fc855.jpg,train,11,WIN_20260823_20_23_52_Pro_jpg.rf.3c258de07fd9d947cc131d09a71fc855.jpg,WIN_20260823_20_23_52_Pro.jpg,WIN_20260823_20_23_52_Pro.jpg,ee2f247ec635d0f649280e29edb37860c80902798fecb3081a5ab24a2c1ea8ed,640,640,5,"{""0"":2,""1"":2,""2"":1,""3"":0,""4"":0,""5"":0,""6"":0,""7"":0,""8"":0,""9"":0,""10"":0,""11"":0}"
train,1e2c2884ceee_WIN_20260823_20_23_52_Pro_jpg.rf.90ceb6cdae670280433d69856bf787f3.jpg,train,278,WIN_20260823_20_23_52_Pro_jpg.rf.90ceb6cdae670280433d69856bf787f3.jpg,WIN_20260823_20_23_52_Pro.jpg,WIN_20260823_20_23_52_Pro.jpg,1e2c2884ceee582935c3074215fa8a7df8d46e32826779acafcaf8c0d8ae6d9e,640,640,5,"{""0"":2,""1"":2,""2"":1,""3"":0,""4"":0,""5"":0,""6"":0,""7"":0,""8"":0,""9"":0,""10"":0,""11"":0}"
train,172596182ec7_WIN_20260823_20_23_52_Pro_jpg.rf.cff340ee610cb1f480dffbe83b9f7e43.jpg,train,513,WIN_20260823_20_23_52_Pro_jpg.rf.cff340ee610cb1f480dffbe83b9f7e43.jpg,WIN_20260823_20_23_52_Pro.jpg,WIN_20260823_20_23_52_Pro.jpg,172596182ec7d23446a08e42f935d72a41bc6edb24c75b336baae894d073993c,640,640,5,"{""0"":2,""1"":2,""2"":1,""3"":0,""4"":0,""5"":0,""6"":0,""7"":0,""8"":0,""9"":0,""10"":0,""11"":0}"
train,d775a5d4091a_WIN_20260823_20_23_56_Pro_jpg.rf.e75da2cd2c83df9a73790c9d2f084341.jpg,train,583,WIN_20260823_20_23_56_Pro_jpg.rf.e75da2cd2c83df9a73790c9d2f084341.jpg,WIN_20260823_20_23_56_Pro.jpg,WIN_20260823_20_23_56_Pro.jpg,d775a5d4091aaf045a8ce3e53b3f6cc43969cc93b33b3cead49755db51dcb2f1,640,640,6,"{""0"":2,""1"":2,""2"":2,""3"":0,""4"":0,""5"":0,""6"":0,""7"":0,""8"":0,""9"":0,""10"":0,""11"":0}"
train,f66fe1444069_WIN_20260823_20_23_56_Pro_jpg.rf.694b519103e34ca55aa623090e78fdb8.jpg,train,690,WIN_20260823_20_23_56_Pro_jpg.rf.694b519103e34ca55aa623090e78fdb8.jpg,WIN_20260823_20_23_56_Pro.jpg,WIN_20260823_20_23_56_Pro.jpg,f66fe1444069e991bb688ce912c7ab1f552001bbe07bd94dca61695a56c5252c,640,640,6,"{""0"":2,""1"":2,""2"":2,""3"":0,""4"":0,""5"":0,""6"":0,""7"":0,""8"":0,""9"":0,""10"":0,""11"":0}"
train,ad1d20b03115_WIN_20260823_20_23_56_Pro_jpg.rf.e8bc2854896ac7ee663276ef1dc7d13d.jpg,train,843,WIN_20260823_20_23_56_Pro_jpg.rf.e8bc2854896ac7ee663276ef1dc7d13d.jpg,WIN_20260823_20_23_56_Pro.jpg,WIN_20260823_20_23_56_Pro.jpg,ad1d20b0311549f340a061e6c059ca88b2e57225d55623db36ba82d324a5d923,640,640,6,"{""0"":2,""1"":2,""2"":2,""3"":0,""4"":0,""5"":0,""6"":0,""7"":0,""8"":0,""9"":0,""10"":0,""11"":0}"
train,daec2ebd2045_WIN_20260823_20_24_20_Pro_jpg.rf.830c8678f8d4f31da10556eec005dba0.jpg,train,600,WIN_20260823_20_24_20_Pro_jpg.rf.830c8678f8d4f31da10556eec005dba0.jpg,WIN_20260823_20_24_20_Pro.jpg,WIN_20260823_20_24_20_Pro.jpg,daec2ebd204518f032b20c3b4b59c530cba1ac1bc332c22a0166e7a0580ce64d,640,640,5,"{""0"":2,""1"":1,""2"":2,""3"":0,""4"":0,""5"":0,""6"":0,""7"":0,""8"":0,""9"":0,""10"":0,""11"":0}"
train,93e0c85bce97_WIN_20260823_20_24_20_Pro_jpg.rf.a35531a4d1ab360c18ab514819ba536b.jpg,train,627,WIN_20260823_20_24_20_Pro_jpg.rf.a35531a4d1ab360c18ab514819ba536b.jpg,WIN_20260823_20_24_20_Pro.jpg,WIN_20260823_20_24_20_Pro.jpg,93e0c85bce97485a82662c284798916a1d1d3899d5349a1dde3e5d59e3f3c11f,640,640,5,"{""0"":2,""1"":1,""2"":2,""3"":0,""4"":0,""5"":0,""6"":0,""7"":0,""8"":0,""9"":0,""10"":0,""11"":0}"
train,cd6c250579b3_WIN_20260823_20_24_20_Pro_jpg.rf.486e396534feade915d3e59a9c9335d1.jpg,train,816,WIN_20260823_20_24_20_Pro_jpg.rf.486e396534feade915d3e59a9c9335d1.jpg,WIN_20260823_20_24_20_Pro.jpg,WIN_20260823_20_24_20_Pro.jpg,cd6c250579b33381f38b247cd66ec58a741cfb985bdbfbab217a4b4e624c63a3,640,640,5,"{""0"":2,""1"":1,""2"":2,""3"":0,""4"":0,""5"":0,""6"":0,""7"":0,""8"":0,""9"":0,""10"":0,""11"":0}"
train,358a2a9742b9_WIN_20260823_20_24_23_Pro_jpg.rf.1690864e9f7d7d6b3f8caa4712394ebc.jpg,train,227,WIN_20260823_20_24_23_Pro_jpg.rf.1690864e9f7d7d6b3f8caa4712394ebc.jpg,WIN_20260823_20_24_23_Pro.jpg,WIN_20260823_20_24_23_Pro.jpg,358a2a9742b9c1fcc6b4582d0f6a01d9a11b15321c8688203fd8636fafa2a1e2,640,640,4,"{""0"":2,""1"":0,""2"":2,""3"":0,""4"":0,""5"":0,""6"":0,""7"":0,""8"":0,""9"":0,""10"":0,""11"":0}"
train,079819a54673_WIN_20260823_20_24_23_Pro_jpg.rf.c22909ad0f48b635c5b27102a2c4c3c8.jpg,train,383,WIN_20260823_20_24_23_Pro_jpg.rf.c22909ad0f48b635c5b27102a2c4c3c8.jpg,WIN_20260823_20_24_23_Pro.jpg,WIN_20260823_20_24_23_Pro.jpg,079819a546735d23a5a616a8cbd0e4954d46629526c606e4de2bf7e509a26344,640,640,4,"{""0"":2,""1"":0,""2"":2,""3"":0,""4"":0,""5"":0,""6"":0,""7"":0,""8"":0,""9"":0,""10"":0,""11"":0}"
train,d963a77e770b_WIN_20260823_20_24_23_Pro_jpg.rf.34f0bf084659fc667553a7e9489cbd09.jpg,train,549,WIN_20260823_20_24_23_Pro_jpg.rf.34f0bf084659fc667553a7e9489cbd09.jpg,WIN_20260823_20_24_23_Pro.jpg,WIN_20260823_20_24_23_Pro.jpg,d963a77e770b517c083f4c54fb44179c7a7d74d0ded79f57bad8131405f8fc6b,640,640,4,"{""0"":2,""1"":0,""2"":2,""3"":0,""4"":0,""5"":0,""6"":0,""7"":0,""8"":0,""9"":0,""10"":0,""11"":0}"
train,eac59a5e2fe3_WIN_20260823_20_24_25_Pro_jpg.rf.bd43a3a758a0ca757c63020e782cd751.jpg,train,178,WIN_20260823_20_24_25_Pro_jpg.rf.bd43a3a758a0ca757c63020e782cd751.jpg,WIN_20260823_20_24_25_Pro.jpg,WIN_20260823_20_24_25_Pro.jpg,eac59a5e2fe3fa2fac075a59ac41fafd215d2e75860b935777601bfbf641b0e0,640,640,2,"{""0"":0,""1"":0,""2"":2,""3"":0,""4"":0,""5"":0,""6"":0,""7"":0,""8"":0,""9"":0,""10"":0,""11"":0}"
train,79520baaefdb_WIN_20260823_20_24_25_Pro_jpg.rf.1562f2879e919ce684074a83309c7d8e.jpg,train,244,WIN_20260823_20_24_25_Pro_jpg.rf.1562f2879e919ce684074a83309c7d8e.jpg,WIN_20260823_20_24_25_Pro.jpg,WIN_20260823_20_24_25_Pro.jpg,79520baaefdb3f661d264ba9137bf015064a890ddbb68e1cfb3fb57bdfa5b2b2,640,640,2,"{""0"":0,""1"":0,""2"":2,""3"":0,""4"":0,""5"":0,""6"":0,""7"":0,""8"":0,""9"":0,""10"":0,""11"":0}"
train,dda28895f392_WIN_20260823_20_24_25_Pro_jpg.rf.701528052041c075eb9407ff50aba254.jpg,train,75,WIN_20260823_20_24_25_Pro_jpg.rf.701528052041c075eb9407ff50aba254.jpg,WIN_20260823_20_24_25_Pro.jpg,WIN_20260823_20_24_25_Pro.jpg,dda28895f392fd23b720e565aecee9475a4c8a86b9d8fcd272f07c722977a0ed,640,640,2,"{""0"":0,""1"":0,""2"":2,""3"":0,""4"":0,""5"":0,""6"":0,""7"":0,""8"":0,""9"":0,""10"":0,""11"":0}"
train,0d8b692a0e76_WIN_20260823_20_24_27_Pro_jpg.rf.97c7b6623a719bc3efa4eabddddd8499.jpg,train,293,WIN_20260823_20_24_27_Pro_jpg.rf.97c7b6623a719bc3efa4eabddddd8499.jpg,WIN_20260823_20_24_27_Pro.jpg,WIN_20260823_20_24_27_Pro.jpg,0d8b692a0e76ba230631dcb02587b2735f6ea6adbe66bc29ed574a458319cac5,640,640,6,"{""0"":2,""1"":2,""2"":2,""3"":0,""4"":0,""5"":0,""6"":0,""7"":0,""8"":0,""9"":0,""10"":0,""11"":0}"
train,4e7096e89ac0_WIN_20260823_20_24_27_Pro_jpg.rf.397a1d917ef5b8cde2139c8c57e0f39d.jpg,train,427,WIN_20260823_20_24_27_Pro_jpg.rf.397a1d917ef5b8cde2139c8c57e0f39d.jpg,WIN_20260823_20_24_27_Pro.jpg,WIN_20260823_20_24_27_Pro.jpg,4e7096e89ac057fb95f83047fdf681897e18e72d7c4000536a64bcfa6d5b95a4,640,640,6,"{""0"":2,""1"":2,""2"":2,""3"":0,""4"":0,""5"":0,""6"":0,""7"":0,""8"":0,""9"":0,""10"":0,""11"":0}"
train,2b932f69226c_WIN_20260823_20_24_27_Pro_jpg.rf.20fb596ece14e21b2681d3ed614936e0.jpg,train,554,WIN_20260823_20_24_27_Pro_jpg.rf.20fb596ece14e21b2681d3ed614936e0.jpg,WIN_20260823_20_24_27_Pro.jpg,WIN_20260823_20_24_27_Pro.jpg,2b932f69226c34119c2bc325b469658f15e0258cbe90f5512b38e9688f059b2d,640,640,6,"{""0"":2,""1"":2,""2"":2,""3"":0,""4"":0,""5"":0,""6"":0,""7"":0,""8"":0,""9"":0,""10"":0,""11"":0}"
train,d94b271a5923_WIN_20260823_20_24_29_Pro_jpg.rf.12a4f9127534af6e5620f2b12cd63434.jpg,train,216,WIN_20260823_20_24_29_Pro_jpg.rf.12a4f9127534af6e5620f2b12cd63434.jpg,WIN_20260823_20_24_29_Pro.jpg,WIN_20260823_20_24_29_Pro.jpg,d94b271a592324e184b29dad4100058e784bbd4e2dccd50fac0b36bd4c16b0a5,640,640,5,"{""0"":1,""1"":2,""2"":2,""3"":0,""4"":0,""5"":0,""6"":0,""7"":0,""8"":0,""9"":0,""10"":0,""11"":0}"
train,579fe8631e7a_WIN_20260823_20_24_29_Pro_jpg.rf.2bbde704712f5407328f071549ab3504.jpg,train,462,WIN_20260823_20_24_29_Pro_jpg.rf.2bbde704712f5407328f071549ab3504.jpg,WIN_20260823_20_24_29_Pro.jpg,WIN_20260823_20_24_29_Pro.jpg,579fe8631e7a28e4c8964711b103d4dad617c5e21dbe7c602d7394f6a74c9105,640,640,5,"{""0"":1,""1"":2,""2"":2,""3"":0,""4"":0,""5"":0,""6"":0,""7"":0,""8"":0,""9"":0,""10"":0,""11"":0}"
train,0e64c6468b84_WIN_20260823_20_24_29_Pro_jpg.rf.33882dcf5da434e11d2cca75d297d7eb.jpg,train,773,WIN_20260823_20_24_29_Pro_jpg.rf.33882dcf5da434e11d2cca75d297d7eb.jpg,WIN_20260823_20_24_29_Pro.jpg,WIN_20260823_20_24_29_Pro.jpg,0e64c6468b84402c78cce125ae6115657cd870587eccf96162bb379f666dc98d,640,640,5,"{""0"":1,""1"":2,""2"":2,""3"":0,""4"":0,""5"":0,""6"":0,""7"":0,""8"":0,""9"":0,""10"":0,""11"":0}"
train,93cc125c9f96_WIN_20260823_20_24_38_Pro_jpg.rf.038573fbd6f0568294e87e735300e2ed.jpg,train,447,WIN_20260823_20_24_38_Pro_jpg.rf.038573fbd6f0568294e87e735300e2ed.jpg,WIN_20260823_20_24_38_Pro.jpg,WIN_20260823_20_24_38_Pro.jpg,93cc125c9f96a26b3cd9ca6ca06ebeb2fa4c4b208e51324dc1da5eceb56aee0b,640,640,5,"{""0"":2,""1"":1,""2"":2,""3"":0,""4"":0,""5"":0,""6"":0,""7"":0,""8"":0,""9"":0,""10"":0,""11"":0}"
train,721ed3e09d03_WIN_20260823_20_24_38_Pro_jpg.rf.bde1b3e2370542b0bfd4618d5cde78ec.jpg,train,552,WIN_20260823_20_24_38_Pro_jpg.rf.bde1b3e2370542b0bfd4618d5cde78ec.jpg,WIN_20260823_20_24_38_Pro.jpg,WIN_20260823_20_24_38_Pro.jpg,721ed3e09d034f466dd5b0a0b5a763281b985dadc98a52829446ac8e24d00f83,640,640,5,"{""0"":2,""1"":1,""2"":2,""3"":0,""4"":0,""5"":0,""6"":0,""7"":0,""8"":0,""9"":0,""10"":0,""11"":0}"
train,ebb9533fae36_WIN_20260823_20_24_38_Pro_jpg.rf.e31022962dc0ba2bf1ccc926aacff820.jpg,train,708,WIN_20260823_20_24_38_Pro_jpg.rf.e31022962dc0ba2bf1ccc926aacff820.jpg,WIN_20260823_20_24_38_Pro.jpg,WIN_20260823_20_24_38_Pro.jpg,ebb9533fae367908dc369e1d369ee9540f7b5957c8b6d3b160626f57c00b421b,640,640,5,"{""0"":2,""1"":1,""2"":2,""3"":0,""4"":0,""5"":0,""6"":0,""7"":0,""8"":0,""9"":0,""10"":0,""11"":0}"
train,8005c32ddea0_WIN_20260823_20_24_41_Pro_jpg.rf.7505717758da2a9270050a6b08c36153.jpg,train,763,WIN_20260823_20_24_41_Pro_jpg.rf.7505717758da2a9270050a6b08c36153.jpg,WIN_20260823_20_24_41_Pro.jpg,WIN_20260823_20_24_41_Pro.jpg,8005c32ddea04d360133e5b2d00e029dfc4d102900a8c6aed869922091fea142,640,640,6,"{""0"":2,""1"":2,""2"":2,""3"":0,""4"":0,""5"":0,""6"":0,""7"":0,""8"":0,""9"":0,""10"":0,""11"":0}"
train,cae1d11d3ff7_WIN_20260823_20_24_41_Pro_jpg.rf.485251d6586c7f49c7d62dd287de1023.jpg,train,786,WIN_20260823_20_24_41_Pro_jpg.rf.485251d6586c7f49c7d62dd287de1023.jpg,WIN_20260823_20_24_41_Pro.jpg,WIN_20260823_20_24_41_Pro.jpg,cae1d11d3ff71a5041318f93247f9a4a29a4e0d3fea59374a2b2e31bbac4d687,640,640,6,"{""0"":2,""1"":2,""2"":2,""3"":0,""4"":0,""5"":0,""6"":0,""7"":0,""8"":0,""9"":0,""10"":0,""11"":0}"
train,02196fb80c19_WIN_20260823_20_24_41_Pro_jpg.rf.99283edef7df2e28274ce2d8bf23374f.jpg,train,854,WIN_20260823_20_24_41_Pro_jpg.rf.99283edef7df2e28274ce2d8bf23374f.jpg,WIN_20260823_20_24_41_Pro.jpg,WIN_20260823_20_24_41_Pro.jpg,02196fb80c19ec187453e728a246f6b486583b6bc02c652e92bdb532e757fad2,640,640,6,"{""0"":2,""1"":2,""2"":2,""3"":0,""4"":0,""5"":0,""6"":0,""7"":0,""8"":0,""9"":0,""10"":0,""11"":0}"
train,a6dcd1a75710_WIN_20260823_20_24_43_Pro_jpg.rf.ae280a29b6e725f579f1c6160fd38f9d.jpg,train,288,WIN_20260823_20_24_43_Pro_jpg.rf.ae280a29b6e725f579f1c6160fd38f9d.jpg,WIN_20260823_20_24_43_Pro.jpg,WIN_20260823_20_24_43_Pro.jpg,a6dcd1a75710f8e3e492034f514991aaeabd8dce56574d93bbeacac5393c280f,640,640,2,"{""0"":0,""1"":0,""2"":2,""3"":0,""4"":0,""5"":0,""6"":0,""7"":0,""8"":0,""9"":0,""10"":0,""11"":0}"
train,6369ed9c47e0_WIN_20260823_20_24_43_Pro_jpg.rf.4b2d8ca2bccacd0eed0c6a387d0eb370.jpg,train,625,WIN_20260823_20_24_43_Pro_jpg.rf.4b2d8ca2bccacd0eed0c6a387d0eb370.jpg,WIN_20260823_20_24_43_Pro.jpg,WIN_20260823_20_24_43_Pro.jpg,6369ed9c47e083731a54210172cc0d04a8899f53514d8b14210953cdc7034d42,640,640,2,"{""0"":0,""1"":0,""2"":2,""3"":0,""4"":0,""5"":0,""6"":0,""7"":0,""8"":0,""9"":0,""10"":0,""11"":0}"
train,d46597e07b01_WIN_20260823_20_24_43_Pro_jpg.rf.a21d6f101bd87e64fe1bfe3342eedeb8.jpg,train,64,WIN_20260823_20_24_43_Pro_jpg.rf.a21d6f101bd87e64fe1bfe3342eedeb8.jpg,WIN_20260823_20_24_43_Pro.jpg,WIN_20260823_20_24_43_Pro.jpg,d46597e07b0199c190384023ae62021fca1deec4aaf1506befc0f18316960156,640,640,2,"{""0"":0,""1"":0,""2"":2,""3"":0,""4"":0,""5"":0,""6"":0,""7"":0,""8"":0,""9"":0,""10"":0,""11"":0}"
train,ef6b5874b2eb_WIN_20260823_20_24_45_Pro_jpg.rf.821d62462e192e526de855aaddf7718f.jpg,train,401,WIN_20260823_20_24_45_Pro_jpg.rf.821d62462e192e526de855aaddf7718f.jpg,WIN_20260823_20_24_45_Pro.jpg,WIN_20260823_20_24_45_Pro.jpg,ef6b5874b2ebe8d11b2bbe417b96f2c0be82e311131c362538fd78c7ebc9f1df,640,640,4,"{""0"":2,""1"":0,""2"":2,""3"":0,""4"":0,""5"":0,""6"":0,""7"":0,""8"":0,""9"":0,""10"":0,""11"":0}"
train,1866002b8629_WIN_20260823_20_24_45_Pro_jpg.rf.4de07f2127b30549b60e2a9798b7d344.jpg,train,463,WIN_20260823_20_24_45_Pro_jpg.rf.4de07f2127b30549b60e2a9798b7d344.jpg,WIN_20260823_20_24_45_Pro.jpg,WIN_20260823_20_24_45_Pro.jpg,1866002b8629cde0ce5c305d54097d77d48c59c1c8b3b1963df80e945cce4615,640,640,4,"{""0"":2,""1"":0,""2"":2,""3"":0,""4"":0,""5"":0,""6"":0,""7"":0,""8"":0,""9"":0,""10"":0,""11"":0}"
train,fb15554292d8_WIN_20260823_20_24_45_Pro_jpg.rf.d744bb973641a0aaeb51f4dc5ace71fa.jpg,train,643,WIN_20260823_20_24_45_Pro_jpg.rf.d744bb973641a0aaeb51f4dc5ace71fa.jpg,WIN_20260823_20_24_45_Pro.jpg,WIN_20260823_20_24_45_Pro.jpg,fb15554292d80d2bd84698397a845ef1786940cfb8bcebed3efd472d332e270e,640,640,4,"{""0"":2,""1"":0,""2"":2,""3"":0,""4"":0,""5"":0,""6"":0,""7"":0,""8"":0,""9"":0,""10"":0,""11"":0}"
train,68fb0afb6980_WIN_20260823_20_25_05_Pro_jpg.rf.ecb7cbc37e318098cceed0c67558badf.jpg,train,132,WIN_20260823_20_25_05_Pro_jpg.rf.ecb7cbc37e318098cceed0c67558badf.jpg,WIN_20260823_20_25_05_Pro.jpg,WIN_20260823_20_25_05_Pro.jpg,68fb0afb6980b6fb32754218104a9d0cfe8e047a447187ee5a518b58fdff62f1,640,640,6,"{""0"":2,""1"":2,""2"":2,""3"":0,""4"":0,""5"":0,""6"":0,""7"":0,""8"":0,""9"":0,""10"":0,""11"":0}"
train,ab102aab29c9_WIN_20260823_20_25_05_Pro_jpg.rf.c828685f6c7920bd6b32edcda0adbf45.jpg,train,394,WIN_20260823_20_25_05_Pro_jpg.rf.c828685f6c7920bd6b32edcda0adbf45.jpg,WIN_20260823_20_25_05_Pro.jpg,WIN_20260823_20_25_05_Pro.jpg,ab102aab29c9927f7b74ddb95b2d84e3812848c72e9d2394ff8c412414aa0f1a,640,640,6,"{""0"":2,""1"":2,""2"":2,""3"":0,""4"":0,""5"":0,""6"":0,""7"":0,""8"":0,""9"":0,""10"":0,""11"":0}"
train,65941e2b0b68_WIN_20260823_20_25_05_Pro_jpg.rf.ff4cf634954f9bb6e500b5c4cba2186a.jpg,train,94,WIN_20260823_20_25_05_Pro_jpg.rf.ff4cf634954f9bb6e500b5c4cba2186a.jpg,WIN_20260823_20_25_05_Pro.jpg,WIN_20260823_20_25_05_Pro.jpg,65941e2b0b68443126c2bf3a661a9dfadef817ed05d177e6ebf3334d5a36a2b9,640,640,6,"{""0"":2,""1"":2,""2"":2,""3"":0,""4"":0,""5"":0,""6"":0,""7"":0,""8"":0,""9"":0,""10"":0,""11"":0}"
train,3d4351928cf0_WIN_20260823_20_25_08_Pro_jpg.rf.9387329902ab13d12eb7bbaa331434d3.jpg,train,107,WIN_20260823_20_25_08_Pro_jpg.rf.9387329902ab13d12eb7bbaa331434d3.jpg,WIN_20260823_20_25_08_Pro.jpg,WIN_20260823_20_25_08_Pro.jpg,3d4351928cf0a70a0899d740116b10abd409f62b337232b996609786352467c2,640,640,4,"{""0"":2,""1"":0,""2"":2,""3"":0,""4"":0,""5"":0,""6"":0,""7"":0,""8"":0,""9"":0,""10"":0,""11"":0}"
train,7a262a20a4b4_WIN_20260823_20_25_08_Pro_jpg.rf.b43ce4567d5100faa13952735bddbd87.jpg,train,512,WIN_20260823_20_25_08_Pro_jpg.rf.b43ce4567d5100faa13952735bddbd87.jpg,WIN_20260823_20_25_08_Pro.jpg,WIN_20260823_20_25_08_Pro.jpg,7a262a20a4b4e671e81b912d1c2d70c5978631b57b4fa054d2bc6bd41ac5ec3f,640,640,4,"{""0"":2,""1"":0,""2"":2,""3"":0,""4"":0,""5"":0,""6"":0,""7"":0,""8"":0,""9"":0,""10"":0,""11"":0}"
train,ef1dc6b8b351_WIN_20260823_20_25_08_Pro_jpg.rf.fe5045618f38f37ae1357e9ad29cd521.jpg,train,709,WIN_20260823_20_25_08_Pro_jpg.rf.fe5045618f38f37ae1357e9ad29cd521.jpg,WIN_20260823_20_25_08_Pro.jpg,WIN_20260823_20_25_08_Pro.jpg,ef1dc6b8b351e47f103178b1735f42ca535bc2b57b0f37c4b3d55d1d729e930f,640,640,4,"{""0"":2,""1"":0,""2"":2,""3"":0,""4"":0,""5"":0,""6"":0,""7"":0,""8"":0,""9"":0,""10"":0,""11"":0}"
train,b66fda61b4e9_WIN_20260823_20_25_12_Pro_jpg.rf.eaad063fd0589e389709a8cd306b68ee.jpg,train,271,WIN_20260823_20_25_12_Pro_jpg.rf.eaad063fd0589e389709a8cd306b68ee.jpg,WIN_20260823_20_25_12_Pro.jpg,WIN_20260823_20_25_12_Pro.jpg,b66fda61b4e9624211c4ad6b8645a3ee4a992c151bffc8656e198489a9bb24bd,640,640,6,"{""0"":2,""1"":2,""2"":2,""3"":0,""4"":0,""5"":0,""6"":0,""7"":0,""8"":0,""9"":0,""10"":0,""11"":0}"
train,151785e0fce9_WIN_20260823_20_25_12_Pro_jpg.rf.0de5c0be55d0c7bfaae978643b4898fc.jpg,train,622,WIN_20260823_20_25_12_Pro_jpg.rf.0de5c0be55d0c7bfaae978643b4898fc.jpg,WIN_20260823_20_25_12_Pro.jpg,WIN_20260823_20_25_12_Pro.jpg,151785e0fce9813636c34bbc2556e79e083eb3f0089cfd4c3988b197f5066188,640,640,6,"{""0"":2,""1"":2,""2"":2,""3"":0,""4"":0,""5"":0,""6"":0,""7"":0,""8"":0,""9"":0,""10"":0,""11"":0}"
train,b0c9e18a4f54_WIN_20260823_20_25_12_Pro_jpg.rf.7aad43c3377a7a1190e3f1d375fcc7b7.jpg,train,657,WIN_20260823_20_25_12_Pro_jpg.rf.7aad43c3377a7a1190e3f1d375fcc7b7.jpg,WIN_20260823_20_25_12_Pro.jpg,WIN_20260823_20_25_12_Pro.jpg,b0c9e18a4f54c482eea681de03b467ee94e20a45b7cdad62f472621a49cdf156,640,640,6,"{""0"":2,""1"":2,""2"":2,""3"":0,""4"":0,""5"":0,""6"":0,""7"":0,""8"":0,""9"":0,""10"":0,""11"":0}"
train,bdbc35e18f39_WIN_20260823_20_25_16_Pro_jpg.rf.325fc392e63ba72b40f33a4e2453d335.jpg,train,265,WIN_20260823_20_25_16_Pro_jpg.rf.325fc392e63ba72b40f33a4e2453d335.jpg,WIN_20260823_20_25_16_Pro.jpg,WIN_20260823_20_25_16_Pro.jpg,bdbc35e18f391e01ce8ee16e28ee47db618a59e1b97225d7deee302854e0b91f,640,640,4,"{""0"":2,""1"":0,""2"":2,""3"":0,""4"":0,""5"":0,""6"":0,""7"":0,""8"":0,""9"":0,""10"":0,""11"":0}"
train,77f41029aa74_WIN_20260823_20_25_16_Pro_jpg.rf.d559fbfb636f82adceedfa31cde9c991.jpg,train,485,WIN_20260823_20_25_16_Pro_jpg.rf.d559fbfb636f82adceedfa31cde9c991.jpg,WIN_20260823_20_25_16_Pro.jpg,WIN_20260823_20_25_16_Pro.jpg,77f41029aa746a29023fe5a1634e500aed9553095c9f68db97e895c5597e8597,640,640,4,"{""0"":2,""1"":0,""2"":2,""3"":0,""4"":0,""5"":0,""6"":0,""7"":0,""8"":0,""9"":0,""10"":0,""11"":0}"
train,31522f49394f_WIN_20260823_20_25_16_Pro_jpg.rf.b13ba648bb1111e814db06bd739287ef.jpg,train,548,WIN_20260823_20_25_16_Pro_jpg.rf.b13ba648bb1111e814db06bd739287ef.jpg,WIN_20260823_20_25_16_Pro.jpg,WIN_20260823_20_25_16_Pro.jpg,31522f49394f7e577af5ede7137930887eec80b56b0577f8df6077a4ff81c0ae,640,640,4,"{""0"":2,""1"":0,""2"":2,""3"":0,""4"":0,""5"":0,""6"":0,""7"":0,""8"":0,""9"":0,""10"":0,""11"":0}"
train,563c5be6b228_WIN_20260823_20_25_18_Pro_jpg.rf.ed28f81dfe563940d13403698ff5399c.jpg,train,307,WIN_20260823_20_25_18_Pro_jpg.rf.ed28f81dfe563940d13403698ff5399c.jpg,WIN_20260823_20_25_18_Pro.jpg,WIN_20260823_20_25_18_Pro.jpg,563c5be6b22883ad5d8de5b1b314fe3b0ed6f00e1eceb6425639d9e022d1aa99,640,640,6,"{""0"":2,""1"":2,""2"":2,""3"":0,""4"":0,""5"":0,""6"":0,""7"":0,""8"":0,""9"":0,""10"":0,""11"":0}"
train,21d33d2468c3_WIN_20260823_20_25_18_Pro_jpg.rf.5474b67ffe9e8f1d7253dcb059e68494.jpg,train,661,WIN_20260823_20_25_18_Pro_jpg.rf.5474b67ffe9e8f1d7253dcb059e68494.jpg,WIN_20260823_20_25_18_Pro.jpg,WIN_20260823_20_25_18_Pro.jpg,21d33d2468c324cc6a5860f1e87f7d2976024251d22d51194880f39368e1fbe3,640,640,6,"{""0"":2,""1"":2,""2"":2,""3"":0,""4"":0,""5"":0,""6"":0,""7"":0,""8"":0,""9"":0,""10"":0,""11"":0}"
train,ea4679e8f364_WIN_20260823_20_25_18_Pro_jpg.rf.4040a291d9e772610e15a00f55f70688.jpg,train,70,WIN_20260823_20_25_18_Pro_jpg.rf.4040a291d9e772610e15a00f55f70688.jpg,WIN_20260823_20_25_18_Pro.jpg,WIN_20260823_20_25_18_Pro.jpg,ea4679e8f36447d552ca3d2221b4d6ab47acd7035e778f104630130599343397,640,640,6,"{""0"":2,""1"":2,""2"":2,""3"":0,""4"":0,""5"":0,""6"":0,""7"":0,""8"":0,""9"":0,""10"":0,""11"":0}"
train,921d885892fc_WIN_20260823_20_25_20_Pro_jpg.rf.bffd05d642ee9eb6dbb3b918b6d1f1d9.jpg,train,198,WIN_20260823_20_25_20_Pro_jpg.rf.bffd05d642ee9eb6dbb3b918b6d1f1d9.jpg,WIN_20260823_20_25_20_Pro.jpg,WIN_20260823_20_25_20_Pro.jpg,921d885892fc3dbf7e4d0f0843620c16f81921c19c048a17a5366d8353b81e6f,640,640,6,"{""0"":2,""1"":2,""2"":2,""3"":0,""4"":0,""5"":0,""6"":0,""7"":0,""8"":0,""9"":0,""10"":0,""11"":0}"
train,0ae8962464c1_WIN_20260823_20_25_20_Pro_jpg.rf.b6864b4e623de0e541d42b9bef4a1796.jpg,train,451,WIN_20260823_20_25_20_Pro_jpg.rf.b6864b4e623de0e541d42b9bef4a1796.jpg,WIN_20260823_20_25_20_Pro.jpg,WIN_20260823_20_25_20_Pro.jpg,0ae8962464c1443360b74d064c4e655ba26ae20eadf4a7204b5b4c586027a178,640,640,6,"{""0"":2,""1"":2,""2"":2,""3"":0,""4"":0,""5"":0,""6"":0,""7"":0,""8"":0,""9"":0,""10"":0,""11"":0}"
train,1b0fb487bdb2_WIN_20260823_20_25_20_Pro_jpg.rf.db6bafd34b04ec865c43c14cbd3599c1.jpg,train,828,WIN_20260823_20_25_20_Pro_jpg.rf.db6bafd34b04ec865c43c14cbd3599c1.jpg,WIN_20260823_20_25_20_Pro.jpg,WIN_20260823_20_25_20_Pro.jpg,1b0fb487bdb25a0db776576cd385c34a546b7686c66c1446895d39586d968baa,640,640,6,"{""0"":2,""1"":2,""2"":2,""3"":0,""4"":0,""5"":0,""6"":0,""7"":0,""8"":0,""9"":0,""10"":0,""11"":0}"
train,b993945ad070_WIN_20260823_20_34_04_Pro_jpg.rf.b176c37ba0efcec57cf403730e78b226.jpg,train,732,WIN_20260823_20_34_04_Pro_jpg.rf.b176c37ba0efcec57cf403730e78b226.jpg,WIN_20260823_20_34_04_Pro.jpg,WIN_20260823_20_34_04_Pro.jpg,b993945ad070e02c1c8a216630266c3cbe83db523f2a4565a861659ed55e1985,640,640,9,"{""0"":0,""1"":0,""2"":0,""3"":3,""4"":6,""5"":0,""6"":0,""7"":0,""8"":0,""9"":0,""10"":0,""11"":0}"
train,2c0d8d39e72f_WIN_20260823_20_34_04_Pro_jpg.rf.71deabfd693232134eceeedcc8300171.jpg,train,767,WIN_20260823_20_34_04_Pro_jpg.rf.71deabfd693232134eceeedcc8300171.jpg,WIN_20260823_20_34_04_Pro.jpg,WIN_20260823_20_34_04_Pro.jpg,2c0d8d39e72fda57a6e8da6ca52c7e8705ddbce8d64f25c7d2a13a67fa8575bb,640,640,9,"{""0"":0,""1"":0,""2"":0,""3"":3,""4"":6,""5"":0,""6"":0,""7"":0,""8"":0,""9"":0,""10"":0,""11"":0}"
train,c457d1c25b33_WIN_20260823_20_34_04_Pro_jpg.rf.9681e4bc69eadbfe36eae4d0ce01b77b.jpg,train,842,WIN_20260823_20_34_04_Pro_jpg.rf.9681e4bc69eadbfe36eae4d0ce01b77b.jpg,WIN_20260823_20_34_04_Pro.jpg,WIN_20260823_20_34_04_Pro.jpg,c457d1c25b33cdf55d0ecf68ccb8210100b3674c39651453b8f5a8f96844448a,640,640,9,"{""0"":0,""1"":0,""2"":0,""3"":3,""4"":6,""5"":0,""6"":0,""7"":0,""8"":0,""9"":0,""10"":0,""11"":0}"
train,602fa585dab9_WIN_20260823_20_34_06_Pro_jpg.rf.e26411527d00c321403f7ce719aa85be.jpg,train,231,WIN_20260823_20_34_06_Pro_jpg.rf.e26411527d00c321403f7ce719aa85be.jpg,WIN_20260823_20_34_06_Pro.jpg,WIN_20260823_20_34_06_Pro.jpg,602fa585dab9fb10b0e1e6b08d184e7401f6c0d968f92554290348129195370b,640,640,11,"{""0"":0,""1"":0,""2"":0,""3"":6,""4"":5,""5"":0,""6"":0,""7"":0,""8"":0,""9"":0,""10"":0,""11"":0}"
train,6ce1c15998cf_WIN_20260823_20_34_06_Pro_jpg.rf.4dff32f11edd0a45bc86ad06fd932162.jpg,train,303,WIN_20260823_20_34_06_Pro_jpg.rf.4dff32f11edd0a45bc86ad06fd932162.jpg,WIN_20260823_20_34_06_Pro.jpg,WIN_20260823_20_34_06_Pro.jpg,6ce1c15998cf4b14dee96ccbb9c9b2eb477a28bf2cf197c7c0b0ccd81684b994,640,640,11,"{""0"":0,""1"":0,""2"":0,""3"":6,""4"":5,""5"":0,""6"":0,""7"":0,""8"":0,""9"":0,""10"":0,""11"":0}"
train,621faa2a4161_WIN_20260823_20_34_06_Pro_jpg.rf.5c2c66ff02995e40844d31d8a4b4bb14.jpg,train,502,WIN_20260823_20_34_06_Pro_jpg.rf.5c2c66ff02995e40844d31d8a4b4bb14.jpg,WIN_20260823_20_34_06_Pro.jpg,WIN_20260823_20_34_06_Pro.jpg,621faa2a41614a9ed6f0fd80ee510232f95ddcd13d57a472b817e36ac3907280,640,640,11,"{""0"":0,""1"":0,""2"":0,""3"":6,""4"":5,""5"":0,""6"":0,""7"":0,""8"":0,""9"":0,""10"":0,""11"":0}"
train,dd735316a354_WIN_20260823_20_34_09_Pro_jpg.rf.0310251400b50fb559bae629de844265.jpg,train,308,WIN_20260823_20_34_09_Pro_jpg.rf.0310251400b50fb559bae629de844265.jpg,WIN_20260823_20_34_09_Pro.jpg,WIN_20260823_20_34_09_Pro.jpg,dd735316a354aba7fe179cdb87600cfed2cb6b01a36711c2e730e0056123370a,640,640,10,"{""0"":0,""1"":0,""2"":0,""3"":5,""4"":5,""5"":0,""6"":0,""7"":0,""8"":0,""9"":0,""10"":0,""11"":0}"
train,0b6ae3cca81e_WIN_20260823_20_34_09_Pro_jpg.rf.7c67b7ef7428e62880528bcff2212734.jpg,train,644,WIN_20260823_20_34_09_Pro_jpg.rf.7c67b7ef7428e62880528bcff2212734.jpg,WIN_20260823_20_34_09_Pro.jpg,WIN_20260823_20_34_09_Pro.jpg,0b6ae3cca81e6595fae7f520621219cb5aefbc602a007e706dc534ff89dac94f,640,640,10,"{""0"":0,""1"":0,""2"":0,""3"":5,""4"":5,""5"":0,""6"":0,""7"":0,""8"":0,""9"":0,""10"":0,""11"":0}"
train,1c8b3ddf84d7_WIN_20260823_20_34_09_Pro_jpg.rf.2d28c5dcb85eed3be20cff55af65e8d0.jpg,train,756,WIN_20260823_20_34_09_Pro_jpg.rf.2d28c5dcb85eed3be20cff55af65e8d0.jpg,WIN_20260823_20_34_09_Pro.jpg,WIN_20260823_20_34_09_Pro.jpg,1c8b3ddf84d7882a9dd4706feec720b353a1c08805509b3192e4eb4dc8e1869d,640,640,10,"{""0"":0,""1"":0,""2"":0,""3"":5,""4"":5,""5"":0,""6"":0,""7"":0,""8"":0,""9"":0,""10"":0,""11"":0}"
train,7f2768c38909_WIN_20260823_20_34_11_Pro_jpg.rf.da6791fe9a9dd7bee8cc2c9dedab7bc4.jpg,train,112,WIN_20260823_20_34_11_Pro_jpg.rf.da6791fe9a9dd7bee8cc2c9dedab7bc4.jpg,WIN_20260823_20_34_11_Pro.jpg,WIN_20260823_20_34_11_Pro.jpg,7f2768c3890926a84656e2b47d3c79702a3c68d369a47e722ace2662f26f4046,640,640,10,"{""0"":0,""1"":0,""2"":0,""3"":4,""4"":6,""5"":0,""6"":0,""7"":0,""8"":0,""9"":0,""10"":0,""11"":0}"
train,5732b1b6a5ab_WIN_20260823_20_34_11_Pro_jpg.rf.12c5dc9a2cd6d79d3dd06c3f0fedd3b1.jpg,train,358,WIN_20260823_20_34_11_Pro_jpg.rf.12c5dc9a2cd6d79d3dd06c3f0fedd3b1.jpg,WIN_20260823_20_34_11_Pro.jpg,WIN_20260823_20_34_11_Pro.jpg,5732b1b6a5ab999768b8d6b6a9d9df1eb35e5805a23136cd04466cf7c07949ef,640,640,10,"{""0"":0,""1"":0,""2"":0,""3"":4,""4"":6,""5"":0,""6"":0,""7"":0,""8"":0,""9"":0,""10"":0,""11"":0}"
train,cd312c56780b_WIN_20260823_20_34_11_Pro_jpg.rf.5e0aeeb276727b00e609ff1debeed3a3.jpg,train,570,WIN_20260823_20_34_11_Pro_jpg.rf.5e0aeeb276727b00e609ff1debeed3a3.jpg,WIN_20260823_20_34_11_Pro.jpg,WIN_20260823_20_34_11_Pro.jpg,cd312c56780b1ae1b5eb1c53f61ea7a46bb2aef0555e9309c3a6f25ee0255c38,640,640,10,"{""0"":0,""1"":0,""2"":0,""3"":4,""4"":6,""5"":0,""6"":0,""7"":0,""8"":0,""9"":0,""10"":0,""11"":0}"
train,6191e565d1de_WIN_20260823_20_34_12_Pro-1-_jpg.rf.8984a169a576a0f06b38b9ec42a88f19.jpg,train,294,WIN_20260823_20_34_12_Pro-1-_jpg.rf.8984a169a576a0f06b38b9ec42a88f19.jpg,WIN_20260823_20_34_12_Pro-1-.jpg,WIN_20260823_20_34_12_Pro-1-.jpg,6191e565d1decd2d560fea16228b70c3f60f775bd493da90cc9365851eb5df2a,640,640,15,"{""0"":0,""1"":0,""2"":0,""3"":6,""4"":7,""5"":2,""6"":0,""7"":0,""8"":0,""9"":0,""10"":0,""11"":0}"
train,6c78c97ec580_WIN_20260823_20_34_12_Pro-1-_jpg.rf.e024cb2748d10f3acd52a37d7d322ca8.jpg,train,562,WIN_20260823_20_34_12_Pro-1-_jpg.rf.e024cb2748d10f3acd52a37d7d322ca8.jpg,WIN_20260823_20_34_12_Pro-1-.jpg,WIN_20260823_20_34_12_Pro-1-.jpg,6c78c97ec580d06579dd6fac2292fade85690afcf17171fd65d762318df4f7fd,640,640,15,"{""0"":0,""1"":0,""2"":0,""3"":6,""4"":7,""5"":2,""6"":0,""7"":0,""8"":0,""9"":0,""10"":0,""11"":0}"
train,b2033654d915_WIN_20260823_20_34_12_Pro-1-_jpg.rf.5ef3445a3591a8136f7004fb5a90c593.jpg,train,719,WIN_20260823_20_34_12_Pro-1-_jpg.rf.5ef3445a3591a8136f7004fb5a90c593.jpg,WIN_20260823_20_34_12_Pro-1-.jpg,WIN_20260823_20_34_12_Pro-1-.jpg,b2033654d915c28b831cba32cd025538dda8864113816594db3d2ce8325b44d7,640,640,15,"{""0"":0,""1"":0,""2"":0,""3"":6,""4"":7,""5"":2,""6"":0,""7"":0,""8"":0,""9"":0,""10"":0,""11"":0}"
train,cee5920701c6_WIN_20260823_20_34_14_Pro_jpg.rf.7c452cc66bb0c6cf5105358a40bb54e7.jpg,train,236,WIN_20260823_20_34_14_Pro_jpg.rf.7c452cc66bb0c6cf5105358a40bb54e7.jpg,WIN_20260823_20_34_14_Pro.jpg,WIN_20260823_20_34_14_Pro.jpg,cee5920701c6cba277abfdc95a64af0364ff1b2bbfe2ad9d9e93ffb365c50390,640,640,9,"{""0"":0,""1"":0,""2"":0,""3"":5,""4"":4,""5"":0,""6"":0,""7"":0,""8"":0,""9"":0,""10"":0,""11"":0}"
train,5ab174ea266f_WIN_20260823_20_34_14_Pro_jpg.rf.f0ff213ebac672ae43982d3f022b910c.jpg,train,397,WIN_20260823_20_34_14_Pro_jpg.rf.f0ff213ebac672ae43982d3f022b910c.jpg,WIN_20260823_20_34_14_Pro.jpg,WIN_20260823_20_34_14_Pro.jpg,5ab174ea266fba179a8b188cef8ff54d0d8427b1a6bc14212fa1639c4d1a5c44,640,640,9,"{""0"":0,""1"":0,""2"":0,""3"":5,""4"":4,""5"":0,""6"":0,""7"":0,""8"":0,""9"":0,""10"":0,""11"":0}"
train,4e54ac7cb7a1_WIN_20260823_20_34_14_Pro_jpg.rf.c73027bfe4d6fd55ce4ce5cc5a9b6748.jpg,train,838,WIN_20260823_20_34_14_Pro_jpg.rf.c73027bfe4d6fd55ce4ce5cc5a9b6748.jpg,WIN_20260823_20_34_14_Pro.jpg,WIN_20260823_20_34_14_Pro.jpg,4e54ac7cb7a1ab5fa950cbb95dc8e9de88df9a85bebef7dd519ac9956e46bf7a,640,640,9,"{""0"":0,""1"":0,""2"":0,""3"":5,""4"":4,""5"":0,""6"":0,""7"":0,""8"":0,""9"":0,""10"":0,""11"":0}"
train,d96340375ac5_WIN_20260823_20_34_19_Pro_jpg.rf.be5e1e5f304de9eeb3044a11e9db55af.jpg,train,187,WIN_20260823_20_34_19_Pro_jpg.rf.be5e1e5f304de9eeb3044a11e9db55af.jpg,WIN_20260823_20_34_19_Pro.jpg,WIN_20260823_20_34_19_Pro.jpg,d96340375ac57c355eb370b73f5e60af03cd44085230899a1f73c9d1c9559088,640,640,5,"{""0"":0,""1"":0,""2"":0,""3"":3,""4"":2,""5"":0,""6"":0,""7"":0,""8"":0,""9"":0,""10"":0,""11"":0}"
train,11e85c3ba2bb_WIN_20260823_20_34_19_Pro_jpg.rf.d9c54b20cf1c1583e56d19d1cc1021f6.jpg,train,259,WIN_20260823_20_34_19_Pro_jpg.rf.d9c54b20cf1c1583e56d19d1cc1021f6.jpg,WIN_20260823_20_34_19_Pro.jpg,WIN_20260823_20_34_19_Pro.jpg,11e85c3ba2bbc60f67b303179bbf2a3d95bc1e7234f1dae80b42836d24805159,640,640,5,"{""0"":0,""1"":0,""2"":0,""3"":3,""4"":2,""5"":0,""6"":0,""7"":0,""8"":0,""9"":0,""10"":0,""11"":0}"
train,97e8368ac99f_WIN_20260823_20_34_19_Pro_jpg.rf.2f16389361c9ac6ef6ab953b2363b753.jpg,train,814,WIN_20260823_20_34_19_Pro_jpg.rf.2f16389361c9ac6ef6ab953b2363b753.jpg,WIN_20260823_20_34_19_Pro.jpg,WIN_20260823_20_34_19_Pro.jpg,97e8368ac99f272de3687635d0be16875132a032b0c7543b66f3df241d677c35,640,640,5,"{""0"":0,""1"":0,""2"":0,""3"":3,""4"":2,""5"":0,""6"":0,""7"":0,""8"":0,""9"":0,""10"":0,""11"":0}"
train,1c231ec4b5b8_WIN_20260823_20_34_49_Pro_jpg.rf.f10f6a090fee8c7345007923e76939b2.jpg,train,626,WIN_20260823_20_34_49_Pro_jpg.rf.f10f6a090fee8c7345007923e76939b2.jpg,WIN_20260823_20_34_49_Pro.jpg,WIN_20260823_20_34_49_Pro.jpg,1c231ec4b5b8cc71ab70c04e0d56a8ff586c83e28cbf28895d12cc55b84dc1e6,640,640,4,"{""0"":0,""1"":0,""2"":0,""3"":2,""4"":2,""5"":0,""6"":0,""7"":0,""8"":0,""9"":0,""10"":0,""11"":0}"
train,e287dd2b4ac4_WIN_20260823_20_34_49_Pro_jpg.rf.d69f3697bc5a0b9c530454db0131b0d4.jpg,train,711,WIN_20260823_20_34_49_Pro_jpg.rf.d69f3697bc5a0b9c530454db0131b0d4.jpg,WIN_20260823_20_34_49_Pro.jpg,WIN_20260823_20_34_49_Pro.jpg,e287dd2b4ac4a3dae9cc97bbcec4b83b3fd2a8565d07b990dd645ff948571391,640,640,4,"{""0"":0,""1"":0,""2"":0,""3"":2,""4"":2,""5"":0,""6"":0,""7"":0,""8"":0,""9"":0,""10"":0,""11"":0}"
train,48b468aef45e_WIN_20260823_20_34_49_Pro_jpg.rf.42dbca190b6383b1cbcbec57adc99ba2.jpg,train,91,WIN_20260823_20_34_49_Pro_jpg.rf.42dbca190b6383b1cbcbec57adc99ba2.jpg,WIN_20260823_20_34_49_Pro.jpg,WIN_20260823_20_34_49_Pro.jpg,48b468aef45ead2a0a065d657283037167c46aa2025a8d2a97b6d2ff2d24ea78,640,640,4,"{""0"":0,""1"":0,""2"":0,""3"":2,""4"":2,""5"":0,""6"":0,""7"":0,""8"":0,""9"":0,""10"":0,""11"":0}"
train,904d509abe3a_WIN_20260823_20_35_00_Pro_jpg.rf.130b89edeaa94181150519d792dccd38.jpg,train,205,WIN_20260823_20_35_00_Pro_jpg.rf.130b89edeaa94181150519d792dccd38.jpg,WIN_20260823_20_35_00_Pro.jpg,WIN_20260823_20_35_00_Pro.jpg,904d509abe3a0d03a5a51d0230ab6ad14cdc3e40e4d9b7f985ff86b899cc458b,640,640,13,"{""0"":0,""1"":0,""2"":0,""3"":7,""4"":6,""5"":0,""6"":0,""7"":0,""8"":0,""9"":0,""10"":0,""11"":0}"
train,4551adbff107_WIN_20260823_20_35_00_Pro_jpg.rf.a1cf18f70e05e6482cc0a08eb498cfcc.jpg,train,229,WIN_20260823_20_35_00_Pro_jpg.rf.a1cf18f70e05e6482cc0a08eb498cfcc.jpg,WIN_20260823_20_35_00_Pro.jpg,WIN_20260823_20_35_00_Pro.jpg,4551adbff107e4d1e871023ed0b7157060a13a1f8ab6e2012cb4070d30a66da6,640,640,13,"{""0"":0,""1"":0,""2"":0,""3"":7,""4"":6,""5"":0,""6"":0,""7"":0,""8"":0,""9"":0,""10"":0,""11"":0}"
train,57af66052b9f_WIN_20260823_20_35_00_Pro_jpg.rf.fa7f9ac8f44bf0599c5a032d6878f3cc.jpg,train,62,WIN_20260823_20_35_00_Pro_jpg.rf.fa7f9ac8f44bf0599c5a032d6878f3cc.jpg,WIN_20260823_20_35_00_Pro.jpg,WIN_20260823_20_35_00_Pro.jpg,57af66052b9f953a36a413f4b158bb74bda9ee8b712366d4bceb0538ea0f9f7c,640,640,13,"{""0"":0,""1"":0,""2"":0,""3"":7,""4"":6,""5"":0,""6"":0,""7"":0,""8"":0,""9"":0,""10"":0,""11"":0}"
train,98b5f65e2f29_WIN_20260823_20_35_07_Pro_jpg.rf.fe12a6b87eb5e276a4bbf045f88a096a.jpg,train,287,WIN_20260823_20_35_07_Pro_jpg.rf.fe12a6b87eb5e276a4bbf045f88a096a.jpg,WIN_20260823_20_35_07_Pro.jpg,WIN_20260823_20_35_07_Pro.jpg,98b5f65e2f293e2d6bd572c7bcd6d2e7ec943f31aac51e79ff8a703a12d8bf94,640,640,15,"{""0"":0,""1"":0,""2"":0,""3"":5,""4"":7,""5"":3,""6"":0,""7"":0,""8"":0,""9"":0,""10"":0,""11"":0}"
train,5c9706455c5b_WIN_20260823_20_35_07_Pro_jpg.rf.6645f16da95b15e8c41383ed108e7137.jpg,train,527,WIN_20260823_20_35_07_Pro_jpg.rf.6645f16da95b15e8c41383ed108e7137.jpg,WIN_20260823_20_35_07_Pro.jpg,WIN_20260823_20_35_07_Pro.jpg,5c9706455c5b544911e9b5d6d965c5510b6094885fb57d2bf6d88bbe6729507f,640,640,15,"{""0"":0,""1"":0,""2"":0,""3"":5,""4"":7,""5"":3,""6"":0,""7"":0,""8"":0,""9"":0,""10"":0,""11"":0}"
train,210203c3b84b_WIN_20260823_20_35_07_Pro_jpg.rf.98b724c85aa49128f0c02902035143a0.jpg,train,809,WIN_20260823_20_35_07_Pro_jpg.rf.98b724c85aa49128f0c02902035143a0.jpg,WIN_20260823_20_35_07_Pro.jpg,WIN_20260823_20_35_07_Pro.jpg,210203c3b84b4963a8f82227d5f3fc468b8bd8a74a89d659ea74a1cc6ef198df,640,640,15,"{""0"":0,""1"":0,""2"":0,""3"":5,""4"":7,""5"":3,""6"":0,""7"":0,""8"":0,""9"":0,""10"":0,""11"":0}"
train,f1a2413bbcef_WIN_20260823_20_35_18_Pro_jpg.rf.1533b41abb2e41d734a634585eda12e8.jpg,train,157,WIN_20260823_20_35_18_Pro_jpg.rf.1533b41abb2e41d734a634585eda12e8.jpg,WIN_20260823_20_35_18_Pro.jpg,WIN_20260823_20_35_18_Pro.jpg,f1a2413bbcefed2d55ac6849ea29c4ffded543cbf8bdd56d22ba2df0a076e5d2,640,640,14,"{""0"":0,""1"":0,""2"":0,""3"":5,""4"":5,""5"":4,""6"":0,""7"":0,""8"":0,""9"":0,""10"":0,""11"":0}"
train,c276ab166074_WIN_20260823_20_35_18_Pro_jpg.rf.e366a0ffb6cd590c08832354400dcf00.jpg,train,7,WIN_20260823_20_35_18_Pro_jpg.rf.e366a0ffb6cd590c08832354400dcf00.jpg,WIN_20260823_20_35_18_Pro.jpg,WIN_20260823_20_35_18_Pro.jpg,c276ab1660746b4e9f0b7767540a4d76fa976e766ec0f1dc7d1e96b2390bd051,640,640,14,"{""0"":0,""1"":0,""2"":0,""3"":5,""4"":5,""5"":4,""6"":0,""7"":0,""8"":0,""9"":0,""10"":0,""11"":0}"
train,1a7b37376078_WIN_20260823_20_35_18_Pro_jpg.rf.ee4b9093f31aed752511c11e3105f344.jpg,train,776,WIN_20260823_20_35_18_Pro_jpg.rf.ee4b9093f31aed752511c11e3105f344.jpg,WIN_20260823_20_35_18_Pro.jpg,WIN_20260823_20_35_18_Pro.jpg,1a7b373760787ad5737fa965edd1ac98f7ad49bd069fa324df5955357313bea2,640,640,14,"{""0"":0,""1"":0,""2"":0,""3"":5,""4"":5,""5"":4,""6"":0,""7"":0,""8"":0,""9"":0,""10"":0,""11"":0}"
train,bbe5b87d5b75_WIN_20260823_20_35_24_Pro_jpg.rf.46c91f8c5c1e582cbedaab2c8a2653a0.jpg,train,147,WIN_20260823_20_35_24_Pro_jpg.rf.46c91f8c5c1e582cbedaab2c8a2653a0.jpg,WIN_20260823_20_35_24_Pro.jpg,WIN_20260823_20_35_24_Pro.jpg,bbe5b87d5b756367bf301914f7e8c9945dcd4b517819d30856548b9e4f59bd81,640,640,17,"{""0"":0,""1"":0,""2"":0,""3"":8,""4"":5,""5"":4,""6"":0,""7"":0,""8"":0,""9"":0,""10"":0,""11"":0}"
train,fec07b00719b_WIN_20260823_20_35_24_Pro_jpg.rf.0d61636cb671215853ca861dca0c5e4e.jpg,train,365,WIN_20260823_20_35_24_Pro_jpg.rf.0d61636cb671215853ca861dca0c5e4e.jpg,WIN_20260823_20_35_24_Pro.jpg,WIN_20260823_20_35_24_Pro.jpg,fec07b00719b46d085623f5f123bbdffc72279fd8f01cacfcf89a6d2b3a40e46,640,640,17,"{""0"":0,""1"":0,""2"":0,""3"":8,""4"":5,""5"":4,""6"":0,""7"":0,""8"":0,""9"":0,""10"":0,""11"":0}"
train,41e6d9c6f3ad_WIN_20260823_20_35_24_Pro_jpg.rf.1acbca8167d7c77d7f18972a83c4da11.jpg,train,98,WIN_20260823_20_35_24_Pro_jpg.rf.1acbca8167d7c77d7f18972a83c4da11.jpg,WIN_20260823_20_35_24_Pro.jpg,WIN_20260823_20_35_24_Pro.jpg,41e6d9c6f3adb7d6417c115104dae63d88d2c502610cfd7accddd425d75b2252,640,640,17,"{""0"":0,""1"":0,""2"":0,""3"":8,""4"":5,""5"":4,""6"":0,""7"":0,""8"":0,""9"":0,""10"":0,""11"":0}"
train,053d59c8e1b3_WIN_20260823_20_35_26_Pro_jpg.rf.b27fe2218c3734191b0aca7a56eafe76.jpg,train,25,WIN_20260823_20_35_26_Pro_jpg.rf.b27fe2218c3734191b0aca7a56eafe76.jpg,WIN_20260823_20_35_26_Pro.jpg,WIN_20260823_20_35_26_Pro.jpg,053d59c8e1b3bb7d6d5eaa5359605d77bef11dd76d8eecaea6706e4f4b66fbf2,640,640,9,"{""0"":0,""1"":0,""2"":0,""3"":3,""4"":5,""5"":1,""6"":0,""7"":0,""8"":0,""9"":0,""10"":0,""11"":0}"
train,bc64c3d45234_WIN_20260823_20_35_26_Pro_jpg.rf.ee8f566eda7e46180baa4a6b143dbd8c.jpg,train,628,WIN_20260823_20_35_26_Pro_jpg.rf.ee8f566eda7e46180baa4a6b143dbd8c.jpg,WIN_20260823_20_35_26_Pro.jpg,WIN_20260823_20_35_26_Pro.jpg,bc64c3d4523485c7580e80451d6763bfe452e8eec786af8f44c37cd1d497b4a9,640,640,9,"{""0"":0,""1"":0,""2"":0,""3"":3,""4"":5,""5"":1,""6"":0,""7"":0,""8"":0,""9"":0,""10"":0,""11"":0}"
train,b45693441fd1_WIN_20260823_20_35_26_Pro_jpg.rf.b234780ecdd6a7337c1850a8c66d3a06.jpg,train,678,WIN_20260823_20_35_26_Pro_jpg.rf.b234780ecdd6a7337c1850a8c66d3a06.jpg,WIN_20260823_20_35_26_Pro.jpg,WIN_20260823_20_35_26_Pro.jpg,b45693441fd1049936a5918ce3b7bad3945ae5bf2f33a62950efa4c240905754,640,640,9,"{""0"":0,""1"":0,""2"":0,""3"":3,""4"":5,""5"":1,""6"":0,""7"":0,""8"":0,""9"":0,""10"":0,""11"":0}"
train,a3d68cfd3c61_WIN_20260823_20_35_30_Pro_jpg.rf.d4dbc5f5d980c227cd4f1ddc16391e81.jpg,train,597,WIN_20260823_20_35_30_Pro_jpg.rf.d4dbc5f5d980c227cd4f1ddc16391e81.jpg,WIN_20260823_20_35_30_Pro.jpg,WIN_20260823_20_35_30_Pro.jpg,a3d68cfd3c61fdb4cbbe70f772763205e65c8a59f2f5735e002631ba8b4ea556,640,640,11,"{""0"":0,""1"":0,""2"":0,""3"":2,""4"":4,""5"":5,""6"":0,""7"":0,""8"":0,""9"":0,""10"":0,""11"":0}"
train,9fe875ae7283_WIN_20260823_20_35_30_Pro_jpg.rf.03c6d88109e5089e73820b5ca430a054.jpg,train,693,WIN_20260823_20_35_30_Pro_jpg.rf.03c6d88109e5089e73820b5ca430a054.jpg,WIN_20260823_20_35_30_Pro.jpg,WIN_20260823_20_35_30_Pro.jpg,9fe875ae728338894f33c7b892a765c26ca1342e63c1bf7f330b39482314347e,640,640,11,"{""0"":0,""1"":0,""2"":0,""3"":2,""4"":4,""5"":5,""6"":0,""7"":0,""8"":0,""9"":0,""10"":0,""11"":0}"
train,86df92290330_WIN_20260823_20_35_30_Pro_jpg.rf.33e68142520e5de4bfb40d40c5a0d3d0.jpg,train,712,WIN_20260823_20_35_30_Pro_jpg.rf.33e68142520e5de4bfb40d40c5a0d3d0.jpg,WIN_20260823_20_35_30_Pro.jpg,WIN_20260823_20_35_30_Pro.jpg,86df92290330b93011c52487c9f06497817d03069ef84cbeaa8a0301b741ced6,640,640,11,"{""0"":0,""1"":0,""2"":0,""3"":2,""4"":4,""5"":5,""6"":0,""7"":0,""8"":0,""9"":0,""10"":0,""11"":0}"
train,17f9595103e1_WIN_20260823_20_35_32_Pro_jpg.rf.3d860cc304d4af050c95cd1469d0af0e.jpg,train,301,WIN_20260823_20_35_32_Pro_jpg.rf.3d860cc304d4af050c95cd1469d0af0e.jpg,WIN_20260823_20_35_32_Pro.jpg,WIN_20260823_20_35_32_Pro.jpg,17f9595103e1da935235df844129613e992244c203681a2aceb4f000829751ee,640,640,9,"{""0"":0,""1"":0,""2"":0,""3"":4,""4"":5,""5"":0,""6"":0,""7"":0,""8"":0,""9"":0,""10"":0,""11"":0}"
train,8ac012ee639c_WIN_20260823_20_35_32_Pro_jpg.rf.b6c90ccd5a281e49128055e65959a5c3.jpg,train,506,WIN_20260823_20_35_32_Pro_jpg.rf.b6c90ccd5a281e49128055e65959a5c3.jpg,WIN_20260823_20_35_32_Pro.jpg,WIN_20260823_20_35_32_Pro.jpg,8ac012ee639c54d91a2a73d668b76e50d962a6d534fccf878a44c85f290be479,640,640,9,"{""0"":0,""1"":0,""2"":0,""3"":4,""4"":5,""5"":0,""6"":0,""7"":0,""8"":0,""9"":0,""10"":0,""11"":0}"
train,6b0edc546ef3_WIN_20260823_20_35_32_Pro_jpg.rf.495aead910d4b6ddf0d7644e5e6be0ae.jpg,train,8,WIN_20260823_20_35_32_Pro_jpg.rf.495aead910d4b6ddf0d7644e5e6be0ae.jpg,WIN_20260823_20_35_32_Pro.jpg,WIN_20260823_20_35_32_Pro.jpg,6b0edc546ef3d23e0672f92715f59a8348d5c7c4f3b5445058922b8c6ae688ee,640,640,9,"{""0"":0,""1"":0,""2"":0,""3"":4,""4"":5,""5"":0,""6"":0,""7"":0,""8"":0,""9"":0,""10"":0,""11"":0}"
train,c28ca4dd007f_WIN_20260823_20_35_46_Pro_jpg.rf.f4e948b1b3c6e51a5925522edc5ed72c.jpg,train,120,WIN_20260823_20_35_46_Pro_jpg.rf.f4e948b1b3c6e51a5925522edc5ed72c.jpg,WIN_20260823_20_35_46_Pro.jpg,WIN_20260823_20_35_46_Pro.jpg,c28ca4dd007ff2398b8fcacd6cf2f091e352daa1624f1688b53763c01d3beac5,640,640,14,"{""0"":0,""1"":0,""2"":0,""3"":5,""4"":1,""5"":8,""6"":0,""7"":0,""8"":0,""9"":0,""10"":0,""11"":0}"
train,2eba058e6fd9_WIN_20260823_20_35_46_Pro_jpg.rf.cb021de0a2be9fc5d17466a0ce5b26ca.jpg,train,422,WIN_20260823_20_35_46_Pro_jpg.rf.cb021de0a2be9fc5d17466a0ce5b26ca.jpg,WIN_20260823_20_35_46_Pro.jpg,WIN_20260823_20_35_46_Pro.jpg,2eba058e6fd9fc7256ebe6b59914824486560735f6b064b7d91bf2f39b1194d6,640,640,14,"{""0"":0,""1"":0,""2"":0,""3"":5,""4"":1,""5"":8,""6"":0,""7"":0,""8"":0,""9"":0,""10"":0,""11"":0}"
train,83e8b37d1da3_WIN_20260823_20_35_46_Pro_jpg.rf.a324f72d86020697a0dbc1b5775a4d7e.jpg,train,431,WIN_20260823_20_35_46_Pro_jpg.rf.a324f72d86020697a0dbc1b5775a4d7e.jpg,WIN_20260823_20_35_46_Pro.jpg,WIN_20260823_20_35_46_Pro.jpg,83e8b37d1da3a7328678f154f8e12033e9c9b5afeb67c1e8892523f0da83359a,640,640,14,"{""0"":0,""1"":0,""2"":0,""3"":5,""4"":1,""5"":8,""6"":0,""7"":0,""8"":0,""9"":0,""10"":0,""11"":0}"
train,a52996671ace_WIN_20260823_20_35_55_Pro_jpg.rf.408b656dc41cfbd051af90e343cd3b3d.jpg,train,440,WIN_20260823_20_35_55_Pro_jpg.rf.408b656dc41cfbd051af90e343cd3b3d.jpg,WIN_20260823_20_35_55_Pro.jpg,WIN_20260823_20_35_55_Pro.jpg,a52996671acea6eb6209502d0062850b44e5ad1c25198a2648430c76adbb07b0,640,640,9,"{""0"":0,""1"":0,""2"":0,""3"":4,""4"":2,""5"":3,""6"":0,""7"":0,""8"":0,""9"":0,""10"":0,""11"":0}"
train,e79e21c509db_WIN_20260823_20_35_55_Pro_jpg.rf.fdf465e777dc44b064a7da4431061d87.jpg,train,593,WIN_20260823_20_35_55_Pro_jpg.rf.fdf465e777dc44b064a7da4431061d87.jpg,WIN_20260823_20_35_55_Pro.jpg,WIN_20260823_20_35_55_Pro.jpg,e79e21c509dbd07a366b4bdd80841dcfc7a0a6ea42e28af0ee936529f4d4b591,640,640,9,"{""0"":0,""1"":0,""2"":0,""3"":4,""4"":2,""5"":3,""6"":0,""7"":0,""8"":0,""9"":0,""10"":0,""11"":0}"
train,6947f2ba154d_WIN_20260823_20_35_55_Pro_jpg.rf.b86b6338ffa40c300b7cc7e32a071ad6.jpg,train,598,WIN_20260823_20_35_55_Pro_jpg.rf.b86b6338ffa40c300b7cc7e32a071ad6.jpg,WIN_20260823_20_35_55_Pro.jpg,WIN_20260823_20_35_55_Pro.jpg,6947f2ba154d6a4ec72c57bc983f0d20e18634b553b7cddf6e41183ac5e0752e,640,640,9,"{""0"":0,""1"":0,""2"":0,""3"":4,""4"":2,""5"":3,""6"":0,""7"":0,""8"":0,""9"":0,""10"":0,""11"":0}"
train,b7e723b6ee22_WIN_20260823_20_37_07_Pro_jpg.rf.40cd85612d7da6a50854cefb59fc2c70.jpg,train,115,WIN_20260823_20_37_07_Pro_jpg.rf.40cd85612d7da6a50854cefb59fc2c70.jpg,WIN_20260823_20_37_07_Pro.jpg,WIN_20260823_20_37_07_Pro.jpg,b7e723b6ee22dd3dd957acc06d46ee698e38e54a98874f0b4e84252517b36a60,640,640,2,"{""0"":0,""1"":0,""2"":0,""3"":0,""4"":2,""5"":0,""6"":0,""7"":0,""8"":0,""9"":0,""10"":0,""11"":0}"
train,5fc7080f1a4f_WIN_20260823_20_37_07_Pro_jpg.rf.dcdbaf37a6d582dbe286f19802e480fa.jpg,train,260,WIN_20260823_20_37_07_Pro_jpg.rf.dcdbaf37a6d582dbe286f19802e480fa.jpg,WIN_20260823_20_37_07_Pro.jpg,WIN_20260823_20_37_07_Pro.jpg,5fc7080f1a4fb0ff2373e73625dff260f6db070bdd50e0b31b58c7fe9b0d9d2e,640,640,2,"{""0"":0,""1"":0,""2"":0,""3"":0,""4"":2,""5"":0,""6"":0,""7"":0,""8"":0,""9"":0,""10"":0,""11"":0}"
train,abe58561d04d_WIN_20260823_20_37_07_Pro_jpg.rf.60031c739ca83929c375bde6dd93d72b.jpg,train,9,WIN_20260823_20_37_07_Pro_jpg.rf.60031c739ca83929c375bde6dd93d72b.jpg,WIN_20260823_20_37_07_Pro.jpg,WIN_20260823_20_37_07_Pro.jpg,abe58561d04d87476b88673ac978967b10fc91e18692b8383f52c242ec656c59,640,640,2,"{""0"":0,""1"":0,""2"":0,""3"":0,""4"":2,""5"":0,""6"":0,""7"":0,""8"":0,""9"":0,""10"":0,""11"":0}"
train,3b99a4c8266b_WIN_20260823_20_37_18_Pro_jpg.rf.53a22142ad753b40b959933102bf76dc.jpg,train,420,WIN_20260823_20_37_18_Pro_jpg.rf.53a22142ad753b40b959933102bf76dc.jpg,WIN_20260823_20_37_18_Pro.jpg,WIN_20260823_20_37_18_Pro.jpg,3b99a4c8266b68fd1b88deb6ae6c02f96892d0b43879a00497eaef4353b98e96,640,640,18,"{""0"":0,""1"":0,""2"":0,""3"":7,""4"":6,""5"":5,""6"":0,""7"":0,""8"":0,""9"":0,""10"":0,""11"":0}"
train,55f2e95ac4ea_WIN_20260823_20_37_18_Pro_jpg.rf.2848b7af36ecc19cff314a9f4e4ebc06.jpg,train,660,WIN_20260823_20_37_18_Pro_jpg.rf.2848b7af36ecc19cff314a9f4e4ebc06.jpg,WIN_20260823_20_37_18_Pro.jpg,WIN_20260823_20_37_18_Pro.jpg,55f2e95ac4eaf1a0fc350d305e985c7bbd31cd1a8e63ddaee734e1577292dd53,640,640,18,"{""0"":0,""1"":0,""2"":0,""3"":7,""4"":6,""5"":5,""6"":0,""7"":0,""8"":0,""9"":0,""10"":0,""11"":0}"
train,7365ac0ea8b9_WIN_20260823_20_37_18_Pro_jpg.rf.2a463edf631fe37408c84de9fe5e4e85.jpg,train,801,WIN_20260823_20_37_18_Pro_jpg.rf.2a463edf631fe37408c84de9fe5e4e85.jpg,WIN_20260823_20_37_18_Pro.jpg,WIN_20260823_20_37_18_Pro.jpg,7365ac0ea8b958ff5e3b2ecd263daa7278538bd5b2a80f2e187ce4ae3758709e,640,640,18,"{""0"":0,""1"":0,""2"":0,""3"":7,""4"":6,""5"":5,""6"":0,""7"":0,""8"":0,""9"":0,""10"":0,""11"":0}"
train,9a9ed3522466_WIN_20260823_20_37_25_Pro_jpg.rf.7d2bf8e04bc5df4666abf25d51e36649.jpg,train,125,WIN_20260823_20_37_25_Pro_jpg.rf.7d2bf8e04bc5df4666abf25d51e36649.jpg,WIN_20260823_20_37_25_Pro.jpg,WIN_20260823_20_37_25_Pro.jpg,9a9ed3522466fcdfc6ae8f55237d51e081a71fa80d69c312e2c03d90e66beec2,640,640,11,"{""0"":0,""1"":0,""2"":0,""3"":5,""4"":5,""5"":1,""6"":0,""7"":0,""8"":0,""9"":0,""10"":0,""11"":0}"
train,9069ad13af76_WIN_20260823_20_37_25_Pro_jpg.rf.c28a36ffd903c6b72b4316ef2396fd7a.jpg,train,314,WIN_20260823_20_37_25_Pro_jpg.rf.c28a36ffd903c6b72b4316ef2396fd7a.jpg,WIN_20260823_20_37_25_Pro.jpg,WIN_20260823_20_37_25_Pro.jpg,9069ad13af7610af002fc9d062a48bb6406ca301607ba3f2cf379137c9107cb1,640,640,11,"{""0"":0,""1"":0,""2"":0,""3"":5,""4"":5,""5"":1,""6"":0,""7"":0,""8"":0,""9"":0,""10"":0,""11"":0}"
train,bba99038db9c_WIN_20260823_20_37_25_Pro_jpg.rf.5d4cedf3c8a8e9f249ae74a9c50446b3.jpg,train,602,WIN_20260823_20_37_25_Pro_jpg.rf.5d4cedf3c8a8e9f249ae74a9c50446b3.jpg,WIN_20260823_20_37_25_Pro.jpg,WIN_20260823_20_37_25_Pro.jpg,bba99038db9c5c6a26b6c607dc1f32786c2e97146f27395a6f5b65392c14e6ba,640,640,11,"{""0"":0,""1"":0,""2"":0,""3"":5,""4"":5,""5"":1,""6"":0,""7"":0,""8"":0,""9"":0,""10"":0,""11"":0}"
train,69244e2757bb_WIN_20260823_20_38_36_Pro_jpg.rf.70060f1576e8804a402909eec05cd2b3.jpg,train,373,WIN_20260823_20_38_36_Pro_jpg.rf.70060f1576e8804a402909eec05cd2b3.jpg,WIN_20260823_20_38_36_Pro.jpg,WIN_20260823_20_38_36_Pro.jpg,69244e2757bb5506cc99e05e5f3ce98a2f276e4081ca28e12c624b9c73fe741c,640,640,17,"{""0"":0,""1"":0,""2"":0,""3"":4,""4"":7,""5"":6,""6"":0,""7"":0,""8"":0,""9"":0,""10"":0,""11"":0}"
train,d65c5b88bff0_WIN_20260823_20_38_36_Pro_jpg.rf.d3a2adabeb41aa14f4983358a39ebd7e.jpg,train,579,WIN_20260823_20_38_36_Pro_jpg.rf.d3a2adabeb41aa14f4983358a39ebd7e.jpg,WIN_20260823_20_38_36_Pro.jpg,WIN_20260823_20_38_36_Pro.jpg,d65c5b88bff0b1e752da5f66b98cc2b2d5c2fb4b3673a1d7d882bbec4741ec87,640,640,17,"{""0"":0,""1"":0,""2"":0,""3"":4,""4"":7,""5"":6,""6"":0,""7"":0,""8"":0,""9"":0,""10"":0,""11"":0}"
train,2fde03f10580_WIN_20260823_20_38_36_Pro_jpg.rf.a128b106a0789373f56381a247bff100.jpg,train,637,WIN_20260823_20_38_36_Pro_jpg.rf.a128b106a0789373f56381a247bff100.jpg,WIN_20260823_20_38_36_Pro.jpg,WIN_20260823_20_38_36_Pro.jpg,2fde03f1058015055dec106483e1eb8c2a8060e9f1dc3a765dcd8ba699349462,640,640,17,"{""0"":0,""1"":0,""2"":0,""3"":4,""4"":7,""5"":6,""6"":0,""7"":0,""8"":0,""9"":0,""10"":0,""11"":0}"
train,49616e5c3de4_WIN_20260823_20_38_40_Pro_jpg.rf.93bcf2491c74e4ffb431177308976bb7.jpg,train,409,WIN_20260823_20_38_40_Pro_jpg.rf.93bcf2491c74e4ffb431177308976bb7.jpg,WIN_20260823_20_38_40_Pro.jpg,WIN_20260823_20_38_40_Pro.jpg,49616e5c3de41e8fc86e20f84500b6f8240c18cd7e9ad1b129ed97bee4f8b679,640,640,17,"{""0"":0,""1"":0,""2"":0,""3"":6,""4"":8,""5"":3,""6"":0,""7"":0,""8"":0,""9"":0,""10"":0,""11"":0}"
train,a94058e5a710_WIN_20260823_20_38_40_Pro_jpg.rf.9936c8dd11248745b57eb333edea46af.jpg,train,751,WIN_20260823_20_38_40_Pro_jpg.rf.9936c8dd11248745b57eb333edea46af.jpg,WIN_20260823_20_38_40_Pro.jpg,WIN_20260823_20_38_40_Pro.jpg,a94058e5a7108aa186aed6912b62a0760064f257f0dc265f9c8d324f94559acd,640,640,17,"{""0"":0,""1"":0,""2"":0,""3"":6,""4"":8,""5"":3,""6"":0,""7"":0,""8"":0,""9"":0,""10"":0,""11"":0}"
train,a80524b50399_WIN_20260823_20_38_40_Pro_jpg.rf.0da3733ab03b75a8b4270632a4401d7c.jpg,train,836,WIN_20260823_20_38_40_Pro_jpg.rf.0da3733ab03b75a8b4270632a4401d7c.jpg,WIN_20260823_20_38_40_Pro.jpg,WIN_20260823_20_38_40_Pro.jpg,a80524b50399e86ea490ddf8ad16652acf9ae450887ba2c96e677576d7bdebe9,640,640,17,"{""0"":0,""1"":0,""2"":0,""3"":6,""4"":8,""5"":3,""6"":0,""7"":0,""8"":0,""9"":0,""10"":0,""11"":0}"
train,bb5191745ec0_WIN_20260823_20_38_45_Pro_jpg.rf.36297c8c29bb329282cbea6009c1985a.jpg,train,273,WIN_20260823_20_38_45_Pro_jpg.rf.36297c8c29bb329282cbea6009c1985a.jpg,WIN_20260823_20_38_45_Pro.jpg,WIN_20260823_20_38_45_Pro.jpg,bb5191745ec09e882ac415db57f0d4b6417568062d0f14f9a9d13640d6a22d6f,640,640,16,"{""0"":0,""1"":0,""2"":0,""3"":6,""4"":4,""5"":5,""6"":1,""7"":0,""8"":0,""9"":0,""10"":0,""11"":0}"
train,2284994f44b8_WIN_20260823_20_38_45_Pro_jpg.rf.378184673601e74dd975c8baf2a6dfe8.jpg,train,433,WIN_20260823_20_38_45_Pro_jpg.rf.378184673601e74dd975c8baf2a6dfe8.jpg,WIN_20260823_20_38_45_Pro.jpg,WIN_20260823_20_38_45_Pro.jpg,2284994f44b8a89a290f788f9a93f333956c5b35fad5ab9ddb7ea150300a9cf2,640,640,16,"{""0"":0,""1"":0,""2"":0,""3"":6,""4"":4,""5"":5,""6"":1,""7"":0,""8"":0,""9"":0,""10"":0,""11"":0}"
train,5a82d2854581_WIN_20260823_20_38_45_Pro_jpg.rf.3e5a0a336fa4d1f078d79d44791c5fa4.jpg,train,748,WIN_20260823_20_38_45_Pro_jpg.rf.3e5a0a336fa4d1f078d79d44791c5fa4.jpg,WIN_20260823_20_38_45_Pro.jpg,WIN_20260823_20_38_45_Pro.jpg,5a82d28545811a23cce69b045dee725e5b9001848b626f09df57882b2648e4da,640,640,16,"{""0"":0,""1"":0,""2"":0,""3"":6,""4"":4,""5"":5,""6"":1,""7"":0,""8"":0,""9"":0,""10"":0,""11"":0}"
train,1e12455e4671_WIN_20260823_20_38_49_Pro_jpg.rf.c6ef519c433285616d7c71ed818d5ab7.jpg,train,235,WIN_20260823_20_38_49_Pro_jpg.rf.c6ef519c433285616d7c71ed818d5ab7.jpg,WIN_20260823_20_38_49_Pro.jpg,WIN_20260823_20_38_49_Pro.jpg,1e12455e4671cf78a50f12643e6202d4be547f029aae1159755800ab474655aa,640,640,18,"{""0"":0,""1"":0,""2"":0,""3"":7,""4"":5,""5"":6,""6"":0,""7"":0,""8"":0,""9"":0,""10"":0,""11"":0}"
train,1a9ff438afc6_WIN_20260823_20_38_49_Pro_jpg.rf.e6a197b44e97a4aa02d8634315fb6846.jpg,train,381,WIN_20260823_20_38_49_Pro_jpg.rf.e6a197b44e97a4aa02d8634315fb6846.jpg,WIN_20260823_20_38_49_Pro.jpg,WIN_20260823_20_38_49_Pro.jpg,1a9ff438afc6555de343b262c379b07221a968a842fb31293b263f9ded7b420b,640,640,18,"{""0"":0,""1"":0,""2"":0,""3"":7,""4"":5,""5"":6,""6"":0,""7"":0,""8"":0,""9"":0,""10"":0,""11"":0}"
train,b3f6e6d73b72_WIN_20260823_20_38_49_Pro_jpg.rf.81433fba27ff062b483399169b7bc85d.jpg,train,613,WIN_20260823_20_38_49_Pro_jpg.rf.81433fba27ff062b483399169b7bc85d.jpg,WIN_20260823_20_38_49_Pro.jpg,WIN_20260823_20_38_49_Pro.jpg,b3f6e6d73b729d90fee6598271ee59cfb4e512eb5d643e8d2789576e2443f75b,640,640,18,"{""0"":0,""1"":0,""2"":0,""3"":7,""4"":5,""5"":6,""6"":0,""7"":0,""8"":0,""9"":0,""10"":0,""11"":0}"
train,7501f9c58a9e_WIN_20260823_20_38_53_Pro_jpg.rf.8e4e516457bdb6c67af3b1d1634f8d11.jpg,train,119,WIN_20260823_20_38_53_Pro_jpg.rf.8e4e516457bdb6c67af3b1d1634f8d11.jpg,WIN_20260823_20_38_53_Pro.jpg,WIN_20260823_20_38_53_Pro.jpg,7501f9c58a9eb343397b9f0dd50a2e155fbb9874f2b7712cdcb61798fed93462,640,640,19,"{""0"":0,""1"":0,""2"":0,""3"":7,""4"":5,""5"":7,""6"":0,""7"":0,""8"":0,""9"":0,""10"":0,""11"":0}"
train,7b84071b90ee_WIN_20260823_20_38_53_Pro_jpg.rf.4f2ae948d441a7335bf5ae553eb6e84d.jpg,train,262,WIN_20260823_20_38_53_Pro_jpg.rf.4f2ae948d441a7335bf5ae553eb6e84d.jpg,WIN_20260823_20_38_53_Pro.jpg,WIN_20260823_20_38_53_Pro.jpg,7b84071b90ee862e38823e1d591d46f475c2b0898d3f472919213d597ddec47e,640,640,19,"{""0"":0,""1"":0,""2"":0,""3"":7,""4"":5,""5"":7,""6"":0,""7"":0,""8"":0,""9"":0,""10"":0,""11"":0}"
train,40b9e089e215_WIN_20260823_20_38_53_Pro_jpg.rf.4cb07d2452369dd1a7a040c781a90343.jpg,train,850,WIN_20260823_20_38_53_Pro_jpg.rf.4cb07d2452369dd1a7a040c781a90343.jpg,WIN_20260823_20_38_53_Pro.jpg,WIN_20260823_20_38_53_Pro.jpg,40b9e089e2157a7a8abd1834b2c778b1a3e0e4a1e10ba8a7ae8447d326eb03ef,640,640,19,"{""0"":0,""1"":0,""2"":0,""3"":7,""4"":5,""5"":7,""6"":0,""7"":0,""8"":0,""9"":0,""10"":0,""11"":0}"
train,a78b3bbf6bb0_WIN_20260823_20_38_57_Pro_jpg.rf.5d9771d9fbf5ada33246e9b491138a76.jpg,train,218,WIN_20260823_20_38_57_Pro_jpg.rf.5d9771d9fbf5ada33246e9b491138a76.jpg,WIN_20260823_20_38_57_Pro.jpg,WIN_20260823_20_38_57_Pro.jpg,a78b3bbf6bb064e2ad7bb630ad95a76fe2cde3bd70b57d5f6bb21aa5b5bfd577,640,640,17,"{""0"":0,""1"":0,""2"":0,""3"":4,""4"":6,""5"":7,""6"":0,""7"":0,""8"":0,""9"":0,""10"":0,""11"":0}"
train,d3c2ab9cf219_WIN_20260823_20_38_57_Pro_jpg.rf.484d3b38d0a17f5dea0341b7e6f62660.jpg,train,264,WIN_20260823_20_38_57_Pro_jpg.rf.484d3b38d0a17f5dea0341b7e6f62660.jpg,WIN_20260823_20_38_57_Pro.jpg,WIN_20260823_20_38_57_Pro.jpg,d3c2ab9cf219b534909686e7fc817fe39229a225c4c1f1abb57ed6df717665df,640,640,17,"{""0"":0,""1"":0,""2"":0,""3"":4,""4"":6,""5"":7,""6"":0,""7"":0,""8"":0,""9"":0,""10"":0,""11"":0}"
train,c9fbfd269d7e_WIN_20260823_20_38_57_Pro_jpg.rf.af00c9fbf8bc8b7293b5632474656b6d.jpg,train,73,WIN_20260823_20_38_57_Pro_jpg.rf.af00c9fbf8bc8b7293b5632474656b6d.jpg,WIN_20260823_20_38_57_Pro.jpg,WIN_20260823_20_38_57_Pro.jpg,c9fbfd269d7e515c4b1f9336aeb693662e7dd282a951681f0aa70e93d95dc8c2,640,640,17,"{""0"":0,""1"":0,""2"":0,""3"":4,""4"":6,""5"":7,""6"":0,""7"":0,""8"":0,""9"":0,""10"":0,""11"":0}"
train,22a365c1a5ef_WIN_20260823_20_39_10_Pro_jpg.rf.4eaec453b121eb23671e521fa751cc1c.jpg,train,317,WIN_20260823_20_39_10_Pro_jpg.rf.4eaec453b121eb23671e521fa751cc1c.jpg,WIN_20260823_20_39_10_Pro.jpg,WIN_20260823_20_39_10_Pro.jpg,22a365c1a5ef6b0c9af491cadaef2724e4d91bd89ac0f12264f4e8b5578967f5,640,640,17,"{""0"":0,""1"":0,""2"":0,""3"":6,""4"":6,""5"":5,""6"":0,""7"":0,""8"":0,""9"":0,""10"":0,""11"":0}"
train,cb7dcf5abbe8_WIN_20260823_20_39_10_Pro_jpg.rf.f6a4b2a7bbbf643f0c4bf5f900e946e2.jpg,train,500,WIN_20260823_20_39_10_Pro_jpg.rf.f6a4b2a7bbbf643f0c4bf5f900e946e2.jpg,WIN_20260823_20_39_10_Pro.jpg,WIN_20260823_20_39_10_Pro.jpg,cb7dcf5abbe865ed33bc6a6798fab6d7929777a4732bfb49d347331ac18ed7e9,640,640,17,"{""0"":0,""1"":0,""2"":0,""3"":6,""4"":6,""5"":5,""6"":0,""7"":0,""8"":0,""9"":0,""10"":0,""11"":0}"
train,7105dde8b45a_WIN_20260823_20_39_10_Pro_jpg.rf.2cb498d79ca6558dcf71d83ed9f09f5e.jpg,train,65,WIN_20260823_20_39_10_Pro_jpg.rf.2cb498d79ca6558dcf71d83ed9f09f5e.jpg,WIN_20260823_20_39_10_Pro.jpg,WIN_20260823_20_39_10_Pro.jpg,7105dde8b45ac424448c3048295cb59aafda5c806d2bfc47aeca05a1938234ba,640,640,17,"{""0"":0,""1"":0,""2"":0,""3"":6,""4"":6,""5"":5,""6"":0,""7"":0,""8"":0,""9"":0,""10"":0,""11"":0}"
train,79c72cef936d_WIN_20260823_20_39_15_Pro_jpg.rf.caa3e8436705747eb852f6767bf05f04.jpg,train,173,WIN_20260823_20_39_15_Pro_jpg.rf.caa3e8436705747eb852f6767bf05f04.jpg,WIN_20260823_20_39_15_Pro.jpg,WIN_20260823_20_39_15_Pro.jpg,79c72cef936ded2a6119599965a31e44b2d3eb2c1ed098c1435dc2a7ef2615ce,640,640,15,"{""0"":0,""1"":0,""2"":0,""3"":4,""4"":5,""5"":6,""6"":0,""7"":0,""8"":0,""9"":0,""10"":0,""11"":0}"
train,eb6bc0a2b758_WIN_20260823_20_39_15_Pro_jpg.rf.e4311b8f5941b37b449715627c8a8852.jpg,train,418,WIN_20260823_20_39_15_Pro_jpg.rf.e4311b8f5941b37b449715627c8a8852.jpg,WIN_20260823_20_39_15_Pro.jpg,WIN_20260823_20_39_15_Pro.jpg,eb6bc0a2b758d2e9d9949a91e6843c04385b5f118af3154e34cde9beb72facf6,640,640,15,"{""0"":0,""1"":0,""2"":0,""3"":4,""4"":5,""5"":6,""6"":0,""7"":0,""8"":0,""9"":0,""10"":0,""11"":0}"
train,5f2932101808_WIN_20260823_20_39_15_Pro_jpg.rf.6864d4d66424a1f16b1af478366ad0f4.jpg,train,758,WIN_20260823_20_39_15_Pro_jpg.rf.6864d4d66424a1f16b1af478366ad0f4.jpg,WIN_20260823_20_39_15_Pro.jpg,WIN_20260823_20_39_15_Pro.jpg,5f2932101808c10133192cdcf3dbe3bf77a13689994e5b589d8730d2c70547ec,640,640,15,"{""0"":0,""1"":0,""2"":0,""3"":4,""4"":5,""5"":6,""6"":0,""7"":0,""8"":0,""9"":0,""10"":0,""11"":0}"
train,776c2deacd00_WIN_20260823_20_39_26_Pro_jpg.rf.90026e2fd1c4b501cce59a65925ece80.jpg,train,149,WIN_20260823_20_39_26_Pro_jpg.rf.90026e2fd1c4b501cce59a65925ece80.jpg,WIN_20260823_20_39_26_Pro.jpg,WIN_20260823_20_39_26_Pro.jpg,776c2deacd00bc391eb71fee369244baccfc784228f5e2321e25199cd19fd83d,640,640,16,"{""0"":0,""1"":0,""2"":0,""3"":6,""4"":6,""5"":4,""6"":0,""7"":0,""8"":0,""9"":0,""10"":0,""11"":0}"
train,48cd1408401e_WIN_20260823_20_39_26_Pro_jpg.rf.13d02d776ddf2d24c127eac3ec70ebf9.jpg,train,60,WIN_20260823_20_39_26_Pro_jpg.rf.13d02d776ddf2d24c127eac3ec70ebf9.jpg,WIN_20260823_20_39_26_Pro.jpg,WIN_20260823_20_39_26_Pro.jpg,48cd1408401e9ff2fdc37f6b0072f00844bd719faadda4c607113a6fd9a4a5aa,640,640,16,"{""0"":0,""1"":0,""2"":0,""3"":6,""4"":6,""5"":4,""6"":0,""7"":0,""8"":0,""9"":0,""10"":0,""11"":0}"
train,07d0c6600ac4_WIN_20260823_20_39_26_Pro_jpg.rf.50dcd14fdcd4311f4d101af5c9a9490d.jpg,train,824,WIN_20260823_20_39_26_Pro_jpg.rf.50dcd14fdcd4311f4d101af5c9a9490d.jpg,WIN_20260823_20_39_26_Pro.jpg,WIN_20260823_20_39_26_Pro.jpg,07d0c6600ac4ec88ca52ba290e2c1c55c93ee672cfe08b37c0a241e6f892d668,640,640,16,"{""0"":0,""1"":0,""2"":0,""3"":6,""4"":6,""5"":4,""6"":0,""7"":0,""8"":0,""9"":0,""10"":0,""11"":0}"
train,4a40b82aaf76_WIN_20260823_20_41_07_Pro_jpg.rf.bda75f19c45ed0b01a27f6a53de15cae.jpg,train,467,WIN_20260823_20_41_07_Pro_jpg.rf.bda75f19c45ed0b01a27f6a53de15cae.jpg,WIN_20260823_20_41_07_Pro.jpg,WIN_20260823_20_41_07_Pro.jpg,4a40b82aaf763d94871b4e452473ddd1b144872340590118f0d0e8edd118a533,640,640,16,"{""0"":0,""1"":0,""2"":0,""3"":7,""4"":7,""5"":2,""6"":0,""7"":0,""8"":0,""9"":0,""10"":0,""11"":0}"
train,71cd0e48494e_WIN_20260823_20_41_07_Pro_jpg.rf.26b1264dd9e199fdd02be7b515f73434.jpg,train,49,WIN_20260823_20_41_07_Pro_jpg.rf.26b1264dd9e199fdd02be7b515f73434.jpg,WIN_20260823_20_41_07_Pro.jpg,WIN_20260823_20_41_07_Pro.jpg,71cd0e48494eb006cf2262bcc8bdc7823173e8240453769475bc0cfff2efc4c2,640,640,16,"{""0"":0,""1"":0,""2"":0,""3"":7,""4"":7,""5"":2,""6"":0,""7"":0,""8"":0,""9"":0,""10"":0,""11"":0}"
train,2887f5de919d_WIN_20260823_20_41_07_Pro_jpg.rf.d2ffddd47ca3d338baf27045c064941b.jpg,train,723,WIN_20260823_20_41_07_Pro_jpg.rf.d2ffddd47ca3d338baf27045c064941b.jpg,WIN_20260823_20_41_07_Pro.jpg,WIN_20260823_20_41_07_Pro.jpg,2887f5de919d8d294ae41bcbd7fd86051a5a0c961eb793b1312c0cd6a862148f,640,640,16,"{""0"":0,""1"":0,""2"":0,""3"":7,""4"":7,""5"":2,""6"":0,""7"":0,""8"":0,""9"":0,""10"":0,""11"":0}"
train,f8163e39e088_WIN_20260823_20_41_12_Pro_jpg.rf.7a53324b3a9d901767d9da8721c893a2.jpg,train,249,WIN_20260823_20_41_12_Pro_jpg.rf.7a53324b3a9d901767d9da8721c893a2.jpg,WIN_20260823_20_41_12_Pro.jpg,WIN_20260823_20_41_12_Pro.jpg,f8163e39e08804e37bd7b31258d09d3fccdaa20da9a6987283c3f42e342f9bfa,640,640,20,"{""0"":0,""1"":0,""2"":0,""3"":9,""4"":8,""5"":3,""6"":0,""7"":0,""8"":0,""9"":0,""10"":0,""11"":0}"
train,e9fc427dfe3a_WIN_20260823_20_41_12_Pro_jpg.rf.8258382f24665a41ed0d2864a6f51c22.jpg,train,442,WIN_20260823_20_41_12_Pro_jpg.rf.8258382f24665a41ed0d2864a6f51c22.jpg,WIN_20260823_20_41_12_Pro.jpg,WIN_20260823_20_41_12_Pro.jpg,e9fc427dfe3ad0d6c09bddf16640feef4801100050891691be3d4c6b8a772fe7,640,640,20,"{""0"":0,""1"":0,""2"":0,""3"":9,""4"":8,""5"":3,""6"":0,""7"":0,""8"":0,""9"":0,""10"":0,""11"":0}"
train,6e1c3d7b474a_WIN_20260823_20_41_12_Pro_jpg.rf.fce4f3ffd10dd7062b43f225ab32b1a8.jpg,train,486,WIN_20260823_20_41_12_Pro_jpg.rf.fce4f3ffd10dd7062b43f225ab32b1a8.jpg,WIN_20260823_20_41_12_Pro.jpg,WIN_20260823_20_41_12_Pro.jpg,6e1c3d7b474abde0aec4eabfb92372c6aa79470134506f3e502f83a8d13aaf8b,640,640,20,"{""0"":0,""1"":0,""2"":0,""3"":9,""4"":8,""5"":3,""6"":0,""7"":0,""8"":0,""9"":0,""10"":0,""11"":0}"
train,ceb1765c6a35_WIN_20260823_20_41_18_Pro_jpg.rf.8280605bdf02b306566acb79b6fd80f7.jpg,train,23,WIN_20260823_20_41_18_Pro_jpg.rf.8280605bdf02b306566acb79b6fd80f7.jpg,WIN_20260823_20_41_18_Pro.jpg,WIN_20260823_20_41_18_Pro.jpg,ceb1765c6a35cc00d72a71e8efcfb6fc75fdfee781df35c15a5f4d75a8611d57,640,640,16,"{""0"":0,""1"":0,""2"":0,""3"":6,""4"":5,""5"":5,""6"":0,""7"":0,""8"":0,""9"":0,""10"":0,""11"":0}"
train,d8086f57cb37_WIN_20260823_20_41_18_Pro_jpg.rf.00f9fbac04ddc4c250d36e8280bec61c.jpg,train,346,WIN_20260823_20_41_18_Pro_jpg.rf.00f9fbac04ddc4c250d36e8280bec61c.jpg,WIN_20260823_20_41_18_Pro.jpg,WIN_20260823_20_41_18_Pro.jpg,d8086f57cb37f6450ab92e9f3a7a3eeee027e47790d27b333c0c8d09c2d3dfe5,640,640,16,"{""0"":0,""1"":0,""2"":0,""3"":6,""4"":5,""5"":5,""6"":0,""7"":0,""8"":0,""9"":0,""10"":0,""11"":0}"
train,eea2cd50f80b_WIN_20260823_20_41_18_Pro_jpg.rf.75c66766853756f94ef5803852ee6732.jpg,train,79,WIN_20260823_20_41_18_Pro_jpg.rf.75c66766853756f94ef5803852ee6732.jpg,WIN_20260823_20_41_18_Pro.jpg,WIN_20260823_20_41_18_Pro.jpg,eea2cd50f80bb7de04f7cadb9899fd59f6400f52ae34547b33c928ae5224a5a6,640,640,16,"{""0"":0,""1"":0,""2"":0,""3"":6,""4"":5,""5"":5,""6"":0,""7"":0,""8"":0,""9"":0,""10"":0,""11"":0}"
train,a3cd46e31800_WIN_20260823_20_42_06_Pro_jpg.rf.c90b90a2c57bcbfa8afe183e7dc3efb2.jpg,train,400,WIN_20260823_20_42_06_Pro_jpg.rf.c90b90a2c57bcbfa8afe183e7dc3efb2.jpg,WIN_20260823_20_42_06_Pro.jpg,WIN_20260823_20_42_06_Pro.jpg,a3cd46e318006da971b5d7114b756ea4ccc06cc7c8d91ddb90595763c2b9cff1,640,640,14,"{""0"":0,""1"":0,""2"":0,""3"":7,""4"":4,""5"":3,""6"":0,""7"":0,""8"":0,""9"":0,""10"":0,""11"":0}"
train,f53ef03b9f4c_WIN_20260823_20_42_06_Pro_jpg.rf.51dce9c51b413fe1493793856c9e8b50.jpg,train,783,WIN_20260823_20_42_06_Pro_jpg.rf.51dce9c51b413fe1493793856c9e8b50.jpg,WIN_20260823_20_42_06_Pro.jpg,WIN_20260823_20_42_06_Pro.jpg,f53ef03b9f4c28f7cf63b00c467b47188fb716d5513b7172d6e0d46fc80ad5e7,640,640,14,"{""0"":0,""1"":0,""2"":0,""3"":7,""4"":4,""5"":3,""6"":0,""7"":0,""8"":0,""9"":0,""10"":0,""11"":0}"
train,4d046fd5419d_WIN_20260823_20_42_06_Pro_jpg.rf.deb0bbe95568f854784cee12c87bdcfa.jpg,train,830,WIN_20260823_20_42_06_Pro_jpg.rf.deb0bbe95568f854784cee12c87bdcfa.jpg,WIN_20260823_20_42_06_Pro.jpg,WIN_20260823_20_42_06_Pro.jpg,4d046fd5419d8fa536e32b4d92eed85b3e7c13f476349bf611ea63aa16d5c821,640,640,14,"{""0"":0,""1"":0,""2"":0,""3"":7,""4"":4,""5"":3,""6"":0,""7"":0,""8"":0,""9"":0,""10"":0,""11"":0}"
train,2d563956616e_WIN_20260823_20_43_58_Pro_jpg.rf.10a06051311f8143577de942b9a58c06.jpg,train,175,WIN_20260823_20_43_58_Pro_jpg.rf.10a06051311f8143577de942b9a58c06.jpg,WIN_20260823_20_43_58_Pro.jpg,WIN_20260823_20_43_58_Pro.jpg,2d563956616e9d1c281c2205a7924a03a88fc3546492c35f2a9c6441a8702ff6,640,640,12,"{""0"":0,""1"":0,""2"":0,""3"":5,""4"":4,""5"":3,""6"":0,""7"":0,""8"":0,""9"":0,""10"":0,""11"":0}"
train,6e763715b3ea_WIN_20260823_20_43_58_Pro_jpg.rf.616fc276cc452e439439ef002dcbd8b3.jpg,train,2,WIN_20260823_20_43_58_Pro_jpg.rf.616fc276cc452e439439ef002dcbd8b3.jpg,WIN_20260823_20_43_58_Pro.jpg,WIN_20260823_20_43_58_Pro.jpg,6e763715b3ea41ac1770526d5c2092a9dddc1923d23305f402ebbd3e3cbdfb66,640,640,12,"{""0"":0,""1"":0,""2"":0,""3"":5,""4"":4,""5"":3,""6"":0,""7"":0,""8"":0,""9"":0,""10"":0,""11"":0}"
train,1d42cb07daf3_WIN_20260823_20_43_58_Pro_jpg.rf.2312031dd10df7067c15ed93f8460708.jpg,train,311,WIN_20260823_20_43_58_Pro_jpg.rf.2312031dd10df7067c15ed93f8460708.jpg,WIN_20260823_20_43_58_Pro.jpg,WIN_20260823_20_43_58_Pro.jpg,1d42cb07daf35524fadfaae3d985af0a4e29e7e2327fed0625989d7d0b39d00a,640,640,12,"{""0"":0,""1"":0,""2"":0,""3"":5,""4"":4,""5"":3,""6"":0,""7"":0,""8"":0,""9"":0,""10"":0,""11"":0}"
train,2800f0376852_WIN_20260823_20_44_27_Pro_jpg.rf.998347908edec7d3574d6912cd328096.jpg,train,263,WIN_20260823_20_44_27_Pro_jpg.rf.998347908edec7d3574d6912cd328096.jpg,WIN_20260823_20_44_27_Pro.jpg,WIN_20260823_20_44_27_Pro.jpg,2800f0376852127241417dad75c4d3ae615224748c9fee36d8ab81f97cb2387a,640,640,15,"{""0"":0,""1"":0,""2"":0,""3"":4,""4"":8,""5"":3,""6"":0,""7"":0,""8"":0,""9"":0,""10"":0,""11"":0}"
train,94be6df02ff1_WIN_20260823_20_44_27_Pro_jpg.rf.c2b55a8b6eced12c18540f30d160865e.jpg,train,353,WIN_20260823_20_44_27_Pro_jpg.rf.c2b55a8b6eced12c18540f30d160865e.jpg,WIN_20260823_20_44_27_Pro.jpg,WIN_20260823_20_44_27_Pro.jpg,94be6df02ff1396dd20da32780671a8fd63e3f638dce7a47c7836b182af0166c,640,640,15,"{""0"":0,""1"":0,""2"":0,""3"":4,""4"":8,""5"":3,""6"":0,""7"":0,""8"":0,""9"":0,""10"":0,""11"":0}"
train,08732e693f4a_WIN_20260823_20_44_27_Pro_jpg.rf.cfb3b61acb9909343e5d94f48c6f1edf.jpg,train,655,WIN_20260823_20_44_27_Pro_jpg.rf.cfb3b61acb9909343e5d94f48c6f1edf.jpg,WIN_20260823_20_44_27_Pro.jpg,WIN_20260823_20_44_27_Pro.jpg,08732e693f4ac7e7abe578b6e3ce0a4e26c88ddafb3a66460a287042e41c76b1,640,640,15,"{""0"":0,""1"":0,""2"":0,""3"":4,""4"":8,""5"":3,""6"":0,""7"":0,""8"":0,""9"":0,""10"":0,""11"":0}"
train,a14346470e23_WIN_20260823_20_44_29_Pro_jpg.rf.ed41dc51e6e2658aec7f2963575c285d.jpg,train,297,WIN_20260823_20_44_29_Pro_jpg.rf.ed41dc51e6e2658aec7f2963575c285d.jpg,WIN_20260823_20_44_29_Pro.jpg,WIN_20260823_20_44_29_Pro.jpg,a14346470e2348ae29a32e950cdd59ab3858497b59bdbb7c9e723873019badde,640,640,16,"{""0"":0,""1"":0,""2"":0,""3"":5,""4"":7,""5"":4,""6"":0,""7"":0,""8"":0,""9"":0,""10"":0,""11"":0}"
train,3569c94f1265_WIN_20260823_20_44_29_Pro_jpg.rf.47851f7616dd6463a15366f571adf4e3.jpg,train,560,WIN_20260823_20_44_29_Pro_jpg.rf.47851f7616dd6463a15366f571adf4e3.jpg,WIN_20260823_20_44_29_Pro.jpg,WIN_20260823_20_44_29_Pro.jpg,3569c94f1265ca3d78ef4df26cc7732ed295d0ddb29fbd547c8a91114a741ea2,640,640,16,"{""0"":0,""1"":0,""2"":0,""3"":5,""4"":7,""5"":4,""6"":0,""7"":0,""8"":0,""9"":0,""10"":0,""11"":0}"
train,55bd379887dc_WIN_20260823_20_44_29_Pro_jpg.rf.85a9e7aeac116103ed8a72d2b04058d6.jpg,train,701,WIN_20260823_20_44_29_Pro_jpg.rf.85a9e7aeac116103ed8a72d2b04058d6.jpg,WIN_20260823_20_44_29_Pro.jpg,WIN_20260823_20_44_29_Pro.jpg,55bd379887dc56d124c41f37502bf8dcf681fde8e3a78fa0f47dd34dcd14f1c6,640,640,16,"{""0"":0,""1"":0,""2"":0,""3"":5,""4"":7,""5"":4,""6"":0,""7"":0,""8"":0,""9"":0,""10"":0,""11"":0}"
train,e42a09f4fbce_WIN_20260823_20_44_30_Pro_jpg.rf.8f7514d15f6893d5895f7208b3890512.jpg,train,167,WIN_20260823_20_44_30_Pro_jpg.rf.8f7514d15f6893d5895f7208b3890512.jpg,WIN_20260823_20_44_30_Pro.jpg,WIN_20260823_20_44_30_Pro.jpg,e42a09f4fbce265814cfdc00c7275337123b2a5dc9bad5fd663d0fdafa594c84,640,640,15,"{""0"":0,""1"":0,""2"":0,""3"":4,""4"":7,""5"":4,""6"":0,""7"":0,""8"":0,""9"":0,""10"":0,""11"":0}"
train,0a412b1e1fb9_WIN_20260823_20_44_30_Pro_jpg.rf.e278411a2f3ef04122d9008eda300e92.jpg,train,183,WIN_20260823_20_44_30_Pro_jpg.rf.e278411a2f3ef04122d9008eda300e92.jpg,WIN_20260823_20_44_30_Pro.jpg,WIN_20260823_20_44_30_Pro.jpg,0a412b1e1fb9068065ff759a08b40b0f1692033d45497d46b1557798f188a0f3,640,640,15,"{""0"":0,""1"":0,""2"":0,""3"":4,""4"":7,""5"":4,""6"":0,""7"":0,""8"":0,""9"":0,""10"":0,""11"":0}"
train,9c36669b65ac_WIN_20260823_20_44_30_Pro_jpg.rf.5585e398f928306c58e08da9258b1b1a.jpg,train,21,WIN_20260823_20_44_30_Pro_jpg.rf.5585e398f928306c58e08da9258b1b1a.jpg,WIN_20260823_20_44_30_Pro.jpg,WIN_20260823_20_44_30_Pro.jpg,9c36669b65ac33f33f285d14540da40d74ba90adad95a7926c913be65c0464ce,640,640,15,"{""0"":0,""1"":0,""2"":0,""3"":4,""4"":7,""5"":4,""6"":0,""7"":0,""8"":0,""9"":0,""10"":0,""11"":0}"
train,673033ac07d7_WIN_20260823_20_44_34_Pro_jpg.rf.6c838ec1cc68c6497b2d8b73e0e27896.jpg,train,459,WIN_20260823_20_44_34_Pro_jpg.rf.6c838ec1cc68c6497b2d8b73e0e27896.jpg,WIN_20260823_20_44_34_Pro.jpg,WIN_20260823_20_44_34_Pro.jpg,673033ac07d7c12332c1e39dfdc6403e560e67225e4b2eefe1752b2e667af825,640,640,15,"{""0"":0,""1"":0,""2"":0,""3"":5,""4"":5,""5"":5,""6"":0,""7"":0,""8"":0,""9"":0,""10"":0,""11"":0}"
train,3ef597f82ebd_WIN_20260823_20_44_34_Pro_jpg.rf.050595ff5cfeb9efd04408efe43497f1.jpg,train,569,WIN_20260823_20_44_34_Pro_jpg.rf.050595ff5cfeb9efd04408efe43497f1.jpg,WIN_20260823_20_44_34_Pro.jpg,WIN_20260823_20_44_34_Pro.jpg,3ef597f82ebdbac7d83243c5240ffc7619939c179250687dcb53cd62b0af26a8,640,640,15,"{""0"":0,""1"":0,""2"":0,""3"":5,""4"":5,""5"":5,""6"":0,""7"":0,""8"":0,""9"":0,""10"":0,""11"":0}"
train,20ba14dbf7ad_WIN_20260823_20_44_34_Pro_jpg.rf.66572bbe4b986d8343a1eb87351a06fb.jpg,train,817,WIN_20260823_20_44_34_Pro_jpg.rf.66572bbe4b986d8343a1eb87351a06fb.jpg,WIN_20260823_20_44_34_Pro.jpg,WIN_20260823_20_44_34_Pro.jpg,20ba14dbf7ad08f5ec4a3480804d222fc9cdb313299b460745e9e69fc9abcddd,640,640,15,"{""0"":0,""1"":0,""2"":0,""3"":5,""4"":5,""5"":5,""6"":0,""7"":0,""8"":0,""9"":0,""10"":0,""11"":0}"
train,e4d78c7ef020_WIN_20260823_20_44_39_Pro_jpg.rf.18fdbf99f946c8e4af60d8f0f3b296a5.jpg,train,241,WIN_20260823_20_44_39_Pro_jpg.rf.18fdbf99f946c8e4af60d8f0f3b296a5.jpg,WIN_20260823_20_44_39_Pro.jpg,WIN_20260823_20_44_39_Pro.jpg,e4d78c7ef020bdd4d2c5906283dc957781fb3161c643db3c662d7a071995a5e9,640,640,15,"{""0"":0,""1"":0,""2"":0,""3"":5,""4"":7,""5"":3,""6"":0,""7"":0,""8"":0,""9"":0,""10"":0,""11"":0}"
train,f5eae6bf1a1b_WIN_20260823_20_44_39_Pro_jpg.rf.46aca87674840c311b4f1fe27517c952.jpg,train,368,WIN_20260823_20_44_39_Pro_jpg.rf.46aca87674840c311b4f1fe27517c952.jpg,WIN_20260823_20_44_39_Pro.jpg,WIN_20260823_20_44_39_Pro.jpg,f5eae6bf1a1b515e263116f8a89173a43ac8fdd5a9d923a4d2018e8682879c63,640,640,15,"{""0"":0,""1"":0,""2"":0,""3"":5,""4"":7,""5"":3,""6"":0,""7"":0,""8"":0,""9"":0,""10"":0,""11"":0}"
train,416be2867af2_WIN_20260823_20_44_39_Pro_jpg.rf.8e8b925f2dd2a36b055a4636dcabb181.jpg,train,6,WIN_20260823_20_44_39_Pro_jpg.rf.8e8b925f2dd2a36b055a4636dcabb181.jpg,WIN_20260823_20_44_39_Pro.jpg,WIN_20260823_20_44_39_Pro.jpg,416be2867af2078a75442e698a526961a48ac35040dc2b0445417b2c0445820a,640,640,15,"{""0"":0,""1"":0,""2"":0,""3"":5,""4"":7,""5"":3,""6"":0,""7"":0,""8"":0,""9"":0,""10"":0,""11"":0}"
train,f2952936c704_WIN_20260823_20_44_45_Pro_jpg.rf.38317e8c025670f7ba4420ec592d7738.jpg,train,151,WIN_20260823_20_44_45_Pro_jpg.rf.38317e8c025670f7ba4420ec592d7738.jpg,WIN_20260823_20_44_45_Pro.jpg,WIN_20260823_20_44_45_Pro.jpg,f2952936c7048158d6145c37eba15769c270e5cd9f643bd1e895100504543735,640,640,20,"{""0"":0,""1"":0,""2"":0,""3"":8,""4"":8,""5"":4,""6"":0,""7"":0,""8"":0,""9"":0,""10"":0,""11"":0}"
train,a4bfd776c18d_WIN_20260823_20_44_45_Pro_jpg.rf.5b3397091bb0d7ea6cca10097f5b78c1.jpg,train,645,WIN_20260823_20_44_45_Pro_jpg.rf.5b3397091bb0d7ea6cca10097f5b78c1.jpg,WIN_20260823_20_44_45_Pro.jpg,WIN_20260823_20_44_45_Pro.jpg,a4bfd776c18dfd630cdda30d4c2048895b34c9c7b4bedb87cab3f8be07783143,640,640,20,"{""0"":0,""1"":0,""2"":0,""3"":8,""4"":8,""5"":4,""6"":0,""7"":0,""8"":0,""9"":0,""10"":0,""11"":0}"
train,03a66716467b_WIN_20260823_20_44_45_Pro_jpg.rf.ca80848e3bad5f5aee6775eb80978331.jpg,train,664,WIN_20260823_20_44_45_Pro_jpg.rf.ca80848e3bad5f5aee6775eb80978331.jpg,WIN_20260823_20_44_45_Pro.jpg,WIN_20260823_20_44_45_Pro.jpg,03a66716467b229fd11035fec0939ba3492e2473bbb9298ef09e75cf008d0bf8,640,640,20,"{""0"":0,""1"":0,""2"":0,""3"":8,""4"":8,""5"":4,""6"":0,""7"":0,""8"":0,""9"":0,""10"":0,""11"":0}"
train,311dfd5d35d2_WIN_20260823_20_44_47_Pro_jpg.rf.4e0e67c5fda21134530dbbe7788efdf5.jpg,train,363,WIN_20260823_20_44_47_Pro_jpg.rf.4e0e67c5fda21134530dbbe7788efdf5.jpg,WIN_20260823_20_44_47_Pro.jpg,WIN_20260823_20_44_47_Pro.jpg,311dfd5d35d2b48dd2fa76e2ee84d2d6c9ab7db9d76393b38a4611c1f323bd37,640,640,20,"{""0"":0,""1"":0,""2"":0,""3"":7,""4"":7,""5"":6,""6"":0,""7"":0,""8"":0,""9"":0,""10"":0,""11"":0}"
train,de77bdab9e6f_WIN_20260823_20_44_47_Pro_jpg.rf.50ad47edebe5edc9e88fafb3db81c2b1.jpg,train,416,WIN_20260823_20_44_47_Pro_jpg.rf.50ad47edebe5edc9e88fafb3db81c2b1.jpg,WIN_20260823_20_44_47_Pro.jpg,WIN_20260823_20_44_47_Pro.jpg,de77bdab9e6f38a95344c359f835a1d1301aa3f3e78c1abc8685b54ab5c0efeb,640,640,20,"{""0"":0,""1"":0,""2"":0,""3"":7,""4"":7,""5"":6,""6"":0,""7"":0,""8"":0,""9"":0,""10"":0,""11"":0}"
train,e1b78adc01ee_WIN_20260823_20_44_47_Pro_jpg.rf.46893c26875a3af2e97a415a28dbbdcf.jpg,train,728,WIN_20260823_20_44_47_Pro_jpg.rf.46893c26875a3af2e97a415a28dbbdcf.jpg,WIN_20260823_20_44_47_Pro.jpg,WIN_20260823_20_44_47_Pro.jpg,e1b78adc01eec79a2d404728f69e729d4a7973e990e27c4298f4ba7dd4932472,640,640,20,"{""0"":0,""1"":0,""2"":0,""3"":7,""4"":7,""5"":6,""6"":0,""7"":0,""8"":0,""9"":0,""10"":0,""11"":0}"
train,7b5743b7f190_WIN_20260823_20_44_51_Pro_jpg.rf.0113ac86264814073297cff1ddafb530.jpg,train,280,WIN_20260823_20_44_51_Pro_jpg.rf.0113ac86264814073297cff1ddafb530.jpg,WIN_20260823_20_44_51_Pro.jpg,WIN_20260823_20_44_51_Pro.jpg,7b5743b7f190894be4c428a3980d1fbdf5f6c6aa306d54526383628483a2166c,640,640,17,"{""0"":0,""1"":0,""2"":0,""3"":5,""4"":6,""5"":6,""6"":0,""7"":0,""8"":0,""9"":0,""10"":0,""11"":0}"
train,b1016791e546_WIN_20260823_20_44_51_Pro_jpg.rf.58129168a98f868942be3bd4e7515bfb.jpg,train,333,WIN_20260823_20_44_51_Pro_jpg.rf.58129168a98f868942be3bd4e7515bfb.jpg,WIN_20260823_20_44_51_Pro.jpg,WIN_20260823_20_44_51_Pro.jpg,b1016791e546af5e8b035dcb498403b3528290fb52fae35878ec3bc242be8cd1,640,640,17,"{""0"":0,""1"":0,""2"":0,""3"":5,""4"":6,""5"":6,""6"":0,""7"":0,""8"":0,""9"":0,""10"":0,""11"":0}"
train,419fe73ac932_WIN_20260823_20_44_51_Pro_jpg.rf.c6b08682a472f10d1ca7478d49c70668.jpg,train,856,WIN_20260823_20_44_51_Pro_jpg.rf.c6b08682a472f10d1ca7478d49c70668.jpg,WIN_20260823_20_44_51_Pro.jpg,WIN_20260823_20_44_51_Pro.jpg,419fe73ac932156143398e9bfe6894b1d299d9d20423121f77a512d673e7a63e,640,640,17,"{""0"":0,""1"":0,""2"":0,""3"":5,""4"":6,""5"":6,""6"":0,""7"":0,""8"":0,""9"":0,""10"":0,""11"":0}"
train,00e8f4c287b5_WIN_20260823_20_44_53_Pro_jpg.rf.e1e7259bbf49e685b1e0d3bf496d4459.jpg,train,36,WIN_20260823_20_44_53_Pro_jpg.rf.e1e7259bbf49e685b1e0d3bf496d4459.jpg,WIN_20260823_20_44_53_Pro.jpg,WIN_20260823_20_44_53_Pro.jpg,00e8f4c287b5abe3474bc7e3601875d71c31c41b6e75cfb3e73736b637a3fc81,640,640,18,"{""0"":0,""1"":0,""2"":0,""3"":6,""4"":7,""5"":5,""6"":0,""7"":0,""8"":0,""9"":0,""10"":0,""11"":0}"
train,736255f24552_WIN_20260823_20_44_53_Pro_jpg.rf.3ea9734e3f11594ab33606f01784b458.jpg,train,443,WIN_20260823_20_44_53_Pro_jpg.rf.3ea9734e3f11594ab33606f01784b458.jpg,WIN_20260823_20_44_53_Pro.jpg,WIN_20260823_20_44_53_Pro.jpg,736255f2455226a9433e4eab16780e8c740b3ee1c8393c2efeea64e1c74373af,640,640,18,"{""0"":0,""1"":0,""2"":0,""3"":6,""4"":7,""5"":5,""6"":0,""7"":0,""8"":0,""9"":0,""10"":0,""11"":0}"
train,36cf2bfac351_WIN_20260823_20_44_53_Pro_jpg.rf.20a02752e3c46eba1237a032d56485cf.jpg,train,509,WIN_20260823_20_44_53_Pro_jpg.rf.20a02752e3c46eba1237a032d56485cf.jpg,WIN_20260823_20_44_53_Pro.jpg,WIN_20260823_20_44_53_Pro.jpg,36cf2bfac35158687a235c48762b47b837611015f056e3abf161c06f4f5b8045,640,640,18,"{""0"":0,""1"":0,""2"":0,""3"":6,""4"":7,""5"":5,""6"":0,""7"":0,""8"":0,""9"":0,""10"":0,""11"":0}"
train,1ef179d4bc53_WIN_20260823_20_44_55_Pro_jpg.rf.ff89e21e336b8f13dec8d0f39ba86fdd.jpg,train,145,WIN_20260823_20_44_55_Pro_jpg.rf.ff89e21e336b8f13dec8d0f39ba86fdd.jpg,WIN_20260823_20_44_55_Pro.jpg,WIN_20260823_20_44_55_Pro.jpg,1ef179d4bc53848f9fb36dd716bb92bd114660c15cd9970c198653af51771f91,640,640,19,"{""0"":0,""1"":0,""2"":0,""3"":6,""4"":8,""5"":5,""6"":0,""7"":0,""8"":0,""9"":0,""10"":0,""11"":0}"
train,dfb5640c7863_WIN_20260823_20_44_55_Pro_jpg.rf.59a1f9c35426fa702677a8e7c1c3442c.jpg,train,319,WIN_20260823_20_44_55_Pro_jpg.rf.59a1f9c35426fa702677a8e7c1c3442c.jpg,WIN_20260823_20_44_55_Pro.jpg,WIN_20260823_20_44_55_Pro.jpg,dfb5640c78638f7cf20d40dbc69fec1e542c2c02e07fdf9648e31522dd6b1865,640,640,19,"{""0"":0,""1"":0,""2"":0,""3"":6,""4"":8,""5"":5,""6"":0,""7"":0,""8"":0,""9"":0,""10"":0,""11"":0}"
train,a6e7659e3b34_WIN_20260823_20_44_55_Pro_jpg.rf.119330711c10eba86dd0dcbfb2b151bb.jpg,train,384,WIN_20260823_20_44_55_Pro_jpg.rf.119330711c10eba86dd0dcbfb2b151bb.jpg,WIN_20260823_20_44_55_Pro.jpg,WIN_20260823_20_44_55_Pro.jpg,a6e7659e3b34bdbc2bfee85dc5a441ae16a094b42cae304fb8c984be5163c2b3,640,640,19,"{""0"":0,""1"":0,""2"":0,""3"":6,""4"":8,""5"":5,""6"":0,""7"":0,""8"":0,""9"":0,""10"":0,""11"":0}"
train,fa113aa1c8e1_WIN_20260823_20_45_02_Pro_jpg.rf.1c3951ac7401ae691b23919e1484ceb3.jpg,train,133,WIN_20260823_20_45_02_Pro_jpg.rf.1c3951ac7401ae691b23919e1484ceb3.jpg,WIN_20260823_20_45_02_Pro.jpg,WIN_20260823_20_45_02_Pro.jpg,fa113aa1c8e1a6f2de04fbdf9dfc521c20c8f3402bc8a45961d458cd53d55bc9,640,640,16,"{""0"":0,""1"":0,""2"":0,""3"":5,""4"":6,""5"":5,""6"":0,""7"":0,""8"":0,""9"":0,""10"":0,""11"":0}"
train,87d354bb05b0_WIN_20260823_20_45_02_Pro_jpg.rf.3fff04810d943c5bc9b4e2a26f5e6425.jpg,train,68,WIN_20260823_20_45_02_Pro_jpg.rf.3fff04810d943c5bc9b4e2a26f5e6425.jpg,WIN_20260823_20_45_02_Pro.jpg,WIN_20260823_20_45_02_Pro.jpg,87d354bb05b00cb8e77808a22d195a57446d1dc00096d2b7253483a228d14ced,640,640,16,"{""0"":0,""1"":0,""2"":0,""3"":5,""4"":6,""5"":5,""6"":0,""7"":0,""8"":0,""9"":0,""10"":0,""11"":0}"
train,c5d0560fa6ad_WIN_20260823_20_45_02_Pro_jpg.rf.2d488882492430473fbb906a71b08433.jpg,train,819,WIN_20260823_20_45_02_Pro_jpg.rf.2d488882492430473fbb906a71b08433.jpg,WIN_20260823_20_45_02_Pro.jpg,WIN_20260823_20_45_02_Pro.jpg,c5d0560fa6ad70cdf1a37f82567f861afdba059d48d8af28c1365209f3580975,640,640,16,"{""0"":0,""1"":0,""2"":0,""3"":5,""4"":6,""5"":5,""6"":0,""7"":0,""8"":0,""9"":0,""10"":0,""11"":0}"
train,4ea0450375d5_WIN_20260823_20_45_04_Pro_jpg.rf.7fe2c7d827bf402ff595dbfc2b58a126.jpg,train,111,WIN_20260823_20_45_04_Pro_jpg.rf.7fe2c7d827bf402ff595dbfc2b58a126.jpg,WIN_20260823_20_45_04_Pro.jpg,WIN_20260823_20_45_04_Pro.jpg,4ea0450375d50f4fecffde2f235d92f25f139fc8c693f42c489a5796ccf15083,640,640,15,"{""0"":0,""1"":0,""2"":0,""3"":4,""4"":6,""5"":5,""6"":0,""7"":0,""8"":0,""9"":0,""10"":0,""11"":0}"
train,83361027b7f9_WIN_20260823_20_45_04_Pro_jpg.rf.6157a82e12767ae0f08a680d5019b6bc.jpg,train,458,WIN_20260823_20_45_04_Pro_jpg.rf.6157a82e12767ae0f08a680d5019b6bc.jpg,WIN_20260823_20_45_04_Pro.jpg,WIN_20260823_20_45_04_Pro.jpg,83361027b7f9bcc6de8ed893a5f507b8184d7e7de33d3f4b706efda266df1215,640,640,15,"{""0"":0,""1"":0,""2"":0,""3"":4,""4"":6,""5"":5,""6"":0,""7"":0,""8"":0,""9"":0,""10"":0,""11"":0}"
train,2da3e0745a4a_WIN_20260823_20_45_04_Pro_jpg.rf.68c839a73cdace88be3cab7553fe3619.jpg,train,778,WIN_20260823_20_45_04_Pro_jpg.rf.68c839a73cdace88be3cab7553fe3619.jpg,WIN_20260823_20_45_04_Pro.jpg,WIN_20260823_20_45_04_Pro.jpg,2da3e0745a4ad6c25c19566c4dfc500de8bfec548312f7f6798101335c3b7717,640,640,15,"{""0"":0,""1"":0,""2"":0,""3"":4,""4"":6,""5"":5,""6"":0,""7"":0,""8"":0,""9"":0,""10"":0,""11"":0}"
train,454bbc11c38e_WIN_20260823_20_45_06_Pro_jpg.rf.98f21f042c679ef2c1f4c9da10f64cca.jpg,train,54,WIN_20260823_20_45_06_Pro_jpg.rf.98f21f042c679ef2c1f4c9da10f64cca.jpg,WIN_20260823_20_45_06_Pro.jpg,WIN_20260823_20_45_06_Pro.jpg,454bbc11c38ed966fcb7c63a42214e3810dc9ea7c9aced4684280997fc9f9c28,640,640,18,"{""0"":0,""1"":0,""2"":0,""3"":6,""4"":8,""5"":4,""6"":0,""7"":0,""8"":0,""9"":0,""10"":0,""11"":0}"
train,4b185e39ecc6_WIN_20260823_20_45_06_Pro_jpg.rf.8c5c76db8ebc130340de5205f3e3baf7.jpg,train,550,WIN_20260823_20_45_06_Pro_jpg.rf.8c5c76db8ebc130340de5205f3e3baf7.jpg,WIN_20260823_20_45_06_Pro.jpg,WIN_20260823_20_45_06_Pro.jpg,4b185e39ecc627a1349639c649cb07ba5a33edfb92a0d797ae2848c0ac8b6947,640,640,18,"{""0"":0,""1"":0,""2"":0,""3"":6,""4"":8,""5"":4,""6"":0,""7"":0,""8"":0,""9"":0,""10"":0,""11"":0}"
train,8a328f722131_WIN_20260823_20_45_06_Pro_jpg.rf.bdff2067de3e8e828475216f20ded031.jpg,train,603,WIN_20260823_20_45_06_Pro_jpg.rf.bdff2067de3e8e828475216f20ded031.jpg,WIN_20260823_20_45_06_Pro.jpg,WIN_20260823_20_45_06_Pro.jpg,8a328f72213171000ad96c4a3223cb0cded07750aabf43448db26144fbb53bf5,640,640,18,"{""0"":0,""1"":0,""2"":0,""3"":6,""4"":8,""5"":4,""6"":0,""7"":0,""8"":0,""9"":0,""10"":0,""11"":0}"
train,b93735a0c085_WIN_20260823_20_45_14_Pro_jpg.rf.dcc55236a2e7e5ebbb54f51f938c6fd2.jpg,train,174,WIN_20260823_20_45_14_Pro_jpg.rf.dcc55236a2e7e5ebbb54f51f938c6fd2.jpg,WIN_20260823_20_45_14_Pro.jpg,WIN_20260823_20_45_14_Pro.jpg,b93735a0c085f2df7fd4f24221dbaeb01d500fc010f14a2e6cba206768841a29,640,640,18,"{""0"":0,""1"":0,""2"":0,""3"":7,""4"":8,""5"":3,""6"":0,""7"":0,""8"":0,""9"":0,""10"":0,""11"":0}"
train,c87c5a701c8b_WIN_20260823_20_45_14_Pro_jpg.rf.82f7c0c5839beffb29cd0d2afe58653f.jpg,train,34,WIN_20260823_20_45_14_Pro_jpg.rf.82f7c0c5839beffb29cd0d2afe58653f.jpg,WIN_20260823_20_45_14_Pro.jpg,WIN_20260823_20_45_14_Pro.jpg,c87c5a701c8ba64b2c62a7fd229ec7ceb3d5d9b6d56a0548f38edc210f8b94c1,640,640,18,"{""0"":0,""1"":0,""2"":0,""3"":7,""4"":8,""5"":3,""6"":0,""7"":0,""8"":0,""9"":0,""10"":0,""11"":0}"
train,0e0ae15f59e0_WIN_20260823_20_45_14_Pro_jpg.rf.684377ca197a859d0ee6c0d23c63368d.jpg,train,359,WIN_20260823_20_45_14_Pro_jpg.rf.684377ca197a859d0ee6c0d23c63368d.jpg,WIN_20260823_20_45_14_Pro.jpg,WIN_20260823_20_45_14_Pro.jpg,0e0ae15f59e00f48fac6d082a800e6fb5cc2e06c8ec4c4ab5e7637a2276f3773,640,640,18,"{""0"":0,""1"":0,""2"":0,""3"":7,""4"":8,""5"":3,""6"":0,""7"":0,""8"":0,""9"":0,""10"":0,""11"":0}"
train,16a86cdec9be_WIN_20260823_20_45_23_Pro_jpg.rf.f9164b5f2036a4df42995571ea35da95.jpg,train,343,WIN_20260823_20_45_23_Pro_jpg.rf.f9164b5f2036a4df42995571ea35da95.jpg,WIN_20260823_20_45_23_Pro.jpg,WIN_20260823_20_45_23_Pro.jpg,16a86cdec9be4c40438b1cd9d82f88010da43cabb34a69bce0d57262a8dcd9cc,640,640,19,"{""0"":0,""1"":0,""2"":0,""3"":7,""4"":8,""5"":4,""6"":0,""7"":0,""8"":0,""9"":0,""10"":0,""11"":0}"
train,f700b4926793_WIN_20260823_20_45_23_Pro_jpg.rf.30d948cd5fac27c31eb72aae8f68b961.jpg,train,478,WIN_20260823_20_45_23_Pro_jpg.rf.30d948cd5fac27c31eb72aae8f68b961.jpg,WIN_20260823_20_45_23_Pro.jpg,WIN_20260823_20_45_23_Pro.jpg,f700b49267938e8ab111eb8929f033701e0b1a09d8991385bf3c0b162345e6ec,640,640,19,"{""0"":0,""1"":0,""2"":0,""3"":7,""4"":8,""5"":4,""6"":0,""7"":0,""8"":0,""9"":0,""10"":0,""11"":0}"
train,1828634c3188_WIN_20260823_20_45_23_Pro_jpg.rf.5ea3652e7dc493e0029267fcadfc491e.jpg,train,63,WIN_20260823_20_45_23_Pro_jpg.rf.5ea3652e7dc493e0029267fcadfc491e.jpg,WIN_20260823_20_45_23_Pro.jpg,WIN_20260823_20_45_23_Pro.jpg,1828634c31886f112d17d034faf0ec06a2362565bb27ae8d9d66de598bc7af1b,640,640,19,"{""0"":0,""1"":0,""2"":0,""3"":7,""4"":8,""5"":4,""6"":0,""7"":0,""8"":0,""9"":0,""10"":0,""11"":0}"
train,89a27f46487c_WIN_20260823_20_45_25_Pro_jpg.rf.ca0ce4dcad9fbb702ec104b117cee98d.jpg,train,639,WIN_20260823_20_45_25_Pro_jpg.rf.ca0ce4dcad9fbb702ec104b117cee98d.jpg,WIN_20260823_20_45_25_Pro.jpg,WIN_20260823_20_45_25_Pro.jpg,89a27f46487c1944d003cf5ddbc3914735db9d51336882d26be415e1d7cf8826,640,640,17,"{""0"":0,""1"":0,""2"":0,""3"":6,""4"":8,""5"":3,""6"":0,""7"":0,""8"":0,""9"":0,""10"":0,""11"":0}"
train,44a2b8285529_WIN_20260823_20_45_25_Pro_jpg.rf.44190bd4329751a510a1f05de73b775b.jpg,train,726,WIN_20260823_20_45_25_Pro_jpg.rf.44190bd4329751a510a1f05de73b775b.jpg,WIN_20260823_20_45_25_Pro.jpg,WIN_20260823_20_45_25_Pro.jpg,44a2b8285529ae7d7e51ec4e66257919db5627b9d3b3a5f482ba9c2a3822cd79,640,640,17,"{""0"":0,""1"":0,""2"":0,""3"":6,""4"":8,""5"":3,""6"":0,""7"":0,""8"":0,""9"":0,""10"":0,""11"":0}"
train,45c6b0c05535_WIN_20260823_20_45_25_Pro_jpg.rf.567f70ffc6ed97e56516957aef131b57.jpg,train,821,WIN_20260823_20_45_25_Pro_jpg.rf.567f70ffc6ed97e56516957aef131b57.jpg,WIN_20260823_20_45_25_Pro.jpg,WIN_20260823_20_45_25_Pro.jpg,45c6b0c05535830f742113b1d98b207bdd88a60187a88c075296dd37569173ba,640,640,17,"{""0"":0,""1"":0,""2"":0,""3"":6,""4"":8,""5"":3,""6"":0,""7"":0,""8"":0,""9"":0,""10"":0,""11"":0}"
train,9a8580fed12e_WIN_20260823_20_45_27_Pro_jpg.rf.d1251fd59a675ad1a17d3f302f96c319.jpg,train,559,WIN_20260823_20_45_27_Pro_jpg.rf.d1251fd59a675ad1a17d3f302f96c319.jpg,WIN_20260823_20_45_27_Pro.jpg,WIN_20260823_20_45_27_Pro.jpg,9a8580fed12e1f36f995b6f5b3c1b159958bf2808205c23897b07039d81f6a3f,640,640,15,"{""0"":0,""1"":0,""2"":0,""3"":6,""4"":6,""5"":3,""6"":0,""7"":0,""8"":0,""9"":0,""10"":0,""11"":0}"
train,03756191e00e_WIN_20260823_20_45_27_Pro_jpg.rf.971f8cbabcc1450fe2a3c97c38b41526.jpg,train,649,WIN_20260823_20_45_27_Pro_jpg.rf.971f8cbabcc1450fe2a3c97c38b41526.jpg,WIN_20260823_20_45_27_Pro.jpg,WIN_20260823_20_45_27_Pro.jpg,03756191e00e017da62bbedc41a4a9d0333deb5b167ab6cffd6bc260ad33d8f9,640,640,15,"{""0"":0,""1"":0,""2"":0,""3"":6,""4"":6,""5"":3,""6"":0,""7"":0,""8"":0,""9"":0,""10"":0,""11"":0}"
train,b634b3950f53_WIN_20260823_20_45_27_Pro_jpg.rf.73347d5c792a0b0983d6aeba0bda98e5.jpg,train,684,WIN_20260823_20_45_27_Pro_jpg.rf.73347d5c792a0b0983d6aeba0bda98e5.jpg,WIN_20260823_20_45_27_Pro.jpg,WIN_20260823_20_45_27_Pro.jpg,b634b3950f530d1b5a4e76baede1adbac0c324c86ef5f50be3d68f8c6fcbd3ad,640,640,15,"{""0"":0,""1"":0,""2"":0,""3"":6,""4"":6,""5"":3,""6"":0,""7"":0,""8"":0,""9"":0,""10"":0,""11"":0}"
train,85f4642c3a9f_WIN_20260823_20_45_28_Pro_jpg.rf.e1f832c0bf887850f97ddc05aa822618.jpg,train,321,WIN_20260823_20_45_28_Pro_jpg.rf.e1f832c0bf887850f97ddc05aa822618.jpg,WIN_20260823_20_45_28_Pro.jpg,WIN_20260823_20_45_28_Pro.jpg,85f4642c3a9fe129a0e7a33acf7f710000a08f99362cff9d85e325d92d474903,640,640,15,"{""0"":0,""1"":0,""2"":0,""3"":7,""4"":6,""5"":2,""6"":0,""7"":0,""8"":0,""9"":0,""10"":0,""11"":0}"
train,ac24583be93a_WIN_20260823_20_45_28_Pro_jpg.rf.fe8bf46e8eb6c5489406dcc5498021f5.jpg,train,415,WIN_20260823_20_45_28_Pro_jpg.rf.fe8bf46e8eb6c5489406dcc5498021f5.jpg,WIN_20260823_20_45_28_Pro.jpg,WIN_20260823_20_45_28_Pro.jpg,ac24583be93ada7d5ccdd5ef391a009df8492de110cf5ea7d407426d8062ac97,640,640,15,"{""0"":0,""1"":0,""2"":0,""3"":7,""4"":6,""5"":2,""6"":0,""7"":0,""8"":0,""9"":0,""10"":0,""11"":0}"
train,b9185fcaf6c8_WIN_20260823_20_45_28_Pro_jpg.rf.925cdb51711c794dd7cd72d455cf8c99.jpg,train,742,WIN_20260823_20_45_28_Pro_jpg.rf.925cdb51711c794dd7cd72d455cf8c99.jpg,WIN_20260823_20_45_28_Pro.jpg,WIN_20260823_20_45_28_Pro.jpg,b9185fcaf6c81aca5fd240f9ed4e3c0af9af5801801d19d3c66e890ad4275362,640,640,15,"{""0"":0,""1"":0,""2"":0,""3"":7,""4"":6,""5"":2,""6"":0,""7"":0,""8"":0,""9"":0,""10"":0,""11"":0}"
train,bb50f9be618e_WIN_20260823_21_45_01_Pro_jpg.rf.880ad58190d3916f5fb7e8d2e59b694c.jpg,train,179,WIN_20260823_21_45_01_Pro_jpg.rf.880ad58190d3916f5fb7e8d2e59b694c.jpg,WIN_20260823_21_45_01_Pro.jpg,WIN_20260823_21_45_01_Pro.jpg,bb50f9be618ea775ee16c492aef0404c4a77c5a379fd49f9ce247489d5000d04,640,640,18,"{""0"":0,""1"":0,""2"":0,""3"":0,""4"":0,""5"":0,""6"":9,""7"":7,""8"":2,""9"":0,""10"":0,""11"":0}"
train,881e1e96481f_WIN_20260823_21_45_01_Pro_jpg.rf.e25798b71c43f270cd9aa80ee1170425.jpg,train,448,WIN_20260823_21_45_01_Pro_jpg.rf.e25798b71c43f270cd9aa80ee1170425.jpg,WIN_20260823_21_45_01_Pro.jpg,WIN_20260823_21_45_01_Pro.jpg,881e1e96481f163e9cb7b1140e5aba6998658eaf64ea350954415cad1fc2e858,640,640,18,"{""0"":0,""1"":0,""2"":0,""3"":0,""4"":0,""5"":0,""6"":9,""7"":7,""8"":2,""9"":0,""10"":0,""11"":0}"
train,6cc79fec675b_WIN_20260823_21_45_01_Pro_jpg.rf.793a269692edc6a1ff5c315386011224.jpg,train,584,WIN_20260823_21_45_01_Pro_jpg.rf.793a269692edc6a1ff5c315386011224.jpg,WIN_20260823_21_45_01_Pro.jpg,WIN_20260823_21_45_01_Pro.jpg,6cc79fec675b64e087493e4ffd88e6a9ae8ed91684efb1fc2f640f16b571a05d,640,640,18,"{""0"":0,""1"":0,""2"":0,""3"":0,""4"":0,""5"":0,""6"":9,""7"":7,""8"":2,""9"":0,""10"":0,""11"":0}"
train,b6fc89999784_WIN_20260823_21_45_03_Pro_jpg.rf.ceb3e4ac20749e3fa2ef1ea2702b798f.jpg,train,110,WIN_20260823_21_45_03_Pro_jpg.rf.ceb3e4ac20749e3fa2ef1ea2702b798f.jpg,WIN_20260823_21_45_03_Pro.jpg,WIN_20260823_21_45_03_Pro.jpg,b6fc8999978436d1ced36f37cdc74dd2146ef2b469e0485a6784b967e612aba5,640,640,17,"{""0"":0,""1"":0,""2"":0,""3"":0,""4"":0,""5"":0,""6"":8,""7"":5,""8"":4,""9"":0,""10"":0,""11"":0}"
train,a3f206245412_WIN_20260823_21_45_03_Pro_jpg.rf.81a1d6a55af717c4c5fd040efd7f0417.jpg,train,160,WIN_20260823_21_45_03_Pro_jpg.rf.81a1d6a55af717c4c5fd040efd7f0417.jpg,WIN_20260823_21_45_03_Pro.jpg,WIN_20260823_21_45_03_Pro.jpg,a3f2062454124eb2cbfb78526b714c84e414a7907441a1323ddc46568e921513,640,640,17,"{""0"":0,""1"":0,""2"":0,""3"":0,""4"":0,""5"":0,""6"":8,""7"":5,""8"":4,""9"":0,""10"":0,""11"":0}"
train,468fcc90b497_WIN_20260823_21_45_03_Pro_jpg.rf.2201b58d7bf214c3e0b73b68ff1cc084.jpg,train,344,WIN_20260823_21_45_03_Pro_jpg.rf.2201b58d7bf214c3e0b73b68ff1cc084.jpg,WIN_20260823_21_45_03_Pro.jpg,WIN_20260823_21_45_03_Pro.jpg,468fcc90b497a22e5f8ab63023863344e5eda03ea06a860e74ddaf8936830f2a,640,640,17,"{""0"":0,""1"":0,""2"":0,""3"":0,""4"":0,""5"":0,""6"":8,""7"":5,""8"":4,""9"":0,""10"":0,""11"":0}"
train,17bc34092733_WIN_20260823_21_45_06_Pro_jpg.rf.ca496b1e28245da8f3c7cbf8391357e2.jpg,train,232,WIN_20260823_21_45_06_Pro_jpg.rf.ca496b1e28245da8f3c7cbf8391357e2.jpg,WIN_20260823_21_45_06_Pro.jpg,WIN_20260823_21_45_06_Pro.jpg,17bc340927334e8f2fe86a6db066f3f60dfd99a136c1e48d94eb763e603f1fc1,640,640,0,"{""0"":0,""1"":0,""2"":0,""3"":0,""4"":0,""5"":0,""6"":0,""7"":0,""8"":0,""9"":0,""10"":0,""11"":0}"
train,ffae950061b7_WIN_20260823_21_45_06_Pro_jpg.rf.6cccb37214e1a2a20d2738edb4e49a1b.jpg,train,668,WIN_20260823_21_45_06_Pro_jpg.rf.6cccb37214e1a2a20d2738edb4e49a1b.jpg,WIN_20260823_21_45_06_Pro.jpg,WIN_20260823_21_45_06_Pro.jpg,ffae950061b7e242def6f4da2249e6b1872c8a0afae2974a87b89d848729ab7b,640,640,0,"{""0"":0,""1"":0,""2"":0,""3"":0,""4"":0,""5"":0,""6"":0,""7"":0,""8"":0,""9"":0,""10"":0,""11"":0}"
train,36b9de166302_WIN_20260823_21_45_06_Pro_jpg.rf.175c115e500b670b14015404c5838579.jpg,train,832,WIN_20260823_21_45_06_Pro_jpg.rf.175c115e500b670b14015404c5838579.jpg,WIN_20260823_21_45_06_Pro.jpg,WIN_20260823_21_45_06_Pro.jpg,36b9de166302c9b5b548d8c1b2a54dfd3be9c7356c9e3e3041ab2b7b1ad71960,640,640,0,"{""0"":0,""1"":0,""2"":0,""3"":0,""4"":0,""5"":0,""6"":0,""7"":0,""8"":0,""9"":0,""10"":0,""11"":0}"
train,b4639b90e759_WIN_20260823_21_45_09_Pro_jpg.rf.270469625ef6bac7cf1d13a68b1b9502.jpg,train,248,WIN_20260823_21_45_09_Pro_jpg.rf.270469625ef6bac7cf1d13a68b1b9502.jpg,WIN_20260823_21_45_09_Pro.jpg,WIN_20260823_21_45_09_Pro.jpg,b4639b90e7595848af9162fbe25b551dcdb7291af6c50a861d1db91d12b283b9,640,640,16,"{""0"":0,""1"":0,""2"":0,""3"":0,""4"":0,""5"":0,""6"":9,""7"":4,""8"":3,""9"":0,""10"":0,""11"":0}"
train,475063a5fa0d_WIN_20260823_21_45_09_Pro_jpg.rf.2fd7c3390d17f5a31313b792925e486a.jpg,train,277,WIN_20260823_21_45_09_Pro_jpg.rf.2fd7c3390d17f5a31313b792925e486a.jpg,WIN_20260823_21_45_09_Pro.jpg,WIN_20260823_21_45_09_Pro.jpg,475063a5fa0d106152cb1c75e4f01429a77ac399e3dd072caeea823722c3eb6d,640,640,16,"{""0"":0,""1"":0,""2"":0,""3"":0,""4"":0,""5"":0,""6"":9,""7"":4,""8"":3,""9"":0,""10"":0,""11"":0}"
train,fcaa27c5554c_WIN_20260823_21_45_09_Pro_jpg.rf.fe4588be388b35ed2cc89b013e0f1d71.jpg,train,620,WIN_20260823_21_45_09_Pro_jpg.rf.fe4588be388b35ed2cc89b013e0f1d71.jpg,WIN_20260823_21_45_09_Pro.jpg,WIN_20260823_21_45_09_Pro.jpg,fcaa27c5554c5de942646ff61bf6cefadaef94199060a645502a2382618426d0,640,640,16,"{""0"":0,""1"":0,""2"":0,""3"":0,""4"":0,""5"":0,""6"":9,""7"":4,""8"":3,""9"":0,""10"":0,""11"":0}"
train,a58ab70311a6_WIN_20260823_21_45_10_Pro_jpg.rf.92817fbfaa5c3ae7351dd0e1833ad360.jpg,train,604,WIN_20260823_21_45_10_Pro_jpg.rf.92817fbfaa5c3ae7351dd0e1833ad360.jpg,WIN_20260823_21_45_10_Pro.jpg,WIN_20260823_21_45_10_Pro.jpg,a58ab70311a6a828bd4ca3f1c1b69a4d4b77aef089da7de9a443907f3e21e6b2,640,640,15,"{""0"":0,""1"":0,""2"":0,""3"":0,""4"":0,""5"":0,""6"":9,""7"":4,""8"":2,""9"":0,""10"":0,""11"":0}"
train,cb60f769fb34_WIN_20260823_21_45_10_Pro_jpg.rf.c5cacafc2344c9145eb864b0e7207305.jpg,train,611,WIN_20260823_21_45_10_Pro_jpg.rf.c5cacafc2344c9145eb864b0e7207305.jpg,WIN_20260823_21_45_10_Pro.jpg,WIN_20260823_21_45_10_Pro.jpg,cb60f769fb340686861183c0543251bb00ad31569dc3128485eb0bf57747a448,640,640,15,"{""0"":0,""1"":0,""2"":0,""3"":0,""4"":0,""5"":0,""6"":9,""7"":4,""8"":2,""9"":0,""10"":0,""11"":0}"
train,195b41e82cd8_WIN_20260823_21_45_10_Pro_jpg.rf.b1f4d8e8b32e11d697eb15992b18d264.jpg,train,638,WIN_20260823_21_45_10_Pro_jpg.rf.b1f4d8e8b32e11d697eb15992b18d264.jpg,WIN_20260823_21_45_10_Pro.jpg,WIN_20260823_21_45_10_Pro.jpg,195b41e82cd8797e1d8772c71b5fafa942a2a9e30d818da26d0de6bb3258d78c,640,640,15,"{""0"":0,""1"":0,""2"":0,""3"":0,""4"":0,""5"":0,""6"":9,""7"":4,""8"":2,""9"":0,""10"":0,""11"":0}"
train,a9c8cf263bcc_WIN_20260823_21_45_11_Pro_jpg.rf.01a0867ea638f10c1ffa3acd30d37830.jpg,test,10,WIN_20260823_21_45_11_Pro_jpg.rf.01a0867ea638f10c1ffa3acd30d37830.jpg,WIN_20260823_21_45_11_Pro.jpg,WIN_20260823_21_45_11_Pro.jpg,a9c8cf263bcc09ea65c54141be6f23223e4fa34e5e639231a6f48596c2e0e51b,640,640,16,"{""0"":0,""1"":0,""2"":0,""3"":0,""4"":0,""5"":0,""6"":9,""7"":6,""8"":1,""9"":0,""10"":0,""11"":0}"
train,8e68032a02bd_WIN_20260823_21_50_47_Pro_jpg.rf.0cd296939673c854bf008aa5b802adb4.jpg,train,572,WIN_20260823_21_50_47_Pro_jpg.rf.0cd296939673c854bf008aa5b802adb4.jpg,WIN_20260823_21_50_47_Pro.jpg,WIN_20260823_21_50_47_Pro.jpg,8e68032a02bd3ed60dd18a93c8731106a01f0aa20497137c10b173eb1df1a31e,640,640,10,"{""0"":0,""1"":0,""2"":0,""3"":0,""4"":0,""5"":0,""6"":5,""7"":4,""8"":1,""9"":0,""10"":0,""11"":0}"
train,fd58066c779e_WIN_20260823_21_50_47_Pro_jpg.rf.5e4299e736ba1cb416f29e304502d1c8.jpg,train,647,WIN_20260823_21_50_47_Pro_jpg.rf.5e4299e736ba1cb416f29e304502d1c8.jpg,WIN_20260823_21_50_47_Pro.jpg,WIN_20260823_21_50_47_Pro.jpg,fd58066c779e8d06ceba68b9630a9bf90efc4a1ba6b105343556843f2c55929d,640,640,10,"{""0"":0,""1"":0,""2"":0,""3"":0,""4"":0,""5"":0,""6"":5,""7"":4,""8"":1,""9"":0,""10"":0,""11"":0}"
train,617e4cdc1fdc_WIN_20260823_21_50_47_Pro_jpg.rf.b3780bf924b5b946d0e0c48affaebd56.jpg,train,737,WIN_20260823_21_50_47_Pro_jpg.rf.b3780bf924b5b946d0e0c48affaebd56.jpg,WIN_20260823_21_50_47_Pro.jpg,WIN_20260823_21_50_47_Pro.jpg,617e4cdc1fdcc95b1170d0f6b512ca8cef38b128b36909810c2543edda4fb6af,640,640,10,"{""0"":0,""1"":0,""2"":0,""3"":0,""4"":0,""5"":0,""6"":5,""7"":4,""8"":1,""9"":0,""10"":0,""11"":0}"
train,36f66ee46a71_WIN_20260823_21_50_49_Pro_jpg.rf.150c53dc39e3a7b0367b64ae37b3ffc8.jpg,valid,13,WIN_20260823_21_50_49_Pro_jpg.rf.150c53dc39e3a7b0367b64ae37b3ffc8.jpg,WIN_20260823_21_50_49_Pro.jpg,WIN_20260823_21_50_49_Pro.jpg,36f66ee46a71d4f59402dc35f991085c75c9c065e190f40f99f983516c0d2302,640,640,12,"{""0"":0,""1"":0,""2"":0,""3"":0,""4"":0,""5"":1,""6"":4,""7"":4,""8"":3,""9"":0,""10"":0,""11"":0}"
train,009dda3ea1b2_WIN_20260823_21_50_52_Pro_jpg.rf.a1a3f8ad930b92edb4dcfdaecf7a5d4b.jpg,train,522,WIN_20260823_21_50_52_Pro_jpg.rf.a1a3f8ad930b92edb4dcfdaecf7a5d4b.jpg,WIN_20260823_21_50_52_Pro.jpg,WIN_20260823_21_50_52_Pro.jpg,009dda3ea1b279b896ab0302cfb4fc19edb8c15d96dc6f35755d24488e8cfe7f,640,640,11,"{""0"":0,""1"":0,""2"":0,""3"":0,""4"":0,""5"":0,""6"":5,""7"":4,""8"":2,""9"":0,""10"":0,""11"":0}"
train,a8676fe8ebaa_WIN_20260823_21_50_52_Pro_jpg.rf.0ecbdb0291765d8f47e7dcd7f46147bb.jpg,train,752,WIN_20260823_21_50_52_Pro_jpg.rf.0ecbdb0291765d8f47e7dcd7f46147bb.jpg,WIN_20260823_21_50_52_Pro.jpg,WIN_20260823_21_50_52_Pro.jpg,a8676fe8ebaa2dc71580eabe98984156c551a7a9e3efc7d3a398b3d9a2daa2ca,640,640,11,"{""0"":0,""1"":0,""2"":0,""3"":0,""4"":0,""5"":0,""6"":5,""7"":4,""8"":2,""9"":0,""10"":0,""11"":0}"
train,2e63a3067864_WIN_20260823_21_50_52_Pro_jpg.rf.bfe330fabe701a1d8407acbe699cb410.jpg,train,849,WIN_20260823_21_50_52_Pro_jpg.rf.bfe330fabe701a1d8407acbe699cb410.jpg,WIN_20260823_21_50_52_Pro.jpg,WIN_20260823_21_50_52_Pro.jpg,2e63a30678643cb3d53e54d52efe20d8959d12645f3b5ec0d95786a8c4b8ee1d,640,640,11,"{""0"":0,""1"":0,""2"":0,""3"":0,""4"":0,""5"":0,""6"":5,""7"":4,""8"":2,""9"":0,""10"":0,""11"":0}"
train,565231710ca9_WIN_20260823_21_50_56_Pro_jpg.rf.330500372d99a2a5afcd262696f42fae.jpg,test,6,WIN_20260823_21_50_56_Pro_jpg.rf.330500372d99a2a5afcd262696f42fae.jpg,WIN_20260823_21_50_56_Pro.jpg,WIN_20260823_21_50_56_Pro.jpg,565231710ca94fae4ed0ef3fae75d2b1b547d5c279c71d86144555af03b01b84,640,640,9,"{""0"":0,""1"":0,""2"":0,""3"":0,""4"":0,""5"":0,""6"":4,""7"":2,""8"":3,""9"":0,""10"":0,""11"":0}"
train,632b8e847bf8_WIN_20260823_21_50_59_Pro_jpg.rf.bb66a3cdfec04ae9b010c6f52d931350.jpg,valid,11,WIN_20260823_21_50_59_Pro_jpg.rf.bb66a3cdfec04ae9b010c6f52d931350.jpg,WIN_20260823_21_50_59_Pro.jpg,WIN_20260823_21_50_59_Pro.jpg,632b8e847bf879270e3b1bb699ffc734a16609e0a7e378fe52e12c2a824ecdb0,640,640,11,"{""0"":0,""1"":0,""2"":0,""3"":0,""4"":0,""5"":0,""6"":5,""7"":5,""8"":1,""9"":0,""10"":0,""11"":0}"
train,435dce32e117_WIN_20260823_21_51_00_Pro_jpg.rf.af1cc59c306e028e7e44ea378136aefd.jpg,train,118,WIN_20260823_21_51_00_Pro_jpg.rf.af1cc59c306e028e7e44ea378136aefd.jpg,WIN_20260823_21_51_00_Pro.jpg,WIN_20260823_21_51_00_Pro.jpg,435dce32e1172964ed3eb3318f22e00ffaa33b0fc346cc5d740397c83db8d638,640,640,10,"{""0"":0,""1"":0,""2"":0,""3"":0,""4"":0,""5"":0,""6"":5,""7"":4,""8"":1,""9"":0,""10"":0,""11"":0}"
train,777bbe32dda4_WIN_20260823_21_51_00_Pro_jpg.rf.95ef9fddc97b3a00f99e45aac8382a21.jpg,train,417,WIN_20260823_21_51_00_Pro_jpg.rf.95ef9fddc97b3a00f99e45aac8382a21.jpg,WIN_20260823_21_51_00_Pro.jpg,WIN_20260823_21_51_00_Pro.jpg,777bbe32dda4b46981da23376df19c2be3554da98f811ef944646680f725ec84,640,640,10,"{""0"":0,""1"":0,""2"":0,""3"":0,""4"":0,""5"":0,""6"":5,""7"":4,""8"":1,""9"":0,""10"":0,""11"":0}"
train,df7a9db7ed81_WIN_20260823_21_51_00_Pro_jpg.rf.493e99357a3babc117ff11f2e140e3c7.jpg,train,590,WIN_20260823_21_51_00_Pro_jpg.rf.493e99357a3babc117ff11f2e140e3c7.jpg,WIN_20260823_21_51_00_Pro.jpg,WIN_20260823_21_51_00_Pro.jpg,df7a9db7ed818ce3ee037d95122a7be4aefe73f20bd6aad0f3371bac0864663c,640,640,10,"{""0"":0,""1"":0,""2"":0,""3"":0,""4"":0,""5"":0,""6"":5,""7"":4,""8"":1,""9"":0,""10"":0,""11"":0}"
train,a693215bb968_WIN_20260823_21_51_01_Pro_jpg.rf.2d32ee78b83b1fea4fa30cac60d7582e.jpg,train,494,WIN_20260823_21_51_01_Pro_jpg.rf.2d32ee78b83b1fea4fa30cac60d7582e.jpg,WIN_20260823_21_51_01_Pro.jpg,WIN_20260823_21_51_01_Pro.jpg,a693215bb96840f6f3de980373336a8e6c36592230d0918860e45c508ae2c9e8,640,640,10,"{""0"":0,""1"":0,""2"":0,""3"":0,""4"":0,""5"":0,""6"":4,""7"":4,""8"":2,""9"":0,""10"":0,""11"":0}"
train,ac36d0cb8a2b_WIN_20260823_21_51_01_Pro_jpg.rf.ff1318288eb8e67fdcd8860944712cd1.jpg,train,669,WIN_20260823_21_51_01_Pro_jpg.rf.ff1318288eb8e67fdcd8860944712cd1.jpg,WIN_20260823_21_51_01_Pro.jpg,WIN_20260823_21_51_01_Pro.jpg,ac36d0cb8a2b472e6335c20ad01d7d8d57313646602b5622589b7f11b51237d3,640,640,10,"{""0"":0,""1"":0,""2"":0,""3"":0,""4"":0,""5"":0,""6"":4,""7"":4,""8"":2,""9"":0,""10"":0,""11"":0}"
train,9584fa0a1584_WIN_20260823_21_51_01_Pro_jpg.rf.00241c3dfb3f5a0f37e5b9158f3debc5.jpg,train,81,WIN_20260823_21_51_01_Pro_jpg.rf.00241c3dfb3f5a0f37e5b9158f3debc5.jpg,WIN_20260823_21_51_01_Pro.jpg,WIN_20260823_21_51_01_Pro.jpg,9584fa0a1584730cf51f764b881e45c5dbe0c136942bd4f2cb4aff508254ea79,640,640,10,"{""0"":0,""1"":0,""2"":0,""3"":0,""4"":0,""5"":0,""6"":4,""7"":4,""8"":2,""9"":0,""10"":0,""11"":0}"
train,84902c3f0a8d_WIN_20260823_21_51_06_Pro_jpg.rf.9eb7e4f502be70a6654ae2de16e2c415.jpg,valid,22,WIN_20260823_21_51_06_Pro_jpg.rf.9eb7e4f502be70a6654ae2de16e2c415.jpg,WIN_20260823_21_51_06_Pro.jpg,WIN_20260823_21_51_06_Pro.jpg,84902c3f0a8d8c4c8b86d00e4bd0e5e7e3ca717472e346dee7bc02c06e1b71ad,640,640,8,"{""0"":0,""1"":0,""2"":0,""3"":0,""4"":0,""5"":0,""6"":4,""7"":3,""8"":1,""9"":0,""10"":0,""11"":0}"
train,bbee870c2fda_WIN_20260823_21_51_11_Pro_jpg.rf.72a5e1a95afbe53e40c10f7a531fb2b8.jpg,train,166,WIN_20260823_21_51_11_Pro_jpg.rf.72a5e1a95afbe53e40c10f7a531fb2b8.jpg,WIN_20260823_21_51_11_Pro.jpg,WIN_20260823_21_51_11_Pro.jpg,bbee870c2fdaca05b70b7dfa7f9230b62de53d1fd8cc397910cec4d23f1179f4,640,640,8,"{""0"":0,""1"":0,""2"":0,""3"":0,""4"":0,""5"":0,""6"":4,""7"":3,""8"":1,""9"":0,""10"":0,""11"":0}"
train,78f0af9eb1d1_WIN_20260823_21_51_11_Pro_jpg.rf.18c222ed20db4c2cd91f6d76f43ecbcb.jpg,train,407,WIN_20260823_21_51_11_Pro_jpg.rf.18c222ed20db4c2cd91f6d76f43ecbcb.jpg,WIN_20260823_21_51_11_Pro.jpg,WIN_20260823_21_51_11_Pro.jpg,78f0af9eb1d114e015264c75146b494b28d93915d035e7a66422d7fd7b684101,640,640,8,"{""0"":0,""1"":0,""2"":0,""3"":0,""4"":0,""5"":0,""6"":4,""7"":3,""8"":1,""9"":0,""10"":0,""11"":0}"
train,be937c8f382a_WIN_20260823_21_51_11_Pro_jpg.rf.f16fd76540a0cb44c7c7c2c49c1100e1.jpg,train,95,WIN_20260823_21_51_11_Pro_jpg.rf.f16fd76540a0cb44c7c7c2c49c1100e1.jpg,WIN_20260823_21_51_11_Pro.jpg,WIN_20260823_21_51_11_Pro.jpg,be937c8f382a52e39cbc99d42144f6e029f437c1e3e5d91e12c42fbb3b4aeece,640,640,8,"{""0"":0,""1"":0,""2"":0,""3"":0,""4"":0,""5"":0,""6"":4,""7"":3,""8"":1,""9"":0,""10"":0,""11"":0}"
train,d92fb87d85e8_WIN_20260823_21_51_13_Pro_jpg.rf.64d93c7aa9a922ef1a9cac067e1f6080.jpg,valid,5,WIN_20260823_21_51_13_Pro_jpg.rf.64d93c7aa9a922ef1a9cac067e1f6080.jpg,WIN_20260823_21_51_13_Pro.jpg,WIN_20260823_21_51_13_Pro.jpg,d92fb87d85e8cfe99f27d1974a83146e6551eeae85ce02ef003977eed929045d,640,640,10,"{""0"":0,""1"":0,""2"":0,""3"":0,""4"":0,""5"":0,""6"":4,""7"":4,""8"":2,""9"":0,""10"":0,""11"":0}"
train,cfd088dff941_WIN_20260823_21_51_14_Pro_jpg.rf.6e3f0560f91ca7dc02675d0b12538c00.jpg,train,56,WIN_20260823_21_51_14_Pro_jpg.rf.6e3f0560f91ca7dc02675d0b12538c00.jpg,WIN_20260823_21_51_14_Pro.jpg,WIN_20260823_21_51_14_Pro.jpg,cfd088dff9417ecb2e420f61bd6712a717e56c130e2867d530a9fea3a7165901,640,640,9,"{""0"":0,""1"":0,""2"":0,""3"":0,""4"":0,""5"":0,""6"":4,""7"":4,""8"":1,""9"":0,""10"":0,""11"":0}"
train,af8de53245e1_WIN_20260823_21_51_14_Pro_jpg.rf.5c622d4992187e2cb561724739154729.jpg,train,601,WIN_20260823_21_51_14_Pro_jpg.rf.5c622d4992187e2cb561724739154729.jpg,WIN_20260823_21_51_14_Pro.jpg,WIN_20260823_21_51_14_Pro.jpg,af8de53245e1ab914db077bec3d1dcdb5131c6c9cf19dd7357bfc6c260fa4b87,640,640,9,"{""0"":0,""1"":0,""2"":0,""3"":0,""4"":0,""5"":0,""6"":4,""7"":4,""8"":1,""9"":0,""10"":0,""11"":0}"
train,1347dc303525_WIN_20260823_21_51_14_Pro_jpg.rf.2440614d2f85b849c026d2bcbc9a1159.jpg,train,670,WIN_20260823_21_51_14_Pro_jpg.rf.2440614d2f85b849c026d2bcbc9a1159.jpg,WIN_20260823_21_51_14_Pro.jpg,WIN_20260823_21_51_14_Pro.jpg,1347dc303525c618ea0a1455d6941230f6333f420c7995bb71808c836f273469,640,640,9,"{""0"":0,""1"":0,""2"":0,""3"":0,""4"":0,""5"":0,""6"":4,""7"":4,""8"":1,""9"":0,""10"":0,""11"":0}"
train,e6541871edcb_WIN_20260823_21_51_21_Pro_jpg.rf.0d65208068f28368648f98c2d8d5f5e9.jpg,train,121,WIN_20260823_21_51_21_Pro_jpg.rf.0d65208068f28368648f98c2d8d5f5e9.jpg,WIN_20260823_21_51_21_Pro.jpg,WIN_20260823_21_51_21_Pro.jpg,e6541871edcb4df1385d15498025ae0ab47b2ea2c02e6399fa89d4f101db1f3b,640,640,16,"{""0"":0,""1"":0,""2"":0,""3"":0,""4"":0,""5"":0,""6"":6,""7"":6,""8"":4,""9"":0,""10"":0,""11"":0}"
train,ecc175313c04_WIN_20260823_21_51_21_Pro_jpg.rf.b1e49cb833a909dc8e6a40b97711d1f6.jpg,train,444,WIN_20260823_21_51_21_Pro_jpg.rf.b1e49cb833a909dc8e6a40b97711d1f6.jpg,WIN_20260823_21_51_21_Pro.jpg,WIN_20260823_21_51_21_Pro.jpg,ecc175313c0421f8371dfbc90ce6f0750ff83ed9000b86682bc615ebcba263c8,640,640,16,"{""0"":0,""1"":0,""2"":0,""3"":0,""4"":0,""5"":0,""6"":6,""7"":6,""8"":4,""9"":0,""10"":0,""11"":0}"
train,bb34a0716b09_WIN_20260823_21_51_21_Pro_jpg.rf.6b74b4cd7e5c5337a4bf1eadea6a638c.jpg,train,525,WIN_20260823_21_51_21_Pro_jpg.rf.6b74b4cd7e5c5337a4bf1eadea6a638c.jpg,WIN_20260823_21_51_21_Pro.jpg,WIN_20260823_21_51_21_Pro.jpg,bb34a0716b09d4ad23373d29d241c0ba58dc80910897ddd010cea90a3dcea598,640,640,16,"{""0"":0,""1"":0,""2"":0,""3"":0,""4"":0,""5"":0,""6"":6,""7"":6,""8"":4,""9"":0,""10"":0,""11"":0}"
train,ab6d3e1746b1_WIN_20260823_21_51_23_Pro_jpg.rf.c6fb2129bd574902d53fd53b1de9de8b.jpg,train,176,WIN_20260823_21_51_23_Pro_jpg.rf.c6fb2129bd574902d53fd53b1de9de8b.jpg,WIN_20260823_21_51_23_Pro.jpg,WIN_20260823_21_51_23_Pro.jpg,ab6d3e1746b120c1aa7792dd65ef9e2bd9a0031f64ad9efb21b386b3020b59ca,640,640,14,"{""0"":0,""1"":0,""2"":0,""3"":0,""4"":0,""5"":0,""6"":5,""7"":7,""8"":2,""9"":0,""10"":0,""11"":0}"
train,26e0bcc5cef9_WIN_20260823_21_51_23_Pro_jpg.rf.6bcc87857605fad462528f7d6bc08adf.jpg,train,240,WIN_20260823_21_51_23_Pro_jpg.rf.6bcc87857605fad462528f7d6bc08adf.jpg,WIN_20260823_21_51_23_Pro.jpg,WIN_20260823_21_51_23_Pro.jpg,26e0bcc5cef9e43db72ff7d5afd1ceadc6493d11bb5bef6770ab755ecd09780c,640,640,14,"{""0"":0,""1"":0,""2"":0,""3"":0,""4"":0,""5"":0,""6"":5,""7"":7,""8"":2,""9"":0,""10"":0,""11"":0}"
train,64b962fdb2dd_WIN_20260823_21_51_23_Pro_jpg.rf.dee5b1bc2839e9f59d55f33e908df86a.jpg,train,445,WIN_20260823_21_51_23_Pro_jpg.rf.dee5b1bc2839e9f59d55f33e908df86a.jpg,WIN_20260823_21_51_23_Pro.jpg,WIN_20260823_21_51_23_Pro.jpg,64b962fdb2dd09cf69988ca5b1aa4d072512085d13c067ca6232dbe256bed5e5,640,640,14,"{""0"":0,""1"":0,""2"":0,""3"":0,""4"":0,""5"":0,""6"":5,""7"":7,""8"":2,""9"":0,""10"":0,""11"":0}"
train,92236e7f3b62_WIN_20260823_22_03_43_Pro_jpg.rf.990264c4c7cb9de1b302720f1b83b016.jpg,test,5,WIN_20260823_22_03_43_Pro_jpg.rf.990264c4c7cb9de1b302720f1b83b016.jpg,WIN_20260823_22_03_43_Pro.jpg,WIN_20260823_22_03_43_Pro.jpg,92236e7f3b62707e1f3fabcf851b04f091381ed2d844ec35eb9398f9aa9a5a33,640,640,19,"{""0"":0,""1"":0,""2"":0,""3"":0,""4"":0,""5"":0,""6"":10,""7"":5,""8"":4,""9"":0,""10"":0,""11"":0}"
train,4a482aff8431_WIN_20260823_22_03_45_Pro_jpg.rf.91366fccd7b13d49fa582c4d44c10109.jpg,valid,28,WIN_20260823_22_03_45_Pro_jpg.rf.91366fccd7b13d49fa582c4d44c10109.jpg,WIN_20260823_22_03_45_Pro.jpg,WIN_20260823_22_03_45_Pro.jpg,4a482aff8431be90357add777f8eb03eee71cd9b321e8703a743a35f10cbd0ec,640,640,18,"{""0"":0,""1"":0,""2"":0,""3"":0,""4"":0,""5"":0,""6"":7,""7"":5,""8"":6,""9"":0,""10"":0,""11"":0}"
train,1ccceb29927f_WIN_20260823_22_04_21_Pro_jpg.rf.13f977420e444764f3842771b1561ead.jpg,train,102,WIN_20260823_22_04_21_Pro_jpg.rf.13f977420e444764f3842771b1561ead.jpg,WIN_20260823_22_04_21_Pro.jpg,WIN_20260823_22_04_21_Pro.jpg,1ccceb29927ff09da97c0d9d82b3062bb65ba7a5e77da2c5fb68a5e571492262,640,640,19,"{""0"":0,""1"":0,""2"":0,""3"":0,""4"":0,""5"":0,""6"":8,""7"":5,""8"":6,""9"":0,""10"":0,""11"":0}"
train,b30ca9087cbc_WIN_20260823_22_04_21_Pro_jpg.rf.5d935e63f527ef4773e0714a2b40828b.jpg,train,215,WIN_20260823_22_04_21_Pro_jpg.rf.5d935e63f527ef4773e0714a2b40828b.jpg,WIN_20260823_22_04_21_Pro.jpg,WIN_20260823_22_04_21_Pro.jpg,b30ca9087cbced3068de25cd52a6554e49f642baf7f1dc13df4232ca4f8f90b8,640,640,19,"{""0"":0,""1"":0,""2"":0,""3"":0,""4"":0,""5"":0,""6"":8,""7"":5,""8"":6,""9"":0,""10"":0,""11"":0}"
train,2e61d9b533ff_WIN_20260823_22_04_21_Pro_jpg.rf.89a4b1c192bd6053732109bd904290f9.jpg,train,82,WIN_20260823_22_04_21_Pro_jpg.rf.89a4b1c192bd6053732109bd904290f9.jpg,WIN_20260823_22_04_21_Pro.jpg,WIN_20260823_22_04_21_Pro.jpg,2e61d9b533ff7a1df70b0f6d9df7b8a03e04c1eb8bd16445204997827f922229,640,640,19,"{""0"":0,""1"":0,""2"":0,""3"":0,""4"":0,""5"":0,""6"":8,""7"":5,""8"":6,""9"":0,""10"":0,""11"":0}"
train,ec1be3ff6469_WIN_20260823_22_04_23_Pro_jpg.rf.08fcefb1bc6e3814ab33fd9d5f647593.jpg,train,630,WIN_20260823_22_04_23_Pro_jpg.rf.08fcefb1bc6e3814ab33fd9d5f647593.jpg,WIN_20260823_22_04_23_Pro.jpg,WIN_20260823_22_04_23_Pro.jpg,ec1be3ff6469283a885622bcdc215f093beaa5ed75fd3c1fa84e6bedc00a9ee7,640,640,21,"{""0"":0,""1"":0,""2"":0,""3"":0,""4"":0,""5"":0,""6"":8,""7"":6,""8"":7,""9"":0,""10"":0,""11"":0}"
train,40cdaf8988ad_WIN_20260823_22_04_23_Pro_jpg.rf.24bcf5a754c9eb42ce72d232b33ea175.jpg,train,745,WIN_20260823_22_04_23_Pro_jpg.rf.24bcf5a754c9eb42ce72d232b33ea175.jpg,WIN_20260823_22_04_23_Pro.jpg,WIN_20260823_22_04_23_Pro.jpg,40cdaf8988ad3e6115f5cba6833c9ac54abe3303afb3e8124a8f9430759948ea,640,640,21,"{""0"":0,""1"":0,""2"":0,""3"":0,""4"":0,""5"":0,""6"":8,""7"":6,""8"":7,""9"":0,""10"":0,""11"":0}"
train,15cd59ac0f97_WIN_20260823_22_04_23_Pro_jpg.rf.0caf1a770eee8e77c0a0e539233a518d.jpg,train,771,WIN_20260823_22_04_23_Pro_jpg.rf.0caf1a770eee8e77c0a0e539233a518d.jpg,WIN_20260823_22_04_23_Pro.jpg,WIN_20260823_22_04_23_Pro.jpg,15cd59ac0f971f90f9697865668225a966a4414273706a97221e6598e863e7be,640,640,21,"{""0"":0,""1"":0,""2"":0,""3"":0,""4"":0,""5"":0,""6"":8,""7"":6,""8"":7,""9"":0,""10"":0,""11"":0}"
train,506308fa8f02_WIN_20260823_22_04_41_Pro_jpg.rf.8addb71a96bf0b12cc2e4554329ef8b6.jpg,train,318,WIN_20260823_22_04_41_Pro_jpg.rf.8addb71a96bf0b12cc2e4554329ef8b6.jpg,WIN_20260823_22_04_41_Pro.jpg,WIN_20260823_22_04_41_Pro.jpg,506308fa8f02d3a669245f5c98240dfeab4232995c8f00e81efa2ef0b6ee27e0,640,640,10,"{""0"":0,""1"":0,""2"":0,""3"":0,""4"":0,""5"":0,""6"":7,""7"":3,""8"":0,""9"":0,""10"":0,""11"":0}"
train,4a3049e4190f_WIN_20260823_22_04_41_Pro_jpg.rf.e166fdd77e9b06a34784793d18081300.jpg,train,694,WIN_20260823_22_04_41_Pro_jpg.rf.e166fdd77e9b06a34784793d18081300.jpg,WIN_20260823_22_04_41_Pro.jpg,WIN_20260823_22_04_41_Pro.jpg,4a3049e4190fc544c9ff349f2148a722444e5fab0e7c1e680c3e918d1196d674,640,640,10,"{""0"":0,""1"":0,""2"":0,""3"":0,""4"":0,""5"":0,""6"":7,""7"":3,""8"":0,""9"":0,""10"":0,""11"":0}"
train,961e3b6056c9_WIN_20260823_22_04_41_Pro_jpg.rf.c4c5d6d6b6cc3f7faeb466e54fdf2ae7.jpg,train,813,WIN_20260823_22_04_41_Pro_jpg.rf.c4c5d6d6b6cc3f7faeb466e54fdf2ae7.jpg,WIN_20260823_22_04_41_Pro.jpg,WIN_20260823_22_04_41_Pro.jpg,961e3b6056c93bf7ff561e67d07fc7ba169e7a1c60aae493c7982a49b4c75668,640,640,10,"{""0"":0,""1"":0,""2"":0,""3"":0,""4"":0,""5"":0,""6"":7,""7"":3,""8"":0,""9"":0,""10"":0,""11"":0}"
train,3998bd09d018_WIN_20260823_22_04_49_Pro_jpg.rf.b8fd842aa5e623b9375b65511d3e7263.jpg,valid,6,WIN_20260823_22_04_49_Pro_jpg.rf.b8fd842aa5e623b9375b65511d3e7263.jpg,WIN_20260823_22_04_49_Pro.jpg,WIN_20260823_22_04_49_Pro.jpg,3998bd09d0183744ffb037bf954294ae2c77aec0ebf57cf06a56566553b29de0,640,640,10,"{""0"":0,""1"":0,""2"":0,""3"":0,""4"":0,""5"":0,""6"":7,""7"":3,""8"":0,""9"":0,""10"":0,""11"":0}"
train,70db34a0702c_WIN_20260823_22_04_57_Pro_jpg.rf.54bb772e617e6b1ed8e3b466f6a6cb71.jpg,train,113,WIN_20260823_22_04_57_Pro_jpg.rf.54bb772e617e6b1ed8e3b466f6a6cb71.jpg,WIN_20260823_22_04_57_Pro.jpg,WIN_20260823_22_04_57_Pro.jpg,70db34a0702c73069fa0f592e9e039cdd826c374f7f85916a443e35c391299bf,640,640,19,"{""0"":0,""1"":0,""2"":0,""3"":0,""4"":0,""5"":0,""6"":9,""7"":6,""8"":4,""9"":0,""10"":0,""11"":0}"
train,0b0b03613630_WIN_20260823_22_04_57_Pro_jpg.rf.3f59bb1dd5063d548219a449fc558a7e.jpg,train,675,WIN_20260823_22_04_57_Pro_jpg.rf.3f59bb1dd5063d548219a449fc558a7e.jpg,WIN_20260823_22_04_57_Pro.jpg,WIN_20260823_22_04_57_Pro.jpg,0b0b03613630179c15b22b0dadf703f41832fe757da10206faa2961075cf5ec0,640,640,19,"{""0"":0,""1"":0,""2"":0,""3"":0,""4"":0,""5"":0,""6"":9,""7"":6,""8"":4,""9"":0,""10"":0,""11"":0}"
train,b80e6d7ab934_WIN_20260823_22_05_00_Pro_jpg.rf.97ddae544cc5eb74743f0015ee89012d.jpg,train,389,WIN_20260823_22_05_00_Pro_jpg.rf.97ddae544cc5eb74743f0015ee89012d.jpg,WIN_20260823_22_05_00_Pro.jpg,WIN_20260823_22_05_00_Pro.jpg,b80e6d7ab934f9a4466398226bc8ffeecd177562be0d0aa26f87efc800c8b2cf,640,640,17,"{""0"":0,""1"":0,""2"":0,""3"":0,""4"":0,""5"":0,""6"":6,""7"":7,""8"":4,""9"":0,""10"":0,""11"":0}"
train,9ed05c43b73c_WIN_20260823_22_05_00_Pro_jpg.rf.ff095430f5f27d8220d108c8d82d5550.jpg,train,725,WIN_20260823_22_05_00_Pro_jpg.rf.ff095430f5f27d8220d108c8d82d5550.jpg,WIN_20260823_22_05_00_Pro.jpg,WIN_20260823_22_05_00_Pro.jpg,9ed05c43b73c44a11cdcc8e3c664c57447ea4e9b4bd93924ee6785b4c4c4edd1,640,640,17,"{""0"":0,""1"":0,""2"":0,""3"":0,""4"":0,""5"":0,""6"":6,""7"":7,""8"":4,""9"":0,""10"":0,""11"":0}"
train,c3a84217c340_WIN_20260823_22_05_00_Pro_jpg.rf.bcd6279d5f4a97091885241a55fcc1b2.jpg,train,779,WIN_20260823_22_05_00_Pro_jpg.rf.bcd6279d5f4a97091885241a55fcc1b2.jpg,WIN_20260823_22_05_00_Pro.jpg,WIN_20260823_22_05_00_Pro.jpg,c3a84217c34069e916f0f0f51556019ba275f0b53c4ac2c949327360444f609c,640,640,17,"{""0"":0,""1"":0,""2"":0,""3"":0,""4"":0,""5"":0,""6"":6,""7"":7,""8"":4,""9"":0,""10"":0,""11"":0}"
train,fd29c36d5dcb_WIN_20260823_22_05_22_Pro_jpg.rf.1edfc95d1a9e8f7be47ee98daeaed5eb.jpg,train,328,WIN_20260823_22_05_22_Pro_jpg.rf.1edfc95d1a9e8f7be47ee98daeaed5eb.jpg,WIN_20260823_22_05_22_Pro.jpg,WIN_20260823_22_05_22_Pro.jpg,fd29c36d5dcb529e5c799d4372e15b808b96a05c90e24b19c31001e467a91714,640,640,16,"{""0"":0,""1"":0,""2"":0,""3"":0,""4"":0,""5"":0,""6"":9,""7"":5,""8"":2,""9"":0,""10"":0,""11"":0}"
train,ee6fc7fd5867_WIN_20260823_22_05_22_Pro_jpg.rf.72cf7bf456bb06c69cd006720776d272.jpg,train,474,WIN_20260823_22_05_22_Pro_jpg.rf.72cf7bf456bb06c69cd006720776d272.jpg,WIN_20260823_22_05_22_Pro.jpg,WIN_20260823_22_05_22_Pro.jpg,ee6fc7fd5867a2e49d0ed7d474f82b0c7341d45c54dc41cebc14a22bbb3baa02,640,640,16,"{""0"":0,""1"":0,""2"":0,""3"":0,""4"":0,""5"":0,""6"":9,""7"":5,""8"":2,""9"":0,""10"":0,""11"":0}"
train,8a513ef4c41b_WIN_20260823_22_05_22_Pro_jpg.rf.4b41b7fabbd60370495a4db5f944fe64.jpg,train,517,WIN_20260823_22_05_22_Pro_jpg.rf.4b41b7fabbd60370495a4db5f944fe64.jpg,WIN_20260823_22_05_22_Pro.jpg,WIN_20260823_22_05_22_Pro.jpg,8a513ef4c41b7645b28c4c3d16361751d1f023b3e0ccfbb889febcb061afdd23,640,640,16,"{""0"":0,""1"":0,""2"":0,""3"":0,""4"":0,""5"":0,""6"":9,""7"":5,""8"":2,""9"":0,""10"":0,""11"":0}"
train,0b56edbd7754_WIN_20260823_22_06_48_Pro_jpg.rf.54189a85a4967b0c005a203ec19c9d51.jpg,train,13,WIN_20260823_22_06_48_Pro_jpg.rf.54189a85a4967b0c005a203ec19c9d51.jpg,WIN_20260823_22_06_48_Pro.jpg,WIN_20260823_22_06_48_Pro.jpg,0b56edbd77547b3ca692c7e51b1a2b8fa6fc37c65d0adf756dc693b06af074cc,640,640,19,"{""0"":0,""1"":0,""2"":0,""3"":0,""4"":0,""5"":0,""6"":8,""7"":9,""8"":2,""9"":0,""10"":0,""11"":0}"
train,b2d0756903f0_WIN_20260823_22_06_48_Pro_jpg.rf.99182bbfbbd87248eebf67c2afbe790a.jpg,train,578,WIN_20260823_22_06_48_Pro_jpg.rf.99182bbfbbd87248eebf67c2afbe790a.jpg,WIN_20260823_22_06_48_Pro.jpg,WIN_20260823_22_06_48_Pro.jpg,b2d0756903f00be2067fa0c55d083991b8019fc91f51005792c4b49601ba1336,640,640,19,"{""0"":0,""1"":0,""2"":0,""3"":0,""4"":0,""5"":0,""6"":8,""7"":9,""8"":2,""9"":0,""10"":0,""11"":0}"
train,da2a9808b341_WIN_20260823_22_06_48_Pro_jpg.rf.f717eb6868dcc45fd982c2daff4a254f.jpg,train,798,WIN_20260823_22_06_48_Pro_jpg.rf.f717eb6868dcc45fd982c2daff4a254f.jpg,WIN_20260823_22_06_48_Pro.jpg,WIN_20260823_22_06_48_Pro.jpg,da2a9808b34137d83dcf1e12b153159fa1250399d0dcd2be7a7a130628783f54,640,640,19,"{""0"":0,""1"":0,""2"":0,""3"":0,""4"":0,""5"":0,""6"":8,""7"":9,""8"":2,""9"":0,""10"":0,""11"":0}"
train,56cbc14b3456_WIN_20260823_22_08_28_Pro_jpg.rf.c75f01586cbfedb02cf19594d26d813e.jpg,test,0,WIN_20260823_22_08_28_Pro_jpg.rf.c75f01586cbfedb02cf19594d26d813e.jpg,WIN_20260823_22_08_28_Pro.jpg,WIN_20260823_22_08_28_Pro.jpg,56cbc14b34562b7162babe6e30e35d8a782efd1fe0420769711ddca55a88f7bd,640,640,12,"{""0"":0,""1"":0,""2"":0,""3"":0,""4"":0,""5"":0,""6"":6,""7"":4,""8"":2,""9"":0,""10"":0,""11"":0}"
train,218bc18eb647_WIN_20260823_22_08_55_Pro_jpg.rf.9c478d909ad955d9230a2d97426d3ca4.jpg,valid,12,WIN_20260823_22_08_55_Pro_jpg.rf.9c478d909ad955d9230a2d97426d3ca4.jpg,WIN_20260823_22_08_55_Pro.jpg,WIN_20260823_22_08_55_Pro.jpg,218bc18eb64773bbc1bc5c06580e8325bad7e4cc551934b10dd19efe5596ba64,640,640,15,"{""0"":0,""1"":0,""2"":0,""3"":0,""4"":0,""5"":0,""6"":7,""7"":4,""8"":4,""9"":0,""10"":0,""11"":0}"
train,b81cbb7c0f1f_WIN_20260823_22_09_38_Pro_jpg.rf.452e47250fd3bda00ee5a4a00971dcee.jpg,train,162,WIN_20260823_22_09_38_Pro_jpg.rf.452e47250fd3bda00ee5a4a00971dcee.jpg,WIN_20260823_22_09_38_Pro.jpg,WIN_20260823_22_09_38_Pro.jpg,b81cbb7c0f1f1e55b2376260ca10061b38bf8ac625870eeaa201ebbe21eb2de4,640,640,11,"{""0"":0,""1"":0,""2"":0,""3"":0,""4"":0,""5"":0,""6"":5,""7"":3,""8"":3,""9"":0,""10"":0,""11"":0}"
train,8f332bd4a8a8_WIN_20260823_22_09_38_Pro_jpg.rf.dc6619e9be1f486e6de07adbf682f989.jpg,train,608,WIN_20260823_22_09_38_Pro_jpg.rf.dc6619e9be1f486e6de07adbf682f989.jpg,WIN_20260823_22_09_38_Pro.jpg,WIN_20260823_22_09_38_Pro.jpg,8f332bd4a8a8aa1aed83f925e96fb47d77392c88ba47255542354b7409a68c4b,640,640,11,"{""0"":0,""1"":0,""2"":0,""3"":0,""4"":0,""5"":0,""6"":5,""7"":3,""8"":3,""9"":0,""10"":0,""11"":0}"
train,506a3af5829e_WIN_20260823_22_09_38_Pro_jpg.rf.4cd78a07fe56250ee422ec3d189c509a.jpg,train,676,WIN_20260823_22_09_38_Pro_jpg.rf.4cd78a07fe56250ee422ec3d189c509a.jpg,WIN_20260823_22_09_38_Pro.jpg,WIN_20260823_22_09_38_Pro.jpg,506a3af5829e284cb1a9644af079252deb0bed9b7fc0725c142cbad4f0a09fe6,640,640,11,"{""0"":0,""1"":0,""2"":0,""3"":0,""4"":0,""5"":0,""6"":5,""7"":3,""8"":3,""9"":0,""10"":0,""11"":0}"
train,51fc3b5e8840_WIN_20260823_22_09_52_Pro_jpg.rf.f756dad30f4eaab3d8f1e97800981dd0.jpg,valid,3,WIN_20260823_22_09_52_Pro_jpg.rf.f756dad30f4eaab3d8f1e97800981dd0.jpg,WIN_20260823_22_09_52_Pro.jpg,WIN_20260823_22_09_52_Pro.jpg,51fc3b5e884065e0bad6e99e130b95967639c2073a3bb581c4ced805aac9ba10,640,640,13,"{""0"":0,""1"":0,""2"":0,""3"":0,""4"":0,""5"":0,""6"":6,""7"":5,""8"":2,""9"":0,""10"":0,""11"":0}"
train,cb75891e68e0_WIN_20260823_22_09_57_Pro_jpg.rf.0487151c3979be5116388907aca9e1eb.jpg,valid,15,WIN_20260823_22_09_57_Pro_jpg.rf.0487151c3979be5116388907aca9e1eb.jpg,WIN_20260823_22_09_57_Pro.jpg,WIN_20260823_22_09_57_Pro.jpg,cb75891e68e0e5d76d0cff8bf0336a69f14c209862948ea7ad73759080cc31e0,640,640,9,"{""0"":0,""1"":0,""2"":0,""3"":0,""4"":0,""5"":0,""6"":5,""7"":3,""8"":1,""9"":0,""10"":0,""11"":0}"
train,64b784dd4b4c_WIN_20260823_22_10_06_Pro_jpg.rf.4c38e2b89d0421eeeb54544f6a746cae.jpg,train,116,WIN_20260823_22_10_06_Pro_jpg.rf.4c38e2b89d0421eeeb54544f6a746cae.jpg,WIN_20260823_22_10_06_Pro.jpg,WIN_20260823_22_10_06_Pro.jpg,64b784dd4b4ca464bd032399807861db1cb4677a08d367474db9b979c0c2a105,640,640,13,"{""0"":0,""1"":0,""2"":0,""3"":0,""4"":0,""5"":0,""6"":6,""7"":5,""8"":2,""9"":0,""10"":0,""11"":0}"
train,8b45f1406aa6_WIN_20260823_22_10_06_Pro_jpg.rf.0f5cc694985d4e747274c24bea8d9c6e.jpg,train,275,WIN_20260823_22_10_06_Pro_jpg.rf.0f5cc694985d4e747274c24bea8d9c6e.jpg,WIN_20260823_22_10_06_Pro.jpg,WIN_20260823_22_10_06_Pro.jpg,8b45f1406aa651add6afe333379923fbbb875a87fb44fa0e8f6ef70632c7d82f,640,640,13,"{""0"":0,""1"":0,""2"":0,""3"":0,""4"":0,""5"":0,""6"":6,""7"":5,""8"":2,""9"":0,""10"":0,""11"":0}"
train,6a1ac2bd1934_WIN_20260823_22_10_06_Pro_jpg.rf.757c17057799a1bd3b4c5b7e6d86a9b2.jpg,train,392,WIN_20260823_22_10_06_Pro_jpg.rf.757c17057799a1bd3b4c5b7e6d86a9b2.jpg,WIN_20260823_22_10_06_Pro.jpg,WIN_20260823_22_10_06_Pro.jpg,6a1ac2bd1934bad6c5765cce03b75df5b2ad2516ddbc331d8b7ee8275708e14a,640,640,13,"{""0"":0,""1"":0,""2"":0,""3"":0,""4"":0,""5"":0,""6"":6,""7"":5,""8"":2,""9"":0,""10"":0,""11"":0}"
train,eaa48e9bc289_WIN_20260823_22_10_38_Pro_jpg.rf.53aec047c52d1aa4608eefaa8fc715f3.jpg,train,27,WIN_20260823_22_10_38_Pro_jpg.rf.53aec047c52d1aa4608eefaa8fc715f3.jpg,WIN_20260823_22_10_38_Pro.jpg,WIN_20260823_22_10_38_Pro.jpg,eaa48e9bc289c1df02a314624c680d6a25f9b187000dd9a1220ffbe5514e9d32,640,640,13,"{""0"":0,""1"":0,""2"":0,""3"":0,""4"":0,""5"":0,""6"":5,""7"":5,""8"":3,""9"":0,""10"":0,""11"":0}"
train,a63b39cbce41_WIN_20260823_22_10_38_Pro_jpg.rf.0ce48ba69f47dd821e49b411d283dfd3.jpg,train,454,WIN_20260823_22_10_38_Pro_jpg.rf.0ce48ba69f47dd821e49b411d283dfd3.jpg,WIN_20260823_22_10_38_Pro.jpg,WIN_20260823_22_10_38_Pro.jpg,a63b39cbce4193e1c58c87ec4dcc6de9fc71d85e8633bdace518564df8514067,640,640,13,"{""0"":0,""1"":0,""2"":0,""3"":0,""4"":0,""5"":0,""6"":5,""7"":5,""8"":3,""9"":0,""10"":0,""11"":0}"
train,082ec7b8dadf_WIN_20260823_22_10_38_Pro_jpg.rf.2f318bd891f5afcf598c52c67e52e39f.jpg,train,806,WIN_20260823_22_10_38_Pro_jpg.rf.2f318bd891f5afcf598c52c67e52e39f.jpg,WIN_20260823_22_10_38_Pro.jpg,WIN_20260823_22_10_38_Pro.jpg,082ec7b8dadf406ed9c9f2f5dd92a9394f7c2bd3e767599fb5ae5fb068bc1aa0,640,640,13,"{""0"":0,""1"":0,""2"":0,""3"":0,""4"":0,""5"":0,""6"":5,""7"":5,""8"":3,""9"":0,""10"":0,""11"":0}"
train,af757d7972e3_WIN_20260823_22_10_40_Pro_jpg.rf.418880e4227d4d320df8c7b287445d31.jpg,train,261,WIN_20260823_22_10_40_Pro_jpg.rf.418880e4227d4d320df8c7b287445d31.jpg,WIN_20260823_22_10_40_Pro.jpg,WIN_20260823_22_10_40_Pro.jpg,af757d7972e35c5fa1f91d2a945a194cc365024aa44915125201fc9a193a32fd,640,640,10,"{""0"":0,""1"":0,""2"":0,""3"":0,""4"":0,""5"":0,""6"":5,""7"":2,""8"":3,""9"":0,""10"":0,""11"":0}"
train,8eda9c32947b_WIN_20260823_22_10_40_Pro_jpg.rf.b02bf4a9ceaff372d95dd5c81db67f5c.jpg,train,332,WIN_20260823_22_10_40_Pro_jpg.rf.b02bf4a9ceaff372d95dd5c81db67f5c.jpg,WIN_20260823_22_10_40_Pro.jpg,WIN_20260823_22_10_40_Pro.jpg,8eda9c32947bebf837c36c78d7ea5cc8b645e7734d3e5e9bf1f3381de0619e81,640,640,10,"{""0"":0,""1"":0,""2"":0,""3"":0,""4"":0,""5"":0,""6"":5,""7"":2,""8"":3,""9"":0,""10"":0,""11"":0}"
train,9679a5a1b3cc_WIN_20260823_22_10_40_Pro_jpg.rf.a8d17f4a234e512b84597c8c962cc32b.jpg,train,405,WIN_20260823_22_10_40_Pro_jpg.rf.a8d17f4a234e512b84597c8c962cc32b.jpg,WIN_20260823_22_10_40_Pro.jpg,WIN_20260823_22_10_40_Pro.jpg,9679a5a1b3ccef057a3a0c23dc575759ad580d02783d26dd8371f0ccaa2b36ee,640,640,10,"{""0"":0,""1"":0,""2"":0,""3"":0,""4"":0,""5"":0,""6"":5,""7"":2,""8"":3,""9"":0,""10"":0,""11"":0}"
train,590c069cc725_WIN_20260823_22_10_52_Pro_jpg.rf.752bf3d8625fad89ac34995eda5beba8.jpg,train,209,WIN_20260823_22_10_52_Pro_jpg.rf.752bf3d8625fad89ac34995eda5beba8.jpg,WIN_20260823_22_10_52_Pro.jpg,WIN_20260823_22_10_52_Pro.jpg,590c069cc7258c4068ff2dbdb750a74ae1b46d307047b89fb52019e6f8705c05,640,640,9,"{""0"":0,""1"":0,""2"":0,""3"":0,""4"":0,""5"":0,""6"":5,""7"":1,""8"":3,""9"":0,""10"":0,""11"":0}"
train,8f9484a52790_WIN_20260823_22_10_52_Pro_jpg.rf.220be68ca16d9728303beb9d548df9c1.jpg,train,588,WIN_20260823_22_10_52_Pro_jpg.rf.220be68ca16d9728303beb9d548df9c1.jpg,WIN_20260823_22_10_52_Pro.jpg,WIN_20260823_22_10_52_Pro.jpg,8f9484a5279042cb978986581bc2a2b62728eacaa9667a50234e468228b8ac74,640,640,9,"{""0"":0,""1"":0,""2"":0,""3"":0,""4"":0,""5"":0,""6"":5,""7"":1,""8"":3,""9"":0,""10"":0,""11"":0}"
train,828f86b25a6c_WIN_20260823_22_10_52_Pro_jpg.rf.eaec2d451d0dff9c5672e9f4c0f5bd1d.jpg,train,754,WIN_20260823_22_10_52_Pro_jpg.rf.eaec2d451d0dff9c5672e9f4c0f5bd1d.jpg,WIN_20260823_22_10_52_Pro.jpg,WIN_20260823_22_10_52_Pro.jpg,828f86b25a6c1c59f3e1d5446f6266282a652b0158933a66c992c451f2dc339d,640,640,9,"{""0"":0,""1"":0,""2"":0,""3"":0,""4"":0,""5"":0,""6"":5,""7"":1,""8"":3,""9"":0,""10"":0,""11"":0}"
train,eca058f2d0a8_WIN_20260902_18_03_39_Pro_jpg.rf.8eb2c7c9b27d8e769d0798f7fd4a6ef0.jpg,train,127,WIN_20260902_18_03_39_Pro_jpg.rf.8eb2c7c9b27d8e769d0798f7fd4a6ef0.jpg,WIN_20260902_18_03_39_Pro.jpg,WIN_20260902_18_03_39_Pro.jpg,eca058f2d0a8697e8f9e4273b524b0bd49274ecf9edf8354c5dc3b2e2d6fb7b9,640,640,14,"{""0"":0,""1"":0,""2"":0,""3"":0,""4"":0,""5"":0,""6"":0,""7"":0,""8"":0,""9"":4,""10"":6,""11"":4}"
train,c15be3ce5fe3_WIN_20260902_18_03_39_Pro_jpg.rf.16881d26306f0d27a65caf3d9868f9de.jpg,train,334,WIN_20260902_18_03_39_Pro_jpg.rf.16881d26306f0d27a65caf3d9868f9de.jpg,WIN_20260902_18_03_39_Pro.jpg,WIN_20260902_18_03_39_Pro.jpg,c15be3ce5fe31571104a8aa7f0363ca2b33526cb78466016bb242b1d517c57cb,640,640,14,"{""0"":0,""1"":0,""2"":0,""3"":0,""4"":0,""5"":0,""6"":0,""7"":0,""8"":0,""9"":4,""10"":6,""11"":4}"
train,52536c30b97f_WIN_20260902_18_03_39_Pro_jpg.rf.9fffb621102c4556df88ea7f1105d121.jpg,train,408,WIN_20260902_18_03_39_Pro_jpg.rf.9fffb621102c4556df88ea7f1105d121.jpg,WIN_20260902_18_03_39_Pro.jpg,WIN_20260902_18_03_39_Pro.jpg,52536c30b97f4399416de36a24b36766c32d01d6d18b85db691a3650445f7db3,640,640,14,"{""0"":0,""1"":0,""2"":0,""3"":0,""4"":0,""5"":0,""6"":0,""7"":0,""8"":0,""9"":4,""10"":6,""11"":4}"
train,f0e3cb408611_WIN_20260902_18_03_54_Pro_jpg.rf.8cbfcb11965a94682b4ee9614970cd08.jpg,test,16,WIN_20260902_18_03_54_Pro_jpg.rf.8cbfcb11965a94682b4ee9614970cd08.jpg,WIN_20260902_18_03_54_Pro.jpg,WIN_20260902_18_03_54_Pro.jpg,f0e3cb408611d7a387399a246167db893501cbdbebc786629259e45a40afd430,640,640,13,"{""0"":0,""1"":0,""2"":0,""3"":0,""4"":0,""5"":0,""6"":0,""7"":0,""8"":0,""9"":4,""10"":5,""11"":4}"
train,bf0314da9dff_WIN_20260902_18_05_42_Pro_jpg.rf.599891b2f3ff6092c9e03909d2d30f1e.jpg,train,419,WIN_20260902_18_05_42_Pro_jpg.rf.599891b2f3ff6092c9e03909d2d30f1e.jpg,WIN_20260902_18_05_42_Pro.jpg,WIN_20260902_18_05_42_Pro.jpg,bf0314da9dff13497adbeffc5d10b2b07f7e23aad8374fe019dc03f2fb06dda1,640,640,13,"{""0"":0,""1"":0,""2"":0,""3"":0,""4"":0,""5"":0,""6"":0,""7"":0,""8"":0,""9"":5,""10"":6,""11"":2}"
train,55e019536fcd_WIN_20260902_18_05_42_Pro_jpg.rf.3430a1ce1571284390f378a02decdf52.jpg,train,69,WIN_20260902_18_05_42_Pro_jpg.rf.3430a1ce1571284390f378a02decdf52.jpg,WIN_20260902_18_05_42_Pro.jpg,WIN_20260902_18_05_42_Pro.jpg,55e019536fcda164ae4fe7f625ffb721c7114de68210c92d3756b49288e5f590,640,640,13,"{""0"":0,""1"":0,""2"":0,""3"":0,""4"":0,""5"":0,""6"":0,""7"":0,""8"":0,""9"":5,""10"":6,""11"":2}"
train,4edd438a3c07_WIN_20260902_18_05_42_Pro_jpg.rf.ed1275a38df579a75f32b5ad57c4e5db.jpg,train,753,WIN_20260902_18_05_42_Pro_jpg.rf.ed1275a38df579a75f32b5ad57c4e5db.jpg,WIN_20260902_18_05_42_Pro.jpg,WIN_20260902_18_05_42_Pro.jpg,4edd438a3c0734d598a12b2997c20387282bfb121b7942ba8868a0c5ad7d816a,640,640,13,"{""0"":0,""1"":0,""2"":0,""3"":0,""4"":0,""5"":0,""6"":0,""7"":0,""8"":0,""9"":5,""10"":6,""11"":2}"
train,0e026ee52e33_WIN_20260902_18_05_55_Pro_jpg.rf.ba948350ba2b3c816fc6d3c17be63c18.jpg,train,336,WIN_20260902_18_05_55_Pro_jpg.rf.ba948350ba2b3c816fc6d3c17be63c18.jpg,WIN_20260902_18_05_55_Pro.jpg,WIN_20260902_18_05_55_Pro.jpg,0e026ee52e33160fe96e1825419730d6887aac1cdb0ddde6856cbf8ff916ef78,640,640,13,"{""0"":0,""1"":0,""2"":0,""3"":0,""4"":0,""5"":0,""6"":0,""7"":0,""8"":0,""9"":3,""10"":7,""11"":3}"
train,f9da6399173b_WIN_20260902_18_05_55_Pro_jpg.rf.0eff26fe05b8b9b38d0a87e57b2fcafa.jpg,train,595,WIN_20260902_18_05_55_Pro_jpg.rf.0eff26fe05b8b9b38d0a87e57b2fcafa.jpg,WIN_20260902_18_05_55_Pro.jpg,WIN_20260902_18_05_55_Pro.jpg,f9da6399173bdd62cd1983f86408a686072be9192e12bdab1fc77623e1254ccd,640,640,13,"{""0"":0,""1"":0,""2"":0,""3"":0,""4"":0,""5"":0,""6"":0,""7"":0,""8"":0,""9"":3,""10"":7,""11"":3}"
train,ebf8b9980018_WIN_20260902_18_05_55_Pro_jpg.rf.b359c2870c324b0fb626dfa1ae13e031.jpg,train,777,WIN_20260902_18_05_55_Pro_jpg.rf.b359c2870c324b0fb626dfa1ae13e031.jpg,WIN_20260902_18_05_55_Pro.jpg,WIN_20260902_18_05_55_Pro.jpg,ebf8b998001845390304e6afddfcc345ab4a723cdf00a0bd145323fbf6953b09,640,640,13,"{""0"":0,""1"":0,""2"":0,""3"":0,""4"":0,""5"":0,""6"":0,""7"":0,""8"":0,""9"":3,""10"":7,""11"":3}"
train,0272a0d2884b_WIN_20260902_18_06_06_Pro_jpg.rf.36e93bbf2b8f7b900621d6501a30a2bd.jpg,valid,29,WIN_20260902_18_06_06_Pro_jpg.rf.36e93bbf2b8f7b900621d6501a30a2bd.jpg,WIN_20260902_18_06_06_Pro.jpg,WIN_20260902_18_06_06_Pro.jpg,0272a0d2884bbd0e6dd3aa052ac2cddba927e513979402d66c85dc44432495da,640,640,13,"{""0"":0,""1"":0,""2"":0,""3"":0,""4"":0,""5"":0,""6"":0,""7"":0,""8"":0,""9"":4,""10"":6,""11"":3}"
train,440ef056aa15_WIN_20260902_18_06_21_Pro_jpg.rf.e5599fe6a21e9e9b1384b1d45d637cb2.jpg,train,331,WIN_20260902_18_06_21_Pro_jpg.rf.e5599fe6a21e9e9b1384b1d45d637cb2.jpg,WIN_20260902_18_06_21_Pro.jpg,WIN_20260902_18_06_21_Pro.jpg,440ef056aa1508fad25543b04fe594618bccd50aec5b26f2a2d19b89f753eab4,640,640,14,"{""0"":0,""1"":0,""2"":0,""3"":0,""4"":0,""5"":0,""6"":0,""7"":0,""8"":0,""9"":4,""10"":6,""11"":4}"
train,bc2ef9c4cff6_WIN_20260902_18_06_21_Pro_jpg.rf.a961e49f518d77102e511db4f6fc596f.jpg,train,480,WIN_20260902_18_06_21_Pro_jpg.rf.a961e49f518d77102e511db4f6fc596f.jpg,WIN_20260902_18_06_21_Pro.jpg,WIN_20260902_18_06_21_Pro.jpg,bc2ef9c4cff6898358fb14e1b523e4990fbd8f86dc1dc7b9c194f0dd68cdc56a,640,640,14,"{""0"":0,""1"":0,""2"":0,""3"":0,""4"":0,""5"":0,""6"":0,""7"":0,""8"":0,""9"":4,""10"":6,""11"":4}"
train,a7813f77c846_WIN_20260902_18_06_21_Pro_jpg.rf.95afbac43eceee7bfadb96b8e1d58323.jpg,train,699,WIN_20260902_18_06_21_Pro_jpg.rf.95afbac43eceee7bfadb96b8e1d58323.jpg,WIN_20260902_18_06_21_Pro.jpg,WIN_20260902_18_06_21_Pro.jpg,a7813f77c846fd5674d9d48949425a16eed1ad35678334bc35d41530773c3b5f,640,640,14,"{""0"":0,""1"":0,""2"":0,""3"":0,""4"":0,""5"":0,""6"":0,""7"":0,""8"":0,""9"":4,""10"":6,""11"":4}"
train,5b4fb45db5ea_WIN_20260902_18_06_49_Pro_jpg.rf.21684bc0a6efa6b7c59a6a439c48972e.jpg,train,221,WIN_20260902_18_06_49_Pro_jpg.rf.21684bc0a6efa6b7c59a6a439c48972e.jpg,WIN_20260902_18_06_49_Pro.jpg,WIN_20260902_18_06_49_Pro.jpg,5b4fb45db5ea5eb5a6f42b58a57bee131b42b83a3295853bddfa9bd299c27174,640,640,12,"{""0"":0,""1"":0,""2"":0,""3"":0,""4"":0,""5"":0,""6"":0,""7"":0,""8"":0,""9"":4,""10"":6,""11"":2}"
train,2df319edd8db_WIN_20260902_18_06_49_Pro_jpg.rf.2311061d233c3c52a50b14af348a8beb.jpg,train,31,WIN_20260902_18_06_49_Pro_jpg.rf.2311061d233c3c52a50b14af348a8beb.jpg,WIN_20260902_18_06_49_Pro.jpg,WIN_20260902_18_06_49_Pro.jpg,2df319edd8db1e292125de9e280bcf7fa74616ced59a3ca37da185d36e00952b,640,640,12,"{""0"":0,""1"":0,""2"":0,""3"":0,""4"":0,""5"":0,""6"":0,""7"":0,""8"":0,""9"":4,""10"":6,""11"":2}"
train,579e19f8ab90_WIN_20260902_18_06_49_Pro_jpg.rf.566aac5c9f578ac0a9a1e998e7578620.jpg,train,528,WIN_20260902_18_06_49_Pro_jpg.rf.566aac5c9f578ac0a9a1e998e7578620.jpg,WIN_20260902_18_06_49_Pro.jpg,WIN_20260902_18_06_49_Pro.jpg,579e19f8ab9091c8ff5c30fea5d635d7fe7cc8b8c3886b1bf2aeb4e7e6c2c839,640,640,12,"{""0"":0,""1"":0,""2"":0,""3"":0,""4"":0,""5"":0,""6"":0,""7"":0,""8"":0,""9"":4,""10"":6,""11"":2}"
train,2a21d0a839e3_WIN_20260902_18_06_57_Pro_jpg.rf.31bef1133658c9e71b511b2b8f0f995b.jpg,train,357,WIN_20260902_18_06_57_Pro_jpg.rf.31bef1133658c9e71b511b2b8f0f995b.jpg,WIN_20260902_18_06_57_Pro.jpg,WIN_20260902_18_06_57_Pro.jpg,2a21d0a839e3c3927d6609a6204c3ae3c1dd5cb718308421010b16ad2f876b0b,640,640,14,"{""0"":0,""1"":0,""2"":0,""3"":0,""4"":0,""5"":0,""6"":0,""7"":0,""8"":0,""9"":4,""10"":6,""11"":4}"
train,cd31c47fec5f_WIN_20260902_18_06_57_Pro_jpg.rf.649df6d2ee103752f3a3b73884b1a716.jpg,train,434,WIN_20260902_18_06_57_Pro_jpg.rf.649df6d2ee103752f3a3b73884b1a716.jpg,WIN_20260902_18_06_57_Pro.jpg,WIN_20260902_18_06_57_Pro.jpg,cd31c47fec5f4072096768725ba08815dc3425ce8473f2de426814d23e2251da,640,640,14,"{""0"":0,""1"":0,""2"":0,""3"":0,""4"":0,""5"":0,""6"":0,""7"":0,""8"":0,""9"":4,""10"":6,""11"":4}"
train,094758f3bda4_WIN_20260902_18_06_57_Pro_jpg.rf.5079599ef60473c17579839aac4c7a35.jpg,train,632,WIN_20260902_18_06_57_Pro_jpg.rf.5079599ef60473c17579839aac4c7a35.jpg,WIN_20260902_18_06_57_Pro.jpg,WIN_20260902_18_06_57_Pro.jpg,094758f3bda4169f3e7d5b0cd39eaccd3d2b6df3583e52d07ed6b07b43ea5d45,640,640,14,"{""0"":0,""1"":0,""2"":0,""3"":0,""4"":0,""5"":0,""6"":0,""7"":0,""8"":0,""9"":4,""10"":6,""11"":4}"
train,14951a1d2b11_WIN_20260902_18_07_14_Pro_jpg.rf.2d5bf49f683e17bbfa3279c411204417.jpg,valid,19,WIN_20260902_18_07_14_Pro_jpg.rf.2d5bf49f683e17bbfa3279c411204417.jpg,WIN_20260902_18_07_14_Pro.jpg,WIN_20260902_18_07_14_Pro.jpg,14951a1d2b119526b0187c43c8870853e26246aec345a125e212a830d5195f8a,640,640,13,"{""0"":0,""1"":0,""2"":0,""3"":0,""4"":0,""5"":0,""6"":0,""7"":0,""8"":0,""9"":4,""10"":6,""11"":3}"
train,c97785e0bda3_WIN_20260902_18_07_40_Pro_jpg.rf.522f8ed2ec8d05418297386606402be8.jpg,train,514,WIN_20260902_18_07_40_Pro_jpg.rf.522f8ed2ec8d05418297386606402be8.jpg,WIN_20260902_18_07_40_Pro.jpg,WIN_20260902_18_07_40_Pro.jpg,c97785e0bda3b81c14292ef58d31041abd1b36b5385afe363ee68e8d817f6562,640,640,13,"{""0"":0,""1"":0,""2"":0,""3"":0,""4"":0,""5"":0,""6"":0,""7"":0,""8"":0,""9"":4,""10"":6,""11"":3}"
train,efcbc6a8a256_WIN_20260902_18_07_40_Pro_jpg.rf.255cd90b9ba0aa2067565931c5ca891d.jpg,train,544,WIN_20260902_18_07_40_Pro_jpg.rf.255cd90b9ba0aa2067565931c5ca891d.jpg,WIN_20260902_18_07_40_Pro.jpg,WIN_20260902_18_07_40_Pro.jpg,efcbc6a8a25635bd367b4b4a19466875f53f502fabf417b5b60a28774a8e6fd4,640,640,13,"{""0"":0,""1"":0,""2"":0,""3"":0,""4"":0,""5"":0,""6"":0,""7"":0,""8"":0,""9"":4,""10"":6,""11"":3}"
train,705327b34779_WIN_20260902_18_07_40_Pro_jpg.rf.8bf07209e6d951f39931c9abd85b7b71.jpg,train,740,WIN_20260902_18_07_40_Pro_jpg.rf.8bf07209e6d951f39931c9abd85b7b71.jpg,WIN_20260902_18_07_40_Pro.jpg,WIN_20260902_18_07_40_Pro.jpg,705327b34779fe35dfffca03e956df4d38e1b4e5deb542494c7541b5e8810c45,640,640,13,"{""0"":0,""1"":0,""2"":0,""3"":0,""4"":0,""5"":0,""6"":0,""7"":0,""8"":0,""9"":4,""10"":6,""11"":3}"
train,7dd56cc30c3c_WIN_20260902_18_08_00_Pro_jpg.rf.d3347cb17a2e7f7513f0007dccaddfbb.jpg,valid,18,WIN_20260902_18_08_00_Pro_jpg.rf.d3347cb17a2e7f7513f0007dccaddfbb.jpg,WIN_20260902_18_08_00_Pro.jpg,WIN_20260902_18_08_00_Pro.jpg,7dd56cc30c3cc51b4e1412ccc42440d04e9448b26c1ae629e127b93d580c46eb,640,640,11,"{""0"":0,""1"":0,""2"":0,""3"":0,""4"":0,""5"":0,""6"":0,""7"":0,""8"":0,""9"":4,""10"":6,""11"":1}"
train,c62b9f7efdd4_WIN_20260902_18_08_30_Pro_jpg.rf.e168a7ccf4120131a101c4c1378a5006.jpg,train,362,WIN_20260902_18_08_30_Pro_jpg.rf.e168a7ccf4120131a101c4c1378a5006.jpg,WIN_20260902_18_08_30_Pro.jpg,WIN_20260902_18_08_30_Pro.jpg,c62b9f7efdd4158e7deb0915087f4c9dfb7411856a9c0383cadbc3d40c7cfcc5,640,640,14,"{""0"":0,""1"":0,""2"":0,""3"":0,""4"":0,""5"":0,""6"":0,""7"":0,""8"":0,""9"":4,""10"":6,""11"":4}"
train,32a62ceb739a_WIN_20260902_18_08_30_Pro_jpg.rf.0e27ad39523b244cc83f4358d1e93217.jpg,train,526,WIN_20260902_18_08_30_Pro_jpg.rf.0e27ad39523b244cc83f4358d1e93217.jpg,WIN_20260902_18_08_30_Pro.jpg,WIN_20260902_18_08_30_Pro.jpg,32a62ceb739aa231df0c2dd8a4b45bac8c9a085a2384586919cd4fff6919b82b,640,640,14,"{""0"":0,""1"":0,""2"":0,""3"":0,""4"":0,""5"":0,""6"":0,""7"":0,""8"":0,""9"":4,""10"":6,""11"":4}"
train,6cd5b1eda469_WIN_20260902_18_08_30_Pro_jpg.rf.1f076c0380329e5048db6178cdf3cd47.jpg,train,691,WIN_20260902_18_08_30_Pro_jpg.rf.1f076c0380329e5048db6178cdf3cd47.jpg,WIN_20260902_18_08_30_Pro.jpg,WIN_20260902_18_08_30_Pro.jpg,6cd5b1eda4693c071d1905f96f9a6a6ae870d974c84d21be55fa371aff288a80,640,640,14,"{""0"":0,""1"":0,""2"":0,""3"":0,""4"":0,""5"":0,""6"":0,""7"":0,""8"":0,""9"":4,""10"":6,""11"":4}"
train,060db807bb27_WIN_20260902_18_08_40_Pro_jpg.rf.46d8357d020ff43fc1310cfe60208e9e.jpg,train,143,WIN_20260902_18_08_40_Pro_jpg.rf.46d8357d020ff43fc1310cfe60208e9e.jpg,WIN_20260902_18_08_40_Pro.jpg,WIN_20260902_18_08_40_Pro.jpg,060db807bb276fcbf17066a552908f22de687ee76ed2c58b358d73a010add7ae,640,640,13,"{""0"":0,""1"":0,""2"":0,""3"":0,""4"":0,""5"":0,""6"":0,""7"":0,""8"":0,""9"":5,""10"":6,""11"":2}"
train,577245816b32_WIN_20260902_18_08_40_Pro_jpg.rf.52b2d9b95e16a4e16318f2369c05dda8.jpg,train,22,WIN_20260902_18_08_40_Pro_jpg.rf.52b2d9b95e16a4e16318f2369c05dda8.jpg,WIN_20260902_18_08_40_Pro.jpg,WIN_20260902_18_08_40_Pro.jpg,577245816b32b6aae8157aacf4c76182fa04b51b3db941cb000cbac460555e6a,640,640,13,"{""0"":0,""1"":0,""2"":0,""3"":0,""4"":0,""5"":0,""6"":0,""7"":0,""8"":0,""9"":5,""10"":6,""11"":2}"
train,8dc198568c0d_WIN_20260902_18_08_40_Pro_jpg.rf.d08b6e7dabef748dda261569893d306f.jpg,train,48,WIN_20260902_18_08_40_Pro_jpg.rf.d08b6e7dabef748dda261569893d306f.jpg,WIN_20260902_18_08_40_Pro.jpg,WIN_20260902_18_08_40_Pro.jpg,8dc198568c0dce4d7b66681d647270b2f0f7f702d5f900c2f5e3d71ad143ab9c,640,640,13,"{""0"":0,""1"":0,""2"":0,""3"":0,""4"":0,""5"":0,""6"":0,""7"":0,""8"":0,""9"":5,""10"":6,""11"":2}"
train,efc4d151ac1a_WIN_20260902_18_09_17_Pro_jpg.rf.d6ed664ceda7bc40799d60e2a34bcfc9.jpg,train,361,WIN_20260902_18_09_17_Pro_jpg.rf.d6ed664ceda7bc40799d60e2a34bcfc9.jpg,WIN_20260902_18_09_17_Pro.jpg,WIN_20260902_18_09_17_Pro.jpg,efc4d151ac1a077143709167499d8a6800f7e6141f7a0b5760ebc53d3606ad4b,640,640,12,"{""0"":0,""1"":0,""2"":0,""3"":0,""4"":0,""5"":0,""6"":0,""7"":0,""8"":0,""9"":4,""10"":6,""11"":2}"
train,85b274080c19_WIN_20260902_18_09_17_Pro_jpg.rf.a4c4616b6abe93830f8dcf5c2b9cada3.jpg,train,656,WIN_20260902_18_09_17_Pro_jpg.rf.a4c4616b6abe93830f8dcf5c2b9cada3.jpg,WIN_20260902_18_09_17_Pro.jpg,WIN_20260902_18_09_17_Pro.jpg,85b274080c194273a1540cbec0eef7236b23b4f9895eb7767719f40ed0aa31f7,640,640,12,"{""0"":0,""1"":0,""2"":0,""3"":0,""4"":0,""5"":0,""6"":0,""7"":0,""8"":0,""9"":4,""10"":6,""11"":2}"
train,8582ae116062_WIN_20260902_18_09_17_Pro_jpg.rf.27712206bdfa279900072442de125522.jpg,train,805,WIN_20260902_18_09_17_Pro_jpg.rf.27712206bdfa279900072442de125522.jpg,WIN_20260902_18_09_17_Pro.jpg,WIN_20260902_18_09_17_Pro.jpg,8582ae116062bc12d61a0a7b4db097ec6ffa9ac5672e3dff21099dcaa11b16ed,640,640,12,"{""0"":0,""1"":0,""2"":0,""3"":0,""4"":0,""5"":0,""6"":0,""7"":0,""8"":0,""9"":4,""10"":6,""11"":2}"
train,4d6c85db1140_WIN_20260902_18_09_29_Pro_jpg.rf.4a576e33ac1bca1db981090eca17dff1.jpg,train,137,WIN_20260902_18_09_29_Pro_jpg.rf.4a576e33ac1bca1db981090eca17dff1.jpg,WIN_20260902_18_09_29_Pro.jpg,WIN_20260902_18_09_29_Pro.jpg,4d6c85db11409d50d988a3e52dd8b8a35aa6f077b1634b78e3507b82c341a73e,640,640,13,"{""0"":0,""1"":0,""2"":0,""3"":0,""4"":0,""5"":0,""6"":0,""7"":0,""8"":0,""9"":5,""10"":5,""11"":3}"
train,63e9902e0946_WIN_20260902_18_09_29_Pro_jpg.rf.4f7291904c0bdcbfe1916cf26fa3db47.jpg,train,206,WIN_20260902_18_09_29_Pro_jpg.rf.4f7291904c0bdcbfe1916cf26fa3db47.jpg,WIN_20260902_18_09_29_Pro.jpg,WIN_20260902_18_09_29_Pro.jpg,63e9902e09468207fbb524759c5d954b822f9a52e44a766d074d254578b4f5f1,640,640,13,"{""0"":0,""1"":0,""2"":0,""3"":0,""4"":0,""5"":0,""6"":0,""7"":0,""8"":0,""9"":5,""10"":5,""11"":3}"
train,1c9880a7ec5d_WIN_20260902_18_09_29_Pro_jpg.rf.9e31931356ab505bfab7b6f7704693c0.jpg,train,379,WIN_20260902_18_09_29_Pro_jpg.rf.9e31931356ab505bfab7b6f7704693c0.jpg,WIN_20260902_18_09_29_Pro.jpg,WIN_20260902_18_09_29_Pro.jpg,1c9880a7ec5d40a9de15dd5be67f4076e68a53e70b5a5d3292a6621d842fff5d,640,640,13,"{""0"":0,""1"":0,""2"":0,""3"":0,""4"":0,""5"":0,""6"":0,""7"":0,""8"":0,""9"":5,""10"":5,""11"":3}"
train,1647242cf223_WIN_20260902_18_09_47_Pro_jpg.rf.3773b966a17edaa781eccbdfa04d7070.jpg,train,109,WIN_20260902_18_09_47_Pro_jpg.rf.3773b966a17edaa781eccbdfa04d7070.jpg,WIN_20260902_18_09_47_Pro.jpg,WIN_20260902_18_09_47_Pro.jpg,1647242cf2233efda6b17c0cf514802b5839d44d6cadd57d243d1474191f8d29,640,640,12,"{""0"":0,""1"":0,""2"":0,""3"":0,""4"":0,""5"":0,""6"":0,""7"":0,""8"":0,""9"":4,""10"":5,""11"":3}"
train,33389841c7f2_WIN_20260902_18_09_47_Pro_jpg.rf.9b94e2a96f2f293e4e461d1694868e54.jpg,train,477,WIN_20260902_18_09_47_Pro_jpg.rf.9b94e2a96f2f293e4e461d1694868e54.jpg,WIN_20260902_18_09_47_Pro.jpg,WIN_20260902_18_09_47_Pro.jpg,33389841c7f2d27494cc2368d86eb370e5c51fbfd96e8261c8bf63709da9fcd9,640,640,12,"{""0"":0,""1"":0,""2"":0,""3"":0,""4"":0,""5"":0,""6"":0,""7"":0,""8"":0,""9"":4,""10"":5,""11"":3}"
train,ccec86e2fc52_WIN_20260902_18_09_47_Pro_jpg.rf.fc262d00d09672b5f8ff3b80d6899607.jpg,train,99,WIN_20260902_18_09_47_Pro_jpg.rf.fc262d00d09672b5f8ff3b80d6899607.jpg,WIN_20260902_18_09_47_Pro.jpg,WIN_20260902_18_09_47_Pro.jpg,ccec86e2fc52c00c75141c3b817baaf84e417dbcd9c290ea831630628a229562,640,640,12,"{""0"":0,""1"":0,""2"":0,""3"":0,""4"":0,""5"":0,""6"":0,""7"":0,""8"":0,""9"":4,""10"":5,""11"":3}"
train,b9b35e1a0a31_WIN_20260902_18_09_57_Pro_jpg.rf.ba82f32e87362cabf04385c63c0aeea7.jpg,train,219,WIN_20260902_18_09_57_Pro_jpg.rf.ba82f32e87362cabf04385c63c0aeea7.jpg,WIN_20260902_18_09_57_Pro.jpg,WIN_20260902_18_09_57_Pro.jpg,b9b35e1a0a31bc0ce77dbc73606b478f9ed533d873bdcf1787c9252df962f78c,640,640,13,"{""0"":0,""1"":0,""2"":0,""3"":0,""4"":0,""5"":0,""6"":0,""7"":0,""8"":0,""9"":3,""10"":6,""11"":4}"
train,9a7856dba69f_WIN_20260902_18_09_57_Pro_jpg.rf.193029db23272e1cc99e37bc41cbe2d6.jpg,train,568,WIN_20260902_18_09_57_Pro_jpg.rf.193029db23272e1cc99e37bc41cbe2d6.jpg,WIN_20260902_18_09_57_Pro.jpg,WIN_20260902_18_09_57_Pro.jpg,9a7856dba69f0374e8c4b91878232e06bd9d51b1b648722e17ece375c2c4b02c,640,640,13,"{""0"":0,""1"":0,""2"":0,""3"":0,""4"":0,""5"":0,""6"":0,""7"":0,""8"":0,""9"":3,""10"":6,""11"":4}"
train,27b75ab65205_WIN_20260902_18_09_57_Pro_jpg.rf.7b550fb06d6179b1267147ebfe4c92b2.jpg,train,823,WIN_20260902_18_09_57_Pro_jpg.rf.7b550fb06d6179b1267147ebfe4c92b2.jpg,WIN_20260902_18_09_57_Pro.jpg,WIN_20260902_18_09_57_Pro.jpg,27b75ab652051a3594e150496d8b458d20c68ff0d788765617c4a79503849a29,640,640,13,"{""0"":0,""1"":0,""2"":0,""3"":0,""4"":0,""5"":0,""6"":0,""7"":0,""8"":0,""9"":3,""10"":6,""11"":4}"
train,8144eab6cf3d_WIN_20260902_18_10_13_Pro_jpg.rf.c5568182498e48338f7730386c383274.jpg,valid,23,WIN_20260902_18_10_13_Pro_jpg.rf.c5568182498e48338f7730386c383274.jpg,WIN_20260902_18_10_13_Pro.jpg,WIN_20260902_18_10_13_Pro.jpg,8144eab6cf3dd4a5332c2449f375577648e29830413792705e0d4cd2d38cb38b,640,640,14,"{""0"":0,""1"":0,""2"":0,""3"":0,""4"":0,""5"":0,""6"":0,""7"":0,""8"":0,""9"":4,""10"":6,""11"":4}"
train,02bf660d4b18_WIN_20260902_18_10_22_Pro_jpg.rf.b81daced5787550072d63c7da8d52264.jpg,valid,4,WIN_20260902_18_10_22_Pro_jpg.rf.b81daced5787550072d63c7da8d52264.jpg,WIN_20260902_18_10_22_Pro.jpg,WIN_20260902_18_10_22_Pro.jpg,02bf660d4b18e651b262e948e768adb7b080ad7306400624bafebedcac03e830,640,640,14,"{""0"":0,""1"":0,""2"":0,""3"":0,""4"":0,""5"":0,""6"":0,""7"":0,""8"":0,""9"":4,""10"":6,""11"":4}"
train,a522d456db13_WIN_20260902_18_10_30_Pro_jpg.rf.558438aa94d634f115be230b94293c7c.jpg,valid,7,WIN_20260902_18_10_30_Pro_jpg.rf.558438aa94d634f115be230b94293c7c.jpg,WIN_20260902_18_10_30_Pro.jpg,WIN_20260902_18_10_30_Pro.jpg,a522d456db13f6ae2f48e56d5ac869ccd080bdbf31c96704b921f5c0539779a8,640,640,13,"{""0"":0,""1"":0,""2"":0,""3"":0,""4"":0,""5"":0,""6"":0,""7"":0,""8"":0,""9"":4,""10"":6,""11"":3}"
train,8b2a30278ea4_WIN_20260902_18_10_50_Pro_jpg.rf.0eacfaa26dd3c3feb7c8a130871eec37.jpg,train,386,WIN_20260902_18_10_50_Pro_jpg.rf.0eacfaa26dd3c3feb7c8a130871eec37.jpg,WIN_20260902_18_10_50_Pro.jpg,WIN_20260902_18_10_50_Pro.jpg,8b2a30278ea472ce05f07dbbbbaa81cfd756fae742caecd944929870ae78760f,640,640,13,"{""0"":0,""1"":0,""2"":0,""3"":0,""4"":0,""5"":0,""6"":0,""7"":0,""8"":0,""9"":4,""10"":6,""11"":3}"
train,0332a13c438d_WIN_20260902_18_10_50_Pro_jpg.rf.6d53e1d933ef84fa60af8adac19f79f7.jpg,train,729,WIN_20260902_18_10_50_Pro_jpg.rf.6d53e1d933ef84fa60af8adac19f79f7.jpg,WIN_20260902_18_10_50_Pro.jpg,WIN_20260902_18_10_50_Pro.jpg,0332a13c438de78dd8e93040b61b22cee0be96f0d35705a72dbadc7fdf2c8944,640,640,13,"{""0"":0,""1"":0,""2"":0,""3"":0,""4"":0,""5"":0,""6"":0,""7"":0,""8"":0,""9"":4,""10"":6,""11"":3}"
train,57ea4707b4a3_WIN_20260902_18_10_50_Pro_jpg.rf.07835ee3af5977d451d2e62c8fd52980.jpg,train,844,WIN_20260902_18_10_50_Pro_jpg.rf.07835ee3af5977d451d2e62c8fd52980.jpg,WIN_20260902_18_10_50_Pro.jpg,WIN_20260902_18_10_50_Pro.jpg,57ea4707b4a353d0c8ec90220b115954cb3b2169efe5f678517cdd2011d6f5aa,640,640,13,"{""0"":0,""1"":0,""2"":0,""3"":0,""4"":0,""5"":0,""6"":0,""7"":0,""8"":0,""9"":4,""10"":6,""11"":3}"
train,3f52761b2518_WIN_20260902_18_11_41_Pro_jpg.rf.de9142777dbbef040360ca8451786bc7.jpg,train,281,WIN_20260902_18_11_41_Pro_jpg.rf.de9142777dbbef040360ca8451786bc7.jpg,WIN_20260902_18_11_41_Pro.jpg,WIN_20260902_18_11_41_Pro.jpg,3f52761b251893923c4b90120e4daa75354559b0731b449825ac9ee84868dbb4,640,640,13,"{""0"":0,""1"":0,""2"":0,""3"":0,""4"":0,""5"":0,""6"":0,""7"":0,""8"":0,""9"":4,""10"":6,""11"":3}"
train,e8c0b88423f3_WIN_20260902_18_11_41_Pro_jpg.rf.3b1793f6568dc066440340fcdb1e286f.jpg,train,574,WIN_20260902_18_11_41_Pro_jpg.rf.3b1793f6568dc066440340fcdb1e286f.jpg,WIN_20260902_18_11_41_Pro.jpg,WIN_20260902_18_11_41_Pro.jpg,e8c0b88423f33241544b363bcb5c6d8c4aa95fcb0404f6665e854c9f8d45e422,640,640,13,"{""0"":0,""1"":0,""2"":0,""3"":0,""4"":0,""5"":0,""6"":0,""7"":0,""8"":0,""9"":4,""10"":6,""11"":3}"
train,04ebedab2d7f_WIN_20260902_18_11_41_Pro_jpg.rf.66ecdb04b0bc5e4ef1cbeee9a8aa9484.jpg,train,596,WIN_20260902_18_11_41_Pro_jpg.rf.66ecdb04b0bc5e4ef1cbeee9a8aa9484.jpg,WIN_20260902_18_11_41_Pro.jpg,WIN_20260902_18_11_41_Pro.jpg,04ebedab2d7f21ed31011ac397c18d84669f3f5b85cdd388fa48995f89357d85,640,640,13,"{""0"":0,""1"":0,""2"":0,""3"":0,""4"":0,""5"":0,""6"":0,""7"":0,""8"":0,""9"":4,""10"":6,""11"":3}"
train,6bb23a116739_WIN_20260902_18_12_01_Pro_jpg.rf.20d7213101a79f273c57e9905199c695.jpg,valid,9,WIN_20260902_18_12_01_Pro_jpg.rf.20d7213101a79f273c57e9905199c695.jpg,WIN_20260902_18_12_01_Pro.jpg,WIN_20260902_18_12_01_Pro.jpg,6bb23a1167393e99715cb695c9d6a0dac6941e4c1e84285418f43fbe0a0c407e,640,640,13,"{""0"":0,""1"":0,""2"":0,""3"":0,""4"":0,""5"":0,""6"":0,""7"":0,""8"":0,""9"":4,""10"":6,""11"":3}"
train,f7d0703f3fbe_WIN_20260902_18_12_28_Pro_jpg.rf.759eaac3832d64c437c78dff75dcb67e.jpg,train,224,WIN_20260902_18_12_28_Pro_jpg.rf.759eaac3832d64c437c78dff75dcb67e.jpg,WIN_20260902_18_12_28_Pro.jpg,WIN_20260902_18_12_28_Pro.jpg,f7d0703f3fbee879b5823136b7c2649689374751787f264e6406852e59ed9e4f,640,640,12,"{""0"":0,""1"":0,""2"":0,""3"":0,""4"":0,""5"":0,""6"":0,""7"":0,""8"":0,""9"":4,""10"":6,""11"":2}"
train,96d46a06b338_WIN_20260902_18_12_28_Pro_jpg.rf.b4a09da72bea63cdd67c58b4ffdf7593.jpg,train,267,WIN_20260902_18_12_28_Pro_jpg.rf.b4a09da72bea63cdd67c58b4ffdf7593.jpg,WIN_20260902_18_12_28_Pro.jpg,WIN_20260902_18_12_28_Pro.jpg,96d46a06b3383d3b43b62ba234289657131cb7d94a0678645084ad8daa4c2c25,640,640,12,"{""0"":0,""1"":0,""2"":0,""3"":0,""4"":0,""5"":0,""6"":0,""7"":0,""8"":0,""9"":4,""10"":6,""11"":2}"
train,044cb5034aad_WIN_20260902_18_12_28_Pro_jpg.rf.0df0ce1c1b60b6b880abda38eb6637d1.jpg,train,316,WIN_20260902_18_12_28_Pro_jpg.rf.0df0ce1c1b60b6b880abda38eb6637d1.jpg,WIN_20260902_18_12_28_Pro.jpg,WIN_20260902_18_12_28_Pro.jpg,044cb5034aadd5ee604a0dd55c0ecfd778175c88a670a22f4425236a56c1126a,640,640,12,"{""0"":0,""1"":0,""2"":0,""3"":0,""4"":0,""5"":0,""6"":0,""7"":0,""8"":0,""9"":4,""10"":6,""11"":2}"
train,49fa0988c435_WIN_20260902_18_12_46_Pro_jpg.rf.790fd6ded13e7129850d3c160b24320d.jpg,valid,8,WIN_20260902_18_12_46_Pro_jpg.rf.790fd6ded13e7129850d3c160b24320d.jpg,WIN_20260902_18_12_46_Pro.jpg,WIN_20260902_18_12_46_Pro.jpg,49fa0988c435be702f134f14e91eb7ece84f0e7b37260478aa3c8a2c45f44004,640,640,5,"{""0"":0,""1"":0,""2"":0,""3"":0,""4"":0,""5"":0,""6"":0,""7"":0,""8"":0,""9"":1,""10"":4,""11"":0}"
train,2db575a03aa4_WIN_20260902_18_13_33_Pro_jpg.rf.e82564b2b994e99cc28c03d009bf40a4.jpg,train,192,WIN_20260902_18_13_33_Pro_jpg.rf.e82564b2b994e99cc28c03d009bf40a4.jpg,WIN_20260902_18_13_33_Pro.jpg,WIN_20260902_18_13_33_Pro.jpg,2db575a03aa4d1d868f6863240e2fd8b0554fff1384f3150518648e388b7fe03,640,640,11,"{""0"":0,""1"":0,""2"":0,""3"":0,""4"":0,""5"":0,""6"":0,""7"":0,""8"":0,""9"":4,""10"":6,""11"":1}"
train,db92208c8abb_WIN_20260902_18_13_33_Pro_jpg.rf.bb3a3f9082f1f2f9ccf4b1e53fbd5542.jpg,train,213,WIN_20260902_18_13_33_Pro_jpg.rf.bb3a3f9082f1f2f9ccf4b1e53fbd5542.jpg,WIN_20260902_18_13_33_Pro.jpg,WIN_20260902_18_13_33_Pro.jpg,db92208c8abb2367f0d331c35f714969a29f9a3fbd94eba13672f649e77c724b,640,640,11,"{""0"":0,""1"":0,""2"":0,""3"":0,""4"":0,""5"":0,""6"":0,""7"":0,""8"":0,""9"":4,""10"":6,""11"":1}"
train,21b280260102_WIN_20260902_18_13_33_Pro_jpg.rf.d1c966a0e7351eba8a674cf60d2a4b93.jpg,train,789,WIN_20260902_18_13_33_Pro_jpg.rf.d1c966a0e7351eba8a674cf60d2a4b93.jpg,WIN_20260902_18_13_33_Pro.jpg,WIN_20260902_18_13_33_Pro.jpg,21b28026010203b9b1a33dec98a899032311cd3dc7c50697046702d8df7efb4a,640,640,11,"{""0"":0,""1"":0,""2"":0,""3"":0,""4"":0,""5"":0,""6"":0,""7"":0,""8"":0,""9"":4,""10"":6,""11"":1}"
train,c8b5275bce88_WIN_20260902_18_13_50_Pro_jpg.rf.be01ab60f11f60987417db9c07720600.jpg,train,556,WIN_20260902_18_13_50_Pro_jpg.rf.be01ab60f11f60987417db9c07720600.jpg,WIN_20260902_18_13_50_Pro.jpg,WIN_20260902_18_13_50_Pro.jpg,c8b5275bce8885daf7cb6e056f857df06f6ecd650b96da16d73732674682d282,640,640,14,"{""0"":0,""1"":0,""2"":0,""3"":0,""4"":0,""5"":0,""6"":0,""7"":0,""8"":0,""9"":4,""10"":6,""11"":4}"
train,9ac91fe34559_WIN_20260902_18_13_50_Pro_jpg.rf.de3c6951a9e97717d0df99cd1398b52d.jpg,train,581,WIN_20260902_18_13_50_Pro_jpg.rf.de3c6951a9e97717d0df99cd1398b52d.jpg,WIN_20260902_18_13_50_Pro.jpg,WIN_20260902_18_13_50_Pro.jpg,9ac91fe3455946e64378bd9ebf6580a0ff5a0fa28a821e61a169228d86d4eff9,640,640,14,"{""0"":0,""1"":0,""2"":0,""3"":0,""4"":0,""5"":0,""6"":0,""7"":0,""8"":0,""9"":4,""10"":6,""11"":4}"
train,917e724dd6f0_WIN_20260902_18_13_50_Pro_jpg.rf.d3bcc0a3875c6c434527eb7d8391b9c8.jpg,train,650,WIN_20260902_18_13_50_Pro_jpg.rf.d3bcc0a3875c6c434527eb7d8391b9c8.jpg,WIN_20260902_18_13_50_Pro.jpg,WIN_20260902_18_13_50_Pro.jpg,917e724dd6f04db0d1b8ade1b6db22ad5113e84abae53a5ceb07906d87f26402,640,640,14,"{""0"":0,""1"":0,""2"":0,""3"":0,""4"":0,""5"":0,""6"":0,""7"":0,""8"":0,""9"":4,""10"":6,""11"":4}"
train,53986e67653f_WIN_20260902_18_13_59_Pro_jpg.rf.49b76bc26998fde3270c6e816e3586f7.jpg,valid,21,WIN_20260902_18_13_59_Pro_jpg.rf.49b76bc26998fde3270c6e816e3586f7.jpg,WIN_20260902_18_13_59_Pro.jpg,WIN_20260902_18_13_59_Pro.jpg,53986e67653f2320b87fc6ea2e75728beb6fabe43fb914212b5aa1e7de8ac7c2,640,640,14,"{""0"":0,""1"":0,""2"":0,""3"":0,""4"":0,""5"":0,""6"":0,""7"":0,""8"":0,""9"":5,""10"":5,""11"":4}"
train,9884fd5e2297_WIN_20260902_18_14_33_Pro_jpg.rf.a56fd1c5cda108ae279aabc66c5461ec.jpg,train,404,WIN_20260902_18_14_33_Pro_jpg.rf.a56fd1c5cda108ae279aabc66c5461ec.jpg,WIN_20260902_18_14_33_Pro.jpg,WIN_20260902_18_14_33_Pro.jpg,9884fd5e2297769bf4b10599d76907a849806d1af1b49e29cdccb61b0cf39ad2,640,640,11,"{""0"":0,""1"":0,""2"":0,""3"":0,""4"":0,""5"":0,""6"":0,""7"":0,""8"":0,""9"":4,""10"":5,""11"":2}"
train,33a06c319e33_WIN_20260902_18_14_33_Pro_jpg.rf.2130076cbdd1c3983a154ad5a71e3607.jpg,train,511,WIN_20260902_18_14_33_Pro_jpg.rf.2130076cbdd1c3983a154ad5a71e3607.jpg,WIN_20260902_18_14_33_Pro.jpg,WIN_20260902_18_14_33_Pro.jpg,33a06c319e33f8d20357d258b4dd5645fd9d2c9dcd9353e67dd510d684641fb3,640,640,11,"{""0"":0,""1"":0,""2"":0,""3"":0,""4"":0,""5"":0,""6"":0,""7"":0,""8"":0,""9"":4,""10"":5,""11"":2}"
train,e634e561ec44_WIN_20260902_18_14_33_Pro_jpg.rf.69bedcaa1c2f8616986a3a4584369386.jpg,train,533,WIN_20260902_18_14_33_Pro_jpg.rf.69bedcaa1c2f8616986a3a4584369386.jpg,WIN_20260902_18_14_33_Pro.jpg,WIN_20260902_18_14_33_Pro.jpg,e634e561ec44b720740f75707836601f22e910d7d85c06dbe89b2345420e6282,640,640,11,"{""0"":0,""1"":0,""2"":0,""3"":0,""4"":0,""5"":0,""6"":0,""7"":0,""8"":0,""9"":4,""10"":5,""11"":2}"
train,525d21b7d2ec_WIN_20260902_18_14_46_Pro_jpg.rf.78093036c4ad9af204759ac19f1243bb.jpg,test,12,WIN_20260902_18_14_46_Pro_jpg.rf.78093036c4ad9af204759ac19f1243bb.jpg,WIN_20260902_18_14_46_Pro.jpg,WIN_20260902_18_14_46_Pro.jpg,525d21b7d2ecc121050fb92f03adf775aea39af52d712545d0775259728213c6,640,640,13,"{""0"":0,""1"":0,""2"":0,""3"":0,""4"":0,""5"":0,""6"":0,""7"":0,""8"":0,""9"":4,""10"":6,""11"":3}"
train,e4e1565592cc_WIN_20260902_18_15_16_Pro_jpg.rf.4ba315af5443b61295e02f1bea5b306d.jpg,train,140,WIN_20260902_18_15_16_Pro_jpg.rf.4ba315af5443b61295e02f1bea5b306d.jpg,WIN_20260902_18_15_16_Pro.jpg,WIN_20260902_18_15_16_Pro.jpg,e4e1565592cc40a78eb7971592971b2114c6f093f4aa413de68075ee84dc2f6d,640,640,11,"{""0"":0,""1"":0,""2"":0,""3"":0,""4"":0,""5"":0,""6"":0,""7"":0,""8"":0,""9"":5,""10"":5,""11"":1}"
train,8a4e375e8ed3_WIN_20260902_18_15_16_Pro_jpg.rf.832bd29063dd4d42100afa5ca1b0e45e.jpg,train,481,WIN_20260902_18_15_16_Pro_jpg.rf.832bd29063dd4d42100afa5ca1b0e45e.jpg,WIN_20260902_18_15_16_Pro.jpg,WIN_20260902_18_15_16_Pro.jpg,8a4e375e8ed3003fdb91a484d6e0b7ad33ea57172cb5b8481a99bd5b863f2de1,640,640,11,"{""0"":0,""1"":0,""2"":0,""3"":0,""4"":0,""5"":0,""6"":0,""7"":0,""8"":0,""9"":5,""10"":5,""11"":1}"
train,ec049d2e5056_WIN_20260902_18_15_16_Pro_jpg.rf.ab128bf9e1c395c129ef4a73403afc83.jpg,train,757,WIN_20260902_18_15_16_Pro_jpg.rf.ab128bf9e1c395c129ef4a73403afc83.jpg,WIN_20260902_18_15_16_Pro.jpg,WIN_20260902_18_15_16_Pro.jpg,ec049d2e50561caff95d9736d41093442749c19dc6102af0d291b08eeb8d2127,640,640,11,"{""0"":0,""1"":0,""2"":0,""3"":0,""4"":0,""5"":0,""6"":0,""7"":0,""8"":0,""9"":5,""10"":5,""11"":1}"
train,c74a7b78d6f6_WIN_20260902_18_15_25_Pro_jpg.rf.59a67215f37822954647774791e7657c.jpg,train,195,WIN_20260902_18_15_25_Pro_jpg.rf.59a67215f37822954647774791e7657c.jpg,WIN_20260902_18_15_25_Pro.jpg,WIN_20260902_18_15_25_Pro.jpg,c74a7b78d6f64f6f37abe29c91cba1ae848a384ce50dbd33bbaa5c1a400d6e01,640,640,10,"{""0"":0,""1"":0,""2"":0,""3"":0,""4"":0,""5"":0,""6"":0,""7"":0,""8"":0,""9"":4,""10"":5,""11"":1}"
train,cb7b0ccca9d6_WIN_20260902_18_15_25_Pro_jpg.rf.736354890e6945ac2e4ee0fb5051d14f.jpg,train,706,WIN_20260902_18_15_25_Pro_jpg.rf.736354890e6945ac2e4ee0fb5051d14f.jpg,WIN_20260902_18_15_25_Pro.jpg,WIN_20260902_18_15_25_Pro.jpg,cb7b0ccca9d6eb4a48af878e79b0d29ad9b0da34c977953634fa53403157af47,640,640,10,"{""0"":0,""1"":0,""2"":0,""3"":0,""4"":0,""5"":0,""6"":0,""7"":0,""8"":0,""9"":4,""10"":5,""11"":1}"
train,c464f4414b89_WIN_20260902_18_15_25_Pro_jpg.rf.5457e4c8a2a051f8faa1fa021a2868cc.jpg,train,734,WIN_20260902_18_15_25_Pro_jpg.rf.5457e4c8a2a051f8faa1fa021a2868cc.jpg,WIN_20260902_18_15_25_Pro.jpg,WIN_20260902_18_15_25_Pro.jpg,c464f4414b89435800757f92e9e9092146b16ab10bd0f6502505a7626eb48dca,640,640,10,"{""0"":0,""1"":0,""2"":0,""3"":0,""4"":0,""5"":0,""6"":0,""7"":0,""8"":0,""9"":4,""10"":5,""11"":1}"
train,11b0f3b7a4e7_WIN_20260902_18_15_45_Pro_jpg.rf.8d98af64f59587b8568bde45384cfac6.jpg,train,199,WIN_20260902_18_15_45_Pro_jpg.rf.8d98af64f59587b8568bde45384cfac6.jpg,WIN_20260902_18_15_45_Pro.jpg,WIN_20260902_18_15_45_Pro.jpg,11b0f3b7a4e721c5b6c720ef3a585ae9e6ecf004c0a45b98c9be9c47c9a80626,640,640,11,"{""0"":0,""1"":0,""2"":0,""3"":0,""4"":0,""5"":0,""6"":0,""7"":0,""8"":0,""9"":5,""10"":6,""11"":0}"
train,4671bbf83738_WIN_20260902_18_15_45_Pro_jpg.rf.1442ca7a0e96e050b36a34711d9b5b70.jpg,train,296,WIN_20260902_18_15_45_Pro_jpg.rf.1442ca7a0e96e050b36a34711d9b5b70.jpg,WIN_20260902_18_15_45_Pro.jpg,WIN_20260902_18_15_45_Pro.jpg,4671bbf83738eb26827730524ef4e919ed952a1a52933a8c9614f5698e63be9b,640,640,11,"{""0"":0,""1"":0,""2"":0,""3"":0,""4"":0,""5"":0,""6"":0,""7"":0,""8"":0,""9"":5,""10"":6,""11"":0}"
train,99a21750cd8c_WIN_20260902_18_15_45_Pro_jpg.rf.d0dbaeffdf8377fd8bdb3693bc1cf51f.jpg,train,790,WIN_20260902_18_15_45_Pro_jpg.rf.d0dbaeffdf8377fd8bdb3693bc1cf51f.jpg,WIN_20260902_18_15_45_Pro.jpg,WIN_20260902_18_15_45_Pro.jpg,99a21750cd8cb83803af4cf1ff833311255cd7ace5493c24060f6f8d1f5e6343,640,640,11,"{""0"":0,""1"":0,""2"":0,""3"":0,""4"":0,""5"":0,""6"":0,""7"":0,""8"":0,""9"":5,""10"":6,""11"":0}"
train,371b315202ba_WIN_20260902_18_15_54_Pro_jpg.rf.a178fe762d77f7a4450c4c1e0b767441.jpg,train,347,WIN_20260902_18_15_54_Pro_jpg.rf.a178fe762d77f7a4450c4c1e0b767441.jpg,WIN_20260902_18_15_54_Pro.jpg,WIN_20260902_18_15_54_Pro.jpg,371b315202ba4aa016b51b69becfec954b1e9b9a414df8f98d9dacb1c3158d83,640,640,11,"{""0"":0,""1"":0,""2"":0,""3"":0,""4"":0,""5"":0,""6"":0,""7"":0,""8"":0,""9"":5,""10"":5,""11"":1}"
train,fba0de50d689_WIN_20260902_18_15_54_Pro_jpg.rf.c67c75ecd0d0d4c0f3b02f15d9425b3e.jpg,train,469,WIN_20260902_18_15_54_Pro_jpg.rf.c67c75ecd0d0d4c0f3b02f15d9425b3e.jpg,WIN_20260902_18_15_54_Pro.jpg,WIN_20260902_18_15_54_Pro.jpg,fba0de50d68959552383b281b64f57ebfc49ed850daa9bf87f9947e271a0340b,640,640,11,"{""0"":0,""1"":0,""2"":0,""3"":0,""4"":0,""5"":0,""6"":0,""7"":0,""8"":0,""9"":5,""10"":5,""11"":1}"
train,8dd403e67761_WIN_20260902_18_15_54_Pro_jpg.rf.9ece0f22c22fa02cf69afde52c2b287d.jpg,train,731,WIN_20260902_18_15_54_Pro_jpg.rf.9ece0f22c22fa02cf69afde52c2b287d.jpg,WIN_20260902_18_15_54_Pro.jpg,WIN_20260902_18_15_54_Pro.jpg,8dd403e677613cdf88a1b110e6ce0ed7f4aa00941c5a3f6b7bfa932f44eec23a,640,640,11,"{""0"":0,""1"":0,""2"":0,""3"":0,""4"":0,""5"":0,""6"":0,""7"":0,""8"":0,""9"":5,""10"":5,""11"":1}"
train,e32f0bbc6e1a_WIN_20260902_18_18_19_Pro_jpg.rf.f0058a8b4f2ef5ab075456418ec7acbe.jpg,train,291,WIN_20260902_18_18_19_Pro_jpg.rf.f0058a8b4f2ef5ab075456418ec7acbe.jpg,WIN_20260902_18_18_19_Pro.jpg,WIN_20260902_18_18_19_Pro.jpg,e32f0bbc6e1aa9a97d5a363bc9a906bf800e46f070116885a7941831c0429b3d,640,640,10,"{""0"":0,""1"":0,""2"":0,""3"":0,""4"":0,""5"":0,""6"":0,""7"":0,""8"":0,""9"":3,""10"":7,""11"":0}"
train,e61e6e63e010_WIN_20260902_18_18_19_Pro_jpg.rf.403b746eb3ce9c4cb6393e6cab5b367d.jpg,train,432,WIN_20260902_18_18_19_Pro_jpg.rf.403b746eb3ce9c4cb6393e6cab5b367d.jpg,WIN_20260902_18_18_19_Pro.jpg,WIN_20260902_18_18_19_Pro.jpg,e61e6e63e010d1496d15e827d0165493602c36856234155fdf6dd45890b477df,640,640,10,"{""0"":0,""1"":0,""2"":0,""3"":0,""4"":0,""5"":0,""6"":0,""7"":0,""8"":0,""9"":3,""10"":7,""11"":0}"
train,4cdb93054d78_WIN_20260902_18_18_19_Pro_jpg.rf.e85566396f3d99495ec4850a5e282ab3.jpg,train,519,WIN_20260902_18_18_19_Pro_jpg.rf.e85566396f3d99495ec4850a5e282ab3.jpg,WIN_20260902_18_18_19_Pro.jpg,WIN_20260902_18_18_19_Pro.jpg,4cdb93054d78112fc6ef26b0cfbb0c351adf9c3def4e4a131a322278bf026e5c,640,640,10,"{""0"":0,""1"":0,""2"":0,""3"":0,""4"":0,""5"":0,""6"":0,""7"":0,""8"":0,""9"":3,""10"":7,""11"":0}"
train,8174e3814145_WIN_20260902_18_18_37_Pro_jpg.rf.65089293e18e4785b43def93b7802004.jpg,test,2,WIN_20260902_18_18_37_Pro_jpg.rf.65089293e18e4785b43def93b7802004.jpg,WIN_20260902_18_18_37_Pro.jpg,WIN_20260902_18_18_37_Pro.jpg,8174e381414526df501e781fa7081608a88aca8e963756950592c23200c94c6d,640,640,11,"{""0"":0,""1"":0,""2"":0,""3"":0,""4"":0,""5"":0,""6"":0,""7"":0,""8"":0,""9"":4,""10"":6,""11"":1}"
train,9d39658de874_WIN_20260902_18_24_44_Pro_jpg.rf.6d7d87547334d75b65ca5d8f95a2986c.jpg,valid,14,WIN_20260902_18_24_44_Pro_jpg.rf.6d7d87547334d75b65ca5d8f95a2986c.jpg,WIN_20260902_18_24_44_Pro.jpg,WIN_20260902_18_24_44_Pro.jpg,9d39658de87461c9257d9efc5b1ad68daff347bb9ea2d5d3451f1e85ae7a19a0,640,640,10,"{""0"":0,""1"":0,""2"":0,""3"":0,""4"":0,""5"":0,""6"":0,""7"":0,""8"":0,""9"":4,""10"":4,""11"":2}"
train,6faaa702eed9_WIN_20260902_18_24_55_Pro_jpg.rf.1481b899504ad2f48f24ae64b3f54fe5.jpg,valid,31,WIN_20260902_18_24_55_Pro_jpg.rf.1481b899504ad2f48f24ae64b3f54fe5.jpg,WIN_20260902_18_24_55_Pro.jpg,WIN_20260902_18_24_55_Pro.jpg,6faaa702eed960e9770c184d54c0aafb8993fecabcbf716b05c235f48fa61ed9,640,640,11,"{""0"":0,""1"":0,""2"":0,""3"":0,""4"":0,""5"":0,""6"":0,""7"":0,""8"":0,""9"":5,""10"":4,""11"":2}"
train,f3dbdcaeaba8_WIN_20260902_18_25_02_Pro_jpg.rf.1c95c362b732bb420efe403b7a3d9659.jpg,valid,16,WIN_20260902_18_25_02_Pro_jpg.rf.1c95c362b732bb420efe403b7a3d9659.jpg,WIN_20260902_18_25_02_Pro.jpg,WIN_20260902_18_25_02_Pro.jpg,f3dbdcaeaba82120758c03644eb154e82d9193f6b5c5e3c74c619a04864bccd4,640,640,11,"{""0"":0,""1"":0,""2"":0,""3"":0,""4"":0,""5"":0,""6"":0,""7"":0,""8"":0,""9"":5,""10"":4,""11"":2}"
train,fb54703deee4_WIN_20260902_18_25_17_Pro_jpg.rf.f9f066fbb093d4ab47012ea070bec389.jpg,test,11,WIN_20260902_18_25_17_Pro_jpg.rf.f9f066fbb093d4ab47012ea070bec389.jpg,WIN_20260902_18_25_17_Pro.jpg,WIN_20260902_18_25_17_Pro.jpg,fb54703deee4f57bd31ab1b1171d5a0f2418193cf97d65d07c2056e21083def4,640,640,13,"{""0"":0,""1"":0,""2"":0,""3"":0,""4"":0,""5"":0,""6"":0,""7"":0,""8"":0,""9"":5,""10"":4,""11"":4}"
train,ac4929a8d17e_WIN_20260902_18_27_45_Pro_jpg.rf.b996dcfb8e1b62f486921e57fc0d2f73.jpg,train,163,WIN_20260902_18_27_45_Pro_jpg.rf.b996dcfb8e1b62f486921e57fc0d2f73.jpg,WIN_20260902_18_27_45_Pro.jpg,WIN_20260902_18_27_45_Pro.jpg,ac4929a8d17e0cb9834f6cee8d6571ff6f2227d44610c787fa469b0862fb6117,640,640,11,"{""0"":0,""1"":0,""2"":0,""3"":0,""4"":0,""5"":0,""6"":0,""7"":0,""8"":0,""9"":5,""10"":4,""11"":2}"
train,dbab0ebe97ee_WIN_20260902_18_27_45_Pro_jpg.rf.33e4f84a4afa21565af499cb90ee0117.jpg,train,747,WIN_20260902_18_27_45_Pro_jpg.rf.33e4f84a4afa21565af499cb90ee0117.jpg,WIN_20260902_18_27_45_Pro.jpg,WIN_20260902_18_27_45_Pro.jpg,dbab0ebe97ee158b23a36317436a9864ef68da526bc5c5456550a76bc52a5673,640,640,11,"{""0"":0,""1"":0,""2"":0,""3"":0,""4"":0,""5"":0,""6"":0,""7"":0,""8"":0,""9"":5,""10"":4,""11"":2}"
train,8405a83aa576_WIN_20260902_18_27_45_Pro_jpg.rf.553f18dd7acab369e6e6b755c33f20ba.jpg,train,803,WIN_20260902_18_27_45_Pro_jpg.rf.553f18dd7acab369e6e6b755c33f20ba.jpg,WIN_20260902_18_27_45_Pro.jpg,WIN_20260902_18_27_45_Pro.jpg,8405a83aa57626b09c04213f064ff9e1279f7df5b204117198f45d706db89d90,640,640,11,"{""0"":0,""1"":0,""2"":0,""3"":0,""4"":0,""5"":0,""6"":0,""7"":0,""8"":0,""9"":5,""10"":4,""11"":2}"
train,4f68bfbd2bc0_WIN_20260902_18_28_09_Pro_jpg.rf.11b12a4fe235468a45e82ea7879d1072.jpg,train,156,WIN_20260902_18_28_09_Pro_jpg.rf.11b12a4fe235468a45e82ea7879d1072.jpg,WIN_20260902_18_28_09_Pro.jpg,WIN_20260902_18_28_09_Pro.jpg,4f68bfbd2bc0962bde12526c16b6656c30a99c941d1d7c3df6edac33084dec18,640,640,13,"{""0"":0,""1"":0,""2"":0,""3"":0,""4"":0,""5"":0,""6"":0,""7"":0,""8"":0,""9"":5,""10"":4,""11"":4}"
train,a6b934e73ec2_WIN_20260902_18_28_09_Pro_jpg.rf.f1101e548be9e1842675f02a86ca4567.jpg,train,164,WIN_20260902_18_28_09_Pro_jpg.rf.f1101e548be9e1842675f02a86ca4567.jpg,WIN_20260902_18_28_09_Pro.jpg,WIN_20260902_18_28_09_Pro.jpg,a6b934e73ec20ebdbf1ef8ef2fb40e7a164932db082c33941e5790ad5a58999a,640,640,13,"{""0"":0,""1"":0,""2"":0,""3"":0,""4"":0,""5"":0,""6"":0,""7"":0,""8"":0,""9"":5,""10"":4,""11"":4}"
train,f5e3ed3aa9a9_WIN_20260902_18_28_09_Pro_jpg.rf.64abee29f9fc6a805b1c01cf7cd48ca2.jpg,train,341,WIN_20260902_18_28_09_Pro_jpg.rf.64abee29f9fc6a805b1c01cf7cd48ca2.jpg,WIN_20260902_18_28_09_Pro.jpg,WIN_20260902_18_28_09_Pro.jpg,f5e3ed3aa9a9ecf09989e968a98498b96e56580e4f40adf719107c3c79f01940,640,640,13,"{""0"":0,""1"":0,""2"":0,""3"":0,""4"":0,""5"":0,""6"":0,""7"":0,""8"":0,""9"":5,""10"":4,""11"":4}"
train,9ec47990063f_WIN_20260902_18_28_20_Pro_jpg.rf.fb46626623b4033effaea2f3ba433c12.jpg,train,42,WIN_20260902_18_28_20_Pro_jpg.rf.fb46626623b4033effaea2f3ba433c12.jpg,WIN_20260902_18_28_20_Pro.jpg,WIN_20260902_18_28_20_Pro.jpg,9ec47990063fe95ba90820617bb9fa27abbfcef6a16852bf69e13f24576a00db,640,640,12,"{""0"":0,""1"":0,""2"":0,""3"":0,""4"":0,""5"":0,""6"":0,""7"":0,""8"":0,""9"":5,""10"":4,""11"":3}"
train,1f0ed7646162_WIN_20260902_18_28_20_Pro_jpg.rf.9aec2e381b2a450b72490ee59177ae7e.jpg,train,471,WIN_20260902_18_28_20_Pro_jpg.rf.9aec2e381b2a450b72490ee59177ae7e.jpg,WIN_20260902_18_28_20_Pro.jpg,WIN_20260902_18_28_20_Pro.jpg,1f0ed7646162bf46bb01181abfb5d57bd69f169ca4e88db0c5334cec7e63aec3,640,640,12,"{""0"":0,""1"":0,""2"":0,""3"":0,""4"":0,""5"":0,""6"":0,""7"":0,""8"":0,""9"":5,""10"":4,""11"":3}"
train,3cde20f8a97d_WIN_20260902_18_28_20_Pro_jpg.rf.7a95d5fdab36c41f226f90947945c185.jpg,train,592,WIN_20260902_18_28_20_Pro_jpg.rf.7a95d5fdab36c41f226f90947945c185.jpg,WIN_20260902_18_28_20_Pro.jpg,WIN_20260902_18_28_20_Pro.jpg,3cde20f8a97dc6ab9fca8288dbd186f98d32ee7da65d321d156175595f7f90cb,640,640,12,"{""0"":0,""1"":0,""2"":0,""3"":0,""4"":0,""5"":0,""6"":0,""7"":0,""8"":0,""9"":5,""10"":4,""11"":3}"
train,10fd68a61d11_WIN_20260902_18_28_29_Pro_jpg.rf.2579e8b5715e32fe2cebcf0763b003d7.jpg,train,217,WIN_20260902_18_28_29_Pro_jpg.rf.2579e8b5715e32fe2cebcf0763b003d7.jpg,WIN_20260902_18_28_29_Pro.jpg,WIN_20260902_18_28_29_Pro.jpg,10fd68a61d11442106cc5fe0ec5c6ecdeb5c3e5536b256e7217c579a75f40832,640,640,11,"{""0"":0,""1"":0,""2"":0,""3"":0,""4"":0,""5"":0,""6"":0,""7"":0,""8"":0,""9"":5,""10"":3,""11"":3}"
train,2cde4f7559f2_WIN_20260902_18_28_29_Pro_jpg.rf.b684f62eba6672a2d85f71d2ec0e0c24.jpg,train,540,WIN_20260902_18_28_29_Pro_jpg.rf.b684f62eba6672a2d85f71d2ec0e0c24.jpg,WIN_20260902_18_28_29_Pro.jpg,WIN_20260902_18_28_29_Pro.jpg,2cde4f7559f258bb92d54a2265b80ffb6940fe4cd326a8599cdfe0cb145da018,640,640,11,"{""0"":0,""1"":0,""2"":0,""3"":0,""4"":0,""5"":0,""6"":0,""7"":0,""8"":0,""9"":5,""10"":3,""11"":3}"
train,f9c86c3b4b91_WIN_20260902_18_28_29_Pro_jpg.rf.bb3a96b6629c392b062c391d0f27aec9.jpg,train,610,WIN_20260902_18_28_29_Pro_jpg.rf.bb3a96b6629c392b062c391d0f27aec9.jpg,WIN_20260902_18_28_29_Pro.jpg,WIN_20260902_18_28_29_Pro.jpg,f9c86c3b4b912a5134e8f10edcc12ee034ff9ff47f2b857b78120411a25f3409,640,640,11,"{""0"":0,""1"":0,""2"":0,""3"":0,""4"":0,""5"":0,""6"":0,""7"":0,""8"":0,""9"":5,""10"":3,""11"":3}"
train,5a562bf10f29_WIN_20260902_18_28_39_Pro_jpg.rf.22be8b419b89f4c809909407893a0846.jpg,test,9,WIN_20260902_18_28_39_Pro_jpg.rf.22be8b419b89f4c809909407893a0846.jpg,WIN_20260902_18_28_39_Pro.jpg,WIN_20260902_18_28_39_Pro.jpg,5a562bf10f2903a3d31e24da6821c52307b927a96c64b439959293e012dfaf46,640,640,11,"{""0"":0,""1"":0,""2"":0,""3"":0,""4"":0,""5"":0,""6"":0,""7"":0,""8"":0,""9"":5,""10"":3,""11"":3}"
train,014a73688136_WIN_20260902_18_28_47_Pro_jpg.rf.e44d81d6b08bee42bc65a562afd25424.jpg,train,148,WIN_20260902_18_28_47_Pro_jpg.rf.e44d81d6b08bee42bc65a562afd25424.jpg,WIN_20260902_18_28_47_Pro.jpg,WIN_20260902_18_28_47_Pro.jpg,014a736881366ec274abd5551f81398d4ed393e594bbb30cb1efbea8dee2e812,640,640,12,"{""0"":0,""1"":0,""2"":0,""3"":0,""4"":0,""5"":0,""6"":0,""7"":0,""8"":0,""9"":4,""10"":5,""11"":3}"
train,7567e8c39ebe_WIN_20260902_18_28_47_Pro_jpg.rf.1798cb2254b4f0409cca6a658974924c.jpg,train,484,WIN_20260902_18_28_47_Pro_jpg.rf.1798cb2254b4f0409cca6a658974924c.jpg,WIN_20260902_18_28_47_Pro.jpg,WIN_20260902_18_28_47_Pro.jpg,7567e8c39ebe5a308fb6f48f150f84c65298768c8b25d25797b2d34aef2ff8e1,640,640,12,"{""0"":0,""1"":0,""2"":0,""3"":0,""4"":0,""5"":0,""6"":0,""7"":0,""8"":0,""9"":4,""10"":5,""11"":3}"
train,962594ec1cec_WIN_20260902_18_28_47_Pro_jpg.rf.1f54d6266e421135952c7e68534113c7.jpg,train,545,WIN_20260902_18_28_47_Pro_jpg.rf.1f54d6266e421135952c7e68534113c7.jpg,WIN_20260902_18_28_47_Pro.jpg,WIN_20260902_18_28_47_Pro.jpg,962594ec1cec97bac29141dd0fd33515921605a77d01d298b8e05caa7a04b5ed,640,640,12,"{""0"":0,""1"":0,""2"":0,""3"":0,""4"":0,""5"":0,""6"":0,""7"":0,""8"":0,""9"":4,""10"":5,""11"":3}"
train,368b1d499d68_WIN_20260902_18_39_47_Pro_jpg.rf.64beaa16ce72e943d2c80328f324740e.jpg,train,258,WIN_20260902_18_39_47_Pro_jpg.rf.64beaa16ce72e943d2c80328f324740e.jpg,WIN_20260902_18_39_47_Pro.jpg,WIN_20260902_18_39_47_Pro.jpg,368b1d499d6890c9f149d8d1eaf1a60ac2efdb2cb33182b58329a8f2fc569680,640,640,18,"{""0"":0,""1"":0,""2"":0,""3"":0,""4"":0,""5"":0,""6"":0,""7"":0,""8"":0,""9"":9,""10"":5,""11"":4}"
train,c22923dce580_WIN_20260902_18_39_47_Pro_jpg.rf.d340259796f5d26b96eb4c3aea5350e5.jpg,train,621,WIN_20260902_18_39_47_Pro_jpg.rf.d340259796f5d26b96eb4c3aea5350e5.jpg,WIN_20260902_18_39_47_Pro.jpg,WIN_20260902_18_39_47_Pro.jpg,c22923dce5803da2961c4db0269161708e21ba7a6d467e8c85caf774de8fb525,640,640,18,"{""0"":0,""1"":0,""2"":0,""3"":0,""4"":0,""5"":0,""6"":0,""7"":0,""8"":0,""9"":9,""10"":5,""11"":4}"
train,23c6b021cd4e_WIN_20260902_18_39_47_Pro_jpg.rf.39b484066c21c571428152c30e8b33c9.jpg,train,837,WIN_20260902_18_39_47_Pro_jpg.rf.39b484066c21c571428152c30e8b33c9.jpg,WIN_20260902_18_39_47_Pro.jpg,WIN_20260902_18_39_47_Pro.jpg,23c6b021cd4e7adaf7c88bd2862b21ce0ca0ffb18091d84e92234c793516a087,640,640,18,"{""0"":0,""1"":0,""2"":0,""3"":0,""4"":0,""5"":0,""6"":0,""7"":0,""8"":0,""9"":9,""10"":5,""11"":4}"
train,d6aeb91d47ee_WIN_20260902_18_39_55_Pro_jpg.rf.d1ebd907143db1a4e6ec5dee1fb03c94.jpg,train,106,WIN_20260902_18_39_55_Pro_jpg.rf.d1ebd907143db1a4e6ec5dee1fb03c94.jpg,WIN_20260902_18_39_55_Pro.jpg,WIN_20260902_18_39_55_Pro.jpg,d6aeb91d47eef1ea262655dd9df2500be50ea91489f0073f204d82827f512f62,640,640,19,"{""0"":0,""1"":0,""2"":0,""3"":0,""4"":0,""5"":0,""6"":0,""7"":0,""8"":0,""9"":8,""10"":6,""11"":5}"
train,733a98e3c0ac_WIN_20260902_18_39_55_Pro_jpg.rf.110f4f64e57225c1e767e3d7a98f7b1f.jpg,train,428,WIN_20260902_18_39_55_Pro_jpg.rf.110f4f64e57225c1e767e3d7a98f7b1f.jpg,WIN_20260902_18_39_55_Pro.jpg,WIN_20260902_18_39_55_Pro.jpg,733a98e3c0ac1d1ae121f66c9befd4be2b1355348a702e06525c9421f34ed4d9,640,640,19,"{""0"":0,""1"":0,""2"":0,""3"":0,""4"":0,""5"":0,""6"":0,""7"":0,""8"":0,""9"":8,""10"":6,""11"":5}"
train,6d05f5c40b92_WIN_20260902_18_39_55_Pro_jpg.rf.9c0463866cc7ecef48e434d24542ad65.jpg,train,507,WIN_20260902_18_39_55_Pro_jpg.rf.9c0463866cc7ecef48e434d24542ad65.jpg,WIN_20260902_18_39_55_Pro.jpg,WIN_20260902_18_39_55_Pro.jpg,6d05f5c40b923cf36d2dfa67796fac715a93ecad5c552073ad7e7da67b956b96,640,640,19,"{""0"":0,""1"":0,""2"":0,""3"":0,""4"":0,""5"":0,""6"":0,""7"":0,""8"":0,""9"":8,""10"":6,""11"":5}"
train,8ffcaa258a8f_WIN_20260902_18_40_02_Pro_jpg.rf.b7e55632d2d9f176c1fc90f22dc980d2.jpg,train,201,WIN_20260902_18_40_02_Pro_jpg.rf.b7e55632d2d9f176c1fc90f22dc980d2.jpg,WIN_20260902_18_40_02_Pro.jpg,WIN_20260902_18_40_02_Pro.jpg,8ffcaa258a8f4759dd90d414c601da36e74a46689ada43b8752e3abfbfd1c287,640,640,17,"{""0"":0,""1"":0,""2"":0,""3"":0,""4"":0,""5"":0,""6"":0,""7"":0,""8"":0,""9"":8,""10"":6,""11"":3}"
train,ecaad038c1e5_WIN_20260902_18_40_02_Pro_jpg.rf.258b8fb132387005aec5d4d284ca3570.jpg,train,222,WIN_20260902_18_40_02_Pro_jpg.rf.258b8fb132387005aec5d4d284ca3570.jpg,WIN_20260902_18_40_02_Pro.jpg,WIN_20260902_18_40_02_Pro.jpg,ecaad038c1e5d2b52f2d96752082b44731b547880706bd46a01ffb292db662bb,640,640,17,"{""0"":0,""1"":0,""2"":0,""3"":0,""4"":0,""5"":0,""6"":0,""7"":0,""8"":0,""9"":8,""10"":6,""11"":3}"
train,84e639c195a0_WIN_20260902_18_40_02_Pro_jpg.rf.0bc6ac11227ebbcf83e7696dfa8ada0e.jpg,train,59,WIN_20260902_18_40_02_Pro_jpg.rf.0bc6ac11227ebbcf83e7696dfa8ada0e.jpg,WIN_20260902_18_40_02_Pro.jpg,WIN_20260902_18_40_02_Pro.jpg,84e639c195a0fce4eaabeb1f7d3a4744aee854a8ea426468da40251041591fa7,640,640,17,"{""0"":0,""1"":0,""2"":0,""3"":0,""4"":0,""5"":0,""6"":0,""7"":0,""8"":0,""9"":8,""10"":6,""11"":3}"
train,117b4e82b717_WIN_20260902_18_40_10_Pro_jpg.rf.25ba79310c788c04963da89de9b4ab2f.jpg,train,101,WIN_20260902_18_40_10_Pro_jpg.rf.25ba79310c788c04963da89de9b4ab2f.jpg,WIN_20260902_18_40_10_Pro.jpg,WIN_20260902_18_40_10_Pro.jpg,117b4e82b7173ca1396e283373a6905d2d7ede43b8a088bf013e8e674cb59aca,640,640,10,"{""0"":0,""1"":0,""2"":0,""3"":0,""4"":0,""5"":0,""6"":0,""7"":0,""8"":0,""9"":8,""10"":1,""11"":1}"
train,119112845a14_WIN_20260902_18_40_10_Pro_jpg.rf.70bd165c667939622f4041885642c8c7.jpg,train,766,WIN_20260902_18_40_10_Pro_jpg.rf.70bd165c667939622f4041885642c8c7.jpg,WIN_20260902_18_40_10_Pro.jpg,WIN_20260902_18_40_10_Pro.jpg,119112845a146caea12aa8ce1d78153ae3606f957d76c7dba09fe924d726af4b,640,640,10,"{""0"":0,""1"":0,""2"":0,""3"":0,""4"":0,""5"":0,""6"":0,""7"":0,""8"":0,""9"":8,""10"":1,""11"":1}"
train,0b4710f49bb3_WIN_20260902_18_40_10_Pro_jpg.rf.5a558c0a240ed795b9dc0048fbb85f38.jpg,train,859,WIN_20260902_18_40_10_Pro_jpg.rf.5a558c0a240ed795b9dc0048fbb85f38.jpg,WIN_20260902_18_40_10_Pro.jpg,WIN_20260902_18_40_10_Pro.jpg,0b4710f49bb3e992815851005545a4543eefd004c1390764046aa1356452c0ae,640,640,10,"{""0"":0,""1"":0,""2"":0,""3"":0,""4"":0,""5"":0,""6"":0,""7"":0,""8"":0,""9"":8,""10"":1,""11"":1}"
train,aa4d1fc89da4_WIN_20260902_18_40_23_Pro_jpg.rf.97442a5a967384104126ef5bdbf8bf6f.jpg,train,429,WIN_20260902_18_40_23_Pro_jpg.rf.97442a5a967384104126ef5bdbf8bf6f.jpg,WIN_20260902_18_40_23_Pro.jpg,WIN_20260902_18_40_23_Pro.jpg,aa4d1fc89da4938c46d897a4cd40684ea2a849eb26c7ded1c803cb44b4015e8a,640,640,13,"{""0"":0,""1"":0,""2"":0,""3"":0,""4"":0,""5"":0,""6"":0,""7"":0,""8"":0,""9"":9,""10"":2,""11"":2}"
train,c7eb8afa580f_WIN_20260902_18_40_23_Pro_jpg.rf.29c3c802e935757a7426b593f995556c.jpg,train,759,WIN_20260902_18_40_23_Pro_jpg.rf.29c3c802e935757a7426b593f995556c.jpg,WIN_20260902_18_40_23_Pro.jpg,WIN_20260902_18_40_23_Pro.jpg,c7eb8afa580faec85143db572e9fb3400d5e01c694413aae837275c7b1f7b0df,640,640,13,"{""0"":0,""1"":0,""2"":0,""3"":0,""4"":0,""5"":0,""6"":0,""7"":0,""8"":0,""9"":9,""10"":2,""11"":2}"
train,947176f4bee2_WIN_20260902_18_40_23_Pro_jpg.rf.e117935f87b2fbfcaa4660e82746edd7.jpg,train,810,WIN_20260902_18_40_23_Pro_jpg.rf.e117935f87b2fbfcaa4660e82746edd7.jpg,WIN_20260902_18_40_23_Pro.jpg,WIN_20260902_18_40_23_Pro.jpg,947176f4bee2490ae661a9a7f8c486f4526cdb8cb51ade6a4b56a51190ac5830,640,640,13,"{""0"":0,""1"":0,""2"":0,""3"":0,""4"":0,""5"":0,""6"":0,""7"":0,""8"":0,""9"":9,""10"":2,""11"":2}"
train,b0fe3a9cec1b_WIN_20260902_18_40_40_Pro_jpg.rf.39ebebb80f2def03cc8bd2ac3da41ae7.jpg,train,330,WIN_20260902_18_40_40_Pro_jpg.rf.39ebebb80f2def03cc8bd2ac3da41ae7.jpg,WIN_20260902_18_40_40_Pro.jpg,WIN_20260902_18_40_40_Pro.jpg,b0fe3a9cec1b2a496cf0f99bd04410910cc6e7e10a979cd93ecb7b696a99de31,640,640,14,"{""0"":0,""1"":0,""2"":0,""3"":0,""4"":0,""5"":0,""6"":0,""7"":0,""8"":0,""9"":8,""10"":4,""11"":2}"
train,91cdfdffd86d_WIN_20260902_18_40_40_Pro_jpg.rf.09bfd840133975f3e19c79a808979522.jpg,train,629,WIN_20260902_18_40_40_Pro_jpg.rf.09bfd840133975f3e19c79a808979522.jpg,WIN_20260902_18_40_40_Pro.jpg,WIN_20260902_18_40_40_Pro.jpg,91cdfdffd86df90cdfa6198219ad99c33f3f11ac42a08a12cc58ea3e68c8869b,640,640,14,"{""0"":0,""1"":0,""2"":0,""3"":0,""4"":0,""5"":0,""6"":0,""7"":0,""8"":0,""9"":8,""10"":4,""11"":2}"
train,1473297d9b3e_WIN_20260902_18_40_40_Pro_jpg.rf.961155f57954cd393fe7f6a5df87b8ff.jpg,train,829,WIN_20260902_18_40_40_Pro_jpg.rf.961155f57954cd393fe7f6a5df87b8ff.jpg,WIN_20260902_18_40_40_Pro.jpg,WIN_20260902_18_40_40_Pro.jpg,1473297d9b3e276bcbb3d80343eede743c662e72bb8cfeef584f87ca06d9868c,640,640,14,"{""0"":0,""1"":0,""2"":0,""3"":0,""4"":0,""5"":0,""6"":0,""7"":0,""8"":0,""9"":8,""10"":4,""11"":2}"
train,36a4333683f3_WIN_20260902_18_40_49_Pro_jpg.rf.2a568fe40fd48d1c632570d1a0a0502d.jpg,train,250,WIN_20260902_18_40_49_Pro_jpg.rf.2a568fe40fd48d1c632570d1a0a0502d.jpg,WIN_20260902_18_40_49_Pro.jpg,WIN_20260902_18_40_49_Pro.jpg,36a4333683f32225b8357bfe9157a458e22d83dcbd3d4e83aef7474f3359f417,640,640,16,"{""0"":0,""1"":0,""2"":0,""3"":0,""4"":0,""5"":0,""6"":0,""7"":0,""8"":0,""9"":7,""10"":6,""11"":3}"
train,56528763a902_WIN_20260902_18_40_49_Pro_jpg.rf.82b354d16244d36ec8e75ea7eca81578.jpg,train,252,WIN_20260902_18_40_49_Pro_jpg.rf.82b354d16244d36ec8e75ea7eca81578.jpg,WIN_20260902_18_40_49_Pro.jpg,WIN_20260902_18_40_49_Pro.jpg,56528763a90296bb616837757948271e69cfec9f285ff54ed25ecce39745f8e9,640,640,16,"{""0"":0,""1"":0,""2"":0,""3"":0,""4"":0,""5"":0,""6"":0,""7"":0,""8"":0,""9"":7,""10"":6,""11"":3}"
train,2f9155731375_WIN_20260902_18_40_49_Pro_jpg.rf.85bf6d2049224d8cc2d84e2121c806c3.jpg,train,47,WIN_20260902_18_40_49_Pro_jpg.rf.85bf6d2049224d8cc2d84e2121c806c3.jpg,WIN_20260902_18_40_49_Pro.jpg,WIN_20260902_18_40_49_Pro.jpg,2f915573137525e50569076d32f511f4f9939a693f4fe8a905113ce8931f292d,640,640,16,"{""0"":0,""1"":0,""2"":0,""3"":0,""4"":0,""5"":0,""6"":0,""7"":0,""8"":0,""9"":7,""10"":6,""11"":3}"
train,f95ab9c4a19c_WIN_20260902_18_40_58_Pro_jpg.rf.92ea377c674b004a98176908ec99ce06.jpg,valid,2,WIN_20260902_18_40_58_Pro_jpg.rf.92ea377c674b004a98176908ec99ce06.jpg,WIN_20260902_18_40_58_Pro.jpg,WIN_20260902_18_40_58_Pro.jpg,f95ab9c4a19c24b9efa614f213fb598d0015f4d5f48d464d12eda28da44a86d7,640,640,17,"{""0"":0,""1"":0,""2"":0,""3"":0,""4"":0,""5"":0,""6"":0,""7"":0,""8"":0,""9"":8,""10"":5,""11"":4}"
train,7da80bb15ff8_WIN_20260902_18_41_15_Pro_jpg.rf.9f8ee5e37e8b0a8186d52ee63d6ce87b.jpg,train,204,WIN_20260902_18_41_15_Pro_jpg.rf.9f8ee5e37e8b0a8186d52ee63d6ce87b.jpg,WIN_20260902_18_41_15_Pro.jpg,WIN_20260902_18_41_15_Pro.jpg,7da80bb15ff89a303a9bc4cb67d7b193dcc4cd5b53938880b035de97a3451ed6,640,640,18,"{""0"":0,""1"":0,""2"":0,""3"":0,""4"":0,""5"":0,""6"":0,""7"":0,""8"":0,""9"":8,""10"":6,""11"":4}"
train,89a7252243db_WIN_20260902_18_41_15_Pro_jpg.rf.35c7a1f47037bcba5968363e6c55ad48.jpg,train,322,WIN_20260902_18_41_15_Pro_jpg.rf.35c7a1f47037bcba5968363e6c55ad48.jpg,WIN_20260902_18_41_15_Pro.jpg,WIN_20260902_18_41_15_Pro.jpg,89a7252243db58e5ea873e41154f168688367d35cdfe899c3a12bb9de2886774,640,640,18,"{""0"":0,""1"":0,""2"":0,""3"":0,""4"":0,""5"":0,""6"":0,""7"":0,""8"":0,""9"":8,""10"":6,""11"":4}"
train,678bba1371bb_WIN_20260902_18_41_15_Pro_jpg.rf.079137125a2636b4ccc70c1e19246f03.jpg,train,774,WIN_20260902_18_41_15_Pro_jpg.rf.079137125a2636b4ccc70c1e19246f03.jpg,WIN_20260902_18_41_15_Pro.jpg,WIN_20260902_18_41_15_Pro.jpg,678bba1371bb1347cefa133668dac7067354ea84b4d457216694ce0ce1aeb62b,640,640,18,"{""0"":0,""1"":0,""2"":0,""3"":0,""4"":0,""5"":0,""6"":0,""7"":0,""8"":0,""9"":8,""10"":6,""11"":4}"
train,64fbb4cbe4c2_WIN_20260902_18_41_32_Pro_jpg.rf.74b817509e29ec834e81bd8fdd297399.jpg,train,327,WIN_20260902_18_41_32_Pro_jpg.rf.74b817509e29ec834e81bd8fdd297399.jpg,WIN_20260902_18_41_32_Pro.jpg,WIN_20260902_18_41_32_Pro.jpg,64fbb4cbe4c276c279001e57292631a889f432cc23ea0e0af7e17d5f464037cc,640,640,14,"{""0"":0,""1"":0,""2"":0,""3"":0,""4"":0,""5"":0,""6"":0,""7"":0,""8"":0,""9"":8,""10"":4,""11"":2}"
train,8ac6803a68d4_WIN_20260902_18_41_32_Pro_jpg.rf.5a338e111d4c5d87e0d9c2b3a14d20a2.jpg,train,510,WIN_20260902_18_41_32_Pro_jpg.rf.5a338e111d4c5d87e0d9c2b3a14d20a2.jpg,WIN_20260902_18_41_32_Pro.jpg,WIN_20260902_18_41_32_Pro.jpg,8ac6803a68d4c371467535604af3992a7db34db35596002959c6adb81724feed,640,640,14,"{""0"":0,""1"":0,""2"":0,""3"":0,""4"":0,""5"":0,""6"":0,""7"":0,""8"":0,""9"":8,""10"":4,""11"":2}"
train,288831826c32_WIN_20260902_18_41_32_Pro_jpg.rf.1cec3774f57526edfbde98d3458c7c49.jpg,train,61,WIN_20260902_18_41_32_Pro_jpg.rf.1cec3774f57526edfbde98d3458c7c49.jpg,WIN_20260902_18_41_32_Pro.jpg,WIN_20260902_18_41_32_Pro.jpg,288831826c3239af40186b8a4d4c94d36b2666773ca8b28de84c36656a701701,640,640,14,"{""0"":0,""1"":0,""2"":0,""3"":0,""4"":0,""5"":0,""6"":0,""7"":0,""8"":0,""9"":8,""10"":4,""11"":2}"
train,1c15b114388c_WIN_20260902_18_45_00_Pro_jpg.rf.70eb608a23da65ff91c3d33e8361b56c.jpg,test,7,WIN_20260902_18_45_00_Pro_jpg.rf.70eb608a23da65ff91c3d33e8361b56c.jpg,WIN_20260902_18_45_00_Pro.jpg,WIN_20260902_18_45_00_Pro.jpg,1c15b114388c22165ec19062ebb2621b3af42681ce1a3d001845958a5805bda5,640,640,14,"{""0"":0,""1"":0,""2"":0,""3"":0,""4"":0,""5"":0,""6"":0,""7"":0,""8"":0,""9"":8,""10"":4,""11"":2}"
train,415bac37e49d_WIN_20260902_18_45_33_Pro_jpg.rf.ad7c37d86797c856489b8c0d8469165c.jpg,train,14,WIN_20260902_18_45_33_Pro_jpg.rf.ad7c37d86797c856489b8c0d8469165c.jpg,WIN_20260902_18_45_33_Pro.jpg,WIN_20260902_18_45_33_Pro.jpg,415bac37e49d89d283dfe793b119992a80319ef2f73089eb2bade22b45583f88,640,640,14,"{""0"":0,""1"":0,""2"":0,""3"":0,""4"":0,""5"":0,""6"":0,""7"":0,""8"":0,""9"":8,""10"":3,""11"":3}"
train,caa2eeb3bdbd_WIN_20260902_18_45_33_Pro_jpg.rf.66639f91d4b58acd8044e7edc5a53027.jpg,train,364,WIN_20260902_18_45_33_Pro_jpg.rf.66639f91d4b58acd8044e7edc5a53027.jpg,WIN_20260902_18_45_33_Pro.jpg,WIN_20260902_18_45_33_Pro.jpg,caa2eeb3bdbd66e2f4ed747878fdf02ae273037a78ce177c855fefa6b96a3a7a,640,640,14,"{""0"":0,""1"":0,""2"":0,""3"":0,""4"":0,""5"":0,""6"":0,""7"":0,""8"":0,""9"":8,""10"":3,""11"":3}"
train,3f36510ef1ac_WIN_20260902_18_45_33_Pro_jpg.rf.2e3fe955252dc796c7ac31699c0816fc.jpg,train,860,WIN_20260902_18_45_33_Pro_jpg.rf.2e3fe955252dc796c7ac31699c0816fc.jpg,WIN_20260902_18_45_33_Pro.jpg,WIN_20260902_18_45_33_Pro.jpg,3f36510ef1ac60b5875a2775233a9bc3cb81514472bd074e74d4f0d4c5b3e2e3,640,640,14,"{""0"":0,""1"":0,""2"":0,""3"":0,""4"":0,""5"":0,""6"":0,""7"":0,""8"":0,""9"":8,""10"":3,""11"":3}"
train,855981509eeb_WIN_20260902_18_46_02_Pro_jpg.rf.f156169915e0a817491a5c806d684d95.jpg,train,168,WIN_20260902_18_46_02_Pro_jpg.rf.f156169915e0a817491a5c806d684d95.jpg,WIN_20260902_18_46_02_Pro.jpg,WIN_20260902_18_46_02_Pro.jpg,855981509eeb3be9e5ededde6039560d42d8771dcfeeaaf05e426e5162a6565d,640,640,12,"{""0"":0,""1"":0,""2"":0,""3"":0,""4"":0,""5"":0,""6"":0,""7"":0,""8"":0,""9"":8,""10"":4,""11"":0}"
train,6d25c67cd104_WIN_20260902_18_46_02_Pro_jpg.rf.2f24da2b0ba6b9b97d5ebcc16fd80c62.jpg,train,354,WIN_20260902_18_46_02_Pro_jpg.rf.2f24da2b0ba6b9b97d5ebcc16fd80c62.jpg,WIN_20260902_18_46_02_Pro.jpg,WIN_20260902_18_46_02_Pro.jpg,6d25c67cd1048f2eda95428ea23f596fdd06845fab26219bf3e31a9e5296a639,640,640,12,"{""0"":0,""1"":0,""2"":0,""3"":0,""4"":0,""5"":0,""6"":0,""7"":0,""8"":0,""9"":8,""10"":4,""11"":0}"
train,c5c73d9c47b2_WIN_20260902_18_46_02_Pro_jpg.rf.5e8844b1b031c28f0c6724f5afae7503.jpg,train,616,WIN_20260902_18_46_02_Pro_jpg.rf.5e8844b1b031c28f0c6724f5afae7503.jpg,WIN_20260902_18_46_02_Pro.jpg,WIN_20260902_18_46_02_Pro.jpg,c5c73d9c47b2969829ae2b656c77eba70b3f5d3a85c4f1a7e65f508ff0134184,640,640,12,"{""0"":0,""1"":0,""2"":0,""3"":0,""4"":0,""5"":0,""6"":0,""7"":0,""8"":0,""9"":8,""10"":4,""11"":0}"
train,36c2f10bc35b_WIN_20260902_18_46_45_Pro_jpg.rf.66e3cda4eb1f2adb3646054c93fd357d.jpg,train,450,WIN_20260902_18_46_45_Pro_jpg.rf.66e3cda4eb1f2adb3646054c93fd357d.jpg,WIN_20260902_18_46_45_Pro.jpg,WIN_20260902_18_46_45_Pro.jpg,36c2f10bc35b1ca2f11ef360572079b41785539114a04be95e1cb47d3dbdefb7,640,640,10,"{""0"":0,""1"":0,""2"":0,""3"":0,""4"":0,""5"":0,""6"":0,""7"":0,""8"":0,""9"":8,""10"":1,""11"":1}"
train,1137ed2ae3ee_WIN_20260902_18_46_45_Pro_jpg.rf.c77234ee973d55e518d07eecc39a5a39.jpg,train,534,WIN_20260902_18_46_45_Pro_jpg.rf.c77234ee973d55e518d07eecc39a5a39.jpg,WIN_20260902_18_46_45_Pro.jpg,WIN_20260902_18_46_45_Pro.jpg,1137ed2ae3eed332eab07ecf610edc4628f8b8f411257dbe5746ea049f5d6c2b,640,640,10,"{""0"":0,""1"":0,""2"":0,""3"":0,""4"":0,""5"":0,""6"":0,""7"":0,""8"":0,""9"":8,""10"":1,""11"":1}"
train,3e7ec7883cd9_WIN_20260902_18_46_45_Pro_jpg.rf.1693fe6ec49dab176dd1f0a2d67acac6.jpg,train,614,WIN_20260902_18_46_45_Pro_jpg.rf.1693fe6ec49dab176dd1f0a2d67acac6.jpg,WIN_20260902_18_46_45_Pro.jpg,WIN_20260902_18_46_45_Pro.jpg,3e7ec7883cd937ec2fea9d7d17906c2da8b3abffa6ac8374e57042e834fea818,640,640,10,"{""0"":0,""1"":0,""2"":0,""3"":0,""4"":0,""5"":0,""6"":0,""7"":0,""8"":0,""9"":8,""10"":1,""11"":1}"
train,7217cb6d9805_WIN_20260902_18_47_45_Pro_jpg.rf.3b4e1662416486a4f3649429f797dd0c.jpg,train,642,WIN_20260902_18_47_45_Pro_jpg.rf.3b4e1662416486a4f3649429f797dd0c.jpg,WIN_20260902_18_47_45_Pro.jpg,WIN_20260902_18_47_45_Pro.jpg,7217cb6d9805bb7004caaa2479f57c873c55306060b97f26c73d65e4fdb503d0,640,640,18,"{""0"":0,""1"":0,""2"":0,""3"":0,""4"":0,""5"":0,""6"":0,""7"":0,""8"":0,""9"":7,""10"":6,""11"":5}"
train,14ba234c0198_WIN_20260902_18_47_45_Pro_jpg.rf.54889003bb70af405922dbcddcdf655b.jpg,train,710,WIN_20260902_18_47_45_Pro_jpg.rf.54889003bb70af405922dbcddcdf655b.jpg,WIN_20260902_18_47_45_Pro.jpg,WIN_20260902_18_47_45_Pro.jpg,14ba234c0198030ea5098237b9ae2bfccb0fb03111960588445b9ff3721f059c,640,640,18,"{""0"":0,""1"":0,""2"":0,""3"":0,""4"":0,""5"":0,""6"":0,""7"":0,""8"":0,""9"":7,""10"":6,""11"":5}"
train,6a4bf9bf7f06_WIN_20260902_18_47_45_Pro_jpg.rf.2ea91244451477e8db4f456da8adc7e4.jpg,train,89,WIN_20260902_18_47_45_Pro_jpg.rf.2ea91244451477e8db4f456da8adc7e4.jpg,WIN_20260902_18_47_45_Pro.jpg,WIN_20260902_18_47_45_Pro.jpg,6a4bf9bf7f0622e4a1f4caa4a64ef98ad317f8a34efed88a052fb9e355fc6874,640,640,18,"{""0"":0,""1"":0,""2"":0,""3"":0,""4"":0,""5"":0,""6"":0,""7"":0,""8"":0,""9"":7,""10"":6,""11"":5}"
train,7fc2c6ce72f6_WIN_20260902_18_55_30_Pro_jpg.rf.81eca56b3d14ee86d29b424a73dcbdfe.jpg,train,50,WIN_20260902_18_55_30_Pro_jpg.rf.81eca56b3d14ee86d29b424a73dcbdfe.jpg,WIN_20260902_18_55_30_Pro.jpg,WIN_20260902_18_55_30_Pro.jpg,7fc2c6ce72f6e8e1e002423bc0d851ec10d26ce631c3c2be1e8bde7b045722da,640,640,15,"{""0"":0,""1"":0,""2"":0,""3"":0,""4"":0,""5"":0,""6"":0,""7"":0,""8"":0,""9"":5,""10"":6,""11"":4}"
train,b91fcb2e2f2d_WIN_20260902_18_55_30_Pro_jpg.rf.1a21740c6a56db175bc60736c04f231e.jpg,train,609,WIN_20260902_18_55_30_Pro_jpg.rf.1a21740c6a56db175bc60736c04f231e.jpg,WIN_20260902_18_55_30_Pro.jpg,WIN_20260902_18_55_30_Pro.jpg,b91fcb2e2f2d7586c60c3659c9e3ddc0328077a40bbc9b1405d3d9c8b9c2c9b3,640,640,15,"{""0"":0,""1"":0,""2"":0,""3"":0,""4"":0,""5"":0,""6"":0,""7"":0,""8"":0,""9"":5,""10"":6,""11"":4}"
train,1f54982c0897_WIN_20260902_18_55_30_Pro_jpg.rf.281031118557e14e76450dd51c2b013c.jpg,train,665,WIN_20260902_18_55_30_Pro_jpg.rf.281031118557e14e76450dd51c2b013c.jpg,WIN_20260902_18_55_30_Pro.jpg,WIN_20260902_18_55_30_Pro.jpg,1f54982c0897abbee3bf4e081c166af4579adc9ffa5a6faea6e06cca08c20c89,640,640,15,"{""0"":0,""1"":0,""2"":0,""3"":0,""4"":0,""5"":0,""6"":0,""7"":0,""8"":0,""9"":5,""10"":6,""11"":4}"
train,142c31dda429_WIN_20260902_18_56_14_Pro_jpg.rf.559d6355b6b0555cab5ceca6a0575135.jpg,train,335,WIN_20260902_18_56_14_Pro_jpg.rf.559d6355b6b0555cab5ceca6a0575135.jpg,WIN_20260902_18_56_14_Pro.jpg,WIN_20260902_18_56_14_Pro.jpg,142c31dda4296ccd62a6b3a6c0b5f53e2f51ecd89f5f2e7579d03f8bb11f13a2,640,640,15,"{""0"":0,""1"":0,""2"":0,""3"":0,""4"":0,""5"":0,""6"":0,""7"":0,""8"":0,""9"":8,""10"":6,""11"":1}"
train,c3a709ca69f7_WIN_20260902_18_56_14_Pro_jpg.rf.b3a9113023d190c9df04026b92081c00.jpg,train,387,WIN_20260902_18_56_14_Pro_jpg.rf.b3a9113023d190c9df04026b92081c00.jpg,WIN_20260902_18_56_14_Pro.jpg,WIN_20260902_18_56_14_Pro.jpg,c3a709ca69f7ce4086245b6578100b587ae412fc5e46f25cd15e75aec833dbb6,640,640,15,"{""0"":0,""1"":0,""2"":0,""3"":0,""4"":0,""5"":0,""6"":0,""7"":0,""8"":0,""9"":8,""10"":6,""11"":1}"
train,ed4e2e92ae71_WIN_20260902_18_56_14_Pro_jpg.rf.c5b7c27d0c8e7fea0fc577959d3b0599.jpg,train,473,WIN_20260902_18_56_14_Pro_jpg.rf.c5b7c27d0c8e7fea0fc577959d3b0599.jpg,WIN_20260902_18_56_14_Pro.jpg,WIN_20260902_18_56_14_Pro.jpg,ed4e2e92ae717a8b6d3461e1b88ef6e056525cbff9c700167499324006cfaa39,640,640,15,"{""0"":0,""1"":0,""2"":0,""3"":0,""4"":0,""5"":0,""6"":0,""7"":0,""8"":0,""9"":8,""10"":6,""11"":1}"
train,bb97e37d4320_WIN_20260902_18_56_41_Pro_jpg.rf.114a556e99c83872ee6cd830a5b9cad2.jpg,valid,17,WIN_20260902_18_56_41_Pro_jpg.rf.114a556e99c83872ee6cd830a5b9cad2.jpg,WIN_20260902_18_56_41_Pro.jpg,WIN_20260902_18_56_41_Pro.jpg,bb97e37d43208ba604ac5940fea6252f3f32dac00dc8cff8c7e85631646fffb2,640,640,17,"{""0"":0,""1"":0,""2"":0,""3"":0,""4"":0,""5"":0,""6"":0,""7"":0,""8"":0,""9"":8,""10"":6,""11"":3}"
train,24b484452e34_WIN_20260902_19_00_33_Pro_jpg.rf.c532b8de025eb73e92848346bf93f540.jpg,train,211,WIN_20260902_19_00_33_Pro_jpg.rf.c532b8de025eb73e92848346bf93f540.jpg,WIN_20260902_19_00_33_Pro.jpg,WIN_20260902_19_00_33_Pro.jpg,24b484452e34fe570c1f77c9bcbbc0de74171190eccb855ad0a080b821a55bb5,640,640,17,"{""0"":0,""1"":0,""2"":0,""3"":0,""4"":0,""5"":0,""6"":0,""7"":0,""8"":0,""9"":9,""10"":6,""11"":2}"
train,afb504aafaec_WIN_20260902_19_00_33_Pro_jpg.rf.6d6e92813488f260bd8519c333a65525.jpg,train,74,WIN_20260902_19_00_33_Pro_jpg.rf.6d6e92813488f260bd8519c333a65525.jpg,WIN_20260902_19_00_33_Pro.jpg,WIN_20260902_19_00_33_Pro.jpg,afb504aafaecc6d75e3cf8280ec890783301acc32eee484852b6cacfbcab96b4,640,640,17,"{""0"":0,""1"":0,""2"":0,""3"":0,""4"":0,""5"":0,""6"":0,""7"":0,""8"":0,""9"":9,""10"":6,""11"":2}"
train,f19c6e8195b5_WIN_20260902_19_00_33_Pro_jpg.rf.da825c8aec674044c19767b7600cb648.jpg,train,852,WIN_20260902_19_00_33_Pro_jpg.rf.da825c8aec674044c19767b7600cb648.jpg,WIN_20260902_19_00_33_Pro.jpg,WIN_20260902_19_00_33_Pro.jpg,f19c6e8195b5c76b00193922975d17aa167293b39ac649ad70e1c781db426ead,640,640,17,"{""0"":0,""1"":0,""2"":0,""3"":0,""4"":0,""5"":0,""6"":0,""7"":0,""8"":0,""9"":9,""10"":6,""11"":2}"
train,61d50cdaade7_WIN_20260902_19_04_57_Pro_jpg.rf.523ae9499b53390fa32922f628c8f3d0.jpg,train,193,WIN_20260902_19_04_57_Pro_jpg.rf.523ae9499b53390fa32922f628c8f3d0.jpg,WIN_20260902_19_04_57_Pro.jpg,WIN_20260902_19_04_57_Pro.jpg,61d50cdaade7fe22a0d1fccabbfd08b6b7d5fa725cb6d0ad415741cbc4d2b851,640,640,16,"{""0"":0,""1"":0,""2"":0,""3"":0,""4"":0,""5"":0,""6"":0,""7"":0,""8"":0,""9"":6,""10"":7,""11"":3}"
train,5427dccb1f1c_WIN_20260902_19_04_57_Pro_jpg.rf.7fc9ca230f7c02062427b5621399f1c5.jpg,train,256,WIN_20260902_19_04_57_Pro_jpg.rf.7fc9ca230f7c02062427b5621399f1c5.jpg,WIN_20260902_19_04_57_Pro.jpg,WIN_20260902_19_04_57_Pro.jpg,5427dccb1f1ce33c6b7d01be850b25549f561791a9f1c8fed1eaef3095408920,640,640,16,"{""0"":0,""1"":0,""2"":0,""3"":0,""4"":0,""5"":0,""6"":0,""7"":0,""8"":0,""9"":6,""10"":7,""11"":3}"
train,199f5f76e856_WIN_20260902_19_04_57_Pro_jpg.rf.7fb6b020046f941bc6c92f739929630f.jpg,train,72,WIN_20260902_19_04_57_Pro_jpg.rf.7fb6b020046f941bc6c92f739929630f.jpg,WIN_20260902_19_04_57_Pro.jpg,WIN_20260902_19_04_57_Pro.jpg,199f5f76e856f0fb81ad37c31056f22164b934cb60c2f88b621fdee9e7a3a03f,640,640,16,"{""0"":0,""1"":0,""2"":0,""3"":0,""4"":0,""5"":0,""6"":0,""7"":0,""8"":0,""9"":6,""10"":7,""11"":3}"
train,3ec6dec385ce_WIN_20260902_19_05_30_Pro_jpg.rf.3698c51dc9f3a7c5df2c021af622410a.jpg,valid,10,WIN_20260902_19_05_30_Pro_jpg.rf.3698c51dc9f3a7c5df2c021af622410a.jpg,WIN_20260902_19_05_30_Pro.jpg,WIN_20260902_19_05_30_Pro.jpg,3ec6dec385ce7ac8c06674d40874bcf0d19ab311da5f6de12edd2fb69d6c5e7b,640,640,18,"{""0"":0,""1"":0,""2"":0,""3"":0,""4"":0,""5"":0,""6"":0,""7"":0,""8"":0,""9"":6,""10"":7,""11"":5}"
train,08195009b0cc_WIN_20260902_19_05_38_Pro_jpg.rf.811966266367a149653e71f56f261c7b.jpg,train,479,WIN_20260902_19_05_38_Pro_jpg.rf.811966266367a149653e71f56f261c7b.jpg,WIN_20260902_19_05_38_Pro.jpg,WIN_20260902_19_05_38_Pro.jpg,08195009b0ccfa6a0171734a6cb27a21e279ca668e87620cc6811573f56854b8,640,640,16,"{""0"":0,""1"":0,""2"":0,""3"":0,""4"":0,""5"":0,""6"":0,""7"":0,""8"":0,""9"":6,""10"":7,""11"":3}"
train,4fea794b1715_WIN_20260902_19_05_38_Pro_jpg.rf.64f62c892f604f67556e52be44163a97.jpg,train,659,WIN_20260902_19_05_38_Pro_jpg.rf.64f62c892f604f67556e52be44163a97.jpg,WIN_20260902_19_05_38_Pro.jpg,WIN_20260902_19_05_38_Pro.jpg,4fea794b1715324456a20eae26bef9ad614d13bf6fb4d6705e9949c96e5f8824,640,640,16,"{""0"":0,""1"":0,""2"":0,""3"":0,""4"":0,""5"":0,""6"":0,""7"":0,""8"":0,""9"":6,""10"":7,""11"":3}"
train,866ae953adb2_WIN_20260902_19_05_38_Pro_jpg.rf.62985d775d6a382b7acf2b72a2fb5405.jpg,train,716,WIN_20260902_19_05_38_Pro_jpg.rf.62985d775d6a382b7acf2b72a2fb5405.jpg,WIN_20260902_19_05_38_Pro.jpg,WIN_20260902_19_05_38_Pro.jpg,866ae953adb28788d76fccf7ed38df231835966fb5af7b40dd6a58b2f51bb444,640,640,16,"{""0"":0,""1"":0,""2"":0,""3"":0,""4"":0,""5"":0,""6"":0,""7"":0,""8"":0,""9"":6,""10"":7,""11"":3}"
train,7a2c15ebd7f9_WIN_20260902_19_06_41_Pro_jpg.rf.01d9e2eac33321a57265d21bd5530763.jpg,train,238,WIN_20260902_19_06_41_Pro_jpg.rf.01d9e2eac33321a57265d21bd5530763.jpg,WIN_20260902_19_06_41_Pro.jpg,WIN_20260902_19_06_41_Pro.jpg,7a2c15ebd7f9bf4aafa4e4f84fc93568dc2573c1bd09af0cfb49f2295f2fd77b,640,640,18,"{""0"":0,""1"":0,""2"":0,""3"":0,""4"":0,""5"":0,""6"":0,""7"":0,""8"":0,""9"":6,""10"":7,""11"":5}"
train,06246fb9b88f_WIN_20260902_19_06_41_Pro_jpg.rf.a5cdc5af7e7e0f53680cb17fa1f6abcb.jpg,train,340,WIN_20260902_19_06_41_Pro_jpg.rf.a5cdc5af7e7e0f53680cb17fa1f6abcb.jpg,WIN_20260902_19_06_41_Pro.jpg,WIN_20260902_19_06_41_Pro.jpg,06246fb9b88f34673501af487d1a54d8b5920424db0e21721791e1c849dbe753,640,640,18,"{""0"":0,""1"":0,""2"":0,""3"":0,""4"":0,""5"":0,""6"":0,""7"":0,""8"":0,""9"":6,""10"":7,""11"":5}"
train,5822036efa2a_WIN_20260902_19_06_41_Pro_jpg.rf.40991884eb25aac2c28e2b34cb470cf3.jpg,train,750,WIN_20260902_19_06_41_Pro_jpg.rf.40991884eb25aac2c28e2b34cb470cf3.jpg,WIN_20260902_19_06_41_Pro.jpg,WIN_20260902_19_06_41_Pro.jpg,5822036efa2a6b80cccd1ef6163a29e3b72f03742782788ab288a14162883b47,640,640,18,"{""0"":0,""1"":0,""2"":0,""3"":0,""4"":0,""5"":0,""6"":0,""7"":0,""8"":0,""9"":6,""10"":7,""11"":5}"
train,d7de48dbbbbe_WIN_20260902_19_08_35_Pro_jpg.rf.5e1b5b34823343e9a924e381a4c2a081.jpg,valid,30,WIN_20260902_19_08_35_Pro_jpg.rf.5e1b5b34823343e9a924e381a4c2a081.jpg,WIN_20260902_19_08_35_Pro.jpg,WIN_20260902_19_08_35_Pro.jpg,d7de48dbbbbe8480aacaf7f9faec3257988ede1c56238f8790723d39e69393b4,640,640,14,"{""0"":0,""1"":0,""2"":0,""3"":0,""4"":0,""5"":0,""6"":0,""7"":0,""8"":0,""9"":5,""10"":7,""11"":2}"
train,6ca4f6a4ede9_WIN_20260902_19_08_47_Pro_jpg.rf.f4afb96dc8c3fdacaf191413a72e9085.jpg,train,189,WIN_20260902_19_08_47_Pro_jpg.rf.f4afb96dc8c3fdacaf191413a72e9085.jpg,WIN_20260902_19_08_47_Pro.jpg,WIN_20260902_19_08_47_Pro.jpg,6ca4f6a4ede9e9c8822a101ee77bd6f76ca3c5261a8b8f2ccec1505cc663da34,640,640,15,"{""0"":0,""1"":0,""2"":0,""3"":0,""4"":0,""5"":0,""6"":0,""7"":0,""8"":0,""9"":5,""10"":6,""11"":4}"
train,7e635505c78d_WIN_20260902_19_08_47_Pro_jpg.rf.ff568bca85c02b917c20ccfb30577d0c.jpg,train,396,WIN_20260902_19_08_47_Pro_jpg.rf.ff568bca85c02b917c20ccfb30577d0c.jpg,WIN_20260902_19_08_47_Pro.jpg,WIN_20260902_19_08_47_Pro.jpg,7e635505c78db491f03f615f669ac6ba1d8225fb541035d136967ba836958acc,640,640,15,"{""0"":0,""1"":0,""2"":0,""3"":0,""4"":0,""5"":0,""6"":0,""7"":0,""8"":0,""9"":5,""10"":6,""11"":4}"
train,44d5b0248cb2_WIN_20260902_19_08_47_Pro_jpg.rf.4369afb1acb39a272e38e26f2a4de63a.jpg,train,515,WIN_20260902_19_08_47_Pro_jpg.rf.4369afb1acb39a272e38e26f2a4de63a.jpg,WIN_20260902_19_08_47_Pro.jpg,WIN_20260902_19_08_47_Pro.jpg,44d5b0248cb22fd6a64124f47c59e1caf529a8378286103e0662aa6ca15fa59f,640,640,15,"{""0"":0,""1"":0,""2"":0,""3"":0,""4"":0,""5"":0,""6"":0,""7"":0,""8"":0,""9"":5,""10"":6,""11"":4}"
train,5b89c6c857b5_WIN_20260902_19_09_16_Pro_jpg.rf.0f59b0b8678cd56a8f53d1d5d2d3a5b5.jpg,train,253,WIN_20260902_19_09_16_Pro_jpg.rf.0f59b0b8678cd56a8f53d1d5d2d3a5b5.jpg,WIN_20260902_19_09_16_Pro.jpg,WIN_20260902_19_09_16_Pro.jpg,5b89c6c857b5bfa8bfac1b9d42fb35fdcfb3f57816adf029be3e5ce5517b9f32,640,640,16,"{""0"":0,""1"":0,""2"":0,""3"":0,""4"":0,""5"":0,""6"":0,""7"":0,""8"":0,""9"":6,""10"":6,""11"":4}"
train,e7e23bcb8d10_WIN_20260902_19_09_16_Pro_jpg.rf.4e6566ffeb545eb38a69bfa716f19ca9.jpg,train,40,WIN_20260902_19_09_16_Pro_jpg.rf.4e6566ffeb545eb38a69bfa716f19ca9.jpg,WIN_20260902_19_09_16_Pro.jpg,WIN_20260902_19_09_16_Pro.jpg,e7e23bcb8d10b0ec8992ddacfb150f3216932eabefb5e68c3a48ae02a3bbf7a4,640,640,16,"{""0"":0,""1"":0,""2"":0,""3"":0,""4"":0,""5"":0,""6"":0,""7"":0,""8"":0,""9"":6,""10"":6,""11"":4}"
train,650d038afd9e_WIN_20260902_19_09_16_Pro_jpg.rf.3d8f38bd2564b78ad3bc245266ce41a8.jpg,train,834,WIN_20260902_19_09_16_Pro_jpg.rf.3d8f38bd2564b78ad3bc245266ce41a8.jpg,WIN_20260902_19_09_16_Pro.jpg,WIN_20260902_19_09_16_Pro.jpg,650d038afd9eed9f57d8d967ee943ac331e769ff3ea54502229ba8f1d453e6a4,640,640,16,"{""0"":0,""1"":0,""2"":0,""3"":0,""4"":0,""5"":0,""6"":0,""7"":0,""8"":0,""9"":6,""10"":6,""11"":4}"
train,bf2207a8388d_WIN_20260902_19_10_30_Pro_jpg.rf.46402e314c934cb0096550b62a6b05e4.jpg,train,130,WIN_20260902_19_10_30_Pro_jpg.rf.46402e314c934cb0096550b62a6b05e4.jpg,WIN_20260902_19_10_30_Pro.jpg,WIN_20260902_19_10_30_Pro.jpg,bf2207a8388d269f1cf156013ff138a4e00ccab52fe441ef18b076ed84b9e2d8,640,640,17,"{""0"":0,""1"":0,""2"":0,""3"":0,""4"":0,""5"":0,""6"":0,""7"":0,""8"":0,""9"":5,""10"":6,""11"":6}"
train,476f41674227_WIN_20260902_19_10_30_Pro_jpg.rf.3042294415e4c91c9a0bce8c1a23fc6c.jpg,train,367,WIN_20260902_19_10_30_Pro_jpg.rf.3042294415e4c91c9a0bce8c1a23fc6c.jpg,WIN_20260902_19_10_30_Pro.jpg,WIN_20260902_19_10_30_Pro.jpg,476f41674227cd59ec930bed4f897d9fda082cd8a83f2b4f9a51164dc16e3bef,640,640,17,"{""0"":0,""1"":0,""2"":0,""3"":0,""4"":0,""5"":0,""6"":0,""7"":0,""8"":0,""9"":5,""10"":6,""11"":6}"
train,87a03f31be02_WIN_20260902_19_10_30_Pro_jpg.rf.909295095e5ad6f9eceab9b79f5daf98.jpg,train,86,WIN_20260902_19_10_30_Pro_jpg.rf.909295095e5ad6f9eceab9b79f5daf98.jpg,WIN_20260902_19_10_30_Pro.jpg,WIN_20260902_19_10_30_Pro.jpg,87a03f31be0278f581d0073180daabb3747fa80e3d58ca86e3a2fcab6824a818,640,640,17,"{""0"":0,""1"":0,""2"":0,""3"":0,""4"":0,""5"":0,""6"":0,""7"":0,""8"":0,""9"":5,""10"":6,""11"":6}"
train,20db2218b74a_WIN_20260902_19_11_12_Pro_jpg.rf.fcddc07c6ee7553804b92d910be3018c.jpg,train,254,WIN_20260902_19_11_12_Pro_jpg.rf.fcddc07c6ee7553804b92d910be3018c.jpg,WIN_20260902_19_11_12_Pro.jpg,WIN_20260902_19_11_12_Pro.jpg,20db2218b74ae520bcd3ba33526d2eee6d0aa094a8a6b1703fe804cfdcf5d082,640,640,16,"{""0"":0,""1"":0,""2"":0,""3"":0,""4"":0,""5"":0,""6"":0,""7"":0,""8"":0,""9"":6,""10"":6,""11"":4}"
train,aee27a4f7aa3_WIN_20260902_19_11_12_Pro_jpg.rf.4a5e9fad9ca93154bcc58b122e1f7cf4.jpg,train,315,WIN_20260902_19_11_12_Pro_jpg.rf.4a5e9fad9ca93154bcc58b122e1f7cf4.jpg,WIN_20260902_19_11_12_Pro.jpg,WIN_20260902_19_11_12_Pro.jpg,aee27a4f7aa31e4e59dd3d9d592307c6d214a7794ab712d3159557b0b403422c,640,640,16,"{""0"":0,""1"":0,""2"":0,""3"":0,""4"":0,""5"":0,""6"":0,""7"":0,""8"":0,""9"":6,""10"":6,""11"":4}"
train,ac1ce4569bf7_WIN_20260902_19_11_12_Pro_jpg.rf.bf9c9760552777e5948ff68006e6a1ea.jpg,train,761,WIN_20260902_19_11_12_Pro_jpg.rf.bf9c9760552777e5948ff68006e6a1ea.jpg,WIN_20260902_19_11_12_Pro.jpg,WIN_20260902_19_11_12_Pro.jpg,ac1ce4569bf795beee283118224c2a8a5d0d4a815b05b5302b73881b0e57fb59,640,640,16,"{""0"":0,""1"":0,""2"":0,""3"":0,""4"":0,""5"":0,""6"":0,""7"":0,""8"":0,""9"":6,""10"":6,""11"":4}"
val,4a50f97e90ce_WIN_20260823_20_10_28_Pro_jpg.rf.9c60bdf0a9e4c056ad9816cc00bab008.jpg,train,185,WIN_20260823_20_10_28_Pro_jpg.rf.9c60bdf0a9e4c056ad9816cc00bab008.jpg,WIN_20260823_20_10_28_Pro.jpg,WIN_20260823_20_10_28_Pro.jpg,4a50f97e90ceea0f69fad2be7cd39eb921fc338d79ea6869eca023fbc7351a1b,640,640,6,"{""0"":2,""1"":2,""2"":2,""3"":0,""4"":0,""5"":0,""6"":0,""7"":0,""8"":0,""9"":0,""10"":0,""11"":0}"
val,aba33b191f18_WIN_20260823_20_10_28_Pro_jpg.rf.704bb425cb1da0dd1c99a89e53f0ecad.jpg,train,715,WIN_20260823_20_10_28_Pro_jpg.rf.704bb425cb1da0dd1c99a89e53f0ecad.jpg,WIN_20260823_20_10_28_Pro.jpg,WIN_20260823_20_10_28_Pro.jpg,aba33b191f1843f4ed219262df7d490929b9faaa71599ca1ac6957e7053cc627,640,640,6,"{""0"":2,""1"":2,""2"":2,""3"":0,""4"":0,""5"":0,""6"":0,""7"":0,""8"":0,""9"":0,""10"":0,""11"":0}"
val,c8f17b5825be_WIN_20260823_20_10_28_Pro_jpg.rf.a49ef5c236cf14aaa6703169b8ec62a7.jpg,train,764,WIN_20260823_20_10_28_Pro_jpg.rf.a49ef5c236cf14aaa6703169b8ec62a7.jpg,WIN_20260823_20_10_28_Pro.jpg,WIN_20260823_20_10_28_Pro.jpg,c8f17b5825bed023f7e70a6849e6f8efd6d59619801e98affc8bb1e67b6a0ec7,640,640,6,"{""0"":2,""1"":2,""2"":2,""3"":0,""4"":0,""5"":0,""6"":0,""7"":0,""8"":0,""9"":0,""10"":0,""11"":0}"
val,e52a25064bfc_WIN_20260823_20_11_44_Pro_jpg.rf.934d10211f12ddeb65740bec4d15e863.jpg,train,117,WIN_20260823_20_11_44_Pro_jpg.rf.934d10211f12ddeb65740bec4d15e863.jpg,WIN_20260823_20_11_44_Pro.jpg,WIN_20260823_20_11_44_Pro.jpg,e52a25064bfcfe83db8ca2bcf1327c2f57347ce245d1c046cb2ed783eff31b71,640,640,5,"{""0"":2,""1"":2,""2"":1,""3"":0,""4"":0,""5"":0,""6"":0,""7"":0,""8"":0,""9"":0,""10"":0,""11"":0}"
val,908788ea355d_WIN_20260823_20_11_44_Pro_jpg.rf.d12a4ef382d60a2edce736911265a778.jpg,train,146,WIN_20260823_20_11_44_Pro_jpg.rf.d12a4ef382d60a2edce736911265a778.jpg,WIN_20260823_20_11_44_Pro.jpg,WIN_20260823_20_11_44_Pro.jpg,908788ea355db83f8a0c39717070b42d74e7310c00abb06d38fb31d0ce355e03,640,640,5,"{""0"":2,""1"":2,""2"":1,""3"":0,""4"":0,""5"":0,""6"":0,""7"":0,""8"":0,""9"":0,""10"":0,""11"":0}"
val,e45144d4cf6b_WIN_20260823_20_11_44_Pro_jpg.rf.07d625ef447d59cf0aa60f67b468c49b.jpg,train,851,WIN_20260823_20_11_44_Pro_jpg.rf.07d625ef447d59cf0aa60f67b468c49b.jpg,WIN_20260823_20_11_44_Pro.jpg,WIN_20260823_20_11_44_Pro.jpg,e45144d4cf6b6647609a5abec13f97ca33061a17d88e87873d46ccba44b21de2,640,640,5,"{""0"":2,""1"":2,""2"":1,""3"":0,""4"":0,""5"":0,""6"":0,""7"":0,""8"":0,""9"":0,""10"":0,""11"":0}"
val,6ec69a894039_WIN_20260823_20_12_49_Pro_jpg.rf.7b3236fc399ee430a522a4cd5c58e2e9.jpg,train,585,WIN_20260823_20_12_49_Pro_jpg.rf.7b3236fc399ee430a522a4cd5c58e2e9.jpg,WIN_20260823_20_12_49_Pro.jpg,WIN_20260823_20_12_49_Pro.jpg,6ec69a8940393d4c2b5c4d44443c052286e50f3a3d3b9ee00aa93a49decf37bd,640,640,6,"{""0"":2,""1"":2,""2"":2,""3"":0,""4"":0,""5"":0,""6"":0,""7"":0,""8"":0,""9"":0,""10"":0,""11"":0}"
val,16d6baa5bb29_WIN_20260823_20_12_49_Pro_jpg.rf.f63c2d1088ca5ef1d48c65b272f49c30.jpg,train,677,WIN_20260823_20_12_49_Pro_jpg.rf.f63c2d1088ca5ef1d48c65b272f49c30.jpg,WIN_20260823_20_12_49_Pro.jpg,WIN_20260823_20_12_49_Pro.jpg,16d6baa5bb29abf843f01cbca443483c9edf34bd6707a1ed561d0fcde1434de4,640,640,6,"{""0"":2,""1"":2,""2"":2,""3"":0,""4"":0,""5"":0,""6"":0,""7"":0,""8"":0,""9"":0,""10"":0,""11"":0}"
val,2f93d594714e_WIN_20260823_20_12_49_Pro_jpg.rf.20f369165fd75aea88a89a31d5768c71.jpg,train,784,WIN_20260823_20_12_49_Pro_jpg.rf.20f369165fd75aea88a89a31d5768c71.jpg,WIN_20260823_20_12_49_Pro.jpg,WIN_20260823_20_12_49_Pro.jpg,2f93d594714e9e2afa91213c39ecf3fa0754682d4efc1d813a791bc52ba5192a,640,640,6,"{""0"":2,""1"":2,""2"":2,""3"":0,""4"":0,""5"":0,""6"":0,""7"":0,""8"":0,""9"":0,""10"":0,""11"":0}"
val,160fab14e2cd_WIN_20260823_20_14_44_Pro_jpg.rf.c0de7737cea1db749a6a4059b27d4193.jpg,train,360,WIN_20260823_20_14_44_Pro_jpg.rf.c0de7737cea1db749a6a4059b27d4193.jpg,WIN_20260823_20_14_44_Pro.jpg,WIN_20260823_20_14_44_Pro.jpg,160fab14e2cdf5e98dcf0e0b419d4ed6621e1c2df4fc5a3420420d5ee834250f,640,640,5,"{""0"":2,""1"":2,""2"":1,""3"":0,""4"":0,""5"":0,""6"":0,""7"":0,""8"":0,""9"":0,""10"":0,""11"":0}"
val,c08b9de4305c_WIN_20260823_20_14_44_Pro_jpg.rf.f8e27b0f076a7b0913152635175fd682.jpg,train,38,WIN_20260823_20_14_44_Pro_jpg.rf.f8e27b0f076a7b0913152635175fd682.jpg,WIN_20260823_20_14_44_Pro.jpg,WIN_20260823_20_14_44_Pro.jpg,c08b9de4305c504d2bdab6a412bfaa81f80a1165ea41bed5aaf7672fcfc59600,640,640,5,"{""0"":2,""1"":2,""2"":1,""3"":0,""4"":0,""5"":0,""6"":0,""7"":0,""8"":0,""9"":0,""10"":0,""11"":0}"
val,520ebdf41ec7_WIN_20260823_20_14_44_Pro_jpg.rf.c5101bfb257b2bed0f98984c8b239b3b.jpg,train,83,WIN_20260823_20_14_44_Pro_jpg.rf.c5101bfb257b2bed0f98984c8b239b3b.jpg,WIN_20260823_20_14_44_Pro.jpg,WIN_20260823_20_14_44_Pro.jpg,520ebdf41ec75b280a334981ece557779d519f0190cf60507d4dbc6c281fb86a,640,640,5,"{""0"":2,""1"":2,""2"":1,""3"":0,""4"":0,""5"":0,""6"":0,""7"":0,""8"":0,""9"":0,""10"":0,""11"":0}"
val,b0e1cf7790b8_WIN_20260823_20_18_52_Pro_jpg.rf.395aaed2fcde7504cc14dcc611344bea.jpg,train,704,WIN_20260823_20_18_52_Pro_jpg.rf.395aaed2fcde7504cc14dcc611344bea.jpg,WIN_20260823_20_18_52_Pro.jpg,WIN_20260823_20_18_52_Pro.jpg,b0e1cf7790b8dd879d91c52a13985ad26a27331f1f7a44a6e0a56d1a9243dfd8,640,640,5,"{""0"":2,""1"":1,""2"":2,""3"":0,""4"":0,""5"":0,""6"":0,""7"":0,""8"":0,""9"":0,""10"":0,""11"":0}"
val,0738f8addee9_WIN_20260823_20_18_52_Pro_jpg.rf.6f995c299b51562846da51c99377ed09.jpg,train,717,WIN_20260823_20_18_52_Pro_jpg.rf.6f995c299b51562846da51c99377ed09.jpg,WIN_20260823_20_18_52_Pro.jpg,WIN_20260823_20_18_52_Pro.jpg,0738f8addee9d8556a51dcd0eb89bf10144aa37af4e985b33a1e05e1822a83be,640,640,5,"{""0"":2,""1"":1,""2"":2,""3"":0,""4"":0,""5"":0,""6"":0,""7"":0,""8"":0,""9"":0,""10"":0,""11"":0}"
val,4b14493607a5_WIN_20260823_20_18_52_Pro_jpg.rf.4c943c73e4bb13a05ec76717750f0d37.jpg,train,835,WIN_20260823_20_18_52_Pro_jpg.rf.4c943c73e4bb13a05ec76717750f0d37.jpg,WIN_20260823_20_18_52_Pro.jpg,WIN_20260823_20_18_52_Pro.jpg,4b14493607a57ef35c013e4700e4464c6a2ce081268aa21631f54de3abab7ac2,640,640,5,"{""0"":2,""1"":1,""2"":2,""3"":0,""4"":0,""5"":0,""6"":0,""7"":0,""8"":0,""9"":0,""10"":0,""11"":0}"
val,71f0d9cb8b55_WIN_20260823_20_19_15_Pro_jpg.rf.89f91c79fbca887db3515f62f5b296b9.jpg,train,20,WIN_20260823_20_19_15_Pro_jpg.rf.89f91c79fbca887db3515f62f5b296b9.jpg,WIN_20260823_20_19_15_Pro.jpg,WIN_20260823_20_19_15_Pro.jpg,71f0d9cb8b55003b409bd83b848cf9a7f55b6ee15f124f24c845bafcb34f1a8a,640,640,4,"{""0"":2,""1"":1,""2"":1,""3"":0,""4"":0,""5"":0,""6"":0,""7"":0,""8"":0,""9"":0,""10"":0,""11"":0}"
val,d28ce2ad30d6_WIN_20260823_20_19_15_Pro_jpg.rf.073a2120d5160903fbf05c537ee5f6f8.jpg,train,272,WIN_20260823_20_19_15_Pro_jpg.rf.073a2120d5160903fbf05c537ee5f6f8.jpg,WIN_20260823_20_19_15_Pro.jpg,WIN_20260823_20_19_15_Pro.jpg,d28ce2ad30d6615e259e3584bdb65de91a1e9f1f79d97fbdd35b7659564c7e53,640,640,4,"{""0"":2,""1"":1,""2"":1,""3"":0,""4"":0,""5"":0,""6"":0,""7"":0,""8"":0,""9"":0,""10"":0,""11"":0}"
val,90eba1eabca1_WIN_20260823_20_19_15_Pro_jpg.rf.1cdaae64a84dd29c30a86ea2fa31e090.jpg,train,586,WIN_20260823_20_19_15_Pro_jpg.rf.1cdaae64a84dd29c30a86ea2fa31e090.jpg,WIN_20260823_20_19_15_Pro.jpg,WIN_20260823_20_19_15_Pro.jpg,90eba1eabca107635c0b33b54b76617fd9e40d5fa3fb5981df801bbc32fe4dee,640,640,4,"{""0"":2,""1"":1,""2"":1,""3"":0,""4"":0,""5"":0,""6"":0,""7"":0,""8"":0,""9"":0,""10"":0,""11"":0}"
val,9352174efd1a_WIN_20260823_20_23_49_Pro_jpg.rf.9138f0c5f7208a36ce622ad12909ac06.jpg,train,501,WIN_20260823_20_23_49_Pro_jpg.rf.9138f0c5f7208a36ce622ad12909ac06.jpg,WIN_20260823_20_23_49_Pro.jpg,WIN_20260823_20_23_49_Pro.jpg,9352174efd1a94d8fab06d715c01953595259c0aed3bdfca73b0750d08290fc6,640,640,5,"{""0"":2,""1"":1,""2"":2,""3"":0,""4"":0,""5"":0,""6"":0,""7"":0,""8"":0,""9"":0,""10"":0,""11"":0}"
val,cbe06fb8c0af_WIN_20260823_20_23_49_Pro_jpg.rf.66a43ce7be4de1715abd61462cddafac.jpg,train,566,WIN_20260823_20_23_49_Pro_jpg.rf.66a43ce7be4de1715abd61462cddafac.jpg,WIN_20260823_20_23_49_Pro.jpg,WIN_20260823_20_23_49_Pro.jpg,cbe06fb8c0af3aeb140f43c6429bf8f5f68a9aedd0aa55fd8e1e46a28ffdbcc8,640,640,5,"{""0"":2,""1"":1,""2"":2,""3"":0,""4"":0,""5"":0,""6"":0,""7"":0,""8"":0,""9"":0,""10"":0,""11"":0}"
val,74e60ce52528_WIN_20260823_20_23_49_Pro_jpg.rf.d1aa6e80092f92a8d34ad11b2d413641.jpg,train,772,WIN_20260823_20_23_49_Pro_jpg.rf.d1aa6e80092f92a8d34ad11b2d413641.jpg,WIN_20260823_20_23_49_Pro.jpg,WIN_20260823_20_23_49_Pro.jpg,74e60ce525287844b14e60829582bf369441d1c1addfdd076266a7967ac1f5e0,640,640,5,"{""0"":2,""1"":1,""2"":2,""3"":0,""4"":0,""5"":0,""6"":0,""7"":0,""8"":0,""9"":0,""10"":0,""11"":0}"
val,a00db33a1dab_WIN_20260823_20_24_07_Pro_jpg.rf.070066ee41043237297d126447a52e48.jpg,train,468,WIN_20260823_20_24_07_Pro_jpg.rf.070066ee41043237297d126447a52e48.jpg,WIN_20260823_20_24_07_Pro.jpg,WIN_20260823_20_24_07_Pro.jpg,a00db33a1dab69b793665b36f7af94d5dec1fa8a2e9ba707eb1610673896609b,640,640,6,"{""0"":0,""1"":2,""2"":2,""3"":2,""4"":0,""5"":0,""6"":0,""7"":0,""8"":0,""9"":0,""10"":0,""11"":0}"
val,866b1aff07d1_WIN_20260823_20_24_07_Pro_jpg.rf.56809c71471cf71c9a1913d72a43ff99.jpg,train,564,WIN_20260823_20_24_07_Pro_jpg.rf.56809c71471cf71c9a1913d72a43ff99.jpg,WIN_20260823_20_24_07_Pro.jpg,WIN_20260823_20_24_07_Pro.jpg,866b1aff07d150d528917040d45e40b0fa2b9b60619e6437a8dc007efeb23df2,640,640,6,"{""0"":0,""1"":2,""2"":2,""3"":2,""4"":0,""5"":0,""6"":0,""7"":0,""8"":0,""9"":0,""10"":0,""11"":0}"
val,b5567ea2a40a_WIN_20260823_20_24_07_Pro_jpg.rf.3a173df631a67d5d6fb65ad5828725ff.jpg,train,793,WIN_20260823_20_24_07_Pro_jpg.rf.3a173df631a67d5d6fb65ad5828725ff.jpg,WIN_20260823_20_24_07_Pro.jpg,WIN_20260823_20_24_07_Pro.jpg,b5567ea2a40a81552119c29f477d71cb991e0d384c05807b5c151637cdd91558,640,640,6,"{""0"":0,""1"":2,""2"":2,""3"":2,""4"":0,""5"":0,""6"":0,""7"":0,""8"":0,""9"":0,""10"":0,""11"":0}"
val,144d38ce005e_WIN_20260823_20_24_10_Pro_jpg.rf.cf525d7e34dd60b74567b5951febab2d.jpg,train,234,WIN_20260823_20_24_10_Pro_jpg.rf.cf525d7e34dd60b74567b5951febab2d.jpg,WIN_20260823_20_24_10_Pro.jpg,WIN_20260823_20_24_10_Pro.jpg,144d38ce005ec20abe67bf37267492b5095d6e1a7dadbf1e9ffb878c5c16fcf4,640,640,5,"{""0"":2,""1"":2,""2"":1,""3"":0,""4"":0,""5"":0,""6"":0,""7"":0,""8"":0,""9"":0,""10"":0,""11"":0}"
val,4ba8f35244af_WIN_20260823_20_24_10_Pro_jpg.rf.4452a07f987de7c1496341d187064ac9.jpg,train,653,WIN_20260823_20_24_10_Pro_jpg.rf.4452a07f987de7c1496341d187064ac9.jpg,WIN_20260823_20_24_10_Pro.jpg,WIN_20260823_20_24_10_Pro.jpg,4ba8f35244afd4ef382d0a47ed74f22982e26365da1448e884e80f8642bcb2ef,640,640,5,"{""0"":2,""1"":2,""2"":1,""3"":0,""4"":0,""5"":0,""6"":0,""7"":0,""8"":0,""9"":0,""10"":0,""11"":0}"
val,2789c6d8dac2_WIN_20260823_20_24_10_Pro_jpg.rf.4803fb884f6ed610515afda88d8faf77.jpg,train,695,WIN_20260823_20_24_10_Pro_jpg.rf.4803fb884f6ed610515afda88d8faf77.jpg,WIN_20260823_20_24_10_Pro.jpg,WIN_20260823_20_24_10_Pro.jpg,2789c6d8dac2eec9423999d3e15bd98e6099e5b38f9f493d92e68dc0eba62c5a,640,640,5,"{""0"":2,""1"":2,""2"":1,""3"":0,""4"":0,""5"":0,""6"":0,""7"":0,""8"":0,""9"":0,""10"":0,""11"":0}"
val,59cc281128e0_WIN_20260823_20_24_33_Pro_jpg.rf.3a330e01fe51bb8b5f40db2741b696b6.jpg,train,105,WIN_20260823_20_24_33_Pro_jpg.rf.3a330e01fe51bb8b5f40db2741b696b6.jpg,WIN_20260823_20_24_33_Pro.jpg,WIN_20260823_20_24_33_Pro.jpg,59cc281128e0794344d2799943cdf6c37180c63640a7218dffffa22b52fe7dd0,640,640,4,"{""0"":2,""1"":2,""2"":0,""3"":0,""4"":0,""5"":0,""6"":0,""7"":0,""8"":0,""9"":0,""10"":0,""11"":0}"
val,a5c9f52d25e5_WIN_20260823_20_24_33_Pro_jpg.rf.c8e142bb9909179b69196fb61479b5d7.jpg,train,257,WIN_20260823_20_24_33_Pro_jpg.rf.c8e142bb9909179b69196fb61479b5d7.jpg,WIN_20260823_20_24_33_Pro.jpg,WIN_20260823_20_24_33_Pro.jpg,a5c9f52d25e5d15ce51dc98257fe8c8c49e431e73be02891b66fd798b4628a87,640,640,4,"{""0"":2,""1"":2,""2"":0,""3"":0,""4"":0,""5"":0,""6"":0,""7"":0,""8"":0,""9"":0,""10"":0,""11"":0}"
val,71e93ef24b9b_WIN_20260823_20_24_33_Pro_jpg.rf.35acd04b4249fd70c52b3f15e5911556.jpg,train,338,WIN_20260823_20_24_33_Pro_jpg.rf.35acd04b4249fd70c52b3f15e5911556.jpg,WIN_20260823_20_24_33_Pro.jpg,WIN_20260823_20_24_33_Pro.jpg,71e93ef24b9b887234745b276038e70d6d1b8297ebf6bd29a8684cc2bdae378c,640,640,4,"{""0"":2,""1"":2,""2"":0,""3"":0,""4"":0,""5"":0,""6"":0,""7"":0,""8"":0,""9"":0,""10"":0,""11"":0}"
val,4f1cf1340811_WIN_20260823_20_24_37_Pro_jpg.rf.2da0645f8382d44100ba33244fc0bfdf.jpg,train,605,WIN_20260823_20_24_37_Pro_jpg.rf.2da0645f8382d44100ba33244fc0bfdf.jpg,WIN_20260823_20_24_37_Pro.jpg,WIN_20260823_20_24_37_Pro.jpg,4f1cf13408113b5898bf2f9f9b7a1945ade01d7669c8cf4e53f2bf9e18eda57e,640,640,5,"{""0"":1,""1"":2,""2"":2,""3"":0,""4"":0,""5"":0,""6"":0,""7"":0,""8"":0,""9"":0,""10"":0,""11"":0}"
val,4bd8785472f8_WIN_20260823_20_24_37_Pro_jpg.rf.6af055f79de8855dc93b5681c26d6e70.jpg,train,721,WIN_20260823_20_24_37_Pro_jpg.rf.6af055f79de8855dc93b5681c26d6e70.jpg,WIN_20260823_20_24_37_Pro.jpg,WIN_20260823_20_24_37_Pro.jpg,4bd8785472f8d27409479c2369a8ea569df99f8db5f2dd27cf56413e70ac6300,640,640,5,"{""0"":1,""1"":2,""2"":2,""3"":0,""4"":0,""5"":0,""6"":0,""7"":0,""8"":0,""9"":0,""10"":0,""11"":0}"
val,2e7af91d06ea_WIN_20260823_20_24_37_Pro_jpg.rf.e6b159c66c34645adcd9d31e0bbd2c36.jpg,train,853,WIN_20260823_20_24_37_Pro_jpg.rf.e6b159c66c34645adcd9d31e0bbd2c36.jpg,WIN_20260823_20_24_37_Pro.jpg,WIN_20260823_20_24_37_Pro.jpg,2e7af91d06ea83e8a02bceb087f807b39aa4980bdafe0b097a50acce68348da1,640,640,5,"{""0"":1,""1"":2,""2"":2,""3"":0,""4"":0,""5"":0,""6"":0,""7"":0,""8"":0,""9"":0,""10"":0,""11"":0}"
val,db1689245efd_WIN_20260823_20_25_03_Pro-1-_jpg.rf.963dc17e7da832161962ace7f5a264ea.jpg,train,382,WIN_20260823_20_25_03_Pro-1-_jpg.rf.963dc17e7da832161962ace7f5a264ea.jpg,WIN_20260823_20_25_03_Pro-1-.jpg,WIN_20260823_20_25_03_Pro-1-.jpg,db1689245efddb7fabb70aaef10a8011fb226a8dc126c6f2abea05fdff68e9e8,640,640,6,"{""0"":2,""1"":2,""2"":2,""3"":0,""4"":0,""5"":0,""6"":0,""7"":0,""8"":0,""9"":0,""10"":0,""11"":0}"
val,a7de875e75d5_WIN_20260823_20_25_03_Pro-1-_jpg.rf.5267f8ad801da144f2e02d1748ae96f0.jpg,train,565,WIN_20260823_20_25_03_Pro-1-_jpg.rf.5267f8ad801da144f2e02d1748ae96f0.jpg,WIN_20260823_20_25_03_Pro-1-.jpg,WIN_20260823_20_25_03_Pro-1-.jpg,a7de875e75d5b3621942dc17f68d5e909e006e0922c687572b8f76d3df7710c9,640,640,6,"{""0"":2,""1"":2,""2"":2,""3"":0,""4"":0,""5"":0,""6"":0,""7"":0,""8"":0,""9"":0,""10"":0,""11"":0}"
val,40c744e97b6c_WIN_20260823_20_25_03_Pro-1-_jpg.rf.956782598e544725ee4b93a50ae8e314.jpg,train,607,WIN_20260823_20_25_03_Pro-1-_jpg.rf.956782598e544725ee4b93a50ae8e314.jpg,WIN_20260823_20_25_03_Pro-1-.jpg,WIN_20260823_20_25_03_Pro-1-.jpg,40c744e97b6c9738a09bdab44508658aa88eda6e2440f49c7b9b6e7e6e83f2af,640,640,6,"{""0"":2,""1"":2,""2"":2,""3"":0,""4"":0,""5"":0,""6"":0,""7"":0,""8"":0,""9"":0,""10"":0,""11"":0}"
val,c0d82396bd84_WIN_20260823_20_25_09_Pro-1-_jpg.rf.508a826e9e51bf24d575fb88bed0486e.jpg,train,571,WIN_20260823_20_25_09_Pro-1-_jpg.rf.508a826e9e51bf24d575fb88bed0486e.jpg,WIN_20260823_20_25_09_Pro-1-.jpg,WIN_20260823_20_25_09_Pro-1-.jpg,c0d82396bd847a6e31e54400d0e763457fe4574d538928e1aa445d1dcd6e6696,640,640,4,"{""0"":2,""1"":0,""2"":2,""3"":0,""4"":0,""5"":0,""6"":0,""7"":0,""8"":0,""9"":0,""10"":0,""11"":0}"
val,45f4862ca3c9_WIN_20260823_20_25_09_Pro-1-_jpg.rf.5241340dfeeba678301eac91d04d6683.jpg,train,682,WIN_20260823_20_25_09_Pro-1-_jpg.rf.5241340dfeeba678301eac91d04d6683.jpg,WIN_20260823_20_25_09_Pro-1-.jpg,WIN_20260823_20_25_09_Pro-1-.jpg,45f4862ca3c9b8510d3ff56b2754254602f4d6f03ef672ab3530051db578545c,640,640,4,"{""0"":2,""1"":0,""2"":2,""3"":0,""4"":0,""5"":0,""6"":0,""7"":0,""8"":0,""9"":0,""10"":0,""11"":0}"
val,b8efa8a64edc_WIN_20260823_20_25_09_Pro-1-_jpg.rf.74a603d53dd4108f8b0a7548a3011411.jpg,train,696,WIN_20260823_20_25_09_Pro-1-_jpg.rf.74a603d53dd4108f8b0a7548a3011411.jpg,WIN_20260823_20_25_09_Pro-1-.jpg,WIN_20260823_20_25_09_Pro-1-.jpg,b8efa8a64edc9d9e524588829fc4010165740edeb88c7f749317573b290f4bc6,640,640,4,"{""0"":2,""1"":0,""2"":2,""3"":0,""4"":0,""5"":0,""6"":0,""7"":0,""8"":0,""9"":0,""10"":0,""11"":0}"
val,09d10d9be14c_WIN_20260823_20_25_11_Pro_jpg.rf.5b0e845c54ed383483243dee3d4c0966.jpg,train,131,WIN_20260823_20_25_11_Pro_jpg.rf.5b0e845c54ed383483243dee3d4c0966.jpg,WIN_20260823_20_25_11_Pro.jpg,WIN_20260823_20_25_11_Pro.jpg,09d10d9be14c37cff2809625ed594b67c4c01c4c6bf4c720e187c87e3f608a00,640,640,6,"{""0"":2,""1"":2,""2"":2,""3"":0,""4"":0,""5"":0,""6"":0,""7"":0,""8"":0,""9"":0,""10"":0,""11"":0}"
val,1858b25706df_WIN_20260823_20_25_11_Pro_jpg.rf.8ce4cbde158a8eba8cad59af6d67528b.jpg,train,615,WIN_20260823_20_25_11_Pro_jpg.rf.8ce4cbde158a8eba8cad59af6d67528b.jpg,WIN_20260823_20_25_11_Pro.jpg,WIN_20260823_20_25_11_Pro.jpg,1858b25706dfc7ebabddca0614a8a5ac39af3cb255a2a9cf4094978c6efdaf8a,640,640,6,"{""0"":2,""1"":2,""2"":2,""3"":0,""4"":0,""5"":0,""6"":0,""7"":0,""8"":0,""9"":0,""10"":0,""11"":0}"
val,3a2d2597e5d0_WIN_20260823_20_25_11_Pro_jpg.rf.4f1e6d819c610c6f3f3eee29d678cc11.jpg,train,788,WIN_20260823_20_25_11_Pro_jpg.rf.4f1e6d819c610c6f3f3eee29d678cc11.jpg,WIN_20260823_20_25_11_Pro.jpg,WIN_20260823_20_25_11_Pro.jpg,3a2d2597e5d009edd930e7c5d42c452e3603882ca3298da45772b25a606d9579,640,640,6,"{""0"":2,""1"":2,""2"":2,""3"":0,""4"":0,""5"":0,""6"":0,""7"":0,""8"":0,""9"":0,""10"":0,""11"":0}"
val,252304b7d0a7_WIN_20260823_20_34_43_Pro_jpg.rf.03fbcccebf9e9be2072a826bab9040b6.jpg,train,24,WIN_20260823_20_34_43_Pro_jpg.rf.03fbcccebf9e9be2072a826bab9040b6.jpg,WIN_20260823_20_34_43_Pro.jpg,WIN_20260823_20_34_43_Pro.jpg,252304b7d0a7c286423ab8dbfac3c716037171386775a7c97249ec3587f656e9,640,640,11,"{""0"":0,""1"":0,""2"":0,""3"":6,""4"":5,""5"":0,""6"":0,""7"":0,""8"":0,""9"":0,""10"":0,""11"":0}"
val,6fdebd41efd6_WIN_20260823_20_34_43_Pro_jpg.rf.31eac86b586cdc0b662819b775582241.jpg,train,460,WIN_20260823_20_34_43_Pro_jpg.rf.31eac86b586cdc0b662819b775582241.jpg,WIN_20260823_20_34_43_Pro.jpg,WIN_20260823_20_34_43_Pro.jpg,6fdebd41efd6c17b844684a5b8681f4a55645c0829d9e221d90142ce77e18598,640,640,11,"{""0"":0,""1"":0,""2"":0,""3"":6,""4"":5,""5"":0,""6"":0,""7"":0,""8"":0,""9"":0,""10"":0,""11"":0}"
val,fed07e3f3927_WIN_20260823_20_34_43_Pro_jpg.rf.45a3331e8d51bc8ff6daaf04b8d15d4c.jpg,train,472,WIN_20260823_20_34_43_Pro_jpg.rf.45a3331e8d51bc8ff6daaf04b8d15d4c.jpg,WIN_20260823_20_34_43_Pro.jpg,WIN_20260823_20_34_43_Pro.jpg,fed07e3f392737a891e978452430887b53ca8d2459c4cb78e921d2b515854150,640,640,11,"{""0"":0,""1"":0,""2"":0,""3"":6,""4"":5,""5"":0,""6"":0,""7"":0,""8"":0,""9"":0,""10"":0,""11"":0}"
val,45a15f6db8ca_WIN_20260823_20_38_54_Pro_jpg.rf.fa40a2d3cda20d41dd72a8150955f51f.jpg,train,276,WIN_20260823_20_38_54_Pro_jpg.rf.fa40a2d3cda20d41dd72a8150955f51f.jpg,WIN_20260823_20_38_54_Pro.jpg,WIN_20260823_20_38_54_Pro.jpg,45a15f6db8cab6e536d76d5d0058fe0341df393f97d5537092ca2fe5900775f6,640,640,18,"{""0"":0,""1"":0,""2"":0,""3"":6,""4"":5,""5"":7,""6"":0,""7"":0,""8"":0,""9"":0,""10"":0,""11"":0}"
val,26e6531ea584_WIN_20260823_20_38_54_Pro_jpg.rf.0471676eb9343d7b473e9d070bbd7d9b.jpg,train,283,WIN_20260823_20_38_54_Pro_jpg.rf.0471676eb9343d7b473e9d070bbd7d9b.jpg,WIN_20260823_20_38_54_Pro.jpg,WIN_20260823_20_38_54_Pro.jpg,26e6531ea584064878a21ecac1f8c6bfd4326e94e56a6ba8720d47d1a2b1cfe5,640,640,18,"{""0"":0,""1"":0,""2"":0,""3"":6,""4"":5,""5"":7,""6"":0,""7"":0,""8"":0,""9"":0,""10"":0,""11"":0}"
val,baea537bdf88_WIN_20260823_20_38_54_Pro_jpg.rf.70847e80a142519b8008a5f145c8d9df.jpg,train,493,WIN_20260823_20_38_54_Pro_jpg.rf.70847e80a142519b8008a5f145c8d9df.jpg,WIN_20260823_20_38_54_Pro.jpg,WIN_20260823_20_38_54_Pro.jpg,baea537bdf88e8815d13ee4abaa38b9e19e0cc4ccb0a0b2b197614c896239f9e,640,640,18,"{""0"":0,""1"":0,""2"":0,""3"":6,""4"":5,""5"":7,""6"":0,""7"":0,""8"":0,""9"":0,""10"":0,""11"":0}"
val,7959124956bf_WIN_20260823_20_39_00_Pro_jpg.rf.74a9a3dd2061e83c58e93f898eca22b8.jpg,train,325,WIN_20260823_20_39_00_Pro_jpg.rf.74a9a3dd2061e83c58e93f898eca22b8.jpg,WIN_20260823_20_39_00_Pro.jpg,WIN_20260823_20_39_00_Pro.jpg,7959124956bf5dcc82c2815c940e506cf8988af96f037031ea2aa68b05751614,640,640,13,"{""0"":0,""1"":0,""2"":0,""3"":5,""4"":6,""5"":2,""6"":0,""7"":0,""8"":0,""9"":0,""10"":0,""11"":0}"
val,a3941e47601f_WIN_20260823_20_39_00_Pro_jpg.rf.00f427e18bbbb6d91dfcfef5fd8aec02.jpg,train,453,WIN_20260823_20_39_00_Pro_jpg.rf.00f427e18bbbb6d91dfcfef5fd8aec02.jpg,WIN_20260823_20_39_00_Pro.jpg,WIN_20260823_20_39_00_Pro.jpg,a3941e47601f53859382c74f71923788d4473aee01f36dd73fc0376769dc9ca2,640,640,13,"{""0"":0,""1"":0,""2"":0,""3"":5,""4"":6,""5"":2,""6"":0,""7"":0,""8"":0,""9"":0,""10"":0,""11"":0}"
val,12afcb7da726_WIN_20260823_20_39_00_Pro_jpg.rf.3f4bfaa8afb1bf990e25b5375ab22152.jpg,train,646,WIN_20260823_20_39_00_Pro_jpg.rf.3f4bfaa8afb1bf990e25b5375ab22152.jpg,WIN_20260823_20_39_00_Pro.jpg,WIN_20260823_20_39_00_Pro.jpg,12afcb7da7260693f7c3d15046afd969d8196a8c6cd6ed19434904bc6853cac3,640,640,13,"{""0"":0,""1"":0,""2"":0,""3"":5,""4"":6,""5"":2,""6"":0,""7"":0,""8"":0,""9"":0,""10"":0,""11"":0}"
val,2a14f21f1288_WIN_20260823_20_39_41_Pro_jpg.rf.70a77f31f2cef8776d1077042c1ea1c1.jpg,train,190,WIN_20260823_20_39_41_Pro_jpg.rf.70a77f31f2cef8776d1077042c1ea1c1.jpg,WIN_20260823_20_39_41_Pro.jpg,WIN_20260823_20_39_41_Pro.jpg,2a14f21f12888f9a35c02ab5df2878193cbc4495ba31eae7868c082677da0794,640,640,20,"{""0"":0,""1"":0,""2"":0,""3"":7,""4"":7,""5"":6,""6"":0,""7"":0,""8"":0,""9"":0,""10"":0,""11"":0}"
val,8d37581aab1c_WIN_20260823_20_39_41_Pro_jpg.rf.5ca9ebc0153a477dbb40d17394e94157.jpg,train,255,WIN_20260823_20_39_41_Pro_jpg.rf.5ca9ebc0153a477dbb40d17394e94157.jpg,WIN_20260823_20_39_41_Pro.jpg,WIN_20260823_20_39_41_Pro.jpg,8d37581aab1caf976fee0f615a1adc961dc4e1c51320df2054d7c9a803672f2d,640,640,20,"{""0"":0,""1"":0,""2"":0,""3"":7,""4"":7,""5"":6,""6"":0,""7"":0,""8"":0,""9"":0,""10"":0,""11"":0}"
val,a49bb4880c38_WIN_20260823_20_39_41_Pro_jpg.rf.31096b095c6af32914bb5883688de175.jpg,train,707,WIN_20260823_20_39_41_Pro_jpg.rf.31096b095c6af32914bb5883688de175.jpg,WIN_20260823_20_39_41_Pro.jpg,WIN_20260823_20_39_41_Pro.jpg,a49bb4880c38906cb6699f4c88044ab5a7b9d0ff79756aa721b337abf082115f,640,640,20,"{""0"":0,""1"":0,""2"":0,""3"":7,""4"":7,""5"":6,""6"":0,""7"":0,""8"":0,""9"":0,""10"":0,""11"":0}"
val,03515dec8bbd_WIN_20260823_20_39_51_Pro_jpg.rf.72b50e932e7de7da12b2f1f9b45c64e2.jpg,train,155,WIN_20260823_20_39_51_Pro_jpg.rf.72b50e932e7de7da12b2f1f9b45c64e2.jpg,WIN_20260823_20_39_51_Pro.jpg,WIN_20260823_20_39_51_Pro.jpg,03515dec8bbdc893a3e01525440253c88c51f7e2a419d58947384eef8af2eb28,640,640,17,"{""0"":0,""1"":0,""2"":0,""3"":7,""4"":6,""5"":4,""6"":0,""7"":0,""8"":0,""9"":0,""10"":0,""11"":0}"
val,cc2000d9ec45_WIN_20260823_20_39_51_Pro_jpg.rf.c76a6690dc98db56d8b2461eb9a19b42.jpg,train,465,WIN_20260823_20_39_51_Pro_jpg.rf.c76a6690dc98db56d8b2461eb9a19b42.jpg,WIN_20260823_20_39_51_Pro.jpg,WIN_20260823_20_39_51_Pro.jpg,cc2000d9ec45dd036534427d3b028b577192b7114670383504e765b3bbd61339,640,640,17,"{""0"":0,""1"":0,""2"":0,""3"":7,""4"":6,""5"":4,""6"":0,""7"":0,""8"":0,""9"":0,""10"":0,""11"":0}"
val,e60b20a1fb97_WIN_20260823_20_39_51_Pro_jpg.rf.3ac2e82bce2eb638eb2e2526bf7641cf.jpg,train,539,WIN_20260823_20_39_51_Pro_jpg.rf.3ac2e82bce2eb638eb2e2526bf7641cf.jpg,WIN_20260823_20_39_51_Pro.jpg,WIN_20260823_20_39_51_Pro.jpg,e60b20a1fb972fd38b7e50beed60603cab971472246c933ad53b68f85673225f,640,640,17,"{""0"":0,""1"":0,""2"":0,""3"":7,""4"":6,""5"":4,""6"":0,""7"":0,""8"":0,""9"":0,""10"":0,""11"":0}"
val,d6c845f848eb_WIN_20260823_20_41_01_Pro_jpg.rf.63f06e80248e67f0c4e56229dfc64267.jpg,train,398,WIN_20260823_20_41_01_Pro_jpg.rf.63f06e80248e67f0c4e56229dfc64267.jpg,WIN_20260823_20_41_01_Pro.jpg,WIN_20260823_20_41_01_Pro.jpg,d6c845f848eb2d6c342cc7a059e5ee2cf3c1d29f6eb53834def09bd3187128e6,640,640,15,"{""0"":0,""1"":0,""2"":0,""3"":6,""4"":7,""5"":2,""6"":0,""7"":0,""8"":0,""9"":0,""10"":0,""11"":0}"
val,a6f3f55d98b7_WIN_20260823_20_41_01_Pro_jpg.rf.2857233dceda6d7dac4c0fd97384b941.jpg,train,532,WIN_20260823_20_41_01_Pro_jpg.rf.2857233dceda6d7dac4c0fd97384b941.jpg,WIN_20260823_20_41_01_Pro.jpg,WIN_20260823_20_41_01_Pro.jpg,a6f3f55d98b718513a594e22fa74337a6bd2a5092afddac911e591c4cf1d1540,640,640,15,"{""0"":0,""1"":0,""2"":0,""3"":6,""4"":7,""5"":2,""6"":0,""7"":0,""8"":0,""9"":0,""10"":0,""11"":0}"
val,2e3fe18e3003_WIN_20260823_20_41_01_Pro_jpg.rf.6f17c8d0fd45c4362be045162de00963.jpg,train,85,WIN_20260823_20_41_01_Pro_jpg.rf.6f17c8d0fd45c4362be045162de00963.jpg,WIN_20260823_20_41_01_Pro.jpg,WIN_20260823_20_41_01_Pro.jpg,2e3fe18e3003c2678ed189a210641f8fcca0d6c29a799012a10444a9f9b19bba,640,640,15,"{""0"":0,""1"":0,""2"":0,""3"":6,""4"":7,""5"":2,""6"":0,""7"":0,""8"":0,""9"":0,""10"":0,""11"":0}"
val,99d6dfea7178_WIN_20260823_20_41_26_Pro_jpg.rf.756078f95b602c46e2b7ce1c2722aefa.jpg,train,138,WIN_20260823_20_41_26_Pro_jpg.rf.756078f95b602c46e2b7ce1c2722aefa.jpg,WIN_20260823_20_41_26_Pro.jpg,WIN_20260823_20_41_26_Pro.jpg,99d6dfea7178d9f751762a0da44bd19c2b654f3e01fead67766b9613c5ef259f,640,640,19,"{""0"":0,""1"":0,""2"":0,""3"":7,""4"":7,""5"":5,""6"":0,""7"":0,""8"":0,""9"":0,""10"":0,""11"":0}"
val,75b3448e3e6d_WIN_20260823_20_41_26_Pro_jpg.rf.960be52dd6c03039ff9c1b520319db12.jpg,train,372,WIN_20260823_20_41_26_Pro_jpg.rf.960be52dd6c03039ff9c1b520319db12.jpg,WIN_20260823_20_41_26_Pro.jpg,WIN_20260823_20_41_26_Pro.jpg,75b3448e3e6da9e5e14bd709dbce25afadc9ad6a0d88893433ecce644e6c0d50,640,640,19,"{""0"":0,""1"":0,""2"":0,""3"":7,""4"":7,""5"":5,""6"":0,""7"":0,""8"":0,""9"":0,""10"":0,""11"":0}"
val,3dee6e45d5be_WIN_20260823_20_41_26_Pro_jpg.rf.353714e7527735280f3b89c643c0c524.jpg,train,53,WIN_20260823_20_41_26_Pro_jpg.rf.353714e7527735280f3b89c643c0c524.jpg,WIN_20260823_20_41_26_Pro.jpg,WIN_20260823_20_41_26_Pro.jpg,3dee6e45d5be29bdb1e5d4bac923bb2f5411e8e7f7495bfc941f850db335a193,640,640,19,"{""0"":0,""1"":0,""2"":0,""3"":7,""4"":7,""5"":5,""6"":0,""7"":0,""8"":0,""9"":0,""10"":0,""11"":0}"
val,8812c0d8e278_WIN_20260823_20_44_49_Pro_jpg.rf.9960c543bc98ae92072a2f1c3d7d4037.jpg,train,370,WIN_20260823_20_44_49_Pro_jpg.rf.9960c543bc98ae92072a2f1c3d7d4037.jpg,WIN_20260823_20_44_49_Pro.jpg,WIN_20260823_20_44_49_Pro.jpg,8812c0d8e278f8e9e0f822dc901f2453cc73301ec324bbd0ca550172c364d438,640,640,16,"{""0"":0,""1"":0,""2"":0,""3"":5,""4"":7,""5"":4,""6"":0,""7"":0,""8"":0,""9"":0,""10"":0,""11"":0}"
val,c515c6e47f2c_WIN_20260823_20_44_49_Pro_jpg.rf.6a9187a1053cf801373d4aa2cb56f679.jpg,train,662,WIN_20260823_20_44_49_Pro_jpg.rf.6a9187a1053cf801373d4aa2cb56f679.jpg,WIN_20260823_20_44_49_Pro.jpg,WIN_20260823_20_44_49_Pro.jpg,c515c6e47f2cef22456363d98091dc03dabc776acf7cff1d49b7f688cf7dfc6a,640,640,16,"{""0"":0,""1"":0,""2"":0,""3"":5,""4"":7,""5"":4,""6"":0,""7"":0,""8"":0,""9"":0,""10"":0,""11"":0}"
val,45d498897b7a_WIN_20260823_20_44_49_Pro_jpg.rf.789aba69ff710fada511684063d67bcc.jpg,train,744,WIN_20260823_20_44_49_Pro_jpg.rf.789aba69ff710fada511684063d67bcc.jpg,WIN_20260823_20_44_49_Pro.jpg,WIN_20260823_20_44_49_Pro.jpg,45d498897b7ade05bd73fc82e3b6cbae2f9f2f29bb4253f4ba1a0776f30a47d0,640,640,16,"{""0"":0,""1"":0,""2"":0,""3"":5,""4"":7,""5"":4,""6"":0,""7"":0,""8"":0,""9"":0,""10"":0,""11"":0}"
val,ca59d063d30b_WIN_20260823_21_45_08_Pro_jpg.rf.ae61b080eadbcf2d5f3c2da8a667d093.jpg,train,18,WIN_20260823_21_45_08_Pro_jpg.rf.ae61b080eadbcf2d5f3c2da8a667d093.jpg,WIN_20260823_21_45_08_Pro.jpg,WIN_20260823_21_45_08_Pro.jpg,ca59d063d30b9a3ed66db3ddc93c0587687ccf495abfd089d66b1f547e0bc5bd,640,640,16,"{""0"":0,""1"":0,""2"":0,""3"":0,""4"":0,""5"":0,""6"":9,""7"":5,""8"":2,""9"":0,""10"":0,""11"":0}"
val,a22a93f85ede_WIN_20260823_21_45_08_Pro_jpg.rf.c6b4b962906c06cf27c84ff3cc87715e.jpg,train,612,WIN_20260823_21_45_08_Pro_jpg.rf.c6b4b962906c06cf27c84ff3cc87715e.jpg,WIN_20260823_21_45_08_Pro.jpg,WIN_20260823_21_45_08_Pro.jpg,a22a93f85ede69aee4d4747c7b0b4edd026682866ecbcda43d99c5c1e35335a8,640,640,16,"{""0"":0,""1"":0,""2"":0,""3"":0,""4"":0,""5"":0,""6"":9,""7"":5,""8"":2,""9"":0,""10"":0,""11"":0}"
val,b5125b4e84c8_WIN_20260823_21_45_08_Pro_jpg.rf.651341df3d056c0dd67333d75770fbc2.jpg,train,97,WIN_20260823_21_45_08_Pro_jpg.rf.651341df3d056c0dd67333d75770fbc2.jpg,WIN_20260823_21_45_08_Pro.jpg,WIN_20260823_21_45_08_Pro.jpg,b5125b4e84c84c1611b9480a2f97223aafddd448c217eb48b94f99c2cf7e4453,640,640,16,"{""0"":0,""1"":0,""2"":0,""3"":0,""4"":0,""5"":0,""6"":9,""7"":5,""8"":2,""9"":0,""10"":0,""11"":0}"
val,c92d726f3873_WIN_20260823_21_50_43_Pro_jpg.rf.664c35433c7415f127a9a92a5c53d527.jpg,train,279,WIN_20260823_21_50_43_Pro_jpg.rf.664c35433c7415f127a9a92a5c53d527.jpg,WIN_20260823_21_50_43_Pro.jpg,WIN_20260823_21_50_43_Pro.jpg,c92d726f3873eea135d223f151607090979d3f201a290a8ccfd612054a744606,640,640,7,"{""0"":0,""1"":0,""2"":0,""3"":0,""4"":0,""5"":0,""6"":3,""7"":2,""8"":2,""9"":0,""10"":0,""11"":0}"
val,a0a4b31b2635_WIN_20260823_21_50_43_Pro_jpg.rf.7a5e9eeed248267ed865feaf37192e47.jpg,train,582,WIN_20260823_21_50_43_Pro_jpg.rf.7a5e9eeed248267ed865feaf37192e47.jpg,WIN_20260823_21_50_43_Pro.jpg,WIN_20260823_21_50_43_Pro.jpg,a0a4b31b26358bce206a2e3b83cc57e09dfd0ec13bfbf70f5c030641dce76155,640,640,7,"{""0"":0,""1"":0,""2"":0,""3"":0,""4"":0,""5"":0,""6"":3,""7"":2,""8"":2,""9"":0,""10"":0,""11"":0}"
val,30bc17c58c89_WIN_20260823_21_50_43_Pro_jpg.rf.98891e32b0809470e7b1a150fd5b317c.jpg,train,606,WIN_20260823_21_50_43_Pro_jpg.rf.98891e32b0809470e7b1a150fd5b317c.jpg,WIN_20260823_21_50_43_Pro.jpg,WIN_20260823_21_50_43_Pro.jpg,30bc17c58c89314877338c86c6cecc9f2c6b2e6d10ad938fbb37e6abc1b9d0ec,640,640,7,"{""0"":0,""1"":0,""2"":0,""3"":0,""4"":0,""5"":0,""6"":3,""7"":2,""8"":2,""9"":0,""10"":0,""11"":0}"
val,9d6e18d8b651_WIN_20260823_21_50_54_Pro_jpg.rf.fb083e93a91d34ff6f6aced76f33dcaf.jpg,train,640,WIN_20260823_21_50_54_Pro_jpg.rf.fb083e93a91d34ff6f6aced76f33dcaf.jpg,WIN_20260823_21_50_54_Pro.jpg,WIN_20260823_21_50_54_Pro.jpg,9d6e18d8b651958b1bc97c27372a674ed1128d814c17fc7bf3ac7a0730b49397,640,640,10,"{""0"":0,""1"":0,""2"":0,""3"":0,""4"":0,""5"":0,""6"":5,""7"":4,""8"":1,""9"":0,""10"":0,""11"":0}"
val,ea45f0e5d075_WIN_20260823_21_50_54_Pro_jpg.rf.00ca798a48ff76874d703a89941a34f1.jpg,train,760,WIN_20260823_21_50_54_Pro_jpg.rf.00ca798a48ff76874d703a89941a34f1.jpg,WIN_20260823_21_50_54_Pro.jpg,WIN_20260823_21_50_54_Pro.jpg,ea45f0e5d075459b2acb2e2bd524afd8be392c0c8aa05be28537dbeb0ab68585,640,640,10,"{""0"":0,""1"":0,""2"":0,""3"":0,""4"":0,""5"":0,""6"":5,""7"":4,""8"":1,""9"":0,""10"":0,""11"":0}"
val,c610dfcf7d16_WIN_20260823_21_50_54_Pro_jpg.rf.761f2d60e1d7e13eb4833564612fd83e.jpg,train,768,WIN_20260823_21_50_54_Pro_jpg.rf.761f2d60e1d7e13eb4833564612fd83e.jpg,WIN_20260823_21_50_54_Pro.jpg,WIN_20260823_21_50_54_Pro.jpg,c610dfcf7d16134400cc2cfef01806dc5d1e9ce44ffb07a40acea9116ae997f7,640,640,10,"{""0"":0,""1"":0,""2"":0,""3"":0,""4"":0,""5"":0,""6"":5,""7"":4,""8"":1,""9"":0,""10"":0,""11"":0}"
val,9503c4db94d9_WIN_20260823_21_51_12_Pro_jpg.rf.5a03f89c7155c12123ad1e210b3ac6e6.jpg,train,461,WIN_20260823_21_51_12_Pro_jpg.rf.5a03f89c7155c12123ad1e210b3ac6e6.jpg,WIN_20260823_21_51_12_Pro.jpg,WIN_20260823_21_51_12_Pro.jpg,9503c4db94d972dd1e74c8af54a56a687adc607b076e9847bc2744892d0c9d35,640,640,7,"{""0"":0,""1"":0,""2"":0,""3"":0,""4"":0,""5"":0,""6"":4,""7"":3,""8"":0,""9"":0,""10"":0,""11"":0}"
val,d0bcbcded9e9_WIN_20260823_21_51_12_Pro_jpg.rf.08a37d457f05b5af13d8360b38c956a5.jpg,train,482,WIN_20260823_21_51_12_Pro_jpg.rf.08a37d457f05b5af13d8360b38c956a5.jpg,WIN_20260823_21_51_12_Pro.jpg,WIN_20260823_21_51_12_Pro.jpg,d0bcbcded9e9dee859e8479bbf0de75361c3b212ea82c34e4cc930cf14c9cd15,640,640,7,"{""0"":0,""1"":0,""2"":0,""3"":0,""4"":0,""5"":0,""6"":4,""7"":3,""8"":0,""9"":0,""10"":0,""11"":0}"
val,5797a61c6f26_WIN_20260823_21_51_12_Pro_jpg.rf.612362cc3509b02e4e845a7a028c0393.jpg,train,811,WIN_20260823_21_51_12_Pro_jpg.rf.612362cc3509b02e4e845a7a028c0393.jpg,WIN_20260823_21_51_12_Pro.jpg,WIN_20260823_21_51_12_Pro.jpg,5797a61c6f26049d6f9e80257665ba7c467e106e9c0b96226f049e5169615d26,640,640,7,"{""0"":0,""1"":0,""2"":0,""3"":0,""4"":0,""5"":0,""6"":4,""7"":3,""8"":0,""9"":0,""10"":0,""11"":0}"
val,6a0a6709d4b4_WIN_20260823_22_04_38_Pro_jpg.rf.79aa61cefe0955266d0ce8946542be1c.jpg,train,134,WIN_20260823_22_04_38_Pro_jpg.rf.79aa61cefe0955266d0ce8946542be1c.jpg,WIN_20260823_22_04_38_Pro.jpg,WIN_20260823_22_04_38_Pro.jpg,6a0a6709d4b48d9e1cecdabcdc00a9c15ba82a4122ba965b119903ffdce3f109,640,640,13,"{""0"":0,""1"":0,""2"":0,""3"":0,""4"":0,""5"":1,""6"":5,""7"":6,""8"":1,""9"":0,""10"":0,""11"":0}"
val,376fbf1f83f6_WIN_20260823_22_04_38_Pro_jpg.rf.cff35d93126d1a84ae922b7898e478ca.jpg,train,154,WIN_20260823_22_04_38_Pro_jpg.rf.cff35d93126d1a84ae922b7898e478ca.jpg,WIN_20260823_22_04_38_Pro.jpg,WIN_20260823_22_04_38_Pro.jpg,376fbf1f83f6d40816be93c2ca77ebd806544c0816398893f6ecdb0d65a341b7,640,640,13,"{""0"":0,""1"":0,""2"":0,""3"":0,""4"":0,""5"":1,""6"":5,""7"":6,""8"":1,""9"":0,""10"":0,""11"":0}"
val,fd172dd50c1e_WIN_20260823_22_04_38_Pro_jpg.rf.263ad5b69321a023342d8bd03d314c1a.jpg,train,355,WIN_20260823_22_04_38_Pro_jpg.rf.263ad5b69321a023342d8bd03d314c1a.jpg,WIN_20260823_22_04_38_Pro.jpg,WIN_20260823_22_04_38_Pro.jpg,fd172dd50c1ef0fa217677b0dc95946cc5bc2419da34f4dd4753a02e8875992e,640,640,13,"{""0"":0,""1"":0,""2"":0,""3"":0,""4"":0,""5"":1,""6"":5,""7"":6,""8"":1,""9"":0,""10"":0,""11"":0}"
val,3c9c30e3857f_WIN_20260823_22_08_21_Pro-2-_jpg.rf.aaed57cdfc2076073b59c311def741f1.jpg,train,292,WIN_20260823_22_08_21_Pro-2-_jpg.rf.aaed57cdfc2076073b59c311def741f1.jpg,WIN_20260823_22_08_21_Pro-2-.jpg,WIN_20260823_22_08_21_Pro-2-.jpg,3c9c30e3857ffcad9a8c0fd7f23599a2b8dc0787c9cd1cb86eb8838b1afb7cb0,640,640,17,"{""0"":0,""1"":0,""2"":0,""3"":0,""4"":0,""5"":0,""6"":7,""7"":5,""8"":5,""9"":0,""10"":0,""11"":0}"
val,3c8a6ed566cb_WIN_20260823_22_08_21_Pro-2-_jpg.rf.56120941da00a2197c49a3461ba13d91.jpg,train,536,WIN_20260823_22_08_21_Pro-2-_jpg.rf.56120941da00a2197c49a3461ba13d91.jpg,WIN_20260823_22_08_21_Pro-2-.jpg,WIN_20260823_22_08_21_Pro-2-.jpg,3c8a6ed566cbe6c14f50fe49c3a76747d9da76f318287158e77310d36f8a01dd,640,640,17,"{""0"":0,""1"":0,""2"":0,""3"":0,""4"":0,""5"":0,""6"":7,""7"":5,""8"":5,""9"":0,""10"":0,""11"":0}"
val,f04fa0382a94_WIN_20260823_22_08_21_Pro-2-_jpg.rf.c57f1b0af4eadf36e7a9f28f704af5fd.jpg,train,543,WIN_20260823_22_08_21_Pro-2-_jpg.rf.c57f1b0af4eadf36e7a9f28f704af5fd.jpg,WIN_20260823_22_08_21_Pro-2-.jpg,WIN_20260823_22_08_21_Pro-2-.jpg,f04fa0382a942f1cd9c0628cb0a4681f9875603af21b75f1508417c54b841ee4,640,640,17,"{""0"":0,""1"":0,""2"":0,""3"":0,""4"":0,""5"":0,""6"":7,""7"":5,""8"":5,""9"":0,""10"":0,""11"":0}"
val,554e3531e953_WIN_20260823_22_10_45_Pro_jpg.rf.acc45881221b969061ede686100f400a.jpg,valid,24,WIN_20260823_22_10_45_Pro_jpg.rf.acc45881221b969061ede686100f400a.jpg,WIN_20260823_22_10_45_Pro.jpg,WIN_20260823_22_10_45_Pro.jpg,554e3531e9530fd24d1fe22221b69c64e3c699be1be87b983ed6cc3456b4a0cb,640,640,11,"{""0"":0,""1"":0,""2"":0,""3"":0,""4"":0,""5"":0,""6"":5,""7"":3,""8"":3,""9"":0,""10"":0,""11"":0}"
val,30d1ecd89f74_WIN_20260902_18_06_31_Pro_jpg.rf.5328a095d5285d2926a468ee2eac5ad9.jpg,train,425,WIN_20260902_18_06_31_Pro_jpg.rf.5328a095d5285d2926a468ee2eac5ad9.jpg,WIN_20260902_18_06_31_Pro.jpg,WIN_20260902_18_06_31_Pro.jpg,30d1ecd89f7492321845d888948b0fd925c72458a218c0b93e6062e36a82cdf0,640,640,13,"{""0"":0,""1"":0,""2"":0,""3"":0,""4"":0,""5"":0,""6"":0,""7"":0,""8"":0,""9"":4,""10"":6,""11"":3}"
val,428ca8acbf15_WIN_20260902_18_06_31_Pro_jpg.rf.8a66d40d7cf512549d0e286a104214f0.jpg,train,52,WIN_20260902_18_06_31_Pro_jpg.rf.8a66d40d7cf512549d0e286a104214f0.jpg,WIN_20260902_18_06_31_Pro.jpg,WIN_20260902_18_06_31_Pro.jpg,428ca8acbf15b0f46da6c0f59cb8d7cbbb37d8b2f49eee3e68cea58bb516874f,640,640,13,"{""0"":0,""1"":0,""2"":0,""3"":0,""4"":0,""5"":0,""6"":0,""7"":0,""8"":0,""9"":4,""10"":6,""11"":3}"
val,f53e0d20e66e_WIN_20260902_18_06_31_Pro_jpg.rf.df11cee53a5de9aa753da5e826b7eacf.jpg,train,57,WIN_20260902_18_06_31_Pro_jpg.rf.df11cee53a5de9aa753da5e826b7eacf.jpg,WIN_20260902_18_06_31_Pro.jpg,WIN_20260902_18_06_31_Pro.jpg,f53e0d20e66ef5256f267fd79b0122abb9fabfc0d11771f15b2032e4dd9c930c,640,640,13,"{""0"":0,""1"":0,""2"":0,""3"":0,""4"":0,""5"":0,""6"":0,""7"":0,""8"":0,""9"":4,""10"":6,""11"":3}"
val,87e263b5f0bb_WIN_20260902_18_07_27_Pro_jpg.rf.6a0354f01d30af12e7197e8dfbacaeec.jpg,test,8,WIN_20260902_18_07_27_Pro_jpg.rf.6a0354f01d30af12e7197e8dfbacaeec.jpg,WIN_20260902_18_07_27_Pro.jpg,WIN_20260902_18_07_27_Pro.jpg,87e263b5f0bb2ea60a784486d32ab7f6effdc16ad729262a487a767af448642e,640,640,13,"{""0"":0,""1"":0,""2"":0,""3"":0,""4"":0,""5"":0,""6"":0,""7"":0,""8"":0,""9"":4,""10"":6,""11"":3}"
val,dd7bb0af58f3_WIN_20260902_18_11_26_Pro_jpg.rf.82b104b117c5ca399ddba28d4d3f02a8.jpg,train,414,WIN_20260902_18_11_26_Pro_jpg.rf.82b104b117c5ca399ddba28d4d3f02a8.jpg,WIN_20260902_18_11_26_Pro.jpg,WIN_20260902_18_11_26_Pro.jpg,dd7bb0af58f3139bd132a2e4b138078d4397f95452191229e911469b2899bf9e,640,640,12,"{""0"":0,""1"":0,""2"":0,""3"":0,""4"":0,""5"":0,""6"":0,""7"":0,""8"":0,""9"":4,""10"":6,""11"":2}"
val,8f50d866642f_WIN_20260902_18_11_26_Pro_jpg.rf.b8f839aa70277c247040491f7f4889a1.jpg,train,489,WIN_20260902_18_11_26_Pro_jpg.rf.b8f839aa70277c247040491f7f4889a1.jpg,WIN_20260902_18_11_26_Pro.jpg,WIN_20260902_18_11_26_Pro.jpg,8f50d866642f2bdd17fc4a2b0331f6413f212bb29540ff18b07bc4d45cd9d060,640,640,12,"{""0"":0,""1"":0,""2"":0,""3"":0,""4"":0,""5"":0,""6"":0,""7"":0,""8"":0,""9"":4,""10"":6,""11"":2}"
val,c46e9ac50682_WIN_20260902_18_11_26_Pro_jpg.rf.b7874fd068233d331ff2c73ee9bb4447.jpg,train,743,WIN_20260902_18_11_26_Pro_jpg.rf.b7874fd068233d331ff2c73ee9bb4447.jpg,WIN_20260902_18_11_26_Pro.jpg,WIN_20260902_18_11_26_Pro.jpg,c46e9ac50682a30f776e5b9bca0249a0c91b78b2eff836170470b74bd70bd10b,640,640,12,"{""0"":0,""1"":0,""2"":0,""3"":0,""4"":0,""5"":0,""6"":0,""7"":0,""8"":0,""9"":4,""10"":6,""11"":2}"
val,a48148eb625a_WIN_20260902_18_14_59_Pro_jpg.rf.6fe07e88c01197b20a2abd85a970b4d0.jpg,valid,26,WIN_20260902_18_14_59_Pro_jpg.rf.6fe07e88c01197b20a2abd85a970b4d0.jpg,WIN_20260902_18_14_59_Pro.jpg,WIN_20260902_18_14_59_Pro.jpg,a48148eb625a5c95b69e619044b75b3f616204aa417e3cd46c41427afafdf543,640,640,12,"{""0"":0,""1"":0,""2"":0,""3"":0,""4"":0,""5"":0,""6"":0,""7"":0,""8"":0,""9"":3,""10"":5,""11"":4}"
val,c061b04b75a8_WIN_20260902_18_18_29_Pro_jpg.rf.fe302e300216d71a6e7a60ed45ecdbd8.jpg,train,651,WIN_20260902_18_18_29_Pro_jpg.rf.fe302e300216d71a6e7a60ed45ecdbd8.jpg,WIN_20260902_18_18_29_Pro.jpg,WIN_20260902_18_18_29_Pro.jpg,c061b04b75a84aa7a2e7e38136f4dd235f8148164397a3624e80f7dcda8ebd60,640,640,11,"{""0"":0,""1"":0,""2"":0,""3"":0,""4"":0,""5"":0,""6"":0,""7"":0,""8"":0,""9"":5,""10"":5,""11"":1}"
val,1f2d8c5402ac_WIN_20260902_18_18_29_Pro_jpg.rf.a35eda2f552fb0afcd780297260a0143.jpg,train,674,WIN_20260902_18_18_29_Pro_jpg.rf.a35eda2f552fb0afcd780297260a0143.jpg,WIN_20260902_18_18_29_Pro.jpg,WIN_20260902_18_18_29_Pro.jpg,1f2d8c5402ac848ed532781975f4933899013c646a2c011bc1b4650f8624fb7d,640,640,11,"{""0"":0,""1"":0,""2"":0,""3"":0,""4"":0,""5"":0,""6"":0,""7"":0,""8"":0,""9"":5,""10"":5,""11"":1}"
val,e39c1c3a43ab_WIN_20260902_18_18_29_Pro_jpg.rf.8b9ff7aa86d8a410cae0259cb36aac4a.jpg,train,840,WIN_20260902_18_18_29_Pro_jpg.rf.8b9ff7aa86d8a410cae0259cb36aac4a.jpg,WIN_20260902_18_18_29_Pro.jpg,WIN_20260902_18_18_29_Pro.jpg,e39c1c3a43ab009fc03b26d4731e9e072da3cb09fd5cfe72a83e0152a06cc944,640,640,11,"{""0"":0,""1"":0,""2"":0,""3"":0,""4"":0,""5"":0,""6"":0,""7"":0,""8"":0,""9"":5,""10"":5,""11"":1}"
val,34553af92934_WIN_20260902_18_39_18_Pro_jpg.rf.2278d68fa391b5afb8ad082ea2080b0a.jpg,train,223,WIN_20260902_18_39_18_Pro_jpg.rf.2278d68fa391b5afb8ad082ea2080b0a.jpg,WIN_20260902_18_39_18_Pro.jpg,WIN_20260902_18_39_18_Pro.jpg,34553af9293405ca59e69540b23ef991926b5bee785e91d7ede52dbce4f9325c,640,640,19,"{""0"":0,""1"":0,""2"":0,""3"":0,""4"":0,""5"":0,""6"":0,""7"":0,""8"":0,""9"":8,""10"":6,""11"":5}"
val,1565b30844af_WIN_20260902_18_39_18_Pro_jpg.rf.4f86080da6cfcd1b67551a904e4caa5d.jpg,train,268,WIN_20260902_18_39_18_Pro_jpg.rf.4f86080da6cfcd1b67551a904e4caa5d.jpg,WIN_20260902_18_39_18_Pro.jpg,WIN_20260902_18_39_18_Pro.jpg,1565b30844af403b4e6646854bb75d80b364cb37a894c6774390687742b712ee,640,640,19,"{""0"":0,""1"":0,""2"":0,""3"":0,""4"":0,""5"":0,""6"":0,""7"":0,""8"":0,""9"":8,""10"":6,""11"":5}"
val,68972087d3bb_WIN_20260902_18_39_18_Pro_jpg.rf.2d94657ae12a28ad378a33f88b9b584e.jpg,train,666,WIN_20260902_18_39_18_Pro_jpg.rf.2d94657ae12a28ad378a33f88b9b584e.jpg,WIN_20260902_18_39_18_Pro.jpg,WIN_20260902_18_39_18_Pro.jpg,68972087d3bb88a438955f969150d04a5352ca70780438947850ea966fd488c9,640,640,19,"{""0"":0,""1"":0,""2"":0,""3"":0,""4"":0,""5"":0,""6"":0,""7"":0,""8"":0,""9"":8,""10"":6,""11"":5}"
val,e5656da381fd_WIN_20260902_18_44_43_Pro_jpg.rf.70c7a3ddf1c4de100ba706e167a3e650.jpg,train,385,WIN_20260902_18_44_43_Pro_jpg.rf.70c7a3ddf1c4de100ba706e167a3e650.jpg,WIN_20260902_18_44_43_Pro.jpg,WIN_20260902_18_44_43_Pro.jpg,e5656da381fd00f14aa186235e5a0146982aa0c5998203355338c46709a709fe,640,640,13,"{""0"":0,""1"":0,""2"":0,""3"":0,""4"":0,""5"":0,""6"":0,""7"":0,""8"":0,""9"":8,""10"":4,""11"":1}"
val,da119e2d5067_WIN_20260902_18_44_43_Pro_jpg.rf.5e401cf6d60441e3ec353196025a0b1d.jpg,train,470,WIN_20260902_18_44_43_Pro_jpg.rf.5e401cf6d60441e3ec353196025a0b1d.jpg,WIN_20260902_18_44_43_Pro.jpg,WIN_20260902_18_44_43_Pro.jpg,da119e2d50679f84936fdbf58be9dc9dc9f854aa61ccceaba7d569cdf39c9b7c,640,640,13,"{""0"":0,""1"":0,""2"":0,""3"":0,""4"":0,""5"":0,""6"":0,""7"":0,""8"":0,""9"":8,""10"":4,""11"":1}"
val,58d165069a22_WIN_20260902_18_44_43_Pro_jpg.rf.55752cbc1b747b70cbd8fbb5c8a6a995.jpg,train,591,WIN_20260902_18_44_43_Pro_jpg.rf.55752cbc1b747b70cbd8fbb5c8a6a995.jpg,WIN_20260902_18_44_43_Pro.jpg,WIN_20260902_18_44_43_Pro.jpg,58d165069a22eed02d3e75b2c56daeb2096ab78c91dd455fb46fed0f701259fd,640,640,13,"{""0"":0,""1"":0,""2"":0,""3"":0,""4"":0,""5"":0,""6"":0,""7"":0,""8"":0,""9"":8,""10"":4,""11"":1}"
val,aa840b51e60d_WIN_20260902_18_47_06_Pro_jpg.rf.948ca53ed084b96cc0a4542919293f46.jpg,train,233,WIN_20260902_18_47_06_Pro_jpg.rf.948ca53ed084b96cc0a4542919293f46.jpg,WIN_20260902_18_47_06_Pro.jpg,WIN_20260902_18_47_06_Pro.jpg,aa840b51e60d390fe158568f5b2e6ad5bde33f87df04db5235329fdfd4114447,640,640,12,"{""0"":0,""1"":0,""2"":0,""3"":0,""4"":0,""5"":0,""6"":0,""7"":0,""8"":0,""9"":6,""10"":6,""11"":0}"
val,32aa1e79c96c_WIN_20260902_18_47_06_Pro_jpg.rf.54be11fa66730bdd5c88efe47c8e4e7f.jpg,train,497,WIN_20260902_18_47_06_Pro_jpg.rf.54be11fa66730bdd5c88efe47c8e4e7f.jpg,WIN_20260902_18_47_06_Pro.jpg,WIN_20260902_18_47_06_Pro.jpg,32aa1e79c96cca8b83b2410e0dd02467d663f622b9d29497c02d859700a2207f,640,640,12,"{""0"":0,""1"":0,""2"":0,""3"":0,""4"":0,""5"":0,""6"":0,""7"":0,""8"":0,""9"":6,""10"":6,""11"":0}"
val,9e65942488f5_WIN_20260902_18_47_06_Pro_jpg.rf.669476d947754fb8322d78f1e40ddd41.jpg,train,541,WIN_20260902_18_47_06_Pro_jpg.rf.669476d947754fb8322d78f1e40ddd41.jpg,WIN_20260902_18_47_06_Pro.jpg,WIN_20260902_18_47_06_Pro.jpg,9e65942488f5fcb52b5054c87d7151597eba92e09cc224fc94c1c643f5e53442,640,640,12,"{""0"":0,""1"":0,""2"":0,""3"":0,""4"":0,""5"":0,""6"":0,""7"":0,""8"":0,""9"":6,""10"":6,""11"":0}"
val,b9245da339c1_WIN_20260902_18_55_47_Pro_jpg.rf.2cd200382f814c09f4548eac79a87bce.jpg,train,371,WIN_20260902_18_55_47_Pro_jpg.rf.2cd200382f814c09f4548eac79a87bce.jpg,WIN_20260902_18_55_47_Pro.jpg,WIN_20260902_18_55_47_Pro.jpg,b9245da339c1db48deb4c16551eaff8f11eabe0d076d2d72f23806b39aa6b9c8,640,640,14,"{""0"":0,""1"":0,""2"":0,""3"":0,""4"":0,""5"":0,""6"":0,""7"":0,""8"":0,""9"":7,""10"":5,""11"":2}"
val,8209d47bfa93_WIN_20260902_18_55_47_Pro_jpg.rf.7745becda7118162f0150abcb830f0fb.jpg,train,391,WIN_20260902_18_55_47_Pro_jpg.rf.7745becda7118162f0150abcb830f0fb.jpg,WIN_20260902_18_55_47_Pro.jpg,WIN_20260902_18_55_47_Pro.jpg,8209d47bfa93718439747f13684fffde2ffee683e84afeb827b36e96008f0c27,640,640,14,"{""0"":0,""1"":0,""2"":0,""3"":0,""4"":0,""5"":0,""6"":0,""7"":0,""8"":0,""9"":7,""10"":5,""11"":2}"
val,e4891e3ab343_WIN_20260902_18_55_47_Pro_jpg.rf.d597cabe095822c14897c64d542d6b3d.jpg,train,575,WIN_20260902_18_55_47_Pro_jpg.rf.d597cabe095822c14897c64d542d6b3d.jpg,WIN_20260902_18_55_47_Pro.jpg,WIN_20260902_18_55_47_Pro.jpg,e4891e3ab34335f315443299754d871ed49572f7e5db376490e3a3f6099cd2fa,640,640,14,"{""0"":0,""1"":0,""2"":0,""3"":0,""4"":0,""5"":0,""6"":0,""7"":0,""8"":0,""9"":7,""10"":5,""11"":2}"
val,8ec00b732f2a_WIN_20260902_19_09_40_Pro_jpg.rf.955d4d9bdaba7db5e0f56501f7a519c2.jpg,train,207,WIN_20260902_19_09_40_Pro_jpg.rf.955d4d9bdaba7db5e0f56501f7a519c2.jpg,WIN_20260902_19_09_40_Pro.jpg,WIN_20260902_19_09_40_Pro.jpg,8ec00b732f2addfc8970298e9549ba06e2fc4a72ed08e6c37d3ab4877f0006db,640,640,15,"{""0"":0,""1"":0,""2"":0,""3"":0,""4"":0,""5"":0,""6"":0,""7"":0,""8"":0,""9"":5,""10"":6,""11"":4}"
val,059e6c205d47_WIN_20260902_19_09_40_Pro_jpg.rf.3c5c1b409e1a88a9dfd6f525d00ce1d7.jpg,train,490,WIN_20260902_19_09_40_Pro_jpg.rf.3c5c1b409e1a88a9dfd6f525d00ce1d7.jpg,WIN_20260902_19_09_40_Pro.jpg,WIN_20260902_19_09_40_Pro.jpg,059e6c205d47a3727f85b5c2b3329c0d22310b68410b24e17fccf6fb08aaa7e6,640,640,15,"{""0"":0,""1"":0,""2"":0,""3"":0,""4"":0,""5"":0,""6"":0,""7"":0,""8"":0,""9"":5,""10"":6,""11"":4}"
val,9b9530d46d4c_WIN_20260902_19_09_40_Pro_jpg.rf.2840a2b20ba9833a57582bf7725d3ea0.jpg,train,749,WIN_20260902_19_09_40_Pro_jpg.rf.2840a2b20ba9833a57582bf7725d3ea0.jpg,WIN_20260902_19_09_40_Pro.jpg,WIN_20260902_19_09_40_Pro.jpg,9b9530d46d4c9ce5b81fe3dbf1dc0ee08876f128e364e80205e4387edfb43b2b,640,640,15,"{""0"":0,""1"":0,""2"":0,""3"":0,""4"":0,""5"":0,""6"":0,""7"":0,""8"":0,""9"":5,""10"":6,""11"":4}"
val,6a38777b0bd8_WIN_20260902_19_10_58_Pro_jpg.rf.84203edc41f329ea576e9141eed7b53c.jpg,train,165,WIN_20260902_19_10_58_Pro_jpg.rf.84203edc41f329ea576e9141eed7b53c.jpg,WIN_20260902_19_10_58_Pro.jpg,WIN_20260902_19_10_58_Pro.jpg,6a38777b0bd88bd7ff6b31c228ce28b28b65fa4e583cf605c6a4c3ab7228818c,640,640,17,"{""0"":0,""1"":0,""2"":0,""3"":0,""4"":0,""5"":0,""6"":0,""7"":0,""8"":0,""9"":6,""10"":6,""11"":5}"
val,cd6d91721c7c_WIN_20260902_19_10_58_Pro_jpg.rf.21d8c93962aed4556f52a45ecaae1539.jpg,train,326,WIN_20260902_19_10_58_Pro_jpg.rf.21d8c93962aed4556f52a45ecaae1539.jpg,WIN_20260902_19_10_58_Pro.jpg,WIN_20260902_19_10_58_Pro.jpg,cd6d91721c7c42dc9b473e9477288e264ba77a27aa00ea0835bb1402a96bacc4,640,640,17,"{""0"":0,""1"":0,""2"":0,""3"":0,""4"":0,""5"":0,""6"":0,""7"":0,""8"":0,""9"":6,""10"":6,""11"":5}"
val,4fe31804bab7_WIN_20260902_19_10_58_Pro_jpg.rf.ca565f08c19f73ccb04d9e6c15ea1655.jpg,train,424,WIN_20260902_19_10_58_Pro_jpg.rf.ca565f08c19f73ccb04d9e6c15ea1655.jpg,WIN_20260902_19_10_58_Pro.jpg,WIN_20260902_19_10_58_Pro.jpg,4fe31804bab72ca7011c40dd1a1a3ab9ca649312372a72c6af5865d0f5480a4b,640,640,17,"{""0"":0,""1"":0,""2"":0,""3"":0,""4"":0,""5"":0,""6"":0,""7"":0,""8"":0,""9"":6,""10"":6,""11"":5}"
val,25163e997cbe_WIN_20260902_19_11_20_Pro_jpg.rf.c5743b49b9141442bfe8ddf4ef623d1f.jpg,valid,25,WIN_20260902_19_11_20_Pro_jpg.rf.c5743b49b9141442bfe8ddf4ef623d1f.jpg,WIN_20260902_19_11_20_Pro.jpg,WIN_20260902_19_11_20_Pro.jpg,25163e997cbead1bf674527f97825adc1916d7fd4e540aa35d55288417821c11,640,640,17,"{""0"":0,""1"":0,""2"":0,""3"":0,""4"":0,""5"":0,""6"":0,""7"":0,""8"":0,""9"":5,""10"":7,""11"":5}"
test,3f40ec7939d9_1000094977_jpg.rf.e1084951c422aa80c1352e11e6833f64.jpg,train,184,1000094977_jpg.rf.e1084951c422aa80c1352e11e6833f64.jpg,1000094977.jpg,1000094977.jpg,3f40ec7939d9bc1da09f85218abee09008d231bba1b252ba79892e5b48577a4c,640,640,6,"{""0"":2,""1"":2,""2"":2,""3"":0,""4"":0,""5"":0,""6"":0,""7"":0,""8"":0,""9"":0,""10"":0,""11"":0}"
test,31ed6edae45e_1000094977_jpg.rf.402e22629186aa43ad51acd586f2f8a3.jpg,train,239,1000094977_jpg.rf.402e22629186aa43ad51acd586f2f8a3.jpg,1000094977.jpg,1000094977.jpg,31ed6edae45e8d32a2a24bc3c5cddd87eab04b78f401f26d4c0f5ee56fbb277e,640,640,6,"{""0"":2,""1"":2,""2"":2,""3"":0,""4"":0,""5"":0,""6"":0,""7"":0,""8"":0,""9"":0,""10"":0,""11"":0}"
test,cd587cf4cf15_1000094977_jpg.rf.ee85ec376d19ca3009debe3d78987f3f.jpg,train,580,1000094977_jpg.rf.ee85ec376d19ca3009debe3d78987f3f.jpg,1000094977.jpg,1000094977.jpg,cd587cf4cf157ec9d5aa6b80fae9f2c83d5287fb51aa379c173c7091b688f28c,640,640,6,"{""0"":2,""1"":2,""2"":2,""3"":0,""4"":0,""5"":0,""6"":0,""7"":0,""8"":0,""9"":0,""10"":0,""11"":0}"
test,2279df0ffeb4_1000094989_jpg.rf.1d74954df700ee6583602358fb7c70ed.jpg,test,14,1000094989_jpg.rf.1d74954df700ee6583602358fb7c70ed.jpg,1000094989.jpg,1000094989.jpg,2279df0ffeb46479b175bf69b169f3169d0dd5689004bf68145f4f6208a06795,640,640,14,"{""0"":0,""1"":0,""2"":0,""3"":1,""4"":2,""5"":1,""6"":4,""7"":3,""8"":3,""9"":0,""10"":0,""11"":0}"
test,b493dd73bfc6_WIN_20260823_19_55_42_Pro_jpg.rf.1a61ccfcbef13f255712acf092635940.jpg,train,172,WIN_20260823_19_55_42_Pro_jpg.rf.1a61ccfcbef13f255712acf092635940.jpg,WIN_20260823_19_55_42_Pro.jpg,WIN_20260823_19_55_42_Pro.jpg,b493dd73bfc6325a988650b6c0cbfde025745ab935dbfdedb802f2c489a84afe,640,640,9,"{""0"":3,""1"":3,""2"":3,""3"":0,""4"":0,""5"":0,""6"":0,""7"":0,""8"":0,""9"":0,""10"":0,""11"":0}"
test,4ce513a0cfa8_WIN_20260823_19_55_42_Pro_jpg.rf.764b1d21b2d579d262c53ee99d3a8899.jpg,train,827,WIN_20260823_19_55_42_Pro_jpg.rf.764b1d21b2d579d262c53ee99d3a8899.jpg,WIN_20260823_19_55_42_Pro.jpg,WIN_20260823_19_55_42_Pro.jpg,4ce513a0cfa8d602e0b1a44c04e4e9c2d217e26252afff27267d85bf426e4caf,640,640,9,"{""0"":3,""1"":3,""2"":3,""3"":0,""4"":0,""5"":0,""6"":0,""7"":0,""8"":0,""9"":0,""10"":0,""11"":0}"
test,b98e33f9913e_WIN_20260823_19_55_42_Pro_jpg.rf.50229bea699615cc8ede41b462c460a5.jpg,train,90,WIN_20260823_19_55_42_Pro_jpg.rf.50229bea699615cc8ede41b462c460a5.jpg,WIN_20260823_19_55_42_Pro.jpg,WIN_20260823_19_55_42_Pro.jpg,b98e33f9913e85ca9273a9f91e32d0080c5a8a4acd4f1e2ec832c4a8c8f1fa2b,640,640,9,"{""0"":3,""1"":3,""2"":3,""3"":0,""4"":0,""5"":0,""6"":0,""7"":0,""8"":0,""9"":0,""10"":0,""11"":0}"
test,4988b290a49b_WIN_20260823_20_11_36_Pro_jpg.rf.990b6fc853d47c4e6ea8e3e968b023ca.jpg,train,180,WIN_20260823_20_11_36_Pro_jpg.rf.990b6fc853d47c4e6ea8e3e968b023ca.jpg,WIN_20260823_20_11_36_Pro.jpg,WIN_20260823_20_11_36_Pro.jpg,4988b290a49b2da79217f55da9d3f995aa6ff144958d65c51693b40a5cb3587b,640,640,5,"{""0"":2,""1"":1,""2"":2,""3"":0,""4"":0,""5"":0,""6"":0,""7"":0,""8"":0,""9"":0,""10"":0,""11"":0}"
test,310014d1c568_WIN_20260823_20_11_36_Pro_jpg.rf.b919d779ee4e05f51c31f7907de25bac.jpg,train,285,WIN_20260823_20_11_36_Pro_jpg.rf.b919d779ee4e05f51c31f7907de25bac.jpg,WIN_20260823_20_11_36_Pro.jpg,WIN_20260823_20_11_36_Pro.jpg,310014d1c56815d6ba962d0ac6bb6c780899edb027b967951e66c06579071111,640,640,5,"{""0"":2,""1"":1,""2"":2,""3"":0,""4"":0,""5"":0,""6"":0,""7"":0,""8"":0,""9"":0,""10"":0,""11"":0}"
test,67890489a05d_WIN_20260823_20_11_36_Pro_jpg.rf.37e217c22b3071eefb3e64607da8c599.jpg,train,529,WIN_20260823_20_11_36_Pro_jpg.rf.37e217c22b3071eefb3e64607da8c599.jpg,WIN_20260823_20_11_36_Pro.jpg,WIN_20260823_20_11_36_Pro.jpg,67890489a05d82c5fdc0addf87cf305b233101989132b5635bee661431a58993,640,640,5,"{""0"":2,""1"":1,""2"":2,""3"":0,""4"":0,""5"":0,""6"":0,""7"":0,""8"":0,""9"":0,""10"":0,""11"":0}"
test,f0a91821fb48_WIN_20260823_20_12_29_Pro_jpg.rf.f0fa56039099564abad0ed3739e61b02.jpg,train,220,WIN_20260823_20_12_29_Pro_jpg.rf.f0fa56039099564abad0ed3739e61b02.jpg,WIN_20260823_20_12_29_Pro.jpg,WIN_20260823_20_12_29_Pro.jpg,f0a91821fb483d90c5e4307333f5cefb43bca06856e578fe23c7288890127b4a,640,640,5,"{""0"":2,""1"":1,""2"":2,""3"":0,""4"":0,""5"":0,""6"":0,""7"":0,""8"":0,""9"":0,""10"":0,""11"":0}"
test,3ed6c2e8b52e_WIN_20260823_20_12_29_Pro_jpg.rf.26356eeedbecfd018f01f7139653e440.jpg,train,320,WIN_20260823_20_12_29_Pro_jpg.rf.26356eeedbecfd018f01f7139653e440.jpg,WIN_20260823_20_12_29_Pro.jpg,WIN_20260823_20_12_29_Pro.jpg,3ed6c2e8b52e66d9f737f26e9204905b3d250001da1bc3466ee9e58d46d107dc,640,640,5,"{""0"":2,""1"":1,""2"":2,""3"":0,""4"":0,""5"":0,""6"":0,""7"":0,""8"":0,""9"":0,""10"":0,""11"":0}"
test,84dcf34b15cb_WIN_20260823_20_12_29_Pro_jpg.rf.4dbdd56d577e844da51504a2bef07454.jpg,train,841,WIN_20260823_20_12_29_Pro_jpg.rf.4dbdd56d577e844da51504a2bef07454.jpg,WIN_20260823_20_12_29_Pro.jpg,WIN_20260823_20_12_29_Pro.jpg,84dcf34b15cbe229ed53d1a8b73c800f5944586caf5cf192859ac80831a5eccf,640,640,5,"{""0"":2,""1"":1,""2"":2,""3"":0,""4"":0,""5"":0,""6"":0,""7"":0,""8"":0,""9"":0,""10"":0,""11"":0}"
test,a57bca85294c_WIN_20260823_20_12_57_Pro_jpg.rf.208680c91309814fc29709d786337fe4.jpg,train,153,WIN_20260823_20_12_57_Pro_jpg.rf.208680c91309814fc29709d786337fe4.jpg,WIN_20260823_20_12_57_Pro.jpg,WIN_20260823_20_12_57_Pro.jpg,a57bca85294ce80e23fad385d90fb8c6bb2eec1234b7a29b2f28fd42972ed4fe,640,640,4,"{""0"":2,""1"":2,""2"":0,""3"":0,""4"":0,""5"":0,""6"":0,""7"":0,""8"":0,""9"":0,""10"":0,""11"":0}"
test,da3499e0eefe_WIN_20260823_20_12_57_Pro_jpg.rf.313009a24513f5d919889f0f7621bccc.jpg,train,376,WIN_20260823_20_12_57_Pro_jpg.rf.313009a24513f5d919889f0f7621bccc.jpg,WIN_20260823_20_12_57_Pro.jpg,WIN_20260823_20_12_57_Pro.jpg,da3499e0eefebb11092e8dbee41af7830fd32bf3a0b0f890d5488199cc3125c5,640,640,4,"{""0"":2,""1"":2,""2"":0,""3"":0,""4"":0,""5"":0,""6"":0,""7"":0,""8"":0,""9"":0,""10"":0,""11"":0}"
test,ab203f14fbbf_WIN_20260823_20_12_57_Pro_jpg.rf.fd4622ed4c1d96f82a50beebc11e96f5.jpg,train,483,WIN_20260823_20_12_57_Pro_jpg.rf.fd4622ed4c1d96f82a50beebc11e96f5.jpg,WIN_20260823_20_12_57_Pro.jpg,WIN_20260823_20_12_57_Pro.jpg,ab203f14fbbf3ebf7d8235f930df859657e6fb2bfc2f204560f1af44589df907,640,640,4,"{""0"":2,""1"":2,""2"":0,""3"":0,""4"":0,""5"":0,""6"":0,""7"":0,""8"":0,""9"":0,""10"":0,""11"":0}"
test,05081100725b_WIN_20260823_20_13_02_Pro_jpg.rf.bc2be4c26a88ada2839109ae7b89a370.jpg,train,212,WIN_20260823_20_13_02_Pro_jpg.rf.bc2be4c26a88ada2839109ae7b89a370.jpg,WIN_20260823_20_13_02_Pro.jpg,WIN_20260823_20_13_02_Pro.jpg,05081100725b2ea39fedbd42d1353e35ae51269f4cff3190db778a7cb2781428,640,640,5,"{""0"":2,""1"":2,""2"":1,""3"":0,""4"":0,""5"":0,""6"":0,""7"":0,""8"":0,""9"":0,""10"":0,""11"":0}"
test,12f1fa25865c_WIN_20260823_20_13_02_Pro_jpg.rf.0bef30fa62dc6a279d829976cf750bea.jpg,train,230,WIN_20260823_20_13_02_Pro_jpg.rf.0bef30fa62dc6a279d829976cf750bea.jpg,WIN_20260823_20_13_02_Pro.jpg,WIN_20260823_20_13_02_Pro.jpg,12f1fa25865c8fd6561b20ec596a0ff604df84ed6bfbb649199a5d6b3053f936,640,640,5,"{""0"":2,""1"":2,""2"":1,""3"":0,""4"":0,""5"":0,""6"":0,""7"":0,""8"":0,""9"":0,""10"":0,""11"":0}"
test,4bcf3ba3004d_WIN_20260823_20_13_02_Pro_jpg.rf.0cf16ff0f12ac6629911b766c6b25f42.jpg,train,67,WIN_20260823_20_13_02_Pro_jpg.rf.0cf16ff0f12ac6629911b766c6b25f42.jpg,WIN_20260823_20_13_02_Pro.jpg,WIN_20260823_20_13_02_Pro.jpg,4bcf3ba3004d023dfb0ea89347151fde1e79e03decab8b558225f4dc2dbd9be5,640,640,5,"{""0"":2,""1"":2,""2"":1,""3"":0,""4"":0,""5"":0,""6"":0,""7"":0,""8"":0,""9"":0,""10"":0,""11"":0}"
test,0d0e5e74befb_WIN_20260823_20_13_06_Pro_jpg.rf.c3fc9e018885f8f29c5c6074dd21b3ed.jpg,train,423,WIN_20260823_20_13_06_Pro_jpg.rf.c3fc9e018885f8f29c5c6074dd21b3ed.jpg,WIN_20260823_20_13_06_Pro.jpg,WIN_20260823_20_13_06_Pro.jpg,0d0e5e74befb649d9c0431e5f0ca9d51be27824572249c89e52faaa3261293bb,640,640,5,"{""0"":2,""1"":2,""2"":1,""3"":0,""4"":0,""5"":0,""6"":0,""7"":0,""8"":0,""9"":0,""10"":0,""11"":0}"
test,269742744032_WIN_20260823_20_13_06_Pro_jpg.rf.53374785eeffc40edd701ef8c2ec6597.jpg,train,561,WIN_20260823_20_13_06_Pro_jpg.rf.53374785eeffc40edd701ef8c2ec6597.jpg,WIN_20260823_20_13_06_Pro.jpg,WIN_20260823_20_13_06_Pro.jpg,2697427440329e5877d093e5cd3b2abb2763903971176c7b298769c9cebd54e3,640,640,5,"{""0"":2,""1"":2,""2"":1,""3"":0,""4"":0,""5"":0,""6"":0,""7"":0,""8"":0,""9"":0,""10"":0,""11"":0}"
test,95c1250bd83f_WIN_20260823_20_13_06_Pro_jpg.rf.ed30825929293f97cc60c1e4a15c6308.jpg,train,683,WIN_20260823_20_13_06_Pro_jpg.rf.ed30825929293f97cc60c1e4a15c6308.jpg,WIN_20260823_20_13_06_Pro.jpg,WIN_20260823_20_13_06_Pro.jpg,95c1250bd83f17f84c75ab9b35c8d859446c00371b3263cbbcc381ac4bd22bda,640,640,5,"{""0"":2,""1"":2,""2"":1,""3"":0,""4"":0,""5"":0,""6"":0,""7"":0,""8"":0,""9"":0,""10"":0,""11"":0}"
test,5504ddaf1f7b_WIN_20260823_20_13_56_Pro_jpg.rf.5d54c6ad46d91501ec6743fc5281f286.jpg,train,144,WIN_20260823_20_13_56_Pro_jpg.rf.5d54c6ad46d91501ec6743fc5281f286.jpg,WIN_20260823_20_13_56_Pro.jpg,WIN_20260823_20_13_56_Pro.jpg,5504ddaf1f7b446c772366d218ba983fcc4a3b2b6ef946c46e0c4cab82414ac5,640,640,6,"{""0"":2,""1"":2,""2"":2,""3"":0,""4"":0,""5"":0,""6"":0,""7"":0,""8"":0,""9"":0,""10"":0,""11"":0}"
test,22c898df3cd3_WIN_20260823_20_13_56_Pro_jpg.rf.e4e2755215a1917415bb2d92866377f8.jpg,train,19,WIN_20260823_20_13_56_Pro_jpg.rf.e4e2755215a1917415bb2d92866377f8.jpg,WIN_20260823_20_13_56_Pro.jpg,WIN_20260823_20_13_56_Pro.jpg,22c898df3cd3f71ff0187f6d5eee125e57348a8f3121792ae7645267a8a9d642,640,640,6,"{""0"":2,""1"":2,""2"":2,""3"":0,""4"":0,""5"":0,""6"":0,""7"":0,""8"":0,""9"":0,""10"":0,""11"":0}"
test,3cdeaa0b155f_WIN_20260823_20_13_56_Pro_jpg.rf.7065382b5a3365a96105931783a83c3a.jpg,train,687,WIN_20260823_20_13_56_Pro_jpg.rf.7065382b5a3365a96105931783a83c3a.jpg,WIN_20260823_20_13_56_Pro.jpg,WIN_20260823_20_13_56_Pro.jpg,3cdeaa0b155ff33e383199cb12e924bf6115a5e5d840cfc4e3ef09ee99880f6a,640,640,6,"{""0"":2,""1"":2,""2"":2,""3"":0,""4"":0,""5"":0,""6"":0,""7"":0,""8"":0,""9"":0,""10"":0,""11"":0}"
test,9a77bf9de5ab_WIN_20260823_20_14_26_Pro_jpg.rf.4aacdcb27fa82e78af1535a682ad3a4f.jpg,train,186,WIN_20260823_20_14_26_Pro_jpg.rf.4aacdcb27fa82e78af1535a682ad3a4f.jpg,WIN_20260823_20_14_26_Pro.jpg,WIN_20260823_20_14_26_Pro.jpg,9a77bf9de5abe2975eb7974e34957ea2c9565643d3d9b706838414c3ed9c36ef,640,640,5,"{""0"":2,""1"":2,""2"":1,""3"":0,""4"":0,""5"":0,""6"":0,""7"":0,""8"":0,""9"":0,""10"":0,""11"":0}"
test,a39d9c7caef1_WIN_20260823_20_14_26_Pro_jpg.rf.e46390997c65aaddda65b5f5c5380748.jpg,train,464,WIN_20260823_20_14_26_Pro_jpg.rf.e46390997c65aaddda65b5f5c5380748.jpg,WIN_20260823_20_14_26_Pro.jpg,WIN_20260823_20_14_26_Pro.jpg,a39d9c7caef10c0280ff6384c0df576f3fb95d9bcae62b310738e19e8eaeda7e,640,640,5,"{""0"":2,""1"":2,""2"":1,""3"":0,""4"":0,""5"":0,""6"":0,""7"":0,""8"":0,""9"":0,""10"":0,""11"":0}"
test,86e409531683_WIN_20260823_20_14_26_Pro_jpg.rf.75dc042d925d3134fa755363e7bcd8df.jpg,train,822,WIN_20260823_20_14_26_Pro_jpg.rf.75dc042d925d3134fa755363e7bcd8df.jpg,WIN_20260823_20_14_26_Pro.jpg,WIN_20260823_20_14_26_Pro.jpg,86e409531683e89a8004c9086aa256e6e71ed2e1a3f7576d1bfdbe688aa4b5a1,640,640,5,"{""0"":2,""1"":2,""2"":1,""3"":0,""4"":0,""5"":0,""6"":0,""7"":0,""8"":0,""9"":0,""10"":0,""11"":0}"
test,354f772dc2fd_WIN_20260823_20_22_05_Pro_jpg.rf.8ccd99625a3c55fbae1a5d910dc36f9b.jpg,train,3,WIN_20260823_20_22_05_Pro_jpg.rf.8ccd99625a3c55fbae1a5d910dc36f9b.jpg,WIN_20260823_20_22_05_Pro.jpg,WIN_20260823_20_22_05_Pro.jpg,354f772dc2fd60ec7135adc35aca6c929e4f49d3987fa43bfbe061d0b02b82f5,640,640,6,"{""0"":2,""1"":2,""2"":2,""3"":0,""4"":0,""5"":0,""6"":0,""7"":0,""8"":0,""9"":0,""10"":0,""11"":0}"
test,3d258eaee0ab_WIN_20260823_20_22_05_Pro_jpg.rf.32490ab15eae72268dd73dc7238efb34.jpg,train,531,WIN_20260823_20_22_05_Pro_jpg.rf.32490ab15eae72268dd73dc7238efb34.jpg,WIN_20260823_20_22_05_Pro.jpg,WIN_20260823_20_22_05_Pro.jpg,3d258eaee0ab8e454c16f342392d175ea15e087303540f2fef06dc672e92bef1,640,640,6,"{""0"":2,""1"":2,""2"":2,""3"":0,""4"":0,""5"":0,""6"":0,""7"":0,""8"":0,""9"":0,""10"":0,""11"":0}"
test,3594594f536d_WIN_20260823_20_22_05_Pro_jpg.rf.be780fe47195b2497b691a539429847e.jpg,train,648,WIN_20260823_20_22_05_Pro_jpg.rf.be780fe47195b2497b691a539429847e.jpg,WIN_20260823_20_22_05_Pro.jpg,WIN_20260823_20_22_05_Pro.jpg,3594594f536d1bc963f9d56688dedcd675c2ba6065a543a7b8475cf6d19a8290,640,640,6,"{""0"":2,""1"":2,""2"":2,""3"":0,""4"":0,""5"":0,""6"":0,""7"":0,""8"":0,""9"":0,""10"":0,""11"":0}"
test,6eb6e7131dd3_WIN_20260823_20_22_19_Pro_jpg.rf.fc11ed73d3b0e900aef1fd1afb5de5c5.jpg,train,324,WIN_20260823_20_22_19_Pro_jpg.rf.fc11ed73d3b0e900aef1fd1afb5de5c5.jpg,WIN_20260823_20_22_19_Pro.jpg,WIN_20260823_20_22_19_Pro.jpg,6eb6e7131dd3742923b13f694438e3f8fd0e66ceaefffb0ebef11ae86d5bcb39,640,640,4,"{""0"":1,""1"":1,""2"":2,""3"":0,""4"":0,""5"":0,""6"":0,""7"":0,""8"":0,""9"":0,""10"":0,""11"":0}"
test,05909d6ba383_WIN_20260823_20_22_19_Pro_jpg.rf.7614199570eed60a89a298ee2eccfc73.jpg,train,546,WIN_20260823_20_22_19_Pro_jpg.rf.7614199570eed60a89a298ee2eccfc73.jpg,WIN_20260823_20_22_19_Pro.jpg,WIN_20260823_20_22_19_Pro.jpg,05909d6ba38361d51b48887453e6fdd4b2841d0e29a6476ef497cfa099125870,640,640,4,"{""0"":1,""1"":1,""2"":2,""3"":0,""4"":0,""5"":0,""6"":0,""7"":0,""8"":0,""9"":0,""10"":0,""11"":0}"
test,7c418075f5dc_WIN_20260823_20_22_19_Pro_jpg.rf.32f8d050751907116ab258a4df4d26e3.jpg,train,724,WIN_20260823_20_22_19_Pro_jpg.rf.32f8d050751907116ab258a4df4d26e3.jpg,WIN_20260823_20_22_19_Pro.jpg,WIN_20260823_20_22_19_Pro.jpg,7c418075f5dcae11247127da81d928d5130675e8b4fcfd1cc67cbdc29e5c072b,640,640,4,"{""0"":1,""1"":1,""2"":2,""3"":0,""4"":0,""5"":0,""6"":0,""7"":0,""8"":0,""9"":0,""10"":0,""11"":0}"
test,84a80412bb86_WIN_20260823_20_24_14_Pro_jpg.rf.dbdb5028719840e48ed9dcd69758dd9c.jpg,train,516,WIN_20260823_20_24_14_Pro_jpg.rf.dbdb5028719840e48ed9dcd69758dd9c.jpg,WIN_20260823_20_24_14_Pro.jpg,WIN_20260823_20_24_14_Pro.jpg,84a80412bb863e9292d53255ec186effbf3effcd3dbb30c71303950a472eca98,640,640,2,"{""0"":0,""1"":0,""2"":2,""3"":0,""4"":0,""5"":0,""6"":0,""7"":0,""8"":0,""9"":0,""10"":0,""11"":0}"
test,cd0b18f3efc1_WIN_20260823_20_24_14_Pro_jpg.rf.9ee1d2edbe88c5307aff9b647ba6a966.jpg,train,55,WIN_20260823_20_24_14_Pro_jpg.rf.9ee1d2edbe88c5307aff9b647ba6a966.jpg,WIN_20260823_20_24_14_Pro.jpg,WIN_20260823_20_24_14_Pro.jpg,cd0b18f3efc1bc2659908a38cdb839b80d111bd376369a0b5d599fc7eac06a7f,640,640,2,"{""0"":0,""1"":0,""2"":2,""3"":0,""4"":0,""5"":0,""6"":0,""7"":0,""8"":0,""9"":0,""10"":0,""11"":0}"
test,c2dc8da39ff6_WIN_20260823_20_24_14_Pro_jpg.rf.f42ff38a30c4d554ec26a6f5f59ddea8.jpg,train,667,WIN_20260823_20_24_14_Pro_jpg.rf.f42ff38a30c4d554ec26a6f5f59ddea8.jpg,WIN_20260823_20_24_14_Pro.jpg,WIN_20260823_20_24_14_Pro.jpg,c2dc8da39ff660bd58e07a151858a95554f2716fe23dbc5f4834a369fa8df872,640,640,2,"{""0"":0,""1"":0,""2"":2,""3"":0,""4"":0,""5"":0,""6"":0,""7"":0,""8"":0,""9"":0,""10"":0,""11"":0}"
test,b859fd364aa0_WIN_20260823_20_25_14_Pro_jpg.rf.bb5e521799617103c72d5da4accf6f2f.jpg,train,624,WIN_20260823_20_25_14_Pro_jpg.rf.bb5e521799617103c72d5da4accf6f2f.jpg,WIN_20260823_20_25_14_Pro.jpg,WIN_20260823_20_25_14_Pro.jpg,b859fd364aa046c546faed3d838ca94d3e21c526d1ef05ce6b5521ea13ddd7a8,640,640,6,"{""0"":2,""1"":2,""2"":2,""3"":0,""4"":0,""5"":0,""6"":0,""7"":0,""8"":0,""9"":0,""10"":0,""11"":0}"
test,9befc5733af6_WIN_20260823_20_25_14_Pro_jpg.rf.96bc9ec0a126ed0847a412e2e5f01508.jpg,train,755,WIN_20260823_20_25_14_Pro_jpg.rf.96bc9ec0a126ed0847a412e2e5f01508.jpg,WIN_20260823_20_25_14_Pro.jpg,WIN_20260823_20_25_14_Pro.jpg,9befc5733af6dc4ba3a58df1f454df1d3eb253c115940d1805f58278b45040c1,640,640,6,"{""0"":2,""1"":2,""2"":2,""3"":0,""4"":0,""5"":0,""6"":0,""7"":0,""8"":0,""9"":0,""10"":0,""11"":0}"
test,fed2d696b7ac_WIN_20260823_20_25_14_Pro_jpg.rf.b909ce85e735af946a564123f17853c1.jpg,train,808,WIN_20260823_20_25_14_Pro_jpg.rf.b909ce85e735af946a564123f17853c1.jpg,WIN_20260823_20_25_14_Pro.jpg,WIN_20260823_20_25_14_Pro.jpg,fed2d696b7ac8caf335386e35410bd2eb88fbc42ea88228d177ab532500b08d5,640,640,6,"{""0"":2,""1"":2,""2"":2,""3"":0,""4"":0,""5"":0,""6"":0,""7"":0,""8"":0,""9"":0,""10"":0,""11"":0}"
test,b18f9d92a19b_WIN_20260823_20_34_57_Pro_jpg.rf.12bc1f26d61022bd5c4afd16d7092320.jpg,train,17,WIN_20260823_20_34_57_Pro_jpg.rf.12bc1f26d61022bd5c4afd16d7092320.jpg,WIN_20260823_20_34_57_Pro.jpg,WIN_20260823_20_34_57_Pro.jpg,b18f9d92a19b31dab671e0156d2d8bed9ab745d8300dca81059d992a6a64bb31,640,640,12,"{""0"":0,""1"":0,""2"":0,""3"":6,""4"":6,""5"":0,""6"":0,""7"":0,""8"":0,""9"":0,""10"":0,""11"":0}"
test,d0bf9162f714_WIN_20260823_20_34_57_Pro_jpg.rf.1b2379c8a0dcefcb4faff16e21935aaf.jpg,train,374,WIN_20260823_20_34_57_Pro_jpg.rf.1b2379c8a0dcefcb4faff16e21935aaf.jpg,WIN_20260823_20_34_57_Pro.jpg,WIN_20260823_20_34_57_Pro.jpg,d0bf9162f714cb60d9b96fce96570eedced95bb5dcfcccadfcfacb2be282367b,640,640,12,"{""0"":0,""1"":0,""2"":0,""3"":6,""4"":6,""5"":0,""6"":0,""7"":0,""8"":0,""9"":0,""10"":0,""11"":0}"
test,d26d40f3ce2e_WIN_20260823_20_34_57_Pro_jpg.rf.9f236bdb52d311d214d80fd6a72fe593.jpg,train,818,WIN_20260823_20_34_57_Pro_jpg.rf.9f236bdb52d311d214d80fd6a72fe593.jpg,WIN_20260823_20_34_57_Pro.jpg,WIN_20260823_20_34_57_Pro.jpg,d26d40f3ce2e7f5320cbe036b651a43ca3b4acc89c5b10a400fa462e8ebd027e,640,640,12,"{""0"":0,""1"":0,""2"":0,""3"":6,""4"":6,""5"":0,""6"":0,""7"":0,""8"":0,""9"":0,""10"":0,""11"":0}"
test,c97b6c9c0aea_WIN_20260823_20_35_12_Pro_jpg.rf.6cb94a745e0406200e83a61cf9536b3e.jpg,train,269,WIN_20260823_20_35_12_Pro_jpg.rf.6cb94a745e0406200e83a61cf9536b3e.jpg,WIN_20260823_20_35_12_Pro.jpg,WIN_20260823_20_35_12_Pro.jpg,c97b6c9c0aea1f4409a1018ad2df50d478dcc62255e0f780fed4584fb53c5d0a,640,640,14,"{""0"":0,""1"":0,""2"":0,""3"":6,""4"":4,""5"":4,""6"":0,""7"":0,""8"":0,""9"":0,""10"":0,""11"":0}"
test,081513bb0bcb_WIN_20260823_20_35_12_Pro_jpg.rf.8a783a2856570b29ed6cb39fe5211cc0.jpg,train,4,WIN_20260823_20_35_12_Pro_jpg.rf.8a783a2856570b29ed6cb39fe5211cc0.jpg,WIN_20260823_20_35_12_Pro.jpg,WIN_20260823_20_35_12_Pro.jpg,081513bb0bcbc4239708079b7862329a00f763c826aed9c909740f2b0c30734c,640,640,14,"{""0"":0,""1"":0,""2"":0,""3"":6,""4"":4,""5"":4,""6"":0,""7"":0,""8"":0,""9"":0,""10"":0,""11"":0}"
test,1234b956eee7_WIN_20260823_20_35_12_Pro_jpg.rf.6c29df51973c66435a36a7e150c8fc7a.jpg,train,557,WIN_20260823_20_35_12_Pro_jpg.rf.6c29df51973c66435a36a7e150c8fc7a.jpg,WIN_20260823_20_35_12_Pro.jpg,WIN_20260823_20_35_12_Pro.jpg,1234b956eee77c91c2c55e1742c24e4194026bed27c9505eca967410c6812eef,640,640,14,"{""0"":0,""1"":0,""2"":0,""3"":6,""4"":4,""5"":4,""6"":0,""7"":0,""8"":0,""9"":0,""10"":0,""11"":0}"
test,1e3278be0080_WIN_20260823_20_35_22_Pro_jpg.rf.d0e3bc15e15f4aec7b9809ea25e85e07.jpg,train,169,WIN_20260823_20_35_22_Pro_jpg.rf.d0e3bc15e15f4aec7b9809ea25e85e07.jpg,WIN_20260823_20_35_22_Pro.jpg,WIN_20260823_20_35_22_Pro.jpg,1e3278be0080dac07dab326a2849268042cc6e0dd769918b2dc39e18d86631cf,640,640,15,"{""0"":0,""1"":0,""2"":0,""3"":6,""4"":7,""5"":2,""6"":0,""7"":0,""8"":0,""9"":0,""10"":0,""11"":0}"
test,7fbd23adc93b_WIN_20260823_20_35_22_Pro_jpg.rf.861ad312f7695ee9d6df76b4c9efccb6.jpg,train,210,WIN_20260823_20_35_22_Pro_jpg.rf.861ad312f7695ee9d6df76b4c9efccb6.jpg,WIN_20260823_20_35_22_Pro.jpg,WIN_20260823_20_35_22_Pro.jpg,7fbd23adc93bb132abde687b6d91aa1d2a256bcb7e2f4487d92e3da4c304d97f,640,640,15,"{""0"":0,""1"":0,""2"":0,""3"":6,""4"":7,""5"":2,""6"":0,""7"":0,""8"":0,""9"":0,""10"":0,""11"":0}"
test,08782ae5567e_WIN_20260823_20_35_22_Pro_jpg.rf.a00b2d16727fdc446820a85f19eb70d0.jpg,train,375,WIN_20260823_20_35_22_Pro_jpg.rf.a00b2d16727fdc446820a85f19eb70d0.jpg,WIN_20260823_20_35_22_Pro.jpg,WIN_20260823_20_35_22_Pro.jpg,08782ae5567e3600c4e17518222c43fbb69c6e13c73314956953293dcca9f573,640,640,15,"{""0"":0,""1"":0,""2"":0,""3"":6,""4"":7,""5"":2,""6"":0,""7"":0,""8"":0,""9"":0,""10"":0,""11"":0}"
test,404c80f2800f_WIN_20260823_20_35_41_Pro_jpg.rf.dc35ef4c63b76f6d660d934eba08becb.jpg,train,377,WIN_20260823_20_35_41_Pro_jpg.rf.dc35ef4c63b76f6d660d934eba08becb.jpg,WIN_20260823_20_35_41_Pro.jpg,WIN_20260823_20_35_41_Pro.jpg,404c80f2800f808ebcff11744448df0842cccec815e53281e2fbb4a4e26da441,640,640,2,"{""0"":0,""1"":0,""2"":0,""3"":1,""4"":1,""5"":0,""6"":0,""7"":0,""8"":0,""9"":0,""10"":0,""11"":0}"
test,68509c94e4f4_WIN_20260823_20_35_41_Pro_jpg.rf.54e8c39dba7c981341706feff758f514.jpg,train,523,WIN_20260823_20_35_41_Pro_jpg.rf.54e8c39dba7c981341706feff758f514.jpg,WIN_20260823_20_35_41_Pro.jpg,WIN_20260823_20_35_41_Pro.jpg,68509c94e4f4b3131669307aa2cba54ddd96e85865f50fc0bea696041cd07d9e,640,640,2,"{""0"":0,""1"":0,""2"":0,""3"":1,""4"":1,""5"":0,""6"":0,""7"":0,""8"":0,""9"":0,""10"":0,""11"":0}"
test,4c65b6bb66bf_WIN_20260823_20_35_41_Pro_jpg.rf.e5666d399e0ea17b3d9b2f88c95ff146.jpg,train,718,WIN_20260823_20_35_41_Pro_jpg.rf.e5666d399e0ea17b3d9b2f88c95ff146.jpg,WIN_20260823_20_35_41_Pro.jpg,WIN_20260823_20_35_41_Pro.jpg,4c65b6bb66bf844e2c74666849f7a379c38e49fbd9c8f1c81d9d3a141fca6ace,640,640,2,"{""0"":0,""1"":0,""2"":0,""3"":1,""4"":1,""5"":0,""6"":0,""7"":0,""8"":0,""9"":0,""10"":0,""11"":0}"
test,35640134db71_WIN_20260823_20_38_51_Pro_jpg.rf.a1a064202ca953fa9a5bb759c477f168.jpg,train,282,WIN_20260823_20_38_51_Pro_jpg.rf.a1a064202ca953fa9a5bb759c477f168.jpg,WIN_20260823_20_38_51_Pro.jpg,WIN_20260823_20_38_51_Pro.jpg,35640134db71b313f8908320a23b480a32cf0a46a866ebb4e8c9046469783208,640,640,20,"{""0"":0,""1"":0,""2"":0,""3"":7,""4"":4,""5"":9,""6"":0,""7"":0,""8"":0,""9"":0,""10"":0,""11"":0}"
test,81a05e00c33e_WIN_20260823_20_38_51_Pro_jpg.rf.cd3f34f2a11e68909fa06c3fc8a28786.jpg,train,518,WIN_20260823_20_38_51_Pro_jpg.rf.cd3f34f2a11e68909fa06c3fc8a28786.jpg,WIN_20260823_20_38_51_Pro.jpg,WIN_20260823_20_38_51_Pro.jpg,81a05e00c33ee008a395fb7c2928211859af0bf8d11ef9732d5abc701698851c,640,640,20,"{""0"":0,""1"":0,""2"":0,""3"":7,""4"":4,""5"":9,""6"":0,""7"":0,""8"":0,""9"":0,""10"":0,""11"":0}"
test,40d99dfdfac8_WIN_20260823_20_38_51_Pro_jpg.rf.0e451b351d92ed1c4111e4707e6a1851.jpg,train,521,WIN_20260823_20_38_51_Pro_jpg.rf.0e451b351d92ed1c4111e4707e6a1851.jpg,WIN_20260823_20_38_51_Pro.jpg,WIN_20260823_20_38_51_Pro.jpg,40d99dfdfac881465182828e79e4dbc44700ee3b1cfc232099d564535a657fa2,640,640,20,"{""0"":0,""1"":0,""2"":0,""3"":7,""4"":4,""5"":9,""6"":0,""7"":0,""8"":0,""9"":0,""10"":0,""11"":0}"
test,1220d59503e5_WIN_20260823_20_40_59_Pro_jpg.rf.d7c532fa991e80bd30b232b1db4b8a16.jpg,train,305,WIN_20260823_20_40_59_Pro_jpg.rf.d7c532fa991e80bd30b232b1db4b8a16.jpg,WIN_20260823_20_40_59_Pro.jpg,WIN_20260823_20_40_59_Pro.jpg,1220d59503e52b384ac0ec84493a233792c74b7dd73de8b01ab704b296c5276c,640,640,15,"{""0"":0,""1"":0,""2"":0,""3"":7,""4"":5,""5"":3,""6"":0,""7"":0,""8"":0,""9"":0,""10"":0,""11"":0}"
test,e31af73639ec_WIN_20260823_20_40_59_Pro_jpg.rf.774413d908e90d540a29590ce0afbcef.jpg,train,558,WIN_20260823_20_40_59_Pro_jpg.rf.774413d908e90d540a29590ce0afbcef.jpg,WIN_20260823_20_40_59_Pro.jpg,WIN_20260823_20_40_59_Pro.jpg,e31af73639ec0ade18be0319b70fcaee458c2631ade369fafb07436b5d4b1abe,640,640,15,"{""0"":0,""1"":0,""2"":0,""3"":7,""4"":5,""5"":3,""6"":0,""7"":0,""8"":0,""9"":0,""10"":0,""11"":0}"
test,0af483584cb8_WIN_20260823_20_40_59_Pro_jpg.rf.0cd47606ce8e5e19e1d86b782c13e2f3.jpg,train,733,WIN_20260823_20_40_59_Pro_jpg.rf.0cd47606ce8e5e19e1d86b782c13e2f3.jpg,WIN_20260823_20_40_59_Pro.jpg,WIN_20260823_20_40_59_Pro.jpg,0af483584cb8245822391423a87f61faa7be16c665211c99eaef49c9616838f4,640,640,15,"{""0"":0,""1"":0,""2"":0,""3"":7,""4"":5,""5"":3,""6"":0,""7"":0,""8"":0,""9"":0,""10"":0,""11"":0}"
test,58ace2c702b7_WIN_20260823_20_44_36_Pro_jpg.rf.cd5e131b9aaf6e659d3f63d10decc2f9.jpg,train,243,WIN_20260823_20_44_36_Pro_jpg.rf.cd5e131b9aaf6e659d3f63d10decc2f9.jpg,WIN_20260823_20_44_36_Pro.jpg,WIN_20260823_20_44_36_Pro.jpg,58ace2c702b74b6b9ab2034a6df0363217d3fe95d9e3b463dac2dddec91ef11c,640,640,17,"{""0"":0,""1"":0,""2"":0,""3"":6,""4"":7,""5"":4,""6"":0,""7"":0,""8"":0,""9"":0,""10"":0,""11"":0}"
test,91ef25807f63_WIN_20260823_20_44_36_Pro_jpg.rf.eddca8c0bf208511874a884f27a9e54f.jpg,train,452,WIN_20260823_20_44_36_Pro_jpg.rf.eddca8c0bf208511874a884f27a9e54f.jpg,WIN_20260823_20_44_36_Pro.jpg,WIN_20260823_20_44_36_Pro.jpg,91ef25807f63f5cd1020bbf7a0530064beac173d9cf10c88e11f6a487fb3f632,640,640,17,"{""0"":0,""1"":0,""2"":0,""3"":6,""4"":7,""5"":4,""6"":0,""7"":0,""8"":0,""9"":0,""10"":0,""11"":0}"
test,49e619a07b9a_WIN_20260823_20_44_36_Pro_jpg.rf.855e07e5b4b9fec8f1beb729c35f6a70.jpg,train,735,WIN_20260823_20_44_36_Pro_jpg.rf.855e07e5b4b9fec8f1beb729c35f6a70.jpg,WIN_20260823_20_44_36_Pro.jpg,WIN_20260823_20_44_36_Pro.jpg,49e619a07b9aa643228b0e70366b59843d4470fe635194524ec2257906faa884,640,640,17,"{""0"":0,""1"":0,""2"":0,""3"":6,""4"":7,""5"":4,""6"":0,""7"":0,""8"":0,""9"":0,""10"":0,""11"":0}"
test,20a5ad18a7dd_WIN_20260823_20_45_07_Pro_jpg.rf.b08c6bd5d771dd9b9259ba0909b0db7a.jpg,train,200,WIN_20260823_20_45_07_Pro_jpg.rf.b08c6bd5d771dd9b9259ba0909b0db7a.jpg,WIN_20260823_20_45_07_Pro.jpg,WIN_20260823_20_45_07_Pro.jpg,20a5ad18a7dd4783f42eefd2aa03dfbcc9b675b09b4f8b7357fcafeb26a978fd,640,640,18,"{""0"":0,""1"":0,""2"":0,""3"":7,""4"":8,""5"":3,""6"":0,""7"":0,""8"":0,""9"":0,""10"":0,""11"":0}"
test,5de20a8f0101_WIN_20260823_20_45_07_Pro_jpg.rf.f2d6f649c82d4e826595f3fff292dd61.jpg,train,542,WIN_20260823_20_45_07_Pro_jpg.rf.f2d6f649c82d4e826595f3fff292dd61.jpg,WIN_20260823_20_45_07_Pro.jpg,WIN_20260823_20_45_07_Pro.jpg,5de20a8f01012d2622a7bf54b48abd735642e93314dcd23a2eef7048559666a6,640,640,18,"{""0"":0,""1"":0,""2"":0,""3"":7,""4"":8,""5"":3,""6"":0,""7"":0,""8"":0,""9"":0,""10"":0,""11"":0}"
test,747b4123c35c_WIN_20260823_20_45_07_Pro_jpg.rf.ec88ebbd439ddd6054ffc165b06af681.jpg,train,594,WIN_20260823_20_45_07_Pro_jpg.rf.ec88ebbd439ddd6054ffc165b06af681.jpg,WIN_20260823_20_45_07_Pro.jpg,WIN_20260823_20_45_07_Pro.jpg,747b4123c35c134b3051ddc74ee3434b6119f6e03829a2f3bf169053bd11ce58,640,640,18,"{""0"":0,""1"":0,""2"":0,""3"":7,""4"":8,""5"":3,""6"":0,""7"":0,""8"":0,""9"":0,""10"":0,""11"":0}"
test,af277ceb8584_WIN_20260823_20_45_19_Pro_jpg.rf.978fcb1f19d1c22d0d7948c75d75a0a3.jpg,train,345,WIN_20260823_20_45_19_Pro_jpg.rf.978fcb1f19d1c22d0d7948c75d75a0a3.jpg,WIN_20260823_20_45_19_Pro.jpg,WIN_20260823_20_45_19_Pro.jpg,af277ceb85841c39b1f13e5822dc10dbf88b27894651f74dc01b20efde8dcbce,640,640,19,"{""0"":0,""1"":0,""2"":0,""3"":6,""4"":9,""5"":4,""6"":0,""7"":0,""8"":0,""9"":0,""10"":0,""11"":0}"
test,8c33b61142ea_WIN_20260823_20_45_19_Pro_jpg.rf.ff6ef780d806a9941723488da4403257.jpg,train,35,WIN_20260823_20_45_19_Pro_jpg.rf.ff6ef780d806a9941723488da4403257.jpg,WIN_20260823_20_45_19_Pro.jpg,WIN_20260823_20_45_19_Pro.jpg,8c33b61142ea420ed0ab0313a09d047122a5f96282fb6f79d2b6c59f48031588,640,640,19,"{""0"":0,""1"":0,""2"":0,""3"":6,""4"":9,""5"":4,""6"":0,""7"":0,""8"":0,""9"":0,""10"":0,""11"":0}"
test,ee61ee0fc7b1_WIN_20260823_20_45_19_Pro_jpg.rf.c47b5eba2d00ea0bbbc01bbf488143de.jpg,train,44,WIN_20260823_20_45_19_Pro_jpg.rf.c47b5eba2d00ea0bbbc01bbf488143de.jpg,WIN_20260823_20_45_19_Pro.jpg,WIN_20260823_20_45_19_Pro.jpg,ee61ee0fc7b1e00c55ceac7ee8dad7a11d1053d549b61ddeba66df207dfb4f01,640,640,19,"{""0"":0,""1"":0,""2"":0,""3"":6,""4"":9,""5"":4,""6"":0,""7"":0,""8"":0,""9"":0,""10"":0,""11"":0}"
test,850b81fa6cc0_WIN_20260823_22_04_31_Pro_jpg.rf.ce8570737c0b7bdc0c822a3257350b9d.jpg,train,0,WIN_20260823_22_04_31_Pro_jpg.rf.ce8570737c0b7bdc0c822a3257350b9d.jpg,WIN_20260823_22_04_31_Pro.jpg,WIN_20260823_22_04_31_Pro.jpg,850b81fa6cc0b54c00ac5c94192cc8038dac681c93c021fb3324d0ec22f2fcf6,640,640,20,"{""0"":0,""1"":0,""2"":0,""3"":0,""4"":0,""5"":0,""6"":10,""7"":5,""8"":5,""9"":0,""10"":0,""11"":0}"
test,72fe6f236fa1_WIN_20260823_22_04_31_Pro_jpg.rf.0f8c2000b6b94792e234813a29965561.jpg,train,663,WIN_20260823_22_04_31_Pro_jpg.rf.0f8c2000b6b94792e234813a29965561.jpg,WIN_20260823_22_04_31_Pro.jpg,WIN_20260823_22_04_31_Pro.jpg,72fe6f236fa125e7322817eb4f4e2097ddc0a5719c186c85ff3285957a267a20,640,640,20,"{""0"":0,""1"":0,""2"":0,""3"":0,""4"":0,""5"":0,""6"":10,""7"":5,""8"":5,""9"":0,""10"":0,""11"":0}"
test,2572c70a4732_WIN_20260823_22_04_31_Pro_jpg.rf.5830f39a6328397c1e97712a94058e8c.jpg,train,680,WIN_20260823_22_04_31_Pro_jpg.rf.5830f39a6328397c1e97712a94058e8c.jpg,WIN_20260823_22_04_31_Pro.jpg,WIN_20260823_22_04_31_Pro.jpg,2572c70a4732008ac49da0305d7c8770ee3e5b444f222f0c37fcdc4f0891c9e1,640,640,20,"{""0"":0,""1"":0,""2"":0,""3"":0,""4"":0,""5"":0,""6"":10,""7"":5,""8"":5,""9"":0,""10"":0,""11"":0}"
test,a1070d10e873_WIN_20260823_22_04_39_Pro_jpg.rf.14c822ae920aa10fa77e375cb657160b.jpg,train,388,WIN_20260823_22_04_39_Pro_jpg.rf.14c822ae920aa10fa77e375cb657160b.jpg,WIN_20260823_22_04_39_Pro.jpg,WIN_20260823_22_04_39_Pro.jpg,a1070d10e873ce5bf7c1f6e5a88d5f0b736ac5b70326c21a1a1f02cbb2c391f8,640,640,16,"{""0"":0,""1"":0,""2"":0,""3"":0,""4"":0,""5"":0,""6"":7,""7"":7,""8"":2,""9"":0,""10"":0,""11"":0}"
test,c20ff9404432_WIN_20260823_22_04_39_Pro_jpg.rf.84ffc6140858763c6022eca4c0400cc2.jpg,train,736,WIN_20260823_22_04_39_Pro_jpg.rf.84ffc6140858763c6022eca4c0400cc2.jpg,WIN_20260823_22_04_39_Pro.jpg,WIN_20260823_22_04_39_Pro.jpg,c20ff9404432f86d858968ee5f8641a057db4d50e9955054ecb948a7bb87e291,640,640,16,"{""0"":0,""1"":0,""2"":0,""3"":0,""4"":0,""5"":0,""6"":7,""7"":7,""8"":2,""9"":0,""10"":0,""11"":0}"
test,f17aba02168c_WIN_20260823_22_04_39_Pro_jpg.rf.5f8ebea3a4ad92dbda493e6f7dc5dbf6.jpg,train,88,WIN_20260823_22_04_39_Pro_jpg.rf.5f8ebea3a4ad92dbda493e6f7dc5dbf6.jpg,WIN_20260823_22_04_39_Pro.jpg,WIN_20260823_22_04_39_Pro.jpg,f17aba02168cb3f6fb8e55654b064d5c80df197df2b37329b42a0b72518259f0,640,640,16,"{""0"":0,""1"":0,""2"":0,""3"":0,""4"":0,""5"":0,""6"":7,""7"":7,""8"":2,""9"":0,""10"":0,""11"":0}"
test,419134f291cb_WIN_20260823_22_05_04_Pro_jpg.rf.5efa2bdbd27f305be5f6e9ad6e66f608.jpg,train,456,WIN_20260823_22_05_04_Pro_jpg.rf.5efa2bdbd27f305be5f6e9ad6e66f608.jpg,WIN_20260823_22_05_04_Pro.jpg,WIN_20260823_22_05_04_Pro.jpg,419134f291cb59e599776eb3d053c9842b872a549c24deb6ebd3de0e7c869c12,640,640,12,"{""0"":0,""1"":0,""2"":0,""3"":0,""4"":0,""5"":0,""6"":8,""7"":3,""8"":1,""9"":0,""10"":0,""11"":0}"
test,440693dd3663_WIN_20260823_22_05_04_Pro_jpg.rf.dcc52df68b3fd4abebb12a6213b3deb3.jpg,train,553,WIN_20260823_22_05_04_Pro_jpg.rf.dcc52df68b3fd4abebb12a6213b3deb3.jpg,WIN_20260823_22_05_04_Pro.jpg,WIN_20260823_22_05_04_Pro.jpg,440693dd3663c960f81f705229cffbab17b511b3beb98f5618f558f9d7eb5d3c,640,640,12,"{""0"":0,""1"":0,""2"":0,""3"":0,""4"":0,""5"":0,""6"":8,""7"":3,""8"":1,""9"":0,""10"":0,""11"":0}"
test,259f9e560c3d_WIN_20260823_22_05_04_Pro_jpg.rf.7b3cd5f2ff66c35c74f707b485471b52.jpg,train,577,WIN_20260823_22_05_04_Pro_jpg.rf.7b3cd5f2ff66c35c74f707b485471b52.jpg,WIN_20260823_22_05_04_Pro.jpg,WIN_20260823_22_05_04_Pro.jpg,259f9e560c3d820f5168f42ee7044fa78117279bf0b89908b06448ba2234f7dd,640,640,12,"{""0"":0,""1"":0,""2"":0,""3"":0,""4"":0,""5"":0,""6"":8,""7"":3,""8"":1,""9"":0,""10"":0,""11"":0}"
test,abe6adf32ff2_WIN_20260823_22_09_34_Pro_jpg.rf.5b4ee02a0f77df29287b889dd0d840e1.jpg,test,4,WIN_20260823_22_09_34_Pro_jpg.rf.5b4ee02a0f77df29287b889dd0d840e1.jpg,WIN_20260823_22_09_34_Pro.jpg,WIN_20260823_22_09_34_Pro.jpg,abe6adf32ff25a818693a7c3b59bb6826aee597b1c9bebe9ba4d5afad8330369,640,640,12,"{""0"":0,""1"":0,""2"":0,""3"":0,""4"":0,""5"":0,""6"":4,""7"":5,""8"":3,""9"":0,""10"":0,""11"":0}"
test,1fc7d2db6285_WIN_20260823_22_10_48_Pro_jpg.rf.c788d2693babf8bf70ea22c0c60bcce8.jpg,train,300,WIN_20260823_22_10_48_Pro_jpg.rf.c788d2693babf8bf70ea22c0c60bcce8.jpg,WIN_20260823_22_10_48_Pro.jpg,WIN_20260823_22_10_48_Pro.jpg,1fc7d2db6285c4bf7aef3819ef3cd67819297bd5734f53691cc4433a783ee973,640,640,10,"{""0"":0,""1"":0,""2"":0,""3"":0,""4"":0,""5"":0,""6"":4,""7"":4,""8"":2,""9"":0,""10"":0,""11"":0}"
test,d3ca71f6ccb7_WIN_20260823_22_10_48_Pro_jpg.rf.603a097b08587df1f6f3e5155d2a0e43.jpg,train,587,WIN_20260823_22_10_48_Pro_jpg.rf.603a097b08587df1f6f3e5155d2a0e43.jpg,WIN_20260823_22_10_48_Pro.jpg,WIN_20260823_22_10_48_Pro.jpg,d3ca71f6ccb7911e65065279d696b65255007aef105c6ff632a5d5442bc5fa73,640,640,10,"{""0"":0,""1"":0,""2"":0,""3"":0,""4"":0,""5"":0,""6"":4,""7"":4,""8"":2,""9"":0,""10"":0,""11"":0}"
test,c5d61f6c0085_WIN_20260823_22_10_48_Pro_jpg.rf.0d1ff5d7c900fef0fa9cc11ef5a8af1d.jpg,train,802,WIN_20260823_22_10_48_Pro_jpg.rf.0d1ff5d7c900fef0fa9cc11ef5a8af1d.jpg,WIN_20260823_22_10_48_Pro.jpg,WIN_20260823_22_10_48_Pro.jpg,c5d61f6c008582922b9f9f717eedf9ffcec36ed582d601486acf184103b6bce1,640,640,10,"{""0"":0,""1"":0,""2"":0,""3"":0,""4"":0,""5"":0,""6"":4,""7"":4,""8"":2,""9"":0,""10"":0,""11"":0}"
test,ba2e9c636e59_WIN_20260823_22_10_49_Pro_jpg.rf.6b1e5ccbfad0eb1f077cfb099c3c5909.jpg,train,203,WIN_20260823_22_10_49_Pro_jpg.rf.6b1e5ccbfad0eb1f077cfb099c3c5909.jpg,WIN_20260823_22_10_49_Pro.jpg,WIN_20260823_22_10_49_Pro.jpg,ba2e9c636e59f21545e2103a3b6e22b32af0e41a3fddaefe750a2c7f950b70c6,640,640,8,"{""0"":0,""1"":0,""2"":0,""3"":0,""4"":0,""5"":0,""6"":5,""7"":3,""8"":0,""9"":0,""10"":0,""11"":0}"
test,4e5456da864b_WIN_20260823_22_10_49_Pro_jpg.rf.55371f69b7b5219d5e60e8bcc44bf664.jpg,train,636,WIN_20260823_22_10_49_Pro_jpg.rf.55371f69b7b5219d5e60e8bcc44bf664.jpg,WIN_20260823_22_10_49_Pro.jpg,WIN_20260823_22_10_49_Pro.jpg,4e5456da864b7605313261acc5f5f3dfa9096372f3fd4041ecdbb410ca6d3de4,640,640,8,"{""0"":0,""1"":0,""2"":0,""3"":0,""4"":0,""5"":0,""6"":5,""7"":3,""8"":0,""9"":0,""10"":0,""11"":0}"
test,8e02ae0ea61c_WIN_20260823_22_10_49_Pro_jpg.rf.4dfb4c1a8ec002ffd26c0de14377e41c.jpg,train,826,WIN_20260823_22_10_49_Pro_jpg.rf.4dfb4c1a8ec002ffd26c0de14377e41c.jpg,WIN_20260823_22_10_49_Pro.jpg,WIN_20260823_22_10_49_Pro.jpg,8e02ae0ea61c3891b71739e83f8c5cb0bf863f28687a0e2b20a5f8bab42749b4,640,640,8,"{""0"":0,""1"":0,""2"":0,""3"":0,""4"":0,""5"":0,""6"":5,""7"":3,""8"":0,""9"":0,""10"":0,""11"":0}"
test,a04558f06a08_WIN_20260902_18_07_46_Pro_jpg.rf.279fe95c993d9d77012ff6c44859ec84.jpg,train,395,WIN_20260902_18_07_46_Pro_jpg.rf.279fe95c993d9d77012ff6c44859ec84.jpg,WIN_20260902_18_07_46_Pro.jpg,WIN_20260902_18_07_46_Pro.jpg,a04558f06a0839018b67ba5e6021976358b40e02f3f969cb0ee58b447552e130,640,640,12,"{""0"":0,""1"":0,""2"":0,""3"":0,""4"":0,""5"":0,""6"":0,""7"":0,""8"":0,""9"":4,""10"":6,""11"":2}"
test,b566bd9bb6ec_WIN_20260902_18_07_46_Pro_jpg.rf.40af8cfe15f1f3097d307762c0a8bc61.jpg,train,457,WIN_20260902_18_07_46_Pro_jpg.rf.40af8cfe15f1f3097d307762c0a8bc61.jpg,WIN_20260902_18_07_46_Pro.jpg,WIN_20260902_18_07_46_Pro.jpg,b566bd9bb6ec2e30ec2c409fc126ca5d80380481f8e14595fcdc398d41419f5b,640,640,12,"{""0"":0,""1"":0,""2"":0,""3"":0,""4"":0,""5"":0,""6"":0,""7"":0,""8"":0,""9"":4,""10"":6,""11"":2}"
test,07ebc501a06e_WIN_20260902_18_07_46_Pro_jpg.rf.57b4d6e277cfb292e8a6e13ba62dd321.jpg,train,92,WIN_20260902_18_07_46_Pro_jpg.rf.57b4d6e277cfb292e8a6e13ba62dd321.jpg,WIN_20260902_18_07_46_Pro.jpg,WIN_20260902_18_07_46_Pro.jpg,07ebc501a06e359a2052639877efffc4a35b7fbff2f4a97a18ceb74ebfaff8ea,640,640,12,"{""0"":0,""1"":0,""2"":0,""3"":0,""4"":0,""5"":0,""6"":0,""7"":0,""8"":0,""9"":4,""10"":6,""11"":2}"
test,b0ac931e77dd_WIN_20260902_18_08_12_Pro_jpg.rf.e9d9c020ce6377f72a051d89067620d4.jpg,train,103,WIN_20260902_18_08_12_Pro_jpg.rf.e9d9c020ce6377f72a051d89067620d4.jpg,WIN_20260902_18_08_12_Pro.jpg,WIN_20260902_18_08_12_Pro.jpg,b0ac931e77ddf61934bb65e712e18054dfbe7086213840f7bc06e1b6daaf4861,640,640,4,"{""0"":0,""1"":0,""2"":0,""3"":0,""4"":0,""5"":0,""6"":0,""7"":0,""8"":0,""9"":0,""10"":3,""11"":1}"
test,1d7e58e564e0_WIN_20260902_18_08_12_Pro_jpg.rf.f8bdcf291a4af54bdcf2776cd77165ea.jpg,train,12,WIN_20260902_18_08_12_Pro_jpg.rf.f8bdcf291a4af54bdcf2776cd77165ea.jpg,WIN_20260902_18_08_12_Pro.jpg,WIN_20260902_18_08_12_Pro.jpg,1d7e58e564e0d6d4ef3531afd4cff551a7d16db19a1e78745f41ac3141787dc4,640,640,4,"{""0"":0,""1"":0,""2"":0,""3"":0,""4"":0,""5"":0,""6"":0,""7"":0,""8"":0,""9"":0,""10"":3,""11"":1}"
test,9acf71973ce2_WIN_20260902_18_08_12_Pro_jpg.rf.db0eec615c4bf4af2d03bb8bcca32505.jpg,train,237,WIN_20260902_18_08_12_Pro_jpg.rf.db0eec615c4bf4af2d03bb8bcca32505.jpg,WIN_20260902_18_08_12_Pro.jpg,WIN_20260902_18_08_12_Pro.jpg,9acf71973ce25556f3c22e3e3d6d4fca5e64477f9acec75d36239085e94ca2c5,640,640,4,"{""0"":0,""1"":0,""2"":0,""3"":0,""4"":0,""5"":0,""6"":0,""7"":0,""8"":0,""9"":0,""10"":3,""11"":1}"
test,afa3d2f63d25_WIN_20260902_18_09_08_Pro_jpg.rf.c32d5c136e36fad61ca4949079c45938.jpg,train,30,WIN_20260902_18_09_08_Pro_jpg.rf.c32d5c136e36fad61ca4949079c45938.jpg,WIN_20260902_18_09_08_Pro.jpg,WIN_20260902_18_09_08_Pro.jpg,afa3d2f63d25cbfa65a0efac1a58ceb38df8b15d30dd35d0698c882f4f0cea13,640,640,13,"{""0"":0,""1"":0,""2"":0,""3"":0,""4"":0,""5"":0,""6"":0,""7"":0,""8"":0,""9"":4,""10"":6,""11"":3}"
test,71374888b5e5_WIN_20260902_18_09_08_Pro_jpg.rf.0fa0618c66afb173bd5088dd9faa6cd4.jpg,train,775,WIN_20260902_18_09_08_Pro_jpg.rf.0fa0618c66afb173bd5088dd9faa6cd4.jpg,WIN_20260902_18_09_08_Pro.jpg,WIN_20260902_18_09_08_Pro.jpg,71374888b5e58959081dd1981df06640eb09b34e0961f248682a34a4e1681626,640,640,13,"{""0"":0,""1"":0,""2"":0,""3"":0,""4"":0,""5"":0,""6"":0,""7"":0,""8"":0,""9"":4,""10"":6,""11"":3}"
test,c4505aa8177c_WIN_20260902_18_09_08_Pro_jpg.rf.b4ea7ba77b6802696045949df8745714.jpg,train,858,WIN_20260902_18_09_08_Pro_jpg.rf.b4ea7ba77b6802696045949df8745714.jpg,WIN_20260902_18_09_08_Pro.jpg,WIN_20260902_18_09_08_Pro.jpg,c4505aa8177cc258cfc14ea6b20f614f1e3c7c1a8e481f330afeb8d20f15c513,640,640,13,"{""0"":0,""1"":0,""2"":0,""3"":0,""4"":0,""5"":0,""6"":0,""7"":0,""8"":0,""9"":4,""10"":6,""11"":3}"
test,5ba4e780b46c_WIN_20260902_18_11_13_Pro_jpg.rf.c2735abff5cfd48ae4b0aebb63c0f638.jpg,train,441,WIN_20260902_18_11_13_Pro_jpg.rf.c2735abff5cfd48ae4b0aebb63c0f638.jpg,WIN_20260902_18_11_13_Pro.jpg,WIN_20260902_18_11_13_Pro.jpg,5ba4e780b46c2b0bbdd9a4255022f5263811b4c204c529a66356d24a11a18336,640,640,11,"{""0"":0,""1"":0,""2"":0,""3"":0,""4"":0,""5"":0,""6"":0,""7"":0,""8"":1,""9"":2,""10"":6,""11"":2}"
test,e9a5bff54f9a_WIN_20260902_18_11_13_Pro_jpg.rf.859066461ff2f53a34780486461cd922.jpg,train,496,WIN_20260902_18_11_13_Pro_jpg.rf.859066461ff2f53a34780486461cd922.jpg,WIN_20260902_18_11_13_Pro.jpg,WIN_20260902_18_11_13_Pro.jpg,e9a5bff54f9a93fed5f0bbcad39b322d7bb4207785436b843d6b9a90dabc4e8f,640,640,11,"{""0"":0,""1"":0,""2"":0,""3"":0,""4"":0,""5"":0,""6"":0,""7"":0,""8"":1,""9"":2,""10"":6,""11"":2}"
test,2814fc1397d5_WIN_20260902_18_11_13_Pro_jpg.rf.37463158a8dd5f42acea7425c65b5a06.jpg,train,77,WIN_20260902_18_11_13_Pro_jpg.rf.37463158a8dd5f42acea7425c65b5a06.jpg,WIN_20260902_18_11_13_Pro.jpg,WIN_20260902_18_11_13_Pro.jpg,2814fc1397d5061b5d5a0933f8f008475d3baf9cc3a3cbb34da977ae799c5081,640,640,11,"{""0"":0,""1"":0,""2"":0,""3"":0,""4"":0,""5"":0,""6"":0,""7"":0,""8"":1,""9"":2,""10"":6,""11"":2}"
test,67f3fe403d6a_WIN_20260902_18_12_13_Pro_jpg.rf.7291fefdccf18b2188c54e240d7f234b.jpg,train,437,WIN_20260902_18_12_13_Pro_jpg.rf.7291fefdccf18b2188c54e240d7f234b.jpg,WIN_20260902_18_12_13_Pro.jpg,WIN_20260902_18_12_13_Pro.jpg,67f3fe403d6ae2ed8f595cc36d576d736046bfeaae98864ce611d86caec5c505,640,640,12,"{""0"":0,""1"":0,""2"":0,""3"":0,""4"":0,""5"":0,""6"":0,""7"":0,""8"":0,""9"":4,""10"":6,""11"":2}"
test,f9388c084ddf_WIN_20260902_18_12_13_Pro_jpg.rf.8c9355c8b4cf2e55f256baee7a01859e.jpg,train,439,WIN_20260902_18_12_13_Pro_jpg.rf.8c9355c8b4cf2e55f256baee7a01859e.jpg,WIN_20260902_18_12_13_Pro.jpg,WIN_20260902_18_12_13_Pro.jpg,f9388c084ddf9c22508a60fad33ee7c9e09c5191d02fd49badd3f9e13026db43,640,640,12,"{""0"":0,""1"":0,""2"":0,""3"":0,""4"":0,""5"":0,""6"":0,""7"":0,""8"":0,""9"":4,""10"":6,""11"":2}"
test,2f65b972e532_WIN_20260902_18_12_13_Pro_jpg.rf.d6bfd47e4f12e8cb45bb13f7329aeb38.jpg,train,782,WIN_20260902_18_12_13_Pro_jpg.rf.d6bfd47e4f12e8cb45bb13f7329aeb38.jpg,WIN_20260902_18_12_13_Pro.jpg,WIN_20260902_18_12_13_Pro.jpg,2f65b972e532e0c8f343654771f862af6af4afa6be5ef585ef5e4b23ce59b891,640,640,12,"{""0"":0,""1"":0,""2"":0,""3"":0,""4"":0,""5"":0,""6"":0,""7"":0,""8"":0,""9"":4,""10"":6,""11"":2}"
test,4a6c158dad57_WIN_20260902_18_25_06_Pro_jpg.rf.f077a8109c4eb1ec35f7780a917a425f.jpg,test,15,WIN_20260902_18_25_06_Pro_jpg.rf.f077a8109c4eb1ec35f7780a917a425f.jpg,WIN_20260902_18_25_06_Pro.jpg,WIN_20260902_18_25_06_Pro.jpg,4a6c158dad575fb34a5740617b9858ccfef26ac2bb70256f712918b700bfa9f1,640,640,12,"{""0"":0,""1"":0,""2"":0,""3"":0,""4"":0,""5"":0,""6"":0,""7"":0,""8"":0,""9"":5,""10"":3,""11"":4}"
test,318f713ac893_WIN_20260902_18_25_23_Pro_jpg.rf.2853a3b2ab8e31beb5289e4ab70f9d29.jpg,valid,20,WIN_20260902_18_25_23_Pro_jpg.rf.2853a3b2ab8e31beb5289e4ab70f9d29.jpg,WIN_20260902_18_25_23_Pro.jpg,WIN_20260902_18_25_23_Pro.jpg,318f713ac8939c0362449a238ffd6a352678a293821cb951d28fc10312cb6127,640,640,13,"{""0"":0,""1"":0,""2"":0,""3"":0,""4"":0,""5"":0,""6"":0,""7"":0,""8"":0,""9"":5,""10"":4,""11"":4}"
test,eca39d87cbc6_WIN_20260902_18_40_32_Pro_jpg.rf.2bf77c6d7eff30709e54ef354898feb4.jpg,test,13,WIN_20260902_18_40_32_Pro_jpg.rf.2bf77c6d7eff30709e54ef354898feb4.jpg,WIN_20260902_18_40_32_Pro.jpg,WIN_20260902_18_40_32_Pro.jpg,eca39d87cbc6e77cf413a954123023bc5f305b3ec5506aea5ce5a670420ca4bf,640,640,12,"{""0"":0,""1"":0,""2"":0,""3"":0,""4"":0,""5"":0,""6"":0,""7"":0,""8"":0,""9"":7,""10"":5,""11"":0}"
test,b72b68de3605_WIN_20260902_18_41_24_Pro_jpg.rf.af8d59afe3177d14fffd4c9d7b6ae354.jpg,train,446,WIN_20260902_18_41_24_Pro_jpg.rf.af8d59afe3177d14fffd4c9d7b6ae354.jpg,WIN_20260902_18_41_24_Pro.jpg,WIN_20260902_18_41_24_Pro.jpg,b72b68de3605e405d265e560f17832c63469aa18d7ee0d1c8c70978e9988fba0,640,640,14,"{""0"":0,""1"":0,""2"":0,""3"":0,""4"":0,""5"":0,""6"":0,""7"":0,""8"":0,""9"":8,""10"":4,""11"":2}"
test,3e5d528d0cb8_WIN_20260902_18_41_24_Pro_jpg.rf.229d84e95291e0633bf8e6971f7aa3a2.jpg,train,807,WIN_20260902_18_41_24_Pro_jpg.rf.229d84e95291e0633bf8e6971f7aa3a2.jpg,WIN_20260902_18_41_24_Pro.jpg,WIN_20260902_18_41_24_Pro.jpg,3e5d528d0cb85f6eebb4a5d17343e86d26882c786ccf2b42e2be396c41d843ba,640,640,14,"{""0"":0,""1"":0,""2"":0,""3"":0,""4"":0,""5"":0,""6"":0,""7"":0,""8"":0,""9"":8,""10"":4,""11"":2}"
test,237d9b6400be_WIN_20260902_18_41_24_Pro_jpg.rf.f78e2fbdf9e1d46a2f893ea482eea5da.jpg,train,812,WIN_20260902_18_41_24_Pro_jpg.rf.f78e2fbdf9e1d46a2f893ea482eea5da.jpg,WIN_20260902_18_41_24_Pro.jpg,WIN_20260902_18_41_24_Pro.jpg,237d9b6400beb947000ddef6b134ad034af59e3570ac51f0e98836b66dbf2ccf,640,640,14,"{""0"":0,""1"":0,""2"":0,""3"":0,""4"":0,""5"":0,""6"":0,""7"":0,""8"":0,""9"":8,""10"":4,""11"":2}"
test,876a81a433f9_WIN_20260902_18_46_34_Pro_jpg.rf.ff243719c01a8e09ffbde2358c70c533.jpg,train,46,WIN_20260902_18_46_34_Pro_jpg.rf.ff243719c01a8e09ffbde2358c70c533.jpg,WIN_20260902_18_46_34_Pro.jpg,WIN_20260902_18_46_34_Pro.jpg,876a81a433f988760e041b488e4350e748e7b3f0fbdbd3b6343e32a0d98cbd55,640,640,14,"{""0"":0,""1"":0,""2"":0,""3"":0,""4"":0,""5"":0,""6"":0,""7"":0,""8"":0,""9"":8,""10"":4,""11"":2}"
test,463ccf2a40f7_WIN_20260902_18_46_34_Pro_jpg.rf.082b9b27e132f3ee1abe4c329f1e3ca9.jpg,train,567,WIN_20260902_18_46_34_Pro_jpg.rf.082b9b27e132f3ee1abe4c329f1e3ca9.jpg,WIN_20260902_18_46_34_Pro.jpg,WIN_20260902_18_46_34_Pro.jpg,463ccf2a40f70f0e74a0d8c88a0fe038f7b4d4e1739ce8c148db303ec3d6893f,640,640,14,"{""0"":0,""1"":0,""2"":0,""3"":0,""4"":0,""5"":0,""6"":0,""7"":0,""8"":0,""9"":8,""10"":4,""11"":2}"
test,c3d00d7226c6_WIN_20260902_18_46_34_Pro_jpg.rf.b16dc30a55832ed16eeef74fbbfe0ae0.jpg,train,847,WIN_20260902_18_46_34_Pro_jpg.rf.b16dc30a55832ed16eeef74fbbfe0ae0.jpg,WIN_20260902_18_46_34_Pro.jpg,WIN_20260902_18_46_34_Pro.jpg,c3d00d7226c6197d060ee57f4a1430a800a3ea98e2fa253fdead3f8325503b7c,640,640,14,"{""0"":0,""1"":0,""2"":0,""3"":0,""4"":0,""5"":0,""6"":0,""7"":0,""8"":0,""9"":8,""10"":4,""11"":2}"
test,fda228b11714_WIN_20260902_18_49_05_Pro_jpg.rf.275186ba09f7486e084b6d4473ceb7a1.jpg,train,100,WIN_20260902_18_49_05_Pro_jpg.rf.275186ba09f7486e084b6d4473ceb7a1.jpg,WIN_20260902_18_49_05_Pro.jpg,WIN_20260902_18_49_05_Pro.jpg,fda228b11714f2937a1e015e6bc051636ee7d92cc4cf6f3abcc16912e0fb4085,640,640,18,"{""0"":0,""1"":0,""2"":0,""3"":0,""4"":0,""5"":0,""6"":0,""7"":0,""8"":0,""9"":9,""10"":5,""11"":4}"
test,0168f2519dcc_WIN_20260902_18_49_05_Pro_jpg.rf.a50043114ff85361dd47e80de036042d.jpg,train,228,WIN_20260902_18_49_05_Pro_jpg.rf.a50043114ff85361dd47e80de036042d.jpg,WIN_20260902_18_49_05_Pro.jpg,WIN_20260902_18_49_05_Pro.jpg,0168f2519dcc992ec97aed1e4d254ddfe04e3ce9faff13c2a92ac8ad5ab28f7d,640,640,18,"{""0"":0,""1"":0,""2"":0,""3"":0,""4"":0,""5"":0,""6"":0,""7"":0,""8"":0,""9"":9,""10"":5,""11"":4}"
test,5b253480e5ce_WIN_20260902_18_49_05_Pro_jpg.rf.661864f831dbc162a24e6ac87db39937.jpg,train,435,WIN_20260902_18_49_05_Pro_jpg.rf.661864f831dbc162a24e6ac87db39937.jpg,WIN_20260902_18_49_05_Pro.jpg,WIN_20260902_18_49_05_Pro.jpg,5b253480e5ce9970eaafec0369cc7e01bbe6062d840b5248decf65208600bb76,640,640,18,"{""0"":0,""1"":0,""2"":0,""3"":0,""4"":0,""5"":0,""6"":0,""7"":0,""8"":0,""9"":9,""10"":5,""11"":4}"
test,64169dd7aac7_WIN_20260902_18_56_23_Pro_jpg.rf.1a1242cc2e06e361bca507240920f1ef.jpg,train,455,WIN_20260902_18_56_23_Pro_jpg.rf.1a1242cc2e06e361bca507240920f1ef.jpg,WIN_20260902_18_56_23_Pro.jpg,WIN_20260902_18_56_23_Pro.jpg,64169dd7aac7012eb4a85323365eb0efe94548b969d8602b36868f8818966bbe,640,640,16,"{""0"":0,""1"":0,""2"":0,""3"":0,""4"":0,""5"":0,""6"":0,""7"":0,""8"":0,""9"":6,""10"":6,""11"":4}"
test,775a6ad9bef7_WIN_20260902_18_56_23_Pro_jpg.rf.c26163b1972370789f12dc41f8022d5a.jpg,train,641,WIN_20260902_18_56_23_Pro_jpg.rf.c26163b1972370789f12dc41f8022d5a.jpg,WIN_20260902_18_56_23_Pro.jpg,WIN_20260902_18_56_23_Pro.jpg,775a6ad9bef7bba657c989439584170ea7ba34d87dc64ac22c5361296e33fcf3,640,640,16,"{""0"":0,""1"":0,""2"":0,""3"":0,""4"":0,""5"":0,""6"":0,""7"":0,""8"":0,""9"":6,""10"":6,""11"":4}"
test,458f4f9b3782_WIN_20260902_18_56_23_Pro_jpg.rf.9a9fb73d8499b5aad9516f174bf2629e.jpg,train,792,WIN_20260902_18_56_23_Pro_jpg.rf.9a9fb73d8499b5aad9516f174bf2629e.jpg,WIN_20260902_18_56_23_Pro.jpg,WIN_20260902_18_56_23_Pro.jpg,458f4f9b378287a8e214280190bc2125186714613b8b86195f7241030ebc058d,640,640,16,"{""0"":0,""1"":0,""2"":0,""3"":0,""4"":0,""5"":0,""6"":0,""7"":0,""8"":0,""9"":6,""10"":6,""11"":4}"
test,6f0e634f28ec_WIN_20260902_18_56_53_Pro_jpg.rf.4ad82d7d47d6866451206cd87366e7c7.jpg,test,1,WIN_20260902_18_56_53_Pro_jpg.rf.4ad82d7d47d6866451206cd87366e7c7.jpg,WIN_20260902_18_56_53_Pro.jpg,WIN_20260902_18_56_53_Pro.jpg,6f0e634f28ec6bc3f0910e43c56d103107c3ce819d7bee44210164fe57144268,640,640,19,"{""0"":0,""1"":0,""2"":0,""3"":0,""4"":0,""5"":0,""6"":0,""7"":0,""8"":0,""9"":10,""10"":5,""11"":4}"
test,da04185b962c_WIN_20260902_19_09_28_Pro_jpg.rf.84f99b883caf79a6a4514c7a2559074d.jpg,valid,27,WIN_20260902_19_09_28_Pro_jpg.rf.84f99b883caf79a6a4514c7a2559074d.jpg,WIN_20260902_19_09_28_Pro.jpg,WIN_20260902_19_09_28_Pro.jpg,da04185b962c5d9b4393add7edf00bf3bdb89ee801aee53691c542f0ae5d24dc,640,640,15,"{""0"":0,""1"":0,""2"":0,""3"":0,""4"":0,""5"":0,""6"":0,""7"":0,""8"":0,""9"":5,""10"":6,""11"":4}"
